metadata: record UID,metadata: file URL,metadata: collection,metadata: ms ID,metadata: shelfmark,metadata: ms type,metadata: part name,metadata: part ID,metadata: crArk,metadata: ieArk,metadata: SCN,metadata: TM,metadata: PR,metadata: diktyon,record: history,record: source,record: most recent change,availability: availability statement,surrogates: full digital facsimile(s),surrogates: full digital facsimile URI(s),surrogates: full iiif manifest,surrogates: partial digital facsimile(s),surrogates: partial digital facsimile URI(s),surrogates: partial iiif manifest,printed resources: bibliography,printed resources: URI(s),printed resources: ID(s),online resources: JONAS URI,online resources: bibliography,online resources: URI(s)
_record_1,manuscript_1,,,"Cambridge, Emmanuel College, MS 95",manuscript-composite,,MS-EMMANUEL-COLLEGE-00095,,,,,,,"This catalogue entry draws on the description provided by and , M.R. James James, M.R. (Montague Rhodes), 1862-1936A Descriptive Catalogue of the Western Manuscripts in the Library of Emmanuel College, (Cambridge: Cambridge University Press, 1904)Angela M. Lucas, . However, this record does not follow the foliation provided by Lucas which initially appears to be based on the modern foliation ('30') but then changes to follow the 15th-century foliation in pencil in the upper right corners of the rectos and ignores the modern foliation on the additional leaves (ff. Manuscripts in Christ's Church, Emmanuel, Jesus, Selwyn and Sidney Sussex Colleges. Peterhouse and Trinity Hall, Cambridge, The Index of Middle English Prose, Handlist 22 (Cambridge: Brewer, 2016)2:1-2:16). Consequently, it suggests that the manuscript has 84 folios instead of 75 folios (excluding ff. [a]-[b]).",", M.R. James James, M.R. (Montague Rhodes), 1862-1936A Descriptive Catalogue of the Western Manuscripts in the Library of Emmanuel College, (Cambridge: Cambridge University Press, 1904); Angela M. Lucas, Manuscripts in Christ's Church, Emmanuel, Jesus, Selwyn and Sidney Sussex Colleges. Peterhouse and Trinity Hall, Cambridge, The Index of Middle English Prose, Handlist 22 (Cambridge: Brewer, 2016)",20230824,,False,,,False,,,,,,,,
_record_1,manuscript_1,,,"Cambridge, University Library, MS Ii.3.17",manuscript-composite,,MS-II-00003-00017,,,,,,,"This catalogue entry draws on: A. Timmermann, 'Alchemy in Cambridge: an annotated catalogue of alchemical texts and illustrations in Cambridge repositories', Nuncius: Journal of the Material and Visual History of Science 30:2 (2015) 345-511 at pp. 493-96 D. W. Singer, Latin Alchemical MSS, 3 vols (Brussels 1928-1931) An unpublished description of the manuscript composed between 1926 and 1930 by , now held in the University Archives (M.R. James James, M.R. (Montague Rhodes), 1862-1936UA ULIB 7/3/74)","A. Timmermann, 'Alchemy in Cambridge: an annotated catalogue of alchemical texts and illustrations in Cambridge repositories',Nuncius: Journal of the Material and Visual History of Science 30:2 (2015) 345-511 at pp. 493-96 ; D. W. Singer, Latin Alchemical MSS, 3 vols (Brussels 1928-1931) ; An unpublished description of the manuscript composed between 1926 and 1930 by , now held in the University Archives (M.R. James James, M.R. (Montague Rhodes), 1862-1936UA ULIB 7/3/74)",20230418,,False,,,False,,,,,,,,
_record_1,manuscript_1,,,,manuscript-composite,,MS-DD-00004-00017,,,,,,,"This catalogue entry draws on the description provided by Paul Binski and Patrick Zutshi, with the collaboration of Stella Panayotova, (used here by kind permission of Cambridge University Press). Western Illuminated Manuscripts: A Catalogue of the Collection in Cambridge University Library (Cambridge: Cambridge University Press, 2011)","Paul Binski and Patrick Zutshi, with the collaboration of Stella Panayotova, Western Illuminated Manuscripts: A Catalogue of the Collection in Cambridge University Library (Cambridge: Cambridge University Press, 2011)",2016-02-17,,False,,,False,,,,,,,,
_record_1,manuscript_1,,,,manuscript,,MS-II-00006-00032,,,,,,,"This catalogue entry derives from Western Illuminated Manuscripts: A Catalogue of the Collection in Cambridge University Library by Paul Binski and Patrick Zutshi, with the collaboration of Stella Panayotova, Cambridge, 2011 (used here by kind permission of Cambridge University Press).",,2012-03-05,,False,,,False,,,,,,,,
_record_1,manuscript_1,,,,manuscript,,MS-FF-00001-00025-00002,,,,,,,"This catalogue entry draws on an unpublished description of the manuscript composed between 1926 and 1930 by , now held in the University Archives (M.R. James James, M.R. (Montague Rhodes), 1862-1936UA ULIB 7/3/74), and an unpublished description of the manuscript composed between 1948 and 1970 by , now held in the University Archives (H.L. Pink Pink, H. L.UA ULIB 7/3/75).",,2014-06-11,"Entry to read in the Library is permitted only on presentation of a valid reader's card. For information on eligibility and admissions procedures, see Joining the Library). For further information on the availability of the manuscript, please contact the Manuscripts Reading Room.",False,,,False,,,,,,,,
_record_1,manuscript_1,,,,manuscript,,MS-FF-00001-00025-00003,,,,,,,"This catalogue entry draws on an unpublished description of the manuscript composed between 1926 and 1930 by , now held in the University Archives (M.R. James James, M.R. (Montague Rhodes), 1862-1936UA ULIB 7/3/74), and an unpublished description of the manuscript composed between 1948 and 1970 by , now held in the University Archives (H.L. Pink Pink, H. L.UA ULIB 7/3/75).",,2014-06-11,"Entry to read in the Library is permitted only on presentation of a valid reader's card. For information on eligibility and admissions procedures, see Joining the Library). For further information on the availability of the manuscript, please contact the Manuscripts Reading Room.",False,,,False,,,,,,,,
_record_1,manuscript_1,,,,manuscript-composite,,MS-FF-00001-00025-00001,,,,,,,"This catalogue entry draws on an unpublished description of the manuscript composed between 1926 and 1930 by , now held in the University Archives (M.R. James James, M.R. (Montague Rhodes), 1862-1936UA ULIB 7/3/74), and an unpublished description of the manuscript composed between 1948 and 1970 by , now held in the University Archives (H.L. Pink Pink, H. L.UA ULIB 7/3/75). The assistance of Dr Elisabeth Leedham-Green, formerly University Archivist, is also acknowledged.",,2014-06-09,"Entry to read in the Library is permitted only on presentation of a valid reader's card. For information on eligibility and admissions procedures, see Joining the Library). For further information on the availability of the manuscript, please contact the Manuscripts Reading Room.",False,,,False,,,,,,,,
_record_1,manuscript_1,,,,manuscript,,MS-DD-00013-00027,,,,,,,,,2015-09-04,,False,,,False,,,,,,,,
_record_1,manuscript_1,,,,manuscript,,MS-KK-00001-00024,,,,,,,"This catalogue entry draws on an unpublished description of the manuscript composed between 1926 and 1930 by , now held in the University Archives (M.R. James James, M.R. (Montague Rhodes), 1862-1936UA ULIB 7/3/74).",,2013-06-14,"Entry to read in the Library is permitted only on presentation of a valid reader's card. For information on eligibility and admissions procedures, see Joining the Library). For further information on the availability of the manuscript, please contact the Manuscripts Reading Room.",False,,,False,,,,,,,,
_record_1,manuscript_1,,,"Cambridge, University Library, MS Kk.6.33",manuscript-composite,,MS-KK-00006-00033,,,,,,,"This catalogue entry draws on M. Connolly, , and an unpublished description of the manuscript composed between 1926 and 1930 by Manuscripts in the University Library, Cambridge (Dd-Oo), Index of Middle English Prose, 19 (Cambridge: Brewer, 2009), now held in the University Archives (M.R. JamesJames, M.R. (Montague Rhodes), 1862-1936UA ULIB 7/3/74).","M. Connolly, Manuscripts in the University Library, Cambridge (Dd-Oo), Index of Middle English Prose, 19 (Cambridge: Brewer, 2009)",2022-11-22,"Entry to read in the Library is permitted only on presentation of a valid reader's card. For information on eligibility and admissions procedures, see Joining the Library). For further information on the availability of the manuscript, please contact the Manuscripts Reading Room.",False,,,False,,,,,,,,
_record_1,manuscript_1,,,,manuscript-composite,,MS-FF-00004-00042,,,,,,,This catalogue entry draws on unpublished MS notes by M. R. James.,,2015-07-13,,False,,,False,,,,,,,,
_record_1,manuscript_1,,,MS Add. 3303(3),manuscript,,MS-ADD-03303-00003,,,,,,,"This catalogue entry refers to an unpublished description of the manuscript composed between 1924 and 1960 by , now held in the University Archives (UA ULIB 7/3/72/21).Basil Atkinson Atkinson, Basil Ferris Campbell",,2021-08-20,,False,,,False,,,,,,,,
_record_1,manuscript_1,,,"Cambridge, University Library, MS Kk.6.30",manuscript-composite,,MS-KK-00006-00030,,,,,,,"This catalogue entry draws on Margaret Connolly ; Manuscripts in the University Library, Cambridge (Dd-Oo), The Index of Middle English Prose, 17 (Cambridge: Brewer, 2009)Anke Timmermann, 'Alchemy in Cambridge: An Annotated Catalogue of Alchemical Texts and Illustrations in Cambridge Repositories', ; and an unpublished description of the manuscript composed between 1926 and 1930 by Nuncius: Journal of the Material and Visual History of Science, 30:2 (2015), now held in the University Archives (M.R. JamesJames, M.R. (Montague Rhodes), 1862-1936UA ULIB 7/3/74).","Margaret Connolly Manuscripts in the University Library, Cambridge (Dd-Oo), The Index of Middle English Prose, 17 (Cambridge: Brewer, 2009); Anke Timmermann, 'Alchemy in Cambridge: An Annotated Catalogue of Alchemical Texts and Illustrations in Cambridge Repositories', Nuncius: Journal of the Material and Visual History of Science, 30:2 (2015)",20231122,,False,,,False,,,,,,,,
_record_1,manuscript_1,,,"Cambridge, University Library, MS Dd.6.9",manuscript,,MS-DD-00006-00009,,,,,,,"This catalogue entry draws on Margaret Connolly, Manuscripts in the University Library, Cambridge (Dd-Oo) , The Index of Middle English Prose, 17 (Cambridge: Brewer, 2009)","Margaret Connolly, Manuscripts in the University Library, Cambridge (Dd-Oo) , The Index of Middle English Prose, 17 (Cambridge: Brewer, 2009)",2022-01-31,"Entry to read in the Library is permitted only on presentation of a valid reader's card. For information on eligibility and admissions procedures, see Joining the Library). For further information on the availability of the manuscript, please contact the Manuscripts Reading Room.",False,,,False,,,,,,,,
_record_1,manuscript_1,,,"Cambridge, University Library, MS Add. 2994",manuscript-composite,,MS-ADD-02994,,,,,,,"This catalogue entry draws extensively on the description provided by John Baker and Jayne Ringrose, (used here by kind permission of the Boydell Press). Readers of this catalogue record are strongly encouraged to consult Baker and Ringrose for further information about this item.Catalogue of English Legal Manuscripts in Cambridge University Library (1996)","John Baker and Jayne Ringrose, Catalogue of English Legal Manuscripts in Cambridge University Library (1996)",20230509,,False,,,False,,,,,,,,
_record_1,manuscript_1,,,"Cambridge, University Library, MS Dd.8.12",manuscript-composite,,MS-DD-00008-00012,,,,,,,"This catalogue entry draws on: An unpublished description of the manuscript composed between 1948 and 1970 by , now held in the University Archives (H.L. Pink Pink, H. L.UA ULIB 7/3/75). An unpublished description of the manuscript composed between 1926 and 1930 by , now held in the University Archives (M.R. James James, M.R. (Montague Rhodes), 1862-1936UA ULIB 7/3/74).",,20230113,,False,,,False,,,,,,,,
_record_1,manuscript_1,,,,manuscript,,MS-MM-00005-00031,,,,,,,"This catalogue entry derives from Western Illuminated Manuscripts: A Catalogue of the Collection in Cambridge University Library by Paul Binski and Patrick Zutshi, with the collaboration of Stella Panayotova, Cambridge, 2011 (used here by kind permission of Cambridge University Press).",,2012-03-05,,False,,,False,,,,,,,,
_record_1,manuscript_1,,,MS Add. 5948,manuscript,,MS-ADD-05948,,,,,,,"This record draws on Jayne Ringrose, , by kind permission of the Boydell Press, and on unpublished descriptions by Charles Sayle and H.L. Pink (UA ULIB 7/3/72 and 7/3/75).Summary Catalogue of the Additional Medieval Manuscripts in Cambridge University Library acquired before 1940 (Woodbridge, 2009)","Jayne Ringrose, Summary Catalogue of the Additional Medieval Manuscripts in Cambridge University Library acquired before 1940 (Woodbridge, 2009)",2020-01-31,,False,,,False,,,,,,,,
_record_1,manuscript_1,,,"Cambridge, University Library, MS Add. 3120",manuscript-composite,,MS-ADD-03120,,,,,,,"This catalogue entry draws on Jayne Ringrose, , by kind permission of the Boydell Press; an unpublished description by Summary Catalogue of the Additional Medieval Manuscripts in Cambridge University Library acquired before 1940 (Woodbridge, 2009), now held in the University Archives (C.E. Sayle Sayle, C.E. (Charles Edward), 1864-1924UA ULIB 7/3/72; an unpublished description of the manuscript composed between 1926 and 1930 by , now held in the University Archives (M.R. James James, M.R. (Montague Rhodes), 1862-1936UA ULIB 7/3/74); and an unpublished description of the manuscript composed between 1948 and 1970 by , now held in the University Archives (H.L. Pink Pink, H. L.UA ULIB 7/3/75).","Jayne Ringrose, Summary Catalogue of the Additional Medieval Manuscripts in Cambridge University Library acquired before 1940 (Woodbridge, 2009)",2022-11-04,"Entry to read in the Library is permitted only on presentation of a valid reader's card. For information on eligibility and admissions procedures, see Joining the Library). For further information on the availability of the manuscript, please contact the Manuscripts Reading Room.",False,,,False,,,,,,,,
_record_1,manuscript_1,,,"Cambridge, University Library, MS Add. 3120",part,,,,,,,,,,,2022-11-04,,False,,,False,,,,,,,,
_record_1,manuscript_1,,,"Cambridge, University Library, MS Ee.5.18",manuscript-composite,,MS-EE-00005-00018,,,,,,,"This catalogue entry draws on the description provided by John Baker and Jayne Ringrose, (used here by kind permission of the Boydell Press); and Catalogue of English Legal Manuscripts in Cambridge University Library (1996)M. Connolly, .Manuscripts in the University Library, Cambridge (Dd-Oo), Index of Middle English Prose, 19 (Cambridge: Brewer, 2009)","John Baker and Jayne Ringrose, Catalogue of English Legal Manuscripts in Cambridge University Library (1996); M. Connolly, Manuscripts in the University Library, Cambridge (Dd-Oo), Index of Middle English Prose, 19 (Cambridge: Brewer, 2009)",20230523,"Entry to read in the Library is permitted only on presentation of a valid reader's card. For information on eligibility and admissions procedures, see Joining the Library). For further information on the availability of the manuscript, please contact the Manuscripts Reading Room.",False,,,False,,,,,,,,
_record_1,manuscript_1,,,,manuscript,,MS-GG-00001-00001,,,,,,,"This catalogue entry draws on unpublished MS notes by M. R. James and the description prepared for by Paul Binski and Patrick Zutshi, with the collaboration of Stella Panayotova, Cambridge, 2011 (used here by kind permission of Cambridge University Press).Western Illuminated Manuscripts: A Catalogue of the Collection in Cambridge University Library",,2014-04-24,,False,,,False,,,,,,,,
_record_1,manuscript_1,,,"Cambridge, University Library, MS Add. 9213",manuscript-composite,,MS-ADD-09213,,,,,,,"This catalogue record draws on an unpublished description of the manuscript by Jayne Ringrose, used here by kind permission of the author.",,20230201,,False,,,False,,,,,,,,
_record_1,manuscript_1,,,,manuscript,,,,,,,,,,,,,False,,,False,,,,,,,,
_record_1,manuscript_1,,,,manuscript,,MS-ADD-04126,,,,,,,"This record draws on an extended unpublished description of the manuscript by Jayne Ringrose, which was published in summary form in , used here by kind permission of the Boydell Press, and an Summary Catalogue of the Additional Medieval Manuscripts in Cambridge University Library acquired before 1940 (Woodbridge, 2009)unpublished description of the manuscript by H.L. Pink (now UA ULIB 7/3/75).","Summary Catalogue of the Additional Medieval Manuscripts in Cambridge University Library acquired before 1940 (Woodbridge, 2009)",2022-07-18,"Entry to read in the Library is permitted only on presentation of a valid reader's card. For information on eligibility and admissions procedures, see Joining the Library). For further information on the availability of the manuscript, please contact the Manuscripts Reading Room.",False,,,False,,,,,,,,
_record_1,manuscript_1,,,"Cambridge, University Library, MS Gg.4.27(1)",manuscript-composite,,MS-GG-00004-00027-00001,,,,,,,"This record draws on the descriptions provided by: Paul Binski and Patrick Zutshi, with the collaboration of Stella Panayotova, (used here by kind permission of Cambridge University Press)Western Illuminated Manuscripts: A Catalogue of the Collection in Cambridge University Library (Cambridge: Cambridge University Press, 2011) The Index of Middle English Prose, Handlist 19: Cambridge University Library, by Margaret Connolly (Cambridge: D.S. Brewer, 2009) , ed. by Linne R. Mooney, Daniel W. Mosser and Elizabeth Solopova (2008-)The Digital Index of Middle English Verse M.B. Parkes and Richard Beadle, Poetical Works [of] Geoffrey Chaucer: A Facsimile of Cambridge University Library MS. Gg.4.27 (Cambridge: D.S. Brewer, 1979-80), 3 vols","Paul Binski and Patrick Zutshi, with the collaboration of Stella Panayotova, Western Illuminated Manuscripts: A Catalogue of the Collection in Cambridge University Library (Cambridge: Cambridge University Press, 2011); The Index of Middle English Prose, Handlist 19: Cambridge University Library, by Margaret Connolly (Cambridge: D.S. Brewer, 2009); , ed. by Linne R. Mooney, Daniel W. Mosser and Elizabeth Solopova (2008-)The Digital Index of Middle English Verse; M.B. Parkes and Richard Beadle, Poetical Works [of] Geoffrey Chaucer: A Facsimile of Cambridge University Library MS. Gg.4.27 (Cambridge: D.S. Brewer, 1979-80), 3 vols",20240228,,False,,,False,,,,,,,,
_record_1,manuscript_1,,,,manuscript,,MS-NN-00004-00001,,,,,,,"This catalogue entry derives from Western Illuminated Manuscripts: A Catalogue of the Collection in Cambridge University Library by Paul Binski and Patrick Zutshi, with the collaboration of Stella Panayotova, Cambridge, 2011 (used here by kind permission of Cambridge University Press).",,2012-03-05,,False,,,False,,,,,,,,
_record_1,manuscript_1,,,"Cambridge, University Library, MS Ee.1.3",manuscript,,MS-EE-00001-00003,,,,,,,"This catalogue entry draws on the descriptions provided by John Baker and Jayne Ringrose, (used here by kind permission of the Boydell Press) and Catalogue of English Legal Manuscripts in Cambridge University Library (1996)Margaret Connolly, ; and an unpublished description of the manuscript composed by Manuscripts in the University Library, Cambridge (Dd-Oo), The Index of Middle English Prose (Woodbridge: Brewer, 2009), now held in the University Archives (A.E.B. Owen Owen, A.E.B.UA ULIB 7/3/72).","John Baker and Jayne Ringrose, Catalogue of English Legal Manuscripts in Cambridge University Library (1996); Margaret Connolly, Manuscripts in the University Library, Cambridge (Dd-Oo), The Index of Middle English Prose (Woodbridge: Brewer, 2009)",2022-11-17,"Entry to read in the Library is permitted only on presentation of a valid reader's card. For information on eligibility and admissions procedures, see Joining the Library). For further information on the availability of the manuscript, please contact the Manuscripts Reading Room.",False,,,False,,,,,,,,
_record_1,manuscript_1,,,MS Dd.1.11,manuscript-composite,,MS-DD-00001-00011,,,,,,,"This catalogue entry draws on an unpublished description of the manuscript composed between 1926 and 1930 by , now held in the University Archives (M.R. James James, M.R. (Montague Rhodes), 1862-1936ULIB 7/3/74). For further information on these descriptions, see the subject guide Unpublished descriptions of the western medieval manuscripts at Cambridge University Library.",,2021-06-14,,False,,,False,,,,,,,,
_record_1,manuscript_1,,,MS Dd.1.11,part,,,,,,,,,,,2021-06-14,,False,,,False,,,,,,,,
_record_1,manuscript_1,,,"Cambridge, University Library, MS Ll.2.2",manuscript,,MS-LL-00002-00002,,,,,,,"This catalogue entry draws on an unpublished description of the manuscript composed between 1926 and 1930 by , now held in the University Archives (M.R. James James, M.R. (Montague Rhodes), 1862-1936UA ULIB 7/3/74) and an unpublished description of the manuscript composed between 1948 and 1970 by , now held in the University Archives (H.L. PinkPink, H. L.UA ULIB 7/3/75).",,2022-07-13,,False,,,False,,,,,,,,
_record_1,manuscript_1,,,"Cambridge, University Library, MS Ee.1.15",manuscript-composite,,MS-EE-00001-00015,,,,,,,"This catalogue entry draws on Margaret Connolly, and an unpublished description of the manuscript composed between 1926 and 1930 by Manuscripts in the University Library, Cambridge (Dd-Oo) , The Index of Middle English Prose, 17 (Cambridge: Brewer, 2009), now held in the University Archives (M.R. James James, M.R. (Montague Rhodes), 1862-1936UA ULIB 7/3/74).","Margaret Connolly, Manuscripts in the University Library, Cambridge (Dd-Oo) , The Index of Middle English Prose, 17 (Cambridge: Brewer, 2009)",2024-11-25,,False,,,False,,,,,,,,
_record_1,manuscript_1,,,"Cambridge, University Library, MS Ee.1.15",part,,,,,,,,,,,2024-11-25,,False,,,False,,,,,,,,
_record_1,manuscript_1,,,,manuscript,,MS-ADD-03206-00001,,,,,,,"This record draws on N.R. Ker, and Takako Kato's description of the manuscript at Catalogue of manuscripts containing Anglo-Saxon (Oxford: Clarendon Press, 1990 reissue) . The Production and Use of English Manuscripts 1060 to 1220 (2010-13)","N.R. Ker, Catalogue of manuscripts containing Anglo-Saxon (Oxford: Clarendon Press, 1990 reissue); The Production and Use of English Manuscripts 1060 to 1220 (2010-13)",2021-11-30,,False,,,False,,,,,,,,
_record_1,manuscript_1,,,"Cambridge, University Library, MS Add. 7307",manuscript,,MS-ADD-07307,,,,,,,"This catalogue entry draws on an unpublished description of the manuscript composed in 2011 by Jayne Ringrose, with revisions by James Freeman in 2023.",,2023-10-26,"Entry to read in the Library is permitted only on presentation of a valid reader's card. For information on eligibility and admissions procedures, see Joining the Library). For further information on the availability of the manuscript, please contact the Manuscripts Reading Room.",False,,,False,,,,,,,,
_record_1,manuscript_1,,,"Cambridge, Trinity College, MS R.14.41",manuscript-composite,,MS-TRINITY-COLLEGE-R-00014-00041,,,,,,,"This catalogue entry draws on M.R. James, ; and The western manuscripts in the library of Trinity College, Cambridge: a descriptive catalogue, 2 (1901)Linne R. Mooney, .Manuscripts in the Library of Trinity College, Cambridge, The Index of Middle English Prose, Handlist XI (Woodbridge: Brewer, 1995)","M.R. James, The western manuscripts in the library of Trinity College, Cambridge: a descriptive catalogue, 2 (1901); Linne R. Mooney, Manuscripts in the Library of Trinity College, Cambridge, The Index of Middle English Prose, Handlist XI (Woodbridge: Brewer, 1995)",2024-08-27,,False,,,False,,,,,,,,
_record_1,manuscript_1,,,"Cambridge, Trinity College, MS O.7.20",manuscript-composite,,MS-TRINITY-COLLEGE-O-00007-00020,,,,,,,"This catalogue entry draws on M.R. James, ; and Western Manuscripts in the Library of Trinity College, Cambridge: A Descriptive Catalogue, Vol. 3 (1902)Linne R. Mooney, Manuscripts in the Library of Trinity College, Cambridge, The Index of Middle English Prose, Handlist XI (Woodbridge: Brewer, 1995).","M.R. James, Western Manuscripts in the Library of Trinity College, Cambridge: A Descriptive Catalogue, Vol. 3 (1902); Linne R. Mooney, Manuscripts in the Library of Trinity College, Cambridge, The Index of Middle English Prose, Handlist XI (Woodbridge: Brewer, 1995).",2024-10-11,,False,,,False,,,,,,,,
_record_1,manuscript_1,,,"Cambridge, Trinity College, MS R.14.52",manuscript,,MS-TRINITY-COLLEGE-R-00014-00052,,,,,,,"This catalogue entry draws on M.R. James, ; and The Western Manuscripts in the Library of Trinity College, Cambridge: A Descriptive Catalogue, 2 (1902)Linne R. Mooney, .Manuscripts in the Library of Trinity College, Cambridge The Index of Middle English Prose, Handlist XI (Woodbridge: Brewer, 1995)","M.R. James, The Western Manuscripts in the Library of Trinity College, Cambridge: A Descriptive Catalogue, 2 (1902); Linne R. Mooney, Manuscripts in the Library of Trinity College, Cambridge The Index of Middle English Prose, Handlist XI (Woodbridge: Brewer, 1995)",2024-07-08,,False,,,False,,,,,,,,
_record_1,manuscript_1,,,"Cambridge, Trinity College, MS R.14.44",manuscript-composite,,MS-TRINITY-COLLEGE-R-00014-00044,,,,,,,"This catalogue entry draws on M.R. James, ; The Western Manuscripts in the Library of Trinity College, Cambridge: A Descriptive Catalogue, 2 (1901)Linne R. Mooney, ; and Manuscripts in the Library of Trinity College, Cambridge The Index of Middle English Prose, Handlist XI (Woodbridge: Brewer, 1995)Anke Timmermann, 'Alchemy in Cambridge: An Annotated Catalogue of Alchemical Texts and Illustrations in Cambridge Repositories', .Nuncius: Journal of the Material and Visual History of Science, 30:2 (2015).","M.R. James, The Western Manuscripts in the Library of Trinity College, Cambridge: A Descriptive Catalogue, 2 (1901); Linne R. Mooney, Manuscripts in the Library of Trinity College, Cambridge The Index of Middle English Prose, Handlist XI (Woodbridge: Brewer, 1995); Anke Timmermann, 'Alchemy in Cambridge: An Annotated Catalogue of Alchemical Texts and Illustrations in Cambridge Repositories', Nuncius: Journal of the Material and Visual History of Science, 30:2 (2015).",2024-11-14,,False,,,False,,,,,,,,
_record_1,manuscript_1,,,"Cambridge, Trinity College, MS O.9.39",manuscript-composite,,MS-TRINITY-COLLEGE-O-00009-00039,,,,,,,"This catalogue entry draws on M.R. James, ; and The western manuscripts in the library of Trinity College, Cambridge: a descriptive catalogue, 3 (1902)Linne R. Mooney, .Manuscripts in the Library of Trinity College, Cambridge The Index of Middle English Prose, Handlist XI (Woodbridge: Brewer, 1995)","M.R. James, The western manuscripts in the library of Trinity College, Cambridge: a descriptive catalogue, 3 (1902); Linne R. Mooney, Manuscripts in the Library of Trinity College, Cambridge The Index of Middle English Prose, Handlist XI (Woodbridge: Brewer, 1995)",2024-08-01,,False,,,False,,,,,,,,
_record_1,manuscript_1,,,"Cambridge, Trinity College, MS O.8.2",manuscript-composite,,MS-TRINITY-COLLEGE-O-00008-00002,,,,,,,"This catalogue entry draws on M.R. James, ; and The Western Manuscripts in the Library of Trinity College, Cambridge: A Descriptive Catalogue, 3 (1902)Linne R. Mooney, .Manuscripts in the Library of Trinity College, Cambridge The Index of Middle English Prose, Handlist XI (Woodbridge: Brewer, 1995)","M.R. James, The Western Manuscripts in the Library of Trinity College, Cambridge: A Descriptive Catalogue, 3 (1902); Linne R. Mooney, Manuscripts in the Library of Trinity College, Cambridge The Index of Middle English Prose, Handlist XI (Woodbridge: Brewer, 1995)",2024-10-14,,False,,,False,,,,,,,,
_record_1,manuscript_1,,,"Cambridge, Trinity College, MS R.14.31",manuscript-composite,,MS-TRINITY-COLLEGE-R-00014-00031,,,,,,,"This catalogue record draws on M. R. James, . The Western Manuscripts in the Library of Trinity College, Cambridge: A Descriptive Catalogue, 4 vols (Cambridge: Cambridge University Press, 1901), II, no. 904","M. R. James, The Western Manuscripts in the Library of Trinity College, Cambridge: A Descriptive Catalogue, 4 vols (Cambridge: Cambridge University Press, 1901), II, no. 904",20231201,,False,,,False,,,,,,,,
_record_1,manuscript_1,,,"Cambridge, Trinity College, MS O.2.53",manuscript,,MS-TRINITY-COLLEGE-O-00002-00053,,,,,,,"This catalogue entry draws on M.R. James, ; and The western manuscripts in the library of Trinity College, Cambridge: a descriptive catalogue, 3 (1902)Linne R. Mooney, .Manuscripts in the Library of Trinity College, Cambridge The Index of Middle English Prose, Handlist XI (Woodbridge: Brewer, 1995)","M.R. James, The western manuscripts in the library of Trinity College, Cambridge: a descriptive catalogue, 3 (1902); Linne R. Mooney, Manuscripts in the Library of Trinity College, Cambridge The Index of Middle English Prose, Handlist XI (Woodbridge: Brewer, 1995)",2024-07-08,,False,,,False,,,,,,,,
_record_1,manuscript_1,,,"Cambridge, Trinity College, MS O.1.65",manuscript-composite,,MS-TRINITY-COLLEGE-O-00001-00065,,,,,,,"This catalogue entry draws on M.R. James, ; The western manuscripts in the library of Trinity College, Cambridge: a descriptive catalogue, 2 (1902)Linne R. Mooney, ; and Manuscripts in the Library of Trinity College, Cambridge The Index of Middle English Prose, Handlist XI (Woodbridge: Brewer, 1995)Anke Timmermann, 'Alchemy in Cambridge: An Annotated Catalogue of Alchemical Texts and Illustrations in Cambridge Repositories', .Nuncius, 30 (2015), 345-511","M.R. James, The western manuscripts in the library of Trinity College, Cambridge: a descriptive catalogue, 2 (1902); Linne R. Mooney, Manuscripts in the Library of Trinity College, Cambridge The Index of Middle English Prose, Handlist XI (Woodbridge: Brewer, 1995); Anke Timmermann, 'Alchemy in Cambridge: An Annotated Catalogue of Alchemical Texts and Illustrations in Cambridge Repositories', Nuncius, 30 (2015), 345-511",20241119,,False,,,False,,,,,,,,
_record_1,manuscript_1,,,"Cambridge, Trinity College, MS O.8.31",manuscript-composite,,MS-TRINITY-COLLEGE-O-00008-00031,,,,,,,"This catalogue record draws on M.R. James, . The Western Manuscripts in the Library of Trinity College, Cambridge: A Descriptive Catalogue, 4 vols (Cambridge: Cambridge University Press, 1902), III.1406 (O.8.31)","M.R. James, The Western Manuscripts in the Library of Trinity College, Cambridge: A Descriptive Catalogue, 4 vols (Cambridge: Cambridge University Press, 1902), III.1406 (O.8.31)",20241025,,False,,,False,,,,,,,,
_record_1,manuscript_1,,,"Cambridge, Trinity College, MS O.2.21",manuscript-composite,,MS-TRINITY-COLLEGE-O-00002-00021,,,,,,,"This catalogue entry draws on M.R. James, The Western Manuscripts in the Library of Trinity College Cambridge - A Descriptive Catalogue: Volume III: Containing An Account of the Manuscripts Standing in Class O (Cambridge, 1902), pp. 113-115, no. 1125","M.R. James, The Western Manuscripts in the Library of Trinity College Cambridge - A Descriptive Catalogue: Volume III: Containing An Account of the Manuscripts Standing in Class O (Cambridge, 1902), pp. 113-115, no. 1125",20241104,,False,,,False,,,,,,,,
_record_1,manuscript_1,,,MS 19,manuscript,,MS19,,,,,,,Description draws on M.R. James(1907). A descriptive catalogue of the manuscripts in the library of Trinity Hall,M.R. James(1907). A descriptive catalogue of the manuscripts in the library of Trinity Hall,20220112,,False,,,False,,,,,,,,
_record_1,manuscript_1,,,,manuscript,,,,,,,,,"Description draws on James, M. R. (1907). A descriptive catalogue of the manuscripts in the library of Trinity Hall",,,,False,,,False,,,,,,,,
_record_1,manuscript_1,,,,manuscript,,,,,,,,,"Description draws on James, M. R. (1907). A descriptive catalogue of the manuscripts in the library of Trinity Hall and Jackson, D., N. Morgan & S. Panayotova, (eds.), A Catalogue of Western Book Illumination in the Fitzwilliam Museum and the Cambridge Colleges, Part three, vol. 1. London: Harvey Miller Publishers, 2015, pp. 251-2.",,,,False,,,False,,,,,,,,
_record_1,manuscript_1,,,MS 8,manuscript-composite,,MS-DD-00001-00011,,,,,,,"Description draws on James, M. R. (1907). A descriptive catalogue of the manuscripts in the library of Trinity Hall",,20220112,,False,,,False,,,,,,,,
_record_1,manuscript_1,,,,manuscript,,,,,,,,,"Description draws on James, M. R. (1907). A descriptive catalogue of the manuscripts in the library of Trinity Hall.",,,,False,,,False,,,,,,,,
_record_1,manuscript_1,,,,manuscript,,,,,,,,,"Description draws on James, M. R. (1907). A descriptive catalogue of the manuscripts in the library of Trinity Hall.",,,,False,,,False,,,,,,,,
_record_1,manuscript_1,,,,manuscript,,,,,,,,,"Description draws on James, M. R. (1907). A descriptive catalogue of the manuscripts in the library of Trinity Hall.",,,,False,,,False,,,,,,,,
_record_1,manuscript_1,,,,manuscript,,,,,,,,,"Description draws on James, M. R. (1907). A descriptive catalogue of the manuscripts in the library of Trinity Hall.",,,,False,,,False,,,,,,,,
_record_1,manuscript_1,,,,manuscript,,,,,,,,,"Description draws on James, M. R. (1907). A descriptive catalogue of the manuscripts in the library of Trinity Hall.",,,,False,,,False,,,,,,,,
_record_1,manuscript_1,,,,manuscript,,,,,,,,,"Description draws on James, M. R. (1907). A descriptive catalogue of the manuscripts in the library of Trinity Hall.",,,,False,,,False,,,,,,,,
_record_1,manuscript_1,,,,manuscript,,,,,,,,,"Description draws on James, M. R. (1907). A descriptive catalogue of the manuscripts in the library of Trinity Hall.",,,,False,,,False,,,,,,,,
_record_1,manuscript_1,,,MS 15,manuscript,,MS15,,,,,,,Description draws on M.R. James(1907). A descriptive catalogue of the manuscripts in the library of Trinity Hall.,M.R. James(1907). A descriptive catalogue of the manuscripts in the library of Trinity Hall.,20220112,,False,,,False,,,,,,,,
_record_1,manuscript_1,,,"Cambridge, Corpus Christi College, MS 210",manuscript-composite,,MS-CCCC-00210,,,,,,,"This catalogue entry draws on M.R. James, , no. 210; and A Descriptive Catalogue of the Manuscripts in the Library of Corpus Christi College, Cambridge, 2 vols (Cambridge, 1912)Kari Anne Rand, , pp. 28-33. Images and a description of the manuscript are also available on the Parker Library website: the online catalogue entry for the item published at Parker on the Web Manuscripts in the Library of Corpus Christi College, Cambridge, The Index of Middle English Prose, Handlist XX (Cambridge: Brewer, 2009)Cambridge, Corpus Christi College, MS 210.","M.R. James, A Descriptive Catalogue of the Manuscripts in the Library of Corpus Christi College, Cambridge, 2 vols (Cambridge, 1912); Kari Anne Rand, Manuscripts in the Library of Corpus Christi College, Cambridge, The Index of Middle English Prose, Handlist XX (Cambridge: Brewer, 2009)",20241118,,False,,,False,,,,,,,,
_record_1,manuscript_1,,,"Cambridge, Corpus Christi College, MS 405",manuscript-composite,,MS-CCCC-00405,,,,,,,"This catalogue entry draws on M.R. James, , no. 405; A Descriptive Catalogue of the Manuscripts in the Library of Corpus Christi College, Cambridge, 2 vols (Cambridge, 1912)N. Wilkins, . Images and a description of the manuscript are also available on the Parker Library website: Catalogue des manuscrits français de la Bibliothèque Parker (Parker Library), Corpus Christi College, Cambridge (Cambridge, 1993)Corpus Christi College, MS 405.","M.R. James, A Descriptive Catalogue of the Manuscripts in the Library of Corpus Christi College, Cambridge, 2 vols (Cambridge, 1912); N. Wilkins, Catalogue des manuscrits français de la Bibliothèque Parker (Parker Library), Corpus Christi College, Cambridge (Cambridge, 1993)",20240702,,False,,,False,,,,,,,,
_record_1,manuscript_1,,,"Cambridge, Corpus Christi College, MS 374",manuscript-composite,,MS-CCCC-00374,,,,,,,"This catalogue entry draws on M.R. James, , no. 374; and an unpublished description of the manuscript composed between 1926 and 1930 by M.R. James, now held in the University Archives (A Descriptive Catalogue of the Manuscripts in the Library of Corpus Christi College, Cambridge, 2 vols (Cambridge, 1912)UA ULIB 7/3/74). Images and a description of the manuscript are also available on the Parker Library website: the online catalogue entry for the item published at Parker on the Web Corpus Christi College, MS 374.","M.R. James, A Descriptive Catalogue of the Manuscripts in the Library of Corpus Christi College, Cambridge, 2 vols (Cambridge, 1912)",2023-10-23,,False,,,False,,,,,,,,
_record_1,manuscript_1,,,"Cambridge, Corpus Christi College, MS 412",manuscript-composite,,MS-CCCC-00412,,,,,,,"This catalogue record draws on M. R. James, . Images and a description of the manuscript are also available on the Parker Library website: A Descriptive Catalogue of the Manuscripts in Corpus Christi College, Cambridge, 2 vols (1912), Vol. II, no. 412Parker on the Web: Cambridge, Corpus Christi College, MS 412.","M. R. James, A Descriptive Catalogue of the Manuscripts in Corpus Christi College, Cambridge, 2 vols (1912), Vol. II, no. 412",20240502,,False,,,False,,,,,,,,
_record_1,manuscript_1,,,"Cambridge, University Library, MS Dd.5.21",manuscript,,MS-DD-00005-00021,,,,,,,The description of the contents of the manuscripts was provided by John H. Robinson of the Lute Society.,,2024-08-02,"Entry to read in the Library is permitted only on presentation of a valid reader's card. For information on eligibility and admissions procedures, see Joining the Library). For further information on the availability of the manuscript, please contact the Manuscripts Reading Room.",False,,,False,,,,,,,,
_record_1,manuscript_1,,,"Cambridge, St John's College, MS D.3",manuscript-composite,,MS-SJC-D-00003,,,,,,,"This catalogue entry draws on M. R. James, and Descriptive Catalogue of the Manuscripts in the Library of St John's College, Cambridge (Cambirdge, 1913) B. C. Barker-Benfield, St Augustine's Abbey vols. I-III, Corpus of British Medieval Library Catalogues 13 (2008)","M. R. James, Descriptive Catalogue of the Manuscripts in the Library of St John's College, Cambridge (Cambirdge, 1913) ; B. C. Barker-Benfield, St Augustine's Abbey vols. I-III, Corpus of British Medieval Library Catalogues 13 (2008)",20230302,,False,,,False,,,,,,,,
_record_1,manuscript_1,,,,manuscript,,,,,,,,,,,,,False,,,False,,,,,,,,
_record_1,manuscript_1,,,"Cambridge, St John's College, MS D.4",manuscript-composite,,MS-SJC-D-00004,,,,,,,"This catalogue record draws on: M. H. Green, 'Appendix - Medieval Gynecological Texts: A Handlist', in M. H. Green (ed.), Women’s Healthcare in the Medieval West Texts and Contexts (Aldershot, 2000), Appendix pp. 1-36 M. H. Green, 'The De Genecia Attributed to Constantine the African', in M. H. Green (ed.), Women's Healthcare in the Medieval West Texts and Contexts (Aldershot, 2000), pp. III:299-324 M. R. James, A Descriptive Catalogue of the Manuscripts in the Library of St John's College (Cambridge, 1913)","M. H. Green, 'Appendix - Medieval Gynecological Texts: A Handlist', in M. H. Green (ed.), Women’s Healthcare in the Medieval West Texts and Contexts (Aldershot, 2000), Appendix pp. 1-36 ; M. H. Green, 'The De Genecia Attributed to Constantine the African', in M. H. Green (ed.), Women's Healthcare in the Medieval West Texts and Contexts (Aldershot, 2000), pp. III:299-324; M. R. James, A Descriptive Catalogue of the Manuscripts in the Library of St John's College (Cambridge, 1913)",20230424,,False,,,False,,,,,,,,
_record_1,manuscript_1,,,St John's College MS E.29,manuscript-composite,,MS-SJC-E-00029,,,,,,,"This catalogue entry draws on M. R. James, . Descriptive Catalogue of the Manuscripts in the Library of St John's College, Cambridge (Cambirdge, 1913)","M. R. James, Descriptive Catalogue of the Manuscripts in the Library of St John's College, Cambridge (Cambirdge, 1913)",2023-03-01,,False,,,False,,,,,,,,
_record_1,manuscript_1,,,"Cambridge, Jesus College, MS Q.G.25",manuscript,,MS-JESUS-Q-G-00025,,,,,,,"This catalogue entry draws on the description provided by Angela M. Lucas, and Manuscripts in Christ's Church, Emmanuel, Jesus, Selwyn and Sidney Sussex Colleges, Peterhouse and Trinity Hall, Cambridge, The Index of Middle English Prose, Handlist 22 (Cambridge: Brewer, 2016)M.R. James, . A descriptive catalogue of the manuscripts in the library of Jesus College, Cambridge (London: Clay, 1895)","Angela M. Lucas, Manuscripts in Christ's Church, Emmanuel, Jesus, Selwyn and Sidney Sussex Colleges, Peterhouse and Trinity Hall, Cambridge, The Index of Middle English Prose, Handlist 22 (Cambridge: Brewer, 2016); M.R. James, A descriptive catalogue of the manuscripts in the library of Jesus College, Cambridge (London: Clay, 1895)",2023-09-07,,False,,,False,,,,,,,,
_record_1,manuscript_1,,,"Cambridge, Jesus College, MS Q.D.2",manuscript-composite,,MS-JESUS-Q-D-00002,,,,,,,"This catalogue record draws on M. R. James, and Manuscripts in the Library of Jesus College Cambridge (London, 1895) R. A. B. Mynors, Durham Cathedral Manuscripts to the End of the Twelfth Century (Oxford: Printed for the Dean and Chapter of Durham Cathedral at the University Press, 1939)","M. R. James, Manuscripts in the Library of Jesus College Cambridge (London, 1895) ; R. A. B. Mynors, Durham Cathedral Manuscripts to the End of the Twelfth Century (Oxford: Printed for the Dean and Chapter of Durham Cathedral at the University Press, 1939)",20230926,,False,,,False,,,,,,,,
_record_1,manuscript_1,,,"Cambridge, Jesus College, Q.G.23",manuscript,,MS-JESUS-Q-B-00023,,,,,,,"This catalogue entry draws on the description provided by Angela M. Lucas and Peter J. Lucas, 'A Description of Jesus College MS Q.G.23 containing Guy De Chauliac's Chirurgie: A Supplement to M.R. James's Catalogue' and Transactions of the Cambridge Bibliographical Society, 12:2 (2001)Angela M. Lucas, . This manuscript is not described in Manuscripts in Christ's Church, Emmanuel, Jesus, Selwyn and Sidney Sussex Colleges, Peterhouse and Trinity Hall, Cambridge, The Index of Middle English Prose, Handlist 22 (Cambridge: Brewer, 2016)M.R. James, as the volume apparently was missing from the college library at this time. See the note on the A descriptive catalogue of the manuscripts in the library of Jesus College, Cambridge (London: Clay, 1895)inside of the upper cover: Restored to the Library in 1930.","Angela M. Lucas and Peter J. Lucas, 'A Description of Jesus College MS Q.G.23 containing Guy De Chauliac's Chirurgie: A Supplement to M.R. James's Catalogue' Transactions of the Cambridge Bibliographical Society, 12:2 (2001); Angela M. Lucas, Manuscripts in Christ's Church, Emmanuel, Jesus, Selwyn and Sidney Sussex Colleges, Peterhouse and Trinity Hall, Cambridge, The Index of Middle English Prose, Handlist 22 (Cambridge: Brewer, 2016); M.R. James, A descriptive catalogue of the manuscripts in the library of Jesus College, Cambridge (London: Clay, 1895)",20230906,,False,,,False,,,,,,,,
_record_1,manuscript_1,,,"Cambridge, Jesus College, MS Q.D.1",manuscript-composite,,MS-JESUS-Q-D-00001,,,,,,,"This catalogue record draws on M. R. James, and Manuscripts in the Library of Jesus College Cambridge (London, 1895) Angela M. Lucas, . Manuscripts in Christ's Church, Emmanuel, Jesus, Selwyn and Sidney Sussex Colleges, Peterhouse and Trinity Hall, Cambridge, The Index of Middle English Prose, Handlist 22 (Cambridge: Brewer, 2016)","M. R. James, Manuscripts in the Library of Jesus College Cambridge (London, 1895) ; Angela M. Lucas, Manuscripts in Christ's Church, Emmanuel, Jesus, Selwyn and Sidney Sussex Colleges, Peterhouse and Trinity Hall, Cambridge, The Index of Middle English Prose, Handlist 22 (Cambridge: Brewer, 2016)",2023-10-17,,False,,,False,,,,,,,,
_record_1,manuscript_1,,,"Cambridge, Magdalene College, MS Pepys 911",manuscript-composite,,MS-MAGDALENE-PEPYS-00911,,,,,,,"This catalogue entry draws on N. Ker, Medieval Manuscripts in British Libraries, 5 vols (1977), vol. II, pp. 233-234 and R. McKitterick and R. Beadle, Catalogue of the Pepys Library at Magdalene College, Cambridge: Manuscripts. Part I Medieval, Catalogue of the Pepys Library at Magdalene College, Cambridge, 7 vols (Woodbridge, 1992), vol. V, pp. 5-8.",,20230503,,False,,,False,,,,,,,,
_record_1,manuscript_1,,,"Cambridge, Pembroke College, MS 56",manuscript,,MS-PEMBROKE-00056,,,,,,,"This catalogue entry draws on the description provided by Rodney M. Thomson, (used here by kind permission of the author).A descriptive catalogue of the medieval manuscripts at Pembroke College, Cambridge (2022)","Rodney M. Thomson, A descriptive catalogue of the medieval manuscripts at Pembroke College, Cambridge (2022)",2021-06-24,,False,,,False,,,,,,,,
_record_1,manuscript_1,,,"Cambridge, Pembroke College, MS 72",manuscript-composite,,MS-PEMBROKE-00072,,,,,,,"This catalogue entry draws on the description provided by Rodney M. Thomson, (used here by kind permission of the author).A descriptive catalogue of the medieval manuscripts at Pembroke College, Cambridge (2022)","Rodney M. Thomson, A descriptive catalogue of the medieval manuscripts at Pembroke College, Cambridge (2022)",2021-06-24,,False,,,False,,,,,,,,
_record_1,manuscript_1,,,"Cambridge, Pembroke College, MS 15",manuscript,,MS-PEMBROKE-00015,,,,,,,"This catalogue entry draws on the description provided by Rodney M. Thomson, (used here by kind permission of the author).A descriptive catalogue of the medieval manuscripts at Pembroke College, Cambridge (2022)","Rodney M. Thomson, A descriptive catalogue of the medieval manuscripts at Pembroke College, Cambridge (2022)",2021-06-24,,False,,,False,,,,,,,,
_record_1,manuscript_1,,,"Cambridge, Fitzwilliam Museum, MS 38-1950",manuscript-composite,,MS-FITZWILLIAM-00038-01950,,,,,,,"This catalogue entry draws on the descriptions provided by Francis Wormald and Phyllis M. Giles, ; of the Additional Illuminated Manuscripts in the Fitzwilliam Museum Acquired between 1895 and 1979 (Excluding the McClean Collection), 2 vols (Cambridge: Cambridge University Library, 1982)Lucy Freeman Sandler, 'Lancastrian Heraldry in the Bohun Manuscripts', in ; The Lancastrian Court: Proceedings of the 2001 Harlaxton Symposium, ed. by Jenny Stratford, Harlaxton Medieval Studies, New Series, 13 (Donington: Shaun Tyas 2001), pp. 221-232Kari Anne Rand ; and Manuscripts in the Library of Pembroke College, Cambridge and the Fitzwilliam Museum, Index of Middle English Prose, 18 (Woodbridge: Brewer, 2006)Lucy Freeman Sandler, . Illuminators and Patrons in Fourteenth-Century England: The Psalter and Hours of Humphrey de Bohun and the MAnuscripts of the Bohun Family (London: The British Library, 2014)","Francis Wormald and Phyllis M. Giles, of the Additional Illuminated Manuscripts in the Fitzwilliam Museum Acquired between 1895 and 1979 (Excluding the McClean Collection), 2 vols (Cambridge: Cambridge University Library, 1982); Lucy Freeman Sandler, 'Lancastrian Heraldry in the Bohun Manuscripts', in The Lancastrian Court: Proceedings of the 2001 Harlaxton Symposium, ed. by Jenny Stratford, Harlaxton Medieval Studies, New Series, 13 (Donington: Shaun Tyas 2001), pp. 221-232; Kari Anne Rand Manuscripts in the Library of Pembroke College, Cambridge and the Fitzwilliam Museum, Index of Middle English Prose, 18 (Woodbridge: Brewer, 2006); Lucy Freeman Sandler, Illuminators and Patrons in Fourteenth-Century England: The Psalter and Hours of Humphrey de Bohun and the MAnuscripts of the Bohun Family (London: The British Library, 2014)",2024-05-20,"Entry to read in the Library is permitted only on presentation of a valid reader's card. For information on eligibility and admissions procedures, see Joining the Library). For further information on the availability of the manuscript, please contact the Manuscripts Reading Room.",False,,,False,,,,,,,,
_record_1,manuscript_1,,,"Cambridge, Fitzwilliam Museum, MS 51",manuscript,,MS-FITZWILLIAM-00051,,,,,,,"This catalogue entry draws on the descriptions provided by and , M.R. James James, M.R. (Montague Rhodes), 1862-1936A Descriptive Catalogue of the Manuscripts in the Fitzwilliam Museum (Cambridge: Cambridge University Press, 1895) Illuminated Manuscripts in Cambridge: A Catalogue of Western Book Illumination in the Fitzwilliam Museum and the Cambridge Colleges, Nigel Morgan and Stella Panayotova, with the assistance of Martine Meuwese, Elizabeth New, Suzanne Reynolds, Hanna Vorholt and Andrea Worm, Part One: Volume Two: The Meuse Region - Southern Neterlands (London: Harvey Miller, 2009)",", M.R. James James, M.R. (Montague Rhodes), 1862-1936A Descriptive Catalogue of the Manuscripts in the Fitzwilliam Museum (Cambridge: Cambridge University Press, 1895); Illuminated Manuscripts in Cambridge: A Catalogue of Western Book Illumination in the Fitzwilliam Museum and the Cambridge Colleges, Nigel Morgan and Stella Panayotova, with the assistance of Martine Meuwese, Elizabeth New, Suzanne Reynolds, Hanna Vorholt and Andrea Worm, Part One: Volume Two: The Meuse Region - Southern Neterlands (London: Harvey Miller, 2009)",2024-05-07,,False,,,False,,,,,,,,
_record_1,manuscript_1,,,"Cambridge, Queens' College, MS 50",manuscript,,,,,,,,,"This catalogue entry derives from Catalogue of western book illumination in the Fitzwilliam Museum and the Cambridge colleges, Nigel Morgan & Stella Panayotova (eds) ; with the assistance of Martine Meuwese ... [et al.] (Cambridge, 2009), pp. 59-61, and draws on material from R.M. Thomson's catalogue of the medieval manuscripts of Queens' College, Cambridge (forthcoming).",,,,False,,,False,,,,,,,,
_record_1,manuscript_1,,,"Cambridge, Queens' College, MS 28",manuscript,,,,,,,,,"This catalogue entry derives predominantly from M .R. James, A descriptive catalogue of the Western manuscripts in the Library of Queens’ College, Cambridge (Cambridge, 1905), pp. 18-19; T. H. Horne, Catalogue of the Library of St. Margaret and St. Bernard, commonly called Queens' College in the University of Cambridge (London, 1827), p. 1001.",,,,False,,,False,,,,,,,,
_record_1,manuscript_1,,,"Cambridge, Peterhouse, MS 95",manuscript-composite,,MS-PETERHOUSE-00095,,,,,,,"This catalogue entry draws substantially on R. M. Thomson, A Descriptive Catalogue of the Medieval Manuscripts in the Library of Peterhouse, Cambridge (Woodbridge, 2016). Readers of this record are strongly encouraged to consult Thomson's Catalogue for further information. This catalogue entry also draws on: M. R. James, A descriptive catalogue of the manuscripts in the library of Peterhouse (Cambridge, 1899) CBMLC 10 Unpublished notes made by Dr Debby Banham in 1999 and 2000 as part of a survey of medical manuscripts in Cambridge",,20230331,,False,,,False,,,,,,,,
_record_1,manuscript_1,,,,manuscript,,MS-PET-075-I,,,,,,,,,2013-12-16,,False,,,False,,,,,,,,
_record_1,manuscript_1,,,"Cambridge, Peterhouse, MS 222",manuscript-composite,,PETERHOUSE-MS-00222,,,,,,,"This catalogue entry draws substantially on R. M. Thomson, A Descriptive Catalogue of the Medieval Manuscripts in the Library of Peterhouse, Cambridge (Woodbridge, 2016). Readers of this record are strongly encouraged to consult Thomson's Catalogue for further information. This catalogue entry also draws on: M. R. James, A descriptive catalogue of the manuscripts in the library of Peterhouse (Cambridge, 1899); CBMLC 10; L. Voigts, 'A doctor and his books: the manuscripts of Roger Marchall (d. 1477)', in R. Beadle and A. J. Piper (eds.), New science out of old books: studies in manuscripts and early printed books in honour of A.I. Doyle (Aldershot, 1995) pp. 249-314; and unpublished notes made by Dr Debby Banham in 1999 and 2000 as part of a survey of medical manuscripts in Cambridge.",,20240228,,False,,,False,,,,,,,,
_record_1,manuscript_1,,,"Cambridge, Clare College, MS 12 ",manuscript-composite,,MS-CLARE-COLLEGE-00012,,,,,,,"This catalogue entry draws on M. R. James, A descriptive catalogue of the Western manuscripts in the library of Clare College (Cambridge, 1905)","M. R. James, A descriptive catalogue of the Western manuscripts in the library of Clare College (Cambridge, 1905)",20221205,,False,,,False,,,,,,,,
_record_1,manuscript_1,,,"Cambridge, Gonville and Caius College, MS 59/153",manuscript-composite,,MS-GONVILLE-AND-CAIUS-00059-00153,,,,,,,"This catalogue entry draws on Montague Rhodes James, , and unpublished notes on this manuscript by Dr Debby Banham. A Descriptive Catalogue of the Manuscripts in the Library of Gonville and Caius College, 2 vols. (Cambridge, 1907-1908) vol. 1, pp. 51-52","Montague Rhodes James, A Descriptive Catalogue of the Manuscripts in the Library of Gonville and Caius College, 2 vols. (Cambridge, 1907-1908) vol. 1, pp. 51-52",20230607,,False,,,False,,,,,,,,
_record_1,manuscript_1,,,"Cambridge, Gonville and Caius College, MS 230/116",manuscript-composite,,MS-GONVILLE-AND-CAIUS-00230-00116,,,,,,,"This catalogue entry partly draws on M. R. James, ; and A descriptive catalogue of the manuscripts in the library of Gonville and Caius College, vol. 2 (Cambridge, 1908)Kari Anne Rand Schmidt, .Manuscripts in the Library of Gonville and Caius College, Cambridge (Cambridge: Brewer, 2001)","A descriptive catalogue of the manuscripts in the library of Gonville and Caius College, vol. 2 (Cambridge, 1908); Kari Anne Rand Schmidt, Manuscripts in the Library of Gonville and Caius College, Cambridge (Cambridge: Brewer, 2001)",2023-03-20,,False,,,False,,,,,,,,
_record_1,manuscript_1,,,"Cambridge, Gonville and Caius College, MS 230/116",part,,,,,,,,,,,2023-03-20,,False,,,False,,,,,,,,
_record_1,manuscript_1,,,"Cambridge, Gonville and Caius College, MS 176/97",manuscript-composite,,MS-GONVILLE-AND-CAIUS-00176-00097,,,,,,,"This catalogue entry draws on the description provided by and , M.R. James James, M.R. (Montague Rhodes), 1862-1936A Descriptive Catalogue of the Manuscripts in the Library of Gonville and Caius College, 2 vols (Cambridge: Cambridge University Press, 1908)Kari Anne Rand Schmidt, .Manuscripts in the Library of Gonville and Caius College, Cambridge (Cambridge: Brewer, 2001)",", M.R. James James, M.R. (Montague Rhodes), 1862-1936A Descriptive Catalogue of the Manuscripts in the Library of Gonville and Caius College, 2 vols (Cambridge: Cambridge University Press, 1908); Kari Anne Rand Schmidt, Manuscripts in the Library of Gonville and Caius College, Cambridge (Cambridge: Brewer, 2001)",2023-02-24,,False,,,False,,,,,,,,
_record_1,manuscript_1,,,"Cambridge, Gonville and Caius College, MS 176/97",part,,,,,,,,,,,2023-02-24,,False,,,False,,,,,,,,
_record_1,manuscript_1,,,"Cambridge, Gonville and Caius College, MS 176/97",part,,,,,,,,,,,2023-02-24,,False,,,False,,,,,,,,
_record_1,manuscript_1,,,"Cambridge, Gonville and Caius College, MS 401/623",manuscript-composite,,MS-GONVILLE-AND-CAIUS-00401-00623,,,,,,,"This catalogue entry draws on M. R. James, and unpublished notes on Cambridge medical manuscripts by Dr Debby Banham.A Descriptive Catalogue of the Manuscripts in the Library of Gonville and Caius College, 2. vols (Cambridge, 1908)","M. R. James, A Descriptive Catalogue of the Manuscripts in the Library of Gonville and Caius College, 2. vols (Cambridge, 1908)",20230224,,False,,,False,,,,,,,,
_record_1,manuscript_1,,,"Cambridge, Gonville and Caius College, MS 373/593",manuscript,,MS-GONVILLE-AND-CAIUS-00373-00593,,,,,,,"This catalogue entry draws on unpublished notes made by Dr Debby Banham, a description by M. R. James, and A Descriptive Catalogue of the Manuscripts in the Library of Gonville and Caius College, vol. II (1908) L. Voigts, 'A doctor and his books: the manuscripts of Roger Marchall (d. 1477)', in R. Beadle and A. J. Piper (eds.), New science out of old books: studies in manuscripts and early printed books in honour of A.I. Doyle (Aldershot, 1995) pp. 249-314","M. R. James, A Descriptive Catalogue of the Manuscripts in the Library of Gonville and Caius College, vol. II (1908); L. Voigts, 'A doctor and his books: the manuscripts of Roger Marchall (d. 1477)', in R. Beadle and A. J. Piper (eds.), New science out of old books: studies in manuscripts and early printed books in honour of A.I. Doyle (Aldershot, 1995) pp. 249-314",20230623,,False,,,False,,,,,,,,
_record_1,manuscript_1,,,"Cambridge, Gonville and Caius College, MS 204/110",manuscript-composite,,MS-GONVILLE-AND-CAIUS-00204-00110,,,,,,,"This catalogue record draws extensively on C. L. Feltoe and E. H. Minns (eds.), Vetus Liber Archidiaconi Eliensis, Cambridge Antiquarian Society 48 (Cambridge, 1917) and also M. R. James, A descriptive catalogue of the manuscripts in the library of Gonville and Caius College, 2 vols (Cambridge, 1917)",,20240830,,False,,,False,,,,,,,,
_record_1,manuscript_1,,,"Cambridge, Gonville and Caius College, MS 451/392",manuscript-composite,,MS-GONVILLE-AND-CAIUS-00451-00392,,,,,,,"This catalogue entry partly draws on M. R. James, , pp. 523-524; and and A descriptive catalogue of the manuscripts in the library of Gonville and Caius College, vol. 2 (Cambridge, 1908)Kari Anne Rand Schmidt, . Manuscripts in the Library of Gonville and Caius College, Cambridge (Cambridge: Brewer, 2001)","A descriptive catalogue of the manuscripts in the library of Gonville and Caius College, vol. 2 (Cambridge, 1908); Kari Anne Rand Schmidt, Manuscripts in the Library of Gonville and Caius College, Cambridge (Cambridge: Brewer, 2001)",2023-03-23,,False,,,False,,,,,,,,
_record_1,manuscript_1,,,"Cambridge, Gonville and Caius College, MS 159/209",manuscript-composite,,MS-GONVILLE-AND-CAIUS-00159-00209,,,,,,,"This catalogue entry draws on unpublished notes made by Dr Debby Banham, a description by M. R. James, and A Descriptive Catalogue of the Manuscripts in the Library of Gonville and Caius College, vol. I (1907) L. Voigts, 'A doctor and his books: the manuscripts of Roger Marchall (d. 1477)', in R. Beadle and A. J. Piper (eds.), New science out of old books: studies in manuscripts and early printed books in honour of A.I. Doyle (Aldershot, 1995) pp. 249-314","M. R. James, A Descriptive Catalogue of the Manuscripts in the Library of Gonville and Caius College, vol. I (1907); L. Voigts, 'A doctor and his books: the manuscripts of Roger Marchall (d. 1477)', in R. Beadle and A. J. Piper (eds.), New science out of old books: studies in manuscripts and early printed books in honour of A.I. Doyle (Aldershot, 1995) pp. 249-314",20230817,,False,,,False,,,,,,,,
_record_1,manuscript_1,,,"Cambridge, Gonville and Caius College, MS 400/729",manuscript-composite,,MS-GONVILLE-AND-CAIUS-00400-00729,,,,,,,"This catalogue entry draws on M. R. James, A Descriptive Catalogue of the Manuscripts in the Library of Gonville and Caius College, 2 vols. (Cambridge, 1907-1908) vol. 2, pp. 464-65.","M. R. James, A Descriptive Catalogue of the Manuscripts in the Library of Gonville and Caius College, 2 vols. (Cambridge, 1907-1908) vol. 2, pp. 464-65.",20220916,,False,,,False,,,,,,,,
_record_1,manuscript_1,,,"Cambridge, Gonville and Caius College, MS 407/413",manuscript-composite,,MS-GONVILLE-AND-CAIUS-00407-00413,,,,,,,"This catalogue entry draws on M. R. James, and unpublished research by Dr Debby Banham on the medical contents of the volume and in particular the content of Part 4. A descriptive catalogue of the manuscripts in the library of Gonville and Caius College, 3 vols (Cambridge, 1908)","M. R. James, A descriptive catalogue of the manuscripts in the library of Gonville and Caius College, 3 vols (Cambridge, 1908)",20230323,,False,,,False,,,,,,,,
_record_1,manuscript_1,,,"Cambridge, Gonville and Caius College, MS 190/223",manuscript-composite,,MS-GONVILLE-AND-CAIUS-00190-00223,,,,,,,"This catalogue entry draws on Montague Rhodes James, A Descriptive Catalogue of the Manuscripts in the Library of Gonville and Caius College, 2 vols. (Cambridge, 1907-1908) vol. 1, pp. 218-19.Robinson, Dated and Datable, no. 240 (pl. 233).","Montague Rhodes James, A Descriptive Catalogue of the Manuscripts in the Library of Gonville and Caius College, 2 vols. (Cambridge, 1907-1908) vol. 1, pp. 218-19.; Robinson, Dated and Datable, no. 240 (pl. 233).",20221110,,False,,,False,,,,,,,,
_record_1,manuscript_1,,,"Cambridge, Gonville and Caius College, MS 181/214",manuscript-composite,,MS-GONVILLE-AND-CAIUS-00181-00214,,,,,,,"This catalogue entry draws on unpublished notes made by Dr Debby Banham, a description by M. R. James, and A Descriptive Catalogue of the Manuscripts in the Library of Gonville and Caius College, vol. I (1907) L. Voigts, 'A doctor and his books: the manuscripts of Roger Marchall (d. 1477)', in R. Beadle and A. J. Piper (eds.), New science out of old books: studies in manuscripts and early printed books in honour of A.I. Doyle (Aldershot, 1995) pp. 249-314","M. R. James, A Descriptive Catalogue of the Manuscripts in the Library of Gonville and Caius College, vol. I (1907); L. Voigts, 'A doctor and his books: the manuscripts of Roger Marchall (d. 1477)', in R. Beadle and A. J. Piper (eds.), New science out of old books: studies in manuscripts and early printed books in honour of A.I. Doyle (Aldershot, 1995) pp. 249-314",20230906,,False,,,False,,,,,,,,
_record_1,manuscript_1,,,"Cambridge, Gonville and Caius College, MS 98/50",manuscript-composite,,MS-GONVILLE-AND-CAIUS-00098-00050,,,,,,,"This catalogue entry partly draws on M. R. James, , pp. 105-106. A descriptive catalogue of the manuscripts in the library of Gonville and Caius College, vol. 1 (Cambridge, 1908)","A descriptive catalogue of the manuscripts in the library of Gonville and Caius College, vol. 1 (Cambridge, 1908)",2023-03-07,,False,,,False,,,,,,,,
_record_1,manuscript_1,,,"Cambridge, Gonville and Caius College, MS 366/588",manuscript-composite,,MS-GONVILLE-AND-CAIUS-00366-00588,,,,,,,"This catalogue record draws on M.R. James, A descriptive catalogue of the manuscripts in the library of Gonville and Caius College, 2 vols. (Cambridge, 1907-1908), p. 415.","M.R. James, A descriptive catalogue of the manuscripts in the library of Gonville and Caius College, 2 vols. (Cambridge, 1907-1908), p. 415.",20220914,,False,,,False,,,,,,,,
_record_1,manuscript_1,,,"Cambridge, Gonville and Caius College, MS 84/166",manuscript-composite,,MS-GONVILLE-AND-CAIUS-00084-00166,,,,,,,"This catalogue entry draws on the description provided by and , M.R. James James, M.R. (Montague Rhodes), 1862-1936A Descriptive Catalogue of the Manuscripts in the Library of Gonville and Caius College, 2 vols (Cambridge: Cambridge University Press, 1908)Kari Anne Rand Schmidt.Manuscripts in the Library of Gonville and Caius College, Cambridge (Cambridge: Brewer, 2001)",", M.R. James James, M.R. (Montague Rhodes), 1862-1936A Descriptive Catalogue of the Manuscripts in the Library of Gonville and Caius College, 2 vols (Cambridge: Cambridge University Press, 1908); Kari Anne Rand SchmidtManuscripts in the Library of Gonville and Caius College, Cambridge (Cambridge: Brewer, 2001)",20230629,,False,,,False,,,,,,,,
_record_1,manuscript_1,,,"Cambridge, Gonville and Caius College, MS 379/599",manuscript-composite,,MS-GONVILLE-AND-CAIUS-00379-00599,,,,,,,"This catalogue entry draws on a description by M. R. James, A Descriptive Catalogue of the Manuscripts in the Library of Gonville and Caius College, vol. II (1908)","M. R. James, A Descriptive Catalogue of the Manuscripts in the Library of Gonville and Caius College, vol. II (1908)",20221014,,False,,,False,,,,,,,,
_record_1,manuscript_1,,,"Cambridge, Gonville and Caius College, MS 200/106",manuscript-composite,,MS-GONVILLE-AND-CAIUS-200-106,,,,,,,"This catalogue entry draws on the description provided by M. R. James, . A descriptive catalogue of the manuscripts in the library of Gonville and Caius College (Cambridge: Cambridge University Press, 1907)","M. R. James, A descriptive catalogue of the manuscripts in the library of Gonville and Caius College (Cambridge: Cambridge University Press, 1907)",20230522,,False,,,False,,,,,,,,
_record_1,manuscript_1,,,"Cambridge, Gonville and Caius College, MS 97/49",manuscript-composite,,MS-GONVILLE-AND-CAIUS-00097-00049,,,,,,,"This catalogue entry draws on Montague Rhodes James, A Descriptive Catalogue of the Manuscripts in the Library of Gonville and Caius College, 2 vols. (Cambridge, 1907-1908) vol. 1, pp. 96-97.","Montague Rhodes James, A Descriptive Catalogue of the Manuscripts in the Library of Gonville and Caius College, 2 vols. (Cambridge, 1907-1908) vol. 1, pp. 96-97.",20220928,,False,,,False,,,,,,,,
_record_1,manuscript_1,,,"Cambridge, Gonville and Caius College, MS 328/715",manuscript-composite,,MS-GONVILLE-AND-CAIUS-00328-00715,,,,,,,"This catalogue entry partly draws on M.R. James, ; and A descriptive catalogue of the manuscripts in the library of Gonville and Caius College, vol. 1 (Cambridge, 1908)Kari Anne Rand Schmidt, .Manuscripts in the Library of Gonville and Caius College, Cambridge (Cambridge: Brewer, 2001)","A descriptive catalogue of the manuscripts in the library of Gonville and Caius College, vol. 1 (Cambridge, 1908); Kari Anne Rand Schmidt, Manuscripts in the Library of Gonville and Caius College, Cambridge (Cambridge: Brewer, 2001)",20230629,,False,,,False,,,,,,,,
_record_1,manuscript_1,,,"Cambridge, Gonville and Caius College, MS 328/715",part,,,,,,,,,,,20230629,,False,,,False,,,,,,,,
_record_1,manuscript_1,,,,manuscript,,MS-SIDNEYSUSSEX-00095,,,,,,,"This catalogue entry draws on the description in M. R. James, A descriptive catalogue of the manuscripts in the library of Sidney Sussex College, Cambridge (Cambridge, 1895) and unpublished notes by Laurel Broughton.",,2018-11-23,,False,,,False,,,,,,,,
_record_10,manuscript_1,,,"Cambridge, Emmanuel College, MS 70",manuscript,,MS-EMMANUEL-COLLEGE-00070,,,,,,,"This catalogue entry draws on the description provided by M. R. James in The Western manuscripts in the library of Emmanuel College: A descriptive catalogue (Cambridge, 1904), no. 70 and also draws significantly on R. M. Thomson, 'John Dunstable and His Books', The Musical Times, 150.1909 (2009), pp. 3–16. Readers of this record are encouraged to consult both items for further information about this volume.",,2023-09-20,,False,,,False,,,,,,,,
_record_10,manuscript_1,,,"Cambridge, University Library, MS Ii.2.12",manuscript,,MS-II-00002-00012,,,,,,,,,2022-02-14,,False,,,False,,,,,,,,
_record_10,manuscript_1,,,,manuscript,,,,,,,,,"This record draws on an extended unpublished description of the manuscript by Jayne Ringrose, which was published in summary form in , used here by kind permission of the Boydell Press, and an Summary Catalogue of the Additional Medieval Manuscripts in Cambridge University Library acquired before 1940 (Woodbridge, 2009)unpublished description of the manuscript by R.A.B. Mynors (now UA ULIB 7/3/75/22).","Summary Catalogue of the Additional Medieval Manuscripts in Cambridge University Library acquired before 1940 (Woodbridge, 2009)",2022-07-18,"Entry to read in the Library is permitted only on presentation of a valid reader's card. For information on eligibility and admissions procedures, see Joining the Library). For further information on the availability of the manuscript, please contact the Manuscripts Reading Room.",False,,,False,,,,,,,,
_record_10,manuscript_1,,,"Cambridge, University Library, MS Ff.3.9",manuscript,,MS-FF-00003-00009,,,,,,,"This catalogue entry draws on the description provided by Paul Binski and Patrick Zutshi, with the collaboration of Stella Panayotova, (used here by kind permission of Cambridge University Press), and an unpublished description of the manuscript composed between 1947 and 1970 by Western Illuminated Manuscripts: A Catalogue of the Collection in Cambridge University Library (Cambridge: Cambridge University Press, 2011)H.L. Pink, now held in the University Archives (ULIB 7/3/75).","Paul Binski and Patrick Zutshi, with the collaboration of Stella Panayotova, Western Illuminated Manuscripts: A Catalogue of the Collection in Cambridge University Library (Cambridge: Cambridge University Press, 2011)",2022-02-07,,False,,,False,,,,,,,,
_record_10,manuscript_1,,,"Cambridge, University Library, MS Kk.1.6",manuscript-composite,,MS-KK-00001-00006,,,,,,,"This catalogue entry draws on Margaret Connolly Manuscripts in the University Library, Cambridge (Dd-Oo), The Index of Middle English Prose, 17 (Cambridge: Brewer, 2009), and an unpublished description of the manuscript composed between 1926 and 1930 by , now held in the University Archives (M.R. James James, M.R. (Montague Rhodes), 1862-1936UA ULIB 7/3/74).",,2022-07-25,,False,,,False,,,,,,,,
_record_10,manuscript_1,,,"Cambridge, King's College, MS 16",manuscript-composite,,MS-KINGS-COLLEGE-00016,,,,,,,"This catalogue entry draws on M.R. James, A descriptive catalogue of the manuscripts other than Oriental in the library of King's College, Cambridge (Cambridge: Cambridge University Press, 1895)","M.R. James, A descriptive catalogue of the manuscripts other than Oriental in the library of King's College, Cambridge (Cambridge: Cambridge University Press, 1895)",2022-02-09,,False,,,False,,,,,,,,
_record_10,manuscript_1,,,"Cambridge, Peterhouse, MS 182",manuscript,,MS-PETERHOUSE-00182,,,,,,,"This catalogue entry draws substantially on R. M. Thomson, A Descriptive Catalogue of the Medieval Manuscripts in the Library of Peterhouse, Cambridge (Woodbridge, 2016). Readers of this record are strongly encouraged to consult Thomson's Catalogue for further information. This catalogue entry also draws on M. R. James, A descriptive catalogue of the manuscripts in the library of Peterhouse (Cambridge: Cambridge University Library 1899).",,2023-03-17,,False,,,False,,,,,,,,
_record_10,manuscript_1,,,"Cambridge, Gonville and Caius College, MS 147/197",manuscript-composite,,MS-GONVILLE-AND-CAIUS-00147-00197,,,,,,,"This catalogue entry draws on a description of the manuscript by M.R. James, A descriptive catalogue of the manuscripts in the library of Gonville and Caius College, 2 vols (Cambridge: Cambridge University Press, 1907), I, pp. 166-167.","M.R. James, A descriptive catalogue of the manuscripts in the library of Gonville and Caius College, 2 vols (Cambridge: Cambridge University Press, 1907), I, pp. 166-167.",20221025,,False,,,False,,,,,,,,
_record_11,manuscript_1,,,,manuscript,,MS-ADD-03020,,,,,,,"The description of the contents of this manuscript was prepared by . The description of its physical characteristics, origin and provenance draws on Dr Sandra Raban Raban, SandraJayne Ringrose, , by kind permission of the Boydell Press.Summary Catalogue of the Additional Medieval Manuscripts in Cambridge University Library acquired before 1940 (Woodbridge, 2009)","Jayne Ringrose, Summary Catalogue of the Additional Medieval Manuscripts in Cambridge University Library acquired before 1940 (Woodbridge, 2009)",20240404,"Entry to read in the Library is permitted only on presentation of a valid reader's card. For information on eligibility and admissions procedures, see Joining the Library). For further information on the availability of the manuscript, please contact the Manuscripts Reading Room.",False,,,False,,,,,,,,
_record_11,manuscript_1,,,MS Gg.6.42,part,,,,,,,,,,,2024-01-24,,False,,,False,,,,,,,,
_record_11,manuscript_1,,,MS Gg.6.42,part,,,,,,,,,,,2024-01-24,,False,,,False,,,,,,,,
_record_12,manuscript_1,,,,manuscript,,MS-II-00006-00031,,,,,,,"This catalogue entry draws on Margaret Connolly, Manuscripts in the University Library, Cambridge (Dd-Oo), Index of Middle English Prose, 19 (2009) and an unpublished description of the manuscript composed between 1926 and 1930 by , now held in the University Archives (M.R. James James, M.R. (Montague Rhodes), 1862-1936UA ULIB 7/3/74).",,2019-08-06,"Entry to read in the Library is permitted only on presentation of a valid reader's card. For information on eligibility and admissions procedures, see Joining the Library). For further information on the availability of the manuscript, please contact the Manuscripts Reading Room.",False,,,False,,,,,,,,
_record_12,manuscript_1,,,,manuscript,,MS-KK-00005-00016,,,,,,,"This catalogue entry draws on the introduction to the facsimile volume of The Moore Bede by Peter Hunter Blair (Copenhagen: Rosenkilde and Bagger, 1959) and the description of the manuscript by N.R. Ker in Manuscripts containing Anglo-Saxon, rev. ed. (1990).",,2015-09-19,,False,,,False,,,,,,,,
_record_12,manuscript_1,,,,manuscript-composite,,MS-FF-00001-00028,,,,,,,"This catalogue entry draws on the description provided by Paul Binski and Patrick Zutshi, with the collaboration of Stella Panayotova, (used here by kind permission of Cambridge University Press) and an unpublished description of the manuscript composed between 1947 and 1970 by Western Illuminated Manuscripts: A Catalogue of the Collection in Cambridge University Library (Cambridge: Cambridge University Press, 2011)H.L. Pink, now held in the University Archives (ULIB 7/3/75).","Paul Binski and Patrick Zutshi, with the collaboration of Stella Panayotova, Western Illuminated Manuscripts: A Catalogue of the Collection in Cambridge University Library (Cambridge: Cambridge University Press, 2011)",2020-02-01,,False,,,False,,,,,,,,
_record_12,manuscript_1,,,"Cambridge, Trinity College, MS VI.18.2",manuscript,,MS-TRINITY-COLLEGE-VI-00018-00002,,,,,,,"This catalogue entry draws on Linne R. Mooney, , p. 151; and Manuscripts in the Library of Trinity College, Cambridge, The Index of Middle English Prose, Handlist XI (Woodbridge: Brewer, 1995). The Digital Index of Middle English Verse","Linne R. Mooney, Manuscripts in the Library of Trinity College, Cambridge, The Index of Middle English Prose, Handlist XI (Woodbridge: Brewer, 1995); The Digital Index of Middle English Verse",2022-05-28,,False,,,False,,,,,,,,
_record_12,manuscript_1,,,"Cambridge, St John's College, MS B.15",manuscript-composite,,MS-SJC-B-00015,,,,,,,"This catalogue entry draws on the description provided by ; and the description of the hands by , M.R. James James, M.R. (Montague Rhodes), 1862-1936Descriptive Catalogue of the Manuscripts in the Library of St John's College, Cambridge (Cambridge: Cambridge University Press, 1913)Claire Jones, 'Vernacular literacy in late-medieval England: The Example of East Anglian Medical Manuscripts' (unpublished dissertation, University of Glasgow, 2000), pp. 197-198..",", M.R. James James, M.R. (Montague Rhodes), 1862-1936Descriptive Catalogue of the Manuscripts in the Library of St John's College, Cambridge (Cambridge: Cambridge University Press, 1913); Claire Jones, 'Vernacular literacy in late-medieval England: The Example of East Anglian Medical Manuscripts' (unpublished dissertation, University of Glasgow, 2000)",20230816,,False,,,False,,,,,,,,
_record_12,manuscript_1,,,"Cambridge, Pembroke College, MS 70",manuscript-composite,,MS-PEMBROKE-00070,,,,,,,"This catalogue entry draws on the description provided by Rodney M. Thomson, (used here by kind permission of the author).A descriptive catalogue of the medieval manuscripts at Pembroke College, Cambridge (2022)","Rodney M. Thomson, A descriptive catalogue of the medieval manuscripts at Pembroke College, Cambridge (2022)",2021-06-28,,False,,,False,,,,,,,,
_record_12,manuscript_1,,,"Cambridge, Sidney Sussex College, MS 51",manuscript-composite,,MS-SIDNEYSUSSEX-00051,,,,,,,"This catalogue record draws on M. R. James, A Descriptive Catalogue of the Manuscripts in the Library of Sidney Sussex College, Cambridge (Cambridge: Cambridge University Press, 1895), no. 51, pp. 36-37","M. R. James, A Descriptive Catalogue of the Manuscripts in the Library of Sidney Sussex College, Cambridge (Cambridge: Cambridge University Press, 1895), no. 51, pp. 36-37",20231120,,False,,,False,,,,,,,,
_record_14,manuscript_1,,,"Cambridge, University Library, MS Gg.4.6",manuscript,,MS-GG-00004-00006,,,,,,,"This catalogue entry draws on an unpublished description of the manuscript composed between 1926 and 1930 by , now held in the University Archives (M.R. James James, M.R. (Montague Rhodes), 1862-1936UA ULIB 7/3/74), and the description provided by Paul Binski and Patrick Zutshi, with the collaboration of Stella Panayotova, (used here by kind permission of Cambridge University Press). Western Illuminated Manuscripts: A Catalogue of the Collection in Cambridge University Library (Cambridge: Cambridge University Press, 2011)","Paul Binski and Patrick Zutshi, with the collaboration of Stella Panayotova, Western Illuminated Manuscripts: A Catalogue of the Collection in Cambridge University Library (Cambridge: Cambridge University Press, 2011)",2024-06-10,"Entry to read in the Library is permitted only on presentation of a valid reader's card. For information on eligibility and admissions procedures, see Joining the Library). For further information on the availability of the manuscript, please contact the Manuscripts Reading Room.",False,,,False,,,,,,,,
_record_14,manuscript_1,,,"Cambridge, Corpus Christi College, MS 416",manuscript,,MS-CCCC-00416,,,,,,,"This catalogue record draws on M. R. James, . Images and a description of the manuscript are also available on the Parker Library website: A Descriptive Catalogue of the Manuscripts in Corpus Christi College, Cambridge, 2 vols (1912), Vol. II, no. 416Parker on the Web: Cambridge, Corpus Christi College MS 416.","M. R. James, A Descriptive Catalogue of the Manuscripts in Corpus Christi College, Cambridge, 2 vols (1912), Vol. II, no. 416",20240510,,False,,,False,,,,,,,,
_record_14,manuscript_1,,,"Cambridge, Corpus Christi College, MS 61",manuscript,,MS-CCCC-00061,,,,,,,"This catalogue entry draws on M.R. James, , no. 61; and A Descriptive Catalogue of the Manuscripts in the Library of Corpus Christi College, Cambridge, 2 vols (Cambridge, 1912)Kari Anne Rand, , pp. 88-90. Images and a description of the manuscript are also available on the Parker Library website: the online catalogue entry for the item published at Parker on the Web Manuscripts in the Library of Corpus Christi College, Cambridge, The Index of Middle English Prose, Handlist XX (Cambridge: Brewer, 2009)Corpus Christi College, MS 61.","M.R. James, A Descriptive Catalogue of the Manuscripts in the Library of Corpus Christi College, Cambridge, 2 vols (Cambridge, 1912); Kari Anne Rand, Manuscripts in the Library of Corpus Christi College, Cambridge, The Index of Middle English Prose, Handlist XX (Cambridge: Brewer, 2009)",2024-10-08,,False,,,False,,,,,,,,
_record_14,manuscript_1,,,"Cambridge, Pembroke College, MS 28",manuscript,,MS-PEMBROKE-00028,,,,,,,"This catalogue entry draws on the description provided by Rodney M. Thomson, (used here by kind permission of the author).A descriptive catalogue of the medieval manuscripts at Pembroke College, Cambridge (forthcoming, 2021)","Rodney M. Thomson, A descriptive catalogue of the medieval manuscripts at Pembroke College, Cambridge (forthcoming, 2021)",20220309,,False,,,False,,,,,,,,
_record_16,manuscript_1,,,"Cambridge, St John's College, MS G.4",manuscript,,MS-SJC-G-00004,,,,,,,"This catalogue entry draws on M. R. James, A descriptive catalogue in the library of St John's College, Cambridge (Cambridge, 1913)","M. R. James, A descriptive catalogue in the library of St John's College, Cambridge (Cambridge, 1913)",2023-03-07,,False,,,False,,,,,,,,
_record_2,manuscript_1,,,"Cambridge, University Library, MS Add. 7912",manuscript,,MS-ADD-07912,,,,,,,"This catalogue entry draws on the description provided by John Baker and Jayne Ringrose, (used here by kind permission of the Boydell Press). Catalogue of English Legal Manuscripts in Cambridge University Library (1996)","John Baker and Jayne Ringrose, Catalogue of English Legal Manuscripts in Cambridge University Library (1996)",2022-11-10,"Entry to read in the Library is permitted only on presentation of a valid reader's card. For information on eligibility and admissions procedures, see Joining the Library). For further information on the availability of the manuscript, please contact the Manuscripts Reading Room.",False,,,False,,,,,,,,
_record_2,manuscript_1,,,,manuscript,,MS-FF-00001-00017-00001,,,,,,,This catalogue entry draws on the description in the edition and facsimile of the manuscript by John Stevens.,,2015-04-20,,False,,,False,,,,,,,,
_record_2,manuscript_1,,,,manuscript,,MS-II-00002-00004,,,,,,,This catalogue entry is based with permission on the description produced for The Production and Use of English Manuscripts 1060-1220 by Takako Kato with the assistance of Owen Roberson and Hollie Morgan.,,2015-06-25,,False,,,False,,,,,,,,
_record_2,manuscript_1,,,"Cambridge, University Library, MS Add. 4087",manuscript,,MS-ADD-04087,,,,,,,"This catalogue entry draws on Jayne Ringrose, , by kind permission of the Boydell Press; and unpublished descriptions by Summary Catalogue of the Additional Medieval Manuscripts in Cambridge University Library acquired before 1940 (Woodbridge, 2009) (between 1893 and 1924), now held in the University Archives (C.E. SayleSayle, C.E.UA ULIB 7/3/72); , (between 1926 and 1930) now held in the University Archives (M.R. James James, M.R. (Montague Rhodes), 1862-1936UA ULIB 7/3/74); and (between 1948 and 1970), now held in the University Archives (H.L. Pink Pink, H. L.UA ULIB 7/3/75).","Jayne Ringrose, Summary Catalogue of the Additional Medieval Manuscripts in Cambridge University Library acquired before 1940 (Woodbridge, 2009)",2022-11-25,"Entry to read in the Library is permitted only on presentation of a valid reader's card. For information on eligibility and admissions procedures, see Joining the Library). For further information on the availability of the manuscript, please contact the Manuscripts Reading Room.",False,,,False,,,,,,,,
_record_2,manuscript_1,,,,manuscript,,MS-HH-00001-00010,,,,,,,This catalogue entry is based with permission on the description produced for The Production and Use of English Manuscripts 1060-1220 by Takako Kato with the assistance of Owen Roberson and Hollie Morgan. It also draws on unpublished MS notes by M. R. James.,,2013-12-01,,False,,,False,,,,,,,,
_record_2,manuscript_1,,,"Cambridge, University Library, MS Dd.10.44",manuscript-composite,,MS-DD-00010-00044,,,,,,,"This catalogue entry draws on Margaret Connolly, and an unpublished description of the manuscript composed between 1926 and 1930 by Manuscripts in the University Library, Cambridge (Dd-Oo), The Index of Middle English Prose (Woodbridge: Brewer, 2009), pp. 26-30, now held in the University Archives (M.R. James James, M.R. (Montague Rhodes), 1862-1936UA ULIB 7/3/74).","Margaret Connolly, Manuscripts in the University Library, Cambridge (Dd-Oo), The Index of Middle English Prose (Woodbridge: Brewer, 2009), pp. 26-30",2023-03-31,,False,,,False,,,,,,,,
_record_2,manuscript_1,,,"Cambridge, University Library, MS Ee.1.15",part,,,,,,,,,,,2024-11-25,,False,,,False,,,,,,,,
_record_2,manuscript_1,,,"Cambridge, Trinity College, MS O.7.31",manuscript,,MS-TRINITY-COLLEGE-O-00007-00031,,,,,,,"This catalogue entry draws on M.R. James, ; and The western manuscripts in the library of Trinity College, Cambridge: a descriptive catalogue, 3 (1902)Linne R. Mooney, .Manuscripts in the Library of Trinity College, Cambridge The Index of Middle English Prose, Handlist XI (Woodbridge: Brewer, 1995)","M.R. James, The western manuscripts in the library of Trinity College, Cambridge: a descriptive catalogue, 3 (1902); Linne R. Mooney, Manuscripts in the Library of Trinity College, Cambridge The Index of Middle English Prose, Handlist XI (Woodbridge: Brewer, 1995)",20240-08-02,,False,,,False,,,,,,,,
_record_2,manuscript_1,,,"Cambridge, Trinity College, MS R.14.39",manuscript-composite,,MS-TRINITY-COLLEGE-R-00014-00039,,,,,,,"This catalogue entry draws on M.R. James, ; and The western manuscripts in the library of Trinity College, Cambridge: a descriptive catalogue, 3 (1902)Linne R. Mooney, .Manuscripts in the Library of Trinity College, Cambridge, The Index of Middle English Prose, Handlist XI (Woodbridge: Brewer, 1995)","M.R. James, The western manuscripts in the library of Trinity College, Cambridge: a descriptive catalogue, 3 (1902); Linne R. Mooney, Manuscripts in the Library of Trinity College, Cambridge, The Index of Middle English Prose, Handlist XI (Woodbridge: Brewer, 1995)",2024-08-15,,False,,,False,,,,,,,,
_record_2,manuscript_1,,,"Cambridge, Trinity College, MS O.9.32",manuscript,,MS-TRINITY-COLLEGE-O-00009-00032,,,,,,,"This catalogue entry draws on M.R. James, ; and The western manuscripts in the library of Trinity College, Cambridge: a descriptive catalogue, 3 (1902)Linne R. Mooney, .Manuscripts in the Library of Trinity College, Cambridge The Index of Middle English Prose, Handlist XI (Woodbridge: Brewer, 1995)","M.R. James, The western manuscripts in the library of Trinity College, Cambridge: a descriptive catalogue, 3 (1902); Linne R. Mooney, Manuscripts in the Library of Trinity College, Cambridge The Index of Middle English Prose, Handlist XI (Woodbridge: Brewer, 1995)",2024-05-29,,False,,,False,,,,,,,,
_record_2,manuscript_1,,,MS 9,manuscript,,MS9,,,,,,,Description draws on M.R. James(1907). A descriptive catalogue of the manuscripts in the library of Trinity Hall.,M.R. James(1907). A descriptive catalogue of the manuscripts in the library of Trinity Hall.,20220112,,False,,,False,,,,,,,,
_record_2,manuscript_1,,,MS 7,manuscript,,,,,,,,,Description draws on M.R. James(1907). A descriptive catalogue of the manuscripts in the library of Trinity Hall.,M.R. James(1907). A descriptive catalogue of the manuscripts in the library of Trinity Hall.,20220112,,False,,,False,,,,,,,,
_record_2,manuscript_1,,,MS 13,manuscript,,MS13,,,,,,,Description draws on M.R. James(1907). A descriptive catalogue of the manuscripts in the library of Trinity Hall.,M.R. James(1907). A descriptive catalogue of the manuscripts in the library of Trinity Hall.,20220112,,False,,,False,,,,,,,,
_record_2,manuscript_1,,,,manuscript,,,,,,,,,"Description draws on James, M. R. (1907). A descriptive catalogue of the manuscripts in the library of Trinity Hall.",,,,False,,,False,,,,,,,,
_record_2,manuscript_1,,,,manuscript,,,,,,,,,"This record draws on M.R. James, A Descriptive Catalogue of the Manuscripts in the Library of St John’s College, Cambridge and the introduction to Padraig O’Neill’s edition of the manuscript.",,2017-03-21,,False,,,False,,,,,,,,
_record_2,manuscript_1,,,,manuscript,,,,,,,,,"This record draws on M.R. James, A Descriptive Catalogue of the Manuscripts in the Library of St John’s College, Cambridge.",,2017-03-21,,False,,,False,,,,,,,,
_record_2,manuscript_1,,,"Cambridge, Jesus College, MS Q.G.12",manuscript,,MS-Q-G-00012,,,,,,,"This catalogue entry draws on the description provided by Angela M. Lucas, and Manuscripts in Christ's Church, Emmanuel, Jesus, Selwyn and Sidney Sussex Colleges, Peterhouse and Trinity Hall, Cambridge, The Index of Middle English Prose, Handlist 22 (Cambridge: Brewer, 2016)M.R. James, .A descriptive catalogue of the manuscripts in the library of Jesus College, Cambridge (London: Clay, 1895)","Angela M. Lucas, Manuscripts in Christ's Church, Emmanuel, Jesus, Selwyn and Sidney Sussex Colleges, Peterhouse and Trinity Hall, Cambridge, The Index of Middle English Prose, Handlist 22 (Cambridge: Brewer, 2016); M.R. James, A descriptive catalogue of the manuscripts in the library of Jesus College, Cambridge (London: Clay, 1895)",2023-09-08,,False,,,False,,,,,,,,
_record_2,manuscript_1,,,"Cambridge, Magdalene College, Pepys MS 1236",manuscript,,MS-MAGDALENE-PEPYS-01236,,,,,,,"This catalogue entry draws on M.R. James, ; the A Descriptive Catalogue of the Manuscripts in the College Library of Magdalene College, Cambridge (Cambridge: Cambridge University Library, 1909)Catalogue of the Pepys Library at Magdalene College, Cambridge, 7 vols (Woodbridge: Brewer, 1978-1994), V (1992): Manuscripts, Part I: Medieval, ed. by Rosamond McKitterick and Richard Beadle, pp. 25-27; and a draft of Kari Anne Rand's description of the manuscript's contents for a forthcoming volume on the Pepys Library in the Index of Middle English Prose.","M.R. James, A Descriptive Catalogue of the Manuscripts in the College Library of Magdalene College, Cambridge (Cambridge: Cambridge University Library, 1909)",20231003,,False,,,False,,,,,,,,
_record_2,manuscript_1,,,"Cambridge, Magdalene College, Pepys MS 1047",manuscript,,MS-MAGDALENE-PEPYS-01047,,,,,,,"This catalogue entry draws on and the M.R. James James, M.R. (Montague Rhodes), 1862-1936A Descriptive Catalogue of the Manuscripts in the College Library of Magdalene College, Cambridge (Cambridge: Cambridge University Library, 1909), by kind permission of the Boydell Press. Catalogue of the Pepys Library at Magdalene College Cambridge, Volume V: Manuscripts, Part I: Medieval, compiled by Rosamond McKitterick and Richard Beadle (Woodbridge: Brewer, 1992)","M.R. James James, M.R. (Montague Rhodes), 1862-1936A Descriptive Catalogue of the Manuscripts in the College Library of Magdalene College, Cambridge (Cambridge: Cambridge University Library, 1909); Catalogue of the Pepys Library at Magdalene College Cambridge, Volume V: Manuscripts, Part I: Medieval, compiled by Rosamond McKitterick and Richard Beadle (Woodbridge: Brewer, 1992)",2023-04-27,,False,,,False,,,,,,,,
_record_2,manuscript_1,,,"Cambridge, Magdalene College, Pepys MS 1661",manuscript-composite,,MS-MAGDALENE-PEPYS-01661,,,,,,,"This catalogue entry draws on and the M.R. JamesJames, M.R. (Montague Rhodes), 1862-1936A Descriptive Catalogue of the Manuscripts in the College Library of Magdalene College, Cambridge (Cambridge: Cambridge University Library, 1909)Catalogue of the Pepys Library at Magdalene College, Cambridge, 7 vols (Woodbridge: Brewer, 1978-1994), V (1992): Manuscripts, Part I: Medieval, ed. by Rosamond McKitterick and Richard Beadle, pp. 25-27.","M.R. JamesJames, M.R. (Montague Rhodes), 1862-1936A Descriptive Catalogue of the Manuscripts in the College Library of Magdalene College, Cambridge (Cambridge: Cambridge University Library, 1909)",20230810,,False,,,False,,,,,,,,
_record_2,manuscript_1,,,"Cambridge, Fitzwilliam Museum, MS 261",manuscript,,MS-FITZWILLIAM-00261,,,,,,,"This catalogue entry draws on the descriptions provided by Francis Wormald and Phyllis M. Giles, and A Descriptive Catalogue of the Additional Illuminated Manuscripts in the Fitzwilliam Museum Acquired between 1895 and 1979 (Excluding the McClean Collection), 2 vols (Cambridge: Cambridge University Library, 1982). Heraldry at the Fitzwilliam: Catalogue of an Exhibition of Heraldry at the Fitzwilliam Museum, Cambridge, September and October, 1970 (London, 1970), no. 44","Francis Wormald and Phyllis M. Giles, A Descriptive Catalogue of the Additional Illuminated Manuscripts in the Fitzwilliam Museum Acquired between 1895 and 1979 (Excluding the McClean Collection), 2 vols (Cambridge: Cambridge University Library, 1982); Heraldry at the Fitzwilliam: Catalogue of an Exhibition of Heraldry at the Fitzwilliam Museum, Cambridge, September and October, 1970 (London, 1970), no. 44",2024-05-08,,False,,,False,,,,,,,,
_record_2,manuscript_1,,,,manuscript,,MS-PETERHOUSE-00130,,,,,,,,,2018-05-02,,False,,,False,,,,,,,,
_record_2,manuscript_1,,,"Cambridge, Sidney Sussex College, MS 58",manuscript,,MS-SIDNEYSUSSEX-00058,,,,,,,"This catalogue entry draws on the description provided by Angela M. Lucas, and Manuscripts in Christ's Church, Emmanuel, Jesus, Selwyn and Sidney Sussex Colleges. Peterhouse and Trinity Hall, Cambridge The Index of Middle English Prose, Handlist 22 (Cambridge: Brewer, 2016)M.R. James, . A Descriptive Catalogue of the Manuscripts in the Library of Sidney Sussex College, Cambridge (Cambridge: Cambridge University Press, 1895)","Angela M. Lucas, Manuscripts in Christ's Church, Emmanuel, Jesus, Selwyn and Sidney Sussex Colleges. Peterhouse and Trinity Hall, Cambridge The Index of Middle English Prose, Handlist 22 (Cambridge: Brewer, 2016); M.R. James, A Descriptive Catalogue of the Manuscripts in the Library of Sidney Sussex College, Cambridge (Cambridge: Cambridge University Press, 1895)",2023-09-15,,False,,,False,,,,,,,,
_record_2,manuscript_1,,,,manuscript,,MS-00002,,,,,,,"This catalogue entry draws on the description in M. R. James, A descriptive catalogue of the manuscripts in the library of Sidney Sussex College, Cambridge (Cambridge, 1895).",,2018-11-18,,False,,,False,,,,,,,,
_record_24,manuscript_1,,,,manuscript,,MS-II-00001-00033,,,,,,,"This catalogue entry draws on the following descriptions of the manuscript (given here in chronological order): an unpublished description of the manuscript composed between 1926 and 1930 by , now held in the University Archives (M.R. James James, M.R. (Montague Rhodes), 1862-1936UA ULIB 7/3/74)N.R. Ker, Manuscripts containing Anglo-Saxon (Oxford: Clarendon Press, 1957)Orietta da Rold, , The Production and Use of English Manuscripts, 1060-1220 (University of Leicester, 2010), with suggestions by Elaine Treharne, Mary Swan and Oliver Traxel, edited by Takako Kato and Hollie MorganCambridge, University Library, MS Ii.1.33 , in Cambridge, University Library, MS Ii.1.33Anglo-Saxon Manuscripts in Microfiche Facsimile (1994-), vol. 21: Rolf H. Bremmer, Jr. and Kees Dekker, Saints' Lives and Homilies (Tempe: Arizona Center for Medieval and Renaissance Studies, 2013)",,2025-01-07,"Entry to read in the Library is permitted only on presentation of a valid reader's card. For information on eligibility and admissions procedures, see Joining the Library). For further information on the availability of the manuscript, please contact the Manuscripts Reading Room.",False,,,False,,,,,,,,
_record_3,manuscript_1,,,,manuscript,,MS-FF-00004-00042,,,,,,,,,2015-06-14,,False,,,False,,,,,,,,
_record_3,manuscript_1,,,"Cambridge, University Library, MS Dd.5.76",manuscript-composite,,MS-DD-00005-00076,,,,,,,"This catalogue entry draws on the description provided by Margaret Connolly, , and an unpublished description of the manuscript composed between 1926 and 1930 by Manuscripts in the University Library, Cambridge (Dd-Oo), The Index of Middle English Prose (Woodbridge: Brewer, 2009), pp. 26-30, now held in the University Archives (M.R. James James, M.R. (Montague Rhodes), 1862-1936UA ULIB 7/3/74).","Margaret Connolly, Manuscripts in the University Library, Cambridge (Dd-Oo), The Index of Middle English Prose (Woodbridge: Brewer, 2009), pp. 26-30",20221007,,False,,,False,,,,,,,,
_record_3,manuscript_1,,,,manuscript-composite,,MS-LL-00001-00010,,,,,,,"This catalogue entry draws on the descriptions prepared for: Western Illuminated Manuscripts: A Catalogue of the Collection in Cambridge University Library by Paul Binski and Patrick Zutshi, with the collaboration of Stella Panayotova (Cambridge: Cambridge University Press, 2011) (used here by kind permission of Cambridge University Press); Anglo-Saxon Manuscripts in Microfiche Facsimile (1994-), vol. 7: A.N. Doane, Anglo-Saxon bibles and 'The Book of Cerne' (Tempe: Arizona Center for Medieval and Renaissance Studies, 2002); and Michelle P. Brown, The Book of Cerne: prayer, patronage and power in ninth-century England (London: British Library, 1996). Further, detailed bibliographies are also provided therein.",,2024-10-31,"Entry to read in the Library is permitted only on presentation of a valid reader's card. For information on eligibility and admissions procedures, see Joining the Library). For further information on the availability of the manuscript, please contact the Manuscripts Reading Room.",False,,,False,,,,,,,,
_record_3,manuscript_1,,,"Cambridge, University Library, MS Ff.6.51",manuscript-composite,,MS-FF-00006-00051,,,,,,,"This catalogue entry draws on Margaret Connolly, ; and an unpublished description of the manuscript composed between 1926 and 1930 by Manuscripts in the University Library, Cambridge (Dd-Oo) , The Index of Middle English Prose, 17 (Cambridge: Brewer, 2009), now held in the University Archives (M.R. James James, M.R. (Montague Rhodes), 1862-1936UA ULIB 7/3/74).","Margaret Connolly, Manuscripts in the University Library, Cambridge (Dd-Oo) , The Index of Middle English Prose, 17 (Cambridge: Brewer, 2009)",20220719,,False,,,False,,,,,,,,
_record_3,manuscript_1,,,,manuscript,,MS-ADD-10185-00001,,,,,,,,,2022-08-23,"Entry to read in the Library is permitted only on presentation of a valid reader's card. For information on eligibility and admissions procedures, see Joining the Library). For further information on the availability of the manuscript, please contact the Manuscripts Reading Room.",False,,,False,,,,,,,,
_record_3,manuscript_1,,,"Cambridge, University Library, MS Dd.3.51",manuscript-composite,,MS-DD-00003-00051,,,,,,,"This catalogue entry draws on the description provided by Paul Binski and Patrick Zutshi, with the collaboration of Stella Panayotova, (used here by kind permission of Cambridge University Press), no. 55; and an unpublished description of the manuscript composed between 1926 and 1930 by Western Illuminated Manuscripts: A Catalogue of the Collection in Cambridge University Library (Cambridge: Cambridge University Press, 2011) , now held in the University Archives (UA ULIB 7/3/74). M. R. James Montague Rhodes James","Paul Binski and Patrick Zutshi, with the collaboration of Stella Panayotova, Western Illuminated Manuscripts: A Catalogue of the Collection in Cambridge University Library (Cambridge: Cambridge University Press, 2011)",2022-07-05,"Entry to read in the Library is permitted only on presentation of a valid reader's card. For information on eligibility and admissions procedures, see Joining the Library). For further information on the availability of the manuscript, please contact the Manuscripts Reading Room.",False,,,False,,,,,,,,
_record_3,manuscript_1,,,"Cambridge, Trinity College, MS O.7.23",manuscript,,MS-TRINITY-COLLEGE-O-00007-00023,,,,,,,"This catalogue entry draws on M.R. James, ; and Western Manuscripts in the Library of Trinity College, Cambridge: A Descriptive Catalogue, Vol. 3 (1902), pp. 361-362 [no. 1351]Linne R. Mooney, Manuscripts in the Library of Trinity College, Cambridge, The Index of Middle English Prose, Handlist XI (Woodbridge: Brewer, 1995), pp. 127-128.","M.R. James, Western Manuscripts in the Library of Trinity College, Cambridge: A Descriptive Catalogue, Vol. 3 (1902), pp. 361-362 [no. 1351]; Linne R. Mooney, Manuscripts in the Library of Trinity College, Cambridge, The Index of Middle English Prose, Handlist XI (Woodbridge: Brewer, 1995), pp. 127-128.",2024-02-23,,False,,,False,,,,,,,,
_record_3,manuscript_1,,,"Cambridge, Trinity College, MS O.2.13",manuscript-composite,,MS-TRINITY-COLLEGE-00002-00013,,,,,,,"This catalogue entry draws on M.R. James, ; and The western manuscripts in the library of Trinity College, Cambridge: a descriptive catalogue, 3 (1902)Linne R. Mooney, .Manuscripts in the Library of Trinity College, Cambridge, The Index of Middle English Prose, Handlist XI (Woodbridge: Brewer, 1995)","M.R. James, The western manuscripts in the library of Trinity College, Cambridge: a descriptive catalogue, 3 (1902); Linne R. Mooney, Manuscripts in the Library of Trinity College, Cambridge, The Index of Middle English Prose, Handlist XI (Woodbridge: Brewer, 1995)",2024-08-08,,False,,,False,,,,,,,,
_record_3,manuscript_1,,,"Cambridge, Trinity College, MS O.9.10",manuscript,,MS-TRINITY-COLLEGE-O-00009-00010,,,,,,,"This catalogue entry draws on M.R. James, ; and The western manuscripts in the library of Trinity College, Cambridge: a descriptive catalogue, 3 (1902)Linne R. Mooney, .Manuscripts in the Library of Trinity College, Cambridge, The Index of Middle English Prose, Handlist XI (Woodbridge: Brewer, 1995)","M.R. James, The western manuscripts in the library of Trinity College, Cambridge: a descriptive catalogue, 3 (1902); Linne R. Mooney, Manuscripts in the Library of Trinity College, Cambridge, The Index of Middle English Prose, Handlist XI (Woodbridge: Brewer, 1995)",2024-08-29,,False,,,False,,,,,,,,
_record_3,manuscript_1,,,"Cambridge, Trinity College, MS O.1.71",manuscript,,MS-TRINITY-COLLEGE-O-00001-00071,,,,,,,"This catalogue entry draws on M.R. James, ; and The western manuscripts in the library of Trinity College, Cambridge: a descriptive catalogue, 3 (1902)Linne R. Mooney, .Manuscripts in the Library of Trinity College, Cambridge The Index of Middle English Prose, Handlist XI (Woodbridge: Brewer, 1995)","M.R. James, The western manuscripts in the library of Trinity College, Cambridge: a descriptive catalogue, 3 (1902); Linne R. Mooney, Manuscripts in the Library of Trinity College, Cambridge The Index of Middle English Prose, Handlist XI (Woodbridge: Brewer, 1995)",2024-07-08,,False,,,False,,,,,,,,
_record_3,manuscript_1,,,"Cambridge, Trinity College, MS R.14.29",manuscript-composite,,MS-TRINITY-COLLEGE-R-00014-00029,,,,,,,"This catalogue entry draws on M.R. James, ; and The western manuscripts in the library of Trinity College, Cambridge: a descriptive catalogue, 2 (1901)Linne R. Mooney, .Manuscripts in the Library of Trinity College, Cambridge, The Index of Middle English Prose, Handlist XI (Woodbridge: Brewer, 1995)","M.R. James, The western manuscripts in the library of Trinity College, Cambridge: a descriptive catalogue, 2 (1901); Linne R. Mooney, Manuscripts in the Library of Trinity College, Cambridge, The Index of Middle English Prose, Handlist XI (Woodbridge: Brewer, 1995)",2024-08-19,,False,,,False,,,,,,,,
_record_3,manuscript_1,,,"Cambridge, Corpus Christi College, MS 335",manuscript-composite,,MS-CCCC-00335,,,,,,,"This catalogue entry draws on M.R. James, , no. 335. Images and a description of the manuscript are also available on the Parker Library website: the online catalogue entry for the item published at Parker on the Web A Descriptive Catalogue of the Manuscripts in the Library of Corpus Christi College, Cambridge, 2 vols (Cambridge, 1912)Corpus Christi College, MS 335.","M.R. James, A Descriptive Catalogue of the Manuscripts in the Library of Corpus Christi College, Cambridge, 2 vols (Cambridge, 1912)",2024-11-04,,False,,,False,,,,,,,,
_record_3,manuscript_1,,,,manuscript,,MS-ADD-02764-00002,,,,,,,This catalogue entry is based on an inventory prepared by John H. Robinson of the Lute Society.,,2013-12-02,,False,,,False,,,,,,,,
_record_3,manuscript_1,,,,manuscript,,MS-ADD-03056,,,,,,,This catalogue entry is based upon an inventory prepared by John H. Robinson of the Lute Society.,,2014-11-28,,False,,,False,,,,,,,,
_record_3,manuscript_1,,,,manuscript,,MS-DD-00004-00022,,,,,,,This catalogue entry is based upon an inventory prepared by John H. Robinson of the Lute Society.,,2014-11-27,,False,,,False,,,,,,,,
_record_3,manuscript_1,,,,manuscript,,MS-NN-00006-00036,,,,,,,This catalogue entry is based on an inventory prepared by John H. Robinson of the Lute Society.,,2014-11-30,,False,,,False,,,,,,,,
_record_3,manuscript_1,,,"Cambridge, St John's College, MS K.49",manuscript,,MS-SJC-K-00049,,,,,,,"This catalogue entry draws on the description provided by M.R. James, .Descriptive Catalogue of the Manuscripts in the Library of St John's College, Cambridge (Cambridge: Cambridge University Press, 1913)","M.R. James, Descriptive Catalogue of the Manuscripts in the Library of St John's College, Cambridge (Cambridge: Cambridge University Press, 1913)",2022-02-07,,False,,,False,,,,,,,,
_record_3,manuscript_1,,,"St John's College, MS D.24",manuscript,,SJC-MS-D-00004,,,,,,,"This catalogue entry draws on M. R. James, and Descriptive Catalogue of the Manuscripts in the Library of St John's College, Cambridge (Cambirdge, 1913) B. C. Barker-Benfield, St Augustine's Abbey vols. I-III, Corpus of British Medieval Library Catalogues 13 (2008)","M. R. James, Descriptive Catalogue of the Manuscripts in the Library of St John's College, Cambridge (Cambirdge, 1913) ; B. C. Barker-Benfield, St Augustine's Abbey vols. I-III, Corpus of British Medieval Library Catalogues 13 (2008)",2022-03-15,"Entry to read in the Library is permitted only on presentation of a valid reader's card. For information on eligibility and admissions procedures, see Joining the Library). For further information on the availability of the manuscript, please contact the Manuscripts Reading Room.",False,,,False,,,,,,,,
_record_3,manuscript_1,,,"Cambridge, Pembroke College, MS 237",manuscript,,MS-PEMBROKE-00237,,,,,,,"This catalogue entry draws on the description provided by Rodney M. Thomson, (used here by kind permission of the author).A descriptive catalogue of the medieval manuscripts of Pembroke College, Cambridge (2022)","Rodney M. Thomson, A descriptive catalogue of the medieval manuscripts of Pembroke College, Cambridge (2022)",2022-06-22,,False,,,False,,,,,,,,
_record_3,manuscript_1,,,"Cambridge, Pembroke College, MS 258",manuscript-composite,,MS-PEMBROKE-COLLEGE-00258,,,,,,,"This catalogue entry draws on M.R. James, A descriptive catalogue of the manuscripts in the library of Pembroke College, Cambridge (1905), and R.M. Thomson, A Descriptive Catalogue of the Medieval Manuscripts of Pembroke College Cambridge (2022) by kind permission of the author. Readers of this record are encouraged to consult Thomson's Catalogue for further information about this manuscript.",,20221214,,False,,,False,,,,,,,,
_record_3,manuscript_1,,,"Cambridge, Pembroke College, MS 67",manuscript-composite,,MS-PEMBROKE-00067,,,,,,,"This catalogue entry draws on the description provided by Rodney M. Thomson, (used here by kind permission of the author).A descriptive catalogue of the medieval manuscripts at Pembroke College, Cambridge (2022)","Rodney M. Thomson, A descriptive catalogue of the medieval manuscripts at Pembroke College, Cambridge (2022)",2021-06-25,,False,,,False,,,,,,,,
_record_3,manuscript_1,,,"Cambridge, Peterhouse, MS 247",manuscript-composite,,MS-PETERHOUSE-00247,,,,,,,"This catalogue entry draws substantially on R. M. Thomson, A Descriptive Catalogue of the Medieval Manuscripts in the Library of Peterhouse, Cambridge (Woodbridge, 2016). Readers of this record are strongly encouraged to consult Thomson's Catalogue for further information. This catalogue entry also draws on M. R. James, A descriptive catalogue of the manuscripts in the library of Peterhouse (Cambridge, 1899). This catalogue record also draws on unpublished notes made by Dr Debby Banham in 1999 and 2000 as part of a survey of medical manuscripts in Cambridge.",,20230213,,False,,,False,,,,,,,,
_record_3,manuscript_1,,,,manuscript,,,,,,,,,"This records draws on R.M. Thomson, A Descriptive Catalogue of the Medieval Manuscripts in the Library of Peterhouse, Cambridge, as well as M.R. James, A Descriptive Catalogue of the Manuscripts in the library of Peterhouse, Cambridge.",,2019-04-07,,False,,,False,,,,,,,,
_record_3,manuscript_1,,,,manuscript,,MS-SIDNEYSUSSEX-00095,,,,,,,"This catalogue entry draws on the description in M. R. James, A descriptive catalogue of the manuscripts in the library of Sidney Sussex College, Cambridge (Cambridge, 1895) and unpublished notes by Laurel Broughton.",,2018-11-23,,False,,,False,,,,,,,,
_record_4,manuscript_1,,,"Cambridge, Emmanuel College, MS 69",manuscript,,MS-EMMANUEL-COLLEGE-00069,,,,,,,"This catalogue entry draws on the description provided by and , M.R. JamesJames, M.R. (Montague Rhodes), 1862-1936A Descriptive Catalogue of the Western Manuscripts in the Library of Emmanuel College, (Cambridge: Cambridge University Press, 1904)Angela M. Lucas.Manuscripts in Christ's Church, Emmanuel, Jesus, Selwyn and Sidney Sussex Colleges. Peterhouse and TRinity Hall, Cambridge The Index of Middle English Prose, Handlist 22 (Cambridge: Brewer, 2016)",", M.R. JamesJames, M.R. (Montague Rhodes), 1862-1936A Descriptive Catalogue of the Western Manuscripts in the Library of Emmanuel College, (Cambridge: Cambridge University Press, 1904); Angela M. LucasManuscripts in Christ's Church, Emmanuel, Jesus, Selwyn and Sidney Sussex Colleges. Peterhouse and TRinity Hall, Cambridge The Index of Middle English Prose, Handlist 22 (Cambridge: Brewer, 2016)",20230823,,False,,,False,,,,,,,,
_record_4,manuscript_1,,,,manuscript,,MS-FF-00001-00025-00004,,,,,,,"This catalogue entry draws on an unpublished description of the manuscript composed between 1926 and 1930 by , now held in the University Archives (M.R. James James, M.R. (Montague Rhodes), 1862-1936UA ULIB 7/3/74), and an unpublished description of the manuscript composed between 1948 and 1970 by , now held in the University Archives (H.L. Pink Pink, H. L.UA ULIB 7/3/75).",,2014-06-12,"Entry to read in the Library is permitted only on presentation of a valid reader's card. For information on eligibility and admissions procedures, see Joining the Library). For further information on the availability of the manuscript, please contact the Manuscripts Reading Room.",False,,,False,,,,,,,,
_record_4,manuscript_1,,,,manuscript-composite,,MS-II-00006-00033,,,,,,,"This catalogue entry draws on unpublished descriptions of the manuscript and MS Ii.6.34 composed between 1926 and 1930 by , now held in the University Archives (M.R. James James, M.R. (Montague Rhodes), 1862-1936UA ULIB 7/3/74).",,2019-02-28,,False,,,False,,,,,,,,
_record_4,manuscript_1,,,"Cambridge, University Library, MS Add. 9309",manuscript,,MS-ADD-09309,,,,,,,,,20220812,,False,,,False,,,,,,,,
_record_4,manuscript_1,,,"Cambridge, University Library, MS Ee.3.59",manuscript,,MS-EE-00003-00059,,,,,,,"This catalogue entry draws on the description provided by Paul Binski and Patrick Zutshi, with the collaboration of Stella Panayotova, (used here by kind permission of Cambridge University Press).Western Illuminated Manuscripts: A Catalogue of the Collection in Cambridge University Library (Cambridge: Cambridge University Press, 2011)","Paul Binski and Patrick Zutshi, with the collaboration of Stella Panayotova, Western Illuminated Manuscripts: A Catalogue of the Collection in Cambridge University Library (Cambridge: Cambridge University Press, 2011)",20240319,"Entry to read in the Library is permitted only on presentation of a valid reader's card. For information on eligibility and admissions procedures, see Joining the Library). For further information on the availability of the manuscript, please contact the Manuscripts Reading Room.",False,,,False,,,,,,,,
_record_4,manuscript_1,,,"Cambridge, University Library, MS Dd.5.5",manuscript,,MS-DD-00005-00005,,,,,,,"This catalogue entry draws on the description provided by Paul Binski and Patrick Zutshi, with the collaboration of Stella Panayotova, (used here by kind permission of Cambridge University Press) and an unpublished description of the manuscript composed between 1947 and 1970 by Western Illuminated Manuscripts: A Catalogue of the Collection in Cambridge University Library (Cambridge: Cambridge University Press, 2011), now held in the University Archives (H.L. PinkPink, H. L.ULIB 7/3/75/2).","Paul Binski and Patrick Zutshi, with the collaboration of Stella Panayotova, Western Illuminated Manuscripts: A Catalogue of the Collection in Cambridge University Library (Cambridge: Cambridge University Press, 2011)",2014-03-01,,False,,,False,,,,,,,,
_record_4,manuscript_1,,,"Cambridge, University Library, MS Add. 3120",part,,,,,,,,,,,2022-11-04,,False,,,False,,,,,,,,
_record_4,manuscript_1,,,"Cambridge, University Library, MS Dd.6.29",manuscript,,MS-DD-00006-00029,,,,,,,"This catalogue entry draws on the description provided by Paul Binski and Patrick Zutshi, with the collaboration of Stella Panayotova, (used here by kind permission of Cambridge University Press); and an unpublished description of the manuscript composed between 1926 and 1930 by Western Illuminated Manuscripts: A Catalogue of the Collection in Cambridge University Library (Cambridge: Cambridge University Press, 2011), now held in the University Archives (M.R. JamesJames, M.R. (Montague Rhodes), 1862-1936UA ULIB 7/3/74).","Paul Binski and Patrick Zutshi, with the collaboration of Stella Panayotova, Western Illuminated Manuscripts: A Catalogue of the Collection in Cambridge University Library (Cambridge: Cambridge University Press, 2011)",2022-11-25,,False,,,False,,,,,,,,
_record_4,manuscript_1,,,,manuscript,,MS-000GG-00004-00031,,,,,,,This catalogue entry draws on the edition and study of the text prepared by Judith Jefferson in 2011 for the Piers Plowman Electronic Archive.,,2015-09-28,,False,,,False,,,,,,,,
_record_4,manuscript_1,,,"Cambridge, University Library, MS Add. 6865",manuscript-composite,,MS-ADD-06865,,,,,,,"This catalogue entry draws on Jayne Ringrose, , by kind permission of the Boydell Press.Summary Catalogue of the Additional Medieval Manuscripts in Cambridge University Library acquired before 1940 (Woodbridge, 2009)This catalogue entry also draws on an unpublished description of the manuscript composed between 1948 and 1970 by , now held in the University Archives (H.L. Pink Pink, H. L.UA ULIB 7/3/75) and also available as a (digitised scan).","Jayne Ringrose, Summary Catalogue of the Additional Medieval Manuscripts in Cambridge University Library acquired before 1940 (Woodbridge, 2009)",20221128,,False,,,False,,,,,,,,
_record_4,manuscript_1,,,"Cambridge, University Library, MS Dd.8.19",manuscript-composite,,MS-DD-00008-00019,,,,,,,"This catalogue entry draws on the descriptions provided by Derek Pearsall and Linne R. Mooney, and A Descriptive Catalogue of the English Manuscripts of John Gower's Confessio Amantis, Publications of the John Gower Society, 15 (Cambridge: Brewer, 2021)Margaret Connolly, ; and an unpublished description of the manuscript composed between 1926 and 1930 by Manuscripts in the University Library, Cambridge (Dd-Oo), The Index of Middle English Prose (Woodbridge: Brewer, 2009), p. 40, now held in the University Archives (M.R. James James, M.R. (Montague Rhodes), 1862-1936UA ULIB 7/3/74).","Derek Pearsall and Linne R. Mooney, A Descriptive Catalogue of the English Manuscripts of John Gower's Confessio Amantis, Publications of the John Gower Society, 15 (Cambridge: Brewer, 2021); Margaret Connolly, Manuscripts in the University Library, Cambridge (Dd-Oo), The Index of Middle English Prose (Woodbridge: Brewer, 2009), p. 40",2022-08-03,,False,,,False,,,,,,,,
_record_4,manuscript_1,,,"Cambridge, University Library, MS Ii.6.39",manuscript-composite,,MS-II-00006-00039,,,,,,,"This catalogue entry draws on Margaret Connolly, and an unpublished description of the manuscript composed between 1926 and 1930 by Manuscripts in the University Library, Cambridge (Dd-Oo) , The Index of Middle English Prose, 17 (Cambridge: Brewer, 2009), now held in the University Archives (M.R. James James, M.R. (Montague Rhodes), 1862-1936UA ULIB 7/3/74).","Margaret Connolly, Manuscripts in the University Library, Cambridge (Dd-Oo) , The Index of Middle English Prose, 17 (Cambridge: Brewer, 2009)",20220119,,False,,,False,,,,,,,,
_record_4,manuscript_1,,,MS Dd.1.11,part,,,,,,,,,,,2021-06-14,,False,,,False,,,,,,,,
_record_4,manuscript_1,,,MS Dd.1.11,part,,,,,,,,,,,2021-06-14,,False,,,False,,,,,,,,
_record_4,manuscript_1,,,"Cambridge, University Library, MS Ii.3.21",manuscript-composite,,MS-II-00003-00021,,,,,,,"This catalogue entry draws on the description provided by Paul Binski and Patrick Zutshi, with the collaboration of Stella Panayotova, (used here by kind permission of Cambridge University Press), and an unpublished description of the manuscript composed between 1926 and 1930 by Western Illuminated Manuscripts: A Catalogue of the Collection in Cambridge University Library (Cambridge: Cambridge University Press, 2011), now held in the University Archives (M.R. James James, M.R. (Montague Rhodes), 1862-1936UA ULIB 7/3/74).","Paul Binski and Patrick Zutshi, with the collaboration of Stella Panayotova, Western Illuminated Manuscripts: A Catalogue of the Collection in Cambridge University Library (Cambridge: Cambridge University Press, 2011)",20240215,,False,,,False,,,,,,,,
_record_4,manuscript_1,,,"Cambridge, University Library, MS Ii.6.17",manuscript,,MS-II-00006-00017,,,,,,,"This catalogue entry draws on This catalogue entry draws on M. Connolly, and an unpublished description of the manuscript composed between 1926 and 1930 by Manuscripts in the University Library, Cambridge (Dd-Oo) (Cambridge: Brewer, 2009), now held in the University Archives (M.R. James James, M.R. (Montague Rhodes), 1862-1936UA ULIB 7/3/74). The description of the watermark has been sourced from a database of paper-stocks compiled by Dr Orietta da Rold and is reproduced here by her kind permission.","M. Connolly, Manuscripts in the University Library, Cambridge (Dd-Oo) (Cambridge: Brewer, 2009)",2023-01-03,"Entry to read in the Library is permitted only on presentation of a valid reader's card. For information on eligibility and admissions procedures, see Joining the Library). For further information on the availability of the manuscript, please contact the Manuscripts Reading Room.",False,,,False,,,,,,,,
_record_4,manuscript_1,,,"Cambridge, University Library, MS Dd.5.53",manuscript-composite,,MS-DD-00005-00053,,,,,,,"This catalogue entry draws on , Catalogue of the Manuscripts preserved in the Library of the University of Cambridge 5 vols (Cambridge: Cambridge University Press, 1856-1867), I, pp. 273-274Margaret Connolly , and an unpublished description of the manuscript composed between 1926 and 1930 by Manuscripts in the University Library, Cambridge (Dd-Oo), Index of Middle English Prose, Handlist 19 (Woodbridge: Brewer, 2009), pp. 20-21, now held in the University Archives (M.R. James James, M.R. (Montague Rhodes), 1862-1936UA ULIB 7/3/74).","Catalogue of the Manuscripts preserved in the Library of the University of Cambridge 5 vols (Cambridge: Cambridge University Press, 1856-1867), I, pp. 273-274; Margaret Connolly Manuscripts in the University Library, Cambridge (Dd-Oo), Index of Middle English Prose, Handlist 19 (Woodbridge: Brewer, 2009), pp. 20-21",20241219,"Entry to read in the Library is permitted only on presentation of a valid reader's card. For information on eligibility and admissions procedures, see Joining the Library). For further information on the availability of the manuscript, please contact the Manuscripts Reading Room.",False,,,False,,,,,,,,
_record_4,manuscript_1,,,"Cambridge, University Library, MS Hh.6.11",manuscript,,MS-HH-00006-00011,,,,,,,"This catalogue entry draws on an unpublished description of the manuscript composed between 1926 and 1930 by , now held in the University Archives (M.R. James James, M.R. (Montague Rhodes), 1862-1936UA ULIB 7/3/74).",,2022-11-04,"Entry to read in the Library is permitted only on presentation of a valid reader's card. For information on eligibility and admissions procedures, see Joining the Library). For further information on the availability of the manuscript, please contact the Manuscripts Reading Room.",False,,,False,,,,,,,,
_record_4,manuscript_1,,,,manuscript,,,,,,,,,"This catalogue entry draws on Jayne Ringrose, , by kind permission of the Boydell Press.Summary Catalogue of the Additional Medieval Manuscripts in Cambridge University Library acquired before 1940 (Woodbridge, 2009)","Jayne Ringrose, Summary Catalogue of the Additional Medieval Manuscripts in Cambridge University Library acquired before 1940 (Woodbridge, 2009)",20240207,"Entry to read in the Library is permitted only on presentation of a valid reader's card. For information on eligibility and admissions procedures, see Joining the Library). For further information on the availability of the manuscript, please contact the Manuscripts Reading Room.",False,,,False,,,,,,,,
_record_4,manuscript_1,,,,manuscript,,MS-DD-00001-00014,,,,,,,"This record draws on Paul Binski and Patrick Zutshi, Western Illuminated Manuscripts: A Catalogue of the Collection in Cambridge University Library (Cambridge, 2011), by kind permission of Cambridge University Press.",,2016-08-09,,False,,,False,,,,,,,,
_record_4,manuscript_1,,,,manuscript,,MS-DD-00005-00078-003,,,,,,,This catalogue entry is based on an inventory prepared by John H. Robinson of the Lute Society.,,2014-12-03,,False,,,False,,,,,,,,
_record_4,manuscript_1,,,"Cambridge, Trinity College, MS O.2.49",manuscript,,MS-TRINITY-COLLEGE-O-00002-00049,,,,,,,"This catalogue entry draws on M.R. James, ; and The western manuscripts in the library of Trinity College, Cambridge: a descriptive catalogue, 3 (1902)Linne R. Mooney, .Manuscripts in the Library of Trinity College, Cambridge The Index of Middle English Prose, Handlist XI (Woodbridge: Brewer, 1995)","M.R. James, The western manuscripts in the library of Trinity College, Cambridge: a descriptive catalogue, 3 (1902); Linne R. Mooney, Manuscripts in the Library of Trinity College, Cambridge The Index of Middle English Prose, Handlist XI (Woodbridge: Brewer, 1995)",2024-08-02,,False,,,False,,,,,,,,
_record_4,manuscript_1,,,"Cambridge, Trinity College, MS O.2.47",manuscript,,MS-TRINITY-COLLEGE-O-00002-00047,,,,,,,"This catalogue entry draws extensively on A. Timmermann, 'Alchemy in Cambridge: An Annotated Catalogue of Alchemical Texts and Illustrations in Cambridge Repositories', , and also on Nuncius: Journal of the Material and Visual History of Science, 30.2 (2015), pp. 345–511M. R. James, , and The Western Manuscripts in the Library of Trinity College Cambridge - A Descriptive Catalogue: Volume III: Containing An Account of the Manuscripts Standing in Class O (Cambridge, 1902), pp. 113-115, no. 1151 IMEP 13.","A. Timmermann, 'Alchemy in Cambridge: An Annotated Catalogue of Alchemical Texts and Illustrations in Cambridge Repositories', Nuncius: Journal of the Material and Visual History of Science, 30.2 (2015), pp. 345–511; M. R. James, The Western Manuscripts in the Library of Trinity College Cambridge - A Descriptive Catalogue: Volume III: Containing An Account of the Manuscripts Standing in Class O (Cambridge, 1902), pp. 113-115, no. 1151 ; IMEP 13",20241129,,False,,,False,,,,,,,,
_record_4,manuscript_1,,,"Cambridge, Trinity College, MS B.14.19",manuscript-composite,,MS-TRINITY-COLLEGE-B-00014-00019,,,,,,,"This catalogue entry draws on M.R. James, ; and The western manuscripts in the library of Trinity College, Cambridge: a descriptive catalogue, 3 (1902)Linne R. Mooney, .Manuscripts in the Library of Trinity College, Cambridge, The Index of Middle English Prose, Handlist XI (Woodbridge: Brewer, 1995)","M.R. James, The western manuscripts in the library of Trinity College, Cambridge: a descriptive catalogue, 3 (1902); Linne R. Mooney, Manuscripts in the Library of Trinity College, Cambridge, The Index of Middle English Prose, Handlist XI (Woodbridge: Brewer, 1995)",2024-06-13,,False,,,False,,,,,,,,
_record_4,manuscript_1,,,"Cambridge, Trinity College, MS O.8.36",manuscript,,MS-TRINITY-COLLEGE-00008-00036,,,,,,,"This catalogue entry draws on M.R. James, ; The Western Manuscripts in the Library of Trinity College, Cambridge: A Descriptive Catalogue, 3 (1902)Linne R. Mooney, ; and Manuscripts in the Library of Trinity College, Cambridge The Index of Middle English Prose, Handlist XI (Woodbridge: Brewer, 1995)Anke Timmermann, 'Alchemy in Cambridge: An Annotated Catalogue of Alchemical Texts and Illustrations in Cambridge Repositories', .Nuncius: Journal of the Material and Visual History of Science, 30:2 (2015), pp. 345-511","M.R. James, The Western Manuscripts in the Library of Trinity College, Cambridge: A Descriptive Catalogue, 3 (1902); Linne R. Mooney, Manuscripts in the Library of Trinity College, Cambridge The Index of Middle English Prose, Handlist XI (Woodbridge: Brewer, 1995); Anke Timmermann, 'Alchemy in Cambridge: An Annotated Catalogue of Alchemical Texts and Illustrations in Cambridge Repositories', Nuncius: Journal of the Material and Visual History of Science, 30:2 (2015), pp. 345-511",2024-08-01,,False,,,False,,,,,,,,
_record_4,manuscript_1,,,"Cambridge, Corpus Christi College, MS 388",manuscript,,MS-CCCC-00388,,,,,,,"This catalogue entry draws on M.R. James, , no. 388; and A Descriptive Catalogue of the Manuscripts in the Library of Corpus Christi College, Cambridge, 2 vols (Cambridge, 1912)Kari Anne Rand, , pp. 101-116. Images and a description of the manuscript are also available on the Parker Library website: the online catalogue entry for the item published at Parker on the Web Manuscripts in the Library of Corpus Christi College, Cambridge, The Index of Middle English Prose, Handlist XX (Cambridge: Brewer, 2009)Corpus Christi College, MS 388.","M.R. James, A Descriptive Catalogue of the Manuscripts in the Library of Corpus Christi College, Cambridge, 2 vols (Cambridge, 1912); Kari Anne Rand, Manuscripts in the Library of Corpus Christi College, Cambridge, The Index of Middle English Prose, Handlist XX (Cambridge: Brewer, 2009)",2024-10-31,,False,,,False,,,,,,,,
_record_4,manuscript_1,,,"Cambridge, Corpus Christi College, MS 456",manuscript-composite,,MS-CCCC-00456,,,,,,,"This catalogue entry draws on , M.R. James James, M.R. (Montague Rhodes), 1862-1936A Descriptive Catalogue of the Manuscripts in the Library of Corpus Christi College, Cambridge, 2 vols (Cambridge, 1912), no. 456. Images and a description of the manuscript are also available on the Parker Library website: Corpus Christi College, MS 456.",,20240620,,False,,,False,,,,,,,,
_record_4,manuscript_1,,,"Cambridge, Corpus Christi College, MS 41",manuscript-composite,,MS-CCCC-00041,,,,,,,This catalogue entry draws on the existing online catalogue record for available at CCCC 41 as well as Neil Ker's description of the manuscript [no. 32] in his Catalogue of Manuscripts Containing Anglo-Saxon.,,20240418,,False,,,False,,,,,,,,
_record_4,manuscript_1,,,"Cambridge, Corpus Christi College, MS 354",manuscript,,MS-CCCC-00354,,,,,,,"This catalogue entry draws on M.R. James, , no. 354; and A Descriptive Catalogue of the Manuscripts in the Library of Corpus Christi College, Cambridge, 2 vols (Cambridge, 1912)Kari Anne Rand, , pp. 88-90. Images and a description of the manuscript are also available on the Parker Library website: Manuscripts in the Library of Corpus Christi College, Cambridge, The Index of Middle English Prose, Handlist XX (Cambridge: Brewer, 2009)Corpus Christi College, MS 354.","M.R. James, A Descriptive Catalogue of the Manuscripts in the Library of Corpus Christi College, Cambridge, 2 vols (Cambridge, 1912); Kari Anne Rand, Manuscripts in the Library of Corpus Christi College, Cambridge, The Index of Middle English Prose, Handlist XX (Cambridge: Brewer, 2009)",2024-10-01,,False,,,False,,,,,,,,
_record_4,manuscript_1,,,"Peterborough Cathedral, MS 1",manuscript,,MS-PETERBOROUGH-00001,,,,,,,"This catalogue entry draws on the description provided by N.R. Ker and A.J. Piper, , and in particular for the description of the contents on Medieval Manuscripts in British Libraries (Oxford, 1969-2002), 5 vols, IV: Paisley-York (1992), pp. 162-64J. Martin, and The cartularies and registers of Peterborough Abbey ([Northampton], 1978)T.D. Hardy and C.T. Martin, . Lestoire des Engles, Rolls Series 91 (London, 1888), pp. xlvii-lii","N.R. Ker and A.J. Piper, Medieval Manuscripts in British Libraries (Oxford, 1969-2002), 5 vols, IV: Paisley-York (1992), pp. 162-64; J. Martin, The cartularies and registers of Peterborough Abbey ([Northampton], 1978); T.D. Hardy and C.T. Martin, Lestoire des Engles, Rolls Series 91 (London, 1888), pp. xlvii-lii",20240614,"Entry to read in the Library is permitted only on presentation of a valid reader's card. For information on eligibility and admissions procedures, see Joining the Library). For further information on the availability of the manuscript, please contact the Manuscripts Reading Room.",False,,,False,,,,,,,,
_record_4,manuscript_1,,,,manuscript,,MS-UA-COLLECT-ADMIN-00004,,,,,,,,,2017-11-01,,False,,,False,,,,,,,,
_record_4,manuscript_1,,,,manuscript,,MS-ADD-03389,,,,,,,Directly catalogued from the original document.,,2015-01-30,,False,,,False,,,,,,,,
_record_4,manuscript_1,,,,manuscript,,MS-DD-00009-00033,,,,,,,This catalogue entry is based on an inventory prepared by John H. Robinson of the Lute Society.,,2014-11-18,,False,,,False,,,,,,,,
_record_4,manuscript_1,,,"Cambridge, St John's College, MS E.6",manuscript-composite,,MS-SJC-E-00006,,,,,,,"This catalogue entry draws on the description provided by . , M.R. James James, M.R. (Montague Rhodes), 1862-1936Descriptive Catalogue of the Manuscripts in the Library of St John's College, Cambridge (Cambridge: Cambridge University Press, 1913)",", M.R. James James, M.R. (Montague Rhodes), 1862-1936Descriptive Catalogue of the Manuscripts in the Library of St John's College, Cambridge (Cambridge: Cambridge University Press, 1913)",20230814,,False,,,False,,,,,,,,
_record_4,manuscript_1,,,"Cambridge, Pembroke College, MS 54",manuscript,,MS-PEMBROKE-00054,,,,,,,"This catalogue entry draws on the description provided by Rodney M. Thomson, and the subsequent A descriptive catalogue of the medieval manuscripts at Pembroke College, Cambridge (2022) Supplement of the same year (used here by kind permission of the author).","Rodney M. Thomson, A descriptive catalogue of the medieval manuscripts at Pembroke College, Cambridge (2022)",2021-06-24,,False,,,False,,,,,,,,
_record_4,manuscript_1,,,"Cambridge, Pembroke College, MS 308",manuscript,,PEMBROKE-MS-00308,,,,,,,"This catalogue entry draws on the descriptions provided by Rodney M. Thomson, and the subsequent A descriptive catalogue of the medieval manuscripts of Pembroke College, Cambridge (2022) Supplement of the same year (used here by kind permission of the author).","Rodney M. Thomson, A descriptive catalogue of the medieval manuscripts of Pembroke College, Cambridge (2022)",2020-06-02,,False,,,False,,,,,,,,
_record_4,manuscript_1,,,"Cambridge, Queens' College, MS 25",manuscript,,,,,,,,,"This catalogue entry derives predominantly from data assembled for the Fitzwilliam Museum’s Cambridge Illuminations project (publication forthcoming) and M.R. James, A descriptive catalogue of the Western manuscripts in the Library of Queens’ College, Cambridge (Cambridge, 1905), pp. 14-16.",,,,False,,,False,,,,,,,,
_record_4,manuscript_1,,,"Cambridge, Peterhouse, MS 118",manuscript,,MS-PETERHOUSE-00118,,,,,,,"This catalogue entry draws on M.R. James, ; A descriptive catalogue of the manuscripts in the library of Peterhouse (1899)Angela M. Lucas ; and Manuscripts in Christ's, Emmanuel, Jesus, Selwyn and Sidney Sussex Colleges, Peterhouse and Trinity Hall, Cambridge, The Index of Middle English Prose, Handlist 22 (Cambridge: Brewer, 2016)R. M. Thomson, by kind permission of the author. Readers of this record are encouraged to consult Thomson's A Descriptive Catalogue of the Medieval Manuscripts in the Library of Peterhouse, Cambridge (2016)Catalogue for further information about this manuscript.","M.R. James, A descriptive catalogue of the manuscripts in the library of Peterhouse (1899); Angela M. Lucas Manuscripts in Christ's, Emmanuel, Jesus, Selwyn and Sidney Sussex Colleges, Peterhouse and Trinity Hall, Cambridge, The Index of Middle English Prose, Handlist 22 (Cambridge: Brewer, 2016); R. M. Thomson, A Descriptive Catalogue of the Medieval Manuscripts in the Library of Peterhouse, Cambridge (2016)",2023-02-14,,False,,,False,,,,,,,,
_record_4,manuscript_1,,,"Cambridge, Peterhouse, MS 251",manuscript-composite,,MS-PETERHOUSE-00251,,,,,,,"This catalogue entry draws on M. R. James, A descriptive catalogue of the manuscripts in the library of Peterhouse (1899), and R. M. Thomson, A Descriptive Catalogue of the Medieval Manuscripts in the Library of Peterhouse, Cambridge (2016) by kind permission of the author. Readers of this record are encouraged to consult Thomson's Catalogue for further information about this manuscript.",,20240222,,False,,,False,,,,,,,,
_record_4,manuscript_1,,,"Cambridge, Peterhouse, MS 178",manuscript,,MS-PETERHOUSE-00178,,,,,,,"This catalogue uses M. R. James, and draws extensively on A Descriptive Catalogue of the Manuscripts in the Library of Peterhouse (Cambridge: Cambridge University Press, 1899)R. M. Thomson, . Readers are encouraged to consult both catalogues for further information about this manuscript. A Descriptive Catalogue of the Medieval Manuscripts in the Library of Peterhouse, Cambridge (Cambridge: D.S. Brewer, 2016)","M. R. James, A Descriptive Catalogue of the Manuscripts in the Library of Peterhouse (Cambridge: Cambridge University Press, 1899); R. M. Thomson, A Descriptive Catalogue of the Medieval Manuscripts in the Library of Peterhouse, Cambridge (Cambridge: D.S. Brewer, 2016)",20231103,,False,,,False,,,,,,,,
_record_4,manuscript_1,,,"Cambridge, Gonville and Caius College, MS 336/725",manuscript-composite,,MS-GONVILLE-AND-CAIUS-00336-00725,,,,,,,"This catalogue entry draws on the description provided by M.R. James, and A Descriptive Catalogue of the Manuscripts in the Library of Gonville and Caius College, 2 vols (Cambridge: Cambridge University Press, 1908)Kari Anne Rand Schmidt, Manuscripts in the Library of Gonville and Caius College, Cambridge (Cambridge: Brewer, 2001).","M.R. James, A Descriptive Catalogue of the Manuscripts in the Library of Gonville and Caius College, 2 vols (Cambridge: Cambridge University Press, 1908); Kari Anne Rand Schmidt, Manuscripts in the Library of Gonville and Caius College, Cambridge (Cambridge: Brewer, 2001).",2023-02-06,,False,,,False,,,,,,,,
_record_4,manuscript_1,,,"Cambridge, Gonville and Caius College, MS 178/211",manuscript-composite,,MS-GONVILLE-AND-CAIUS-00178-00211,,,,,,,"This catalogue entry draws on a description by M.R. James, and A Descriptive Catalogue of the Manuscripts in the Library of Gonville and Caius College, 2 vols (Cambridge: Cambridge University Library, 1907-1908), IKari Anne Rand Schmidt, . Manuscripts in the Library of Gonville and Caius College, The Index of Middle English Prose, 17 (Cambridge: Brewer, 2001)","M.R. James, A Descriptive Catalogue of the Manuscripts in the Library of Gonville and Caius College, 2 vols (Cambridge: Cambridge University Library, 1907-1908), I; Kari Anne Rand Schmidt, Manuscripts in the Library of Gonville and Caius College, The Index of Middle English Prose, 17 (Cambridge: Brewer, 2001)",2023-02-15,,False,,,False,,,,,,,,
_record_4,manuscript_1,,,"Cambridge, Gonville and Caius College, MS 345/620",manuscript-composite,,MS-GONVILLE-AND-CAIUS-00345-00620,,,,,,,"This catalogue entry draws on unpublished notes made by Dr Debby Banham, a description by M. R. James, and A Descriptive Catalogue of the Manuscripts in the Library of Gonville and Caius College, vol. I (1907) L. Voigts, 'A doctor and his books: the manuscripts of Roger Marchall (d. 1477)', in R. Beadle and A. J. Piper (eds.), New science out of old books: studies in manuscripts and early printed books in honour of A.I. Doyle (Aldershot, 1995) pp. 249-314","M. R. James, A Descriptive Catalogue of the Manuscripts in the Library of Gonville and Caius College, vol. I (1907); L. Voigts, 'A doctor and his books: the manuscripts of Roger Marchall (d. 1477)', in R. Beadle and A. J. Piper (eds.), New science out of old books: studies in manuscripts and early printed books in honour of A.I. Doyle (Aldershot, 1995) pp. 249-314",20230706,,False,,,False,,,,,,,,
_record_5,manuscript_1,,,"Cambridge, University Library, MS Ee.5.22",manuscript,,MS-EE-00005-00022,,,,,,,"This catalogue entry draws extensively on the description provided by John Baker and Jayne Ringrose, (used here by kind permission of the Boydell Press). Readers are encouraged to consult this volume for further information about this item.Catalogue of English Legal Manuscripts in Cambridge University Library (1996)","John Baker and Jayne Ringrose, Catalogue of English Legal Manuscripts in Cambridge University Library (1996)",2024-02-29,"Entry to read in the Library is permitted only on presentation of a valid reader's card. For information on eligibility and admissions procedures, see Joining the Library). For further information on the availability of the manuscript, please contact the Manuscripts Reading Room.",False,,,False,,,,,,,,
_record_5,manuscript_1,,,"Cambridge, University Library, MS Dd.5.53",part,,,,,,,,,,,20241219,,False,,,False,,,,,,,,
_record_5,manuscript_1,,,"Cambridge, University Library, MS Dd.11.45",manuscript-composite,,MS-DD-00011-00045,,,,,,,"This catalogue entry draws on Margaret Connolly and an unpublished description of the manuscript composed between 1926 and 1930 by Manuscripts in the University Library, Cambridge (Dd-Oo), The Index of Middle English Prose, 17 (Cambridge: Brewer, 2009), now held in the University Archives (M.R. James James, M.R. (Montague Rhodes), 1862-1936UA ULIB 7/3/74).","Margaret Connolly Manuscripts in the University Library, Cambridge (Dd-Oo), The Index of Middle English Prose, 17 (Cambridge: Brewer, 2009)",20221108,,False,,,False,,,,,,,,
_record_5,manuscript_1,,,,manuscript,,MS-ADD-03389,,,,,,,"This catalogue entry is based with permission on the description in Jayne Ringrose, Summary Catalogue of Additional Medieval Manuscripts in Cambridge University Library acquired before 1940 (Woodbridge: Boydell Press, 2009), with additional information provided by Giovanni Varelli.",,2015-01-29,,False,,,False,,,,,,,,
_record_5,manuscript_1,,,"Cambridge, Fitzwilliam Museum, MS McClean 166",manuscript,,MS-FITZWILLIAM-MCCLEAN-00166,,,,,,,"This catalogue record draws on M. R. James, A Descriptive Catalogue of the McClean Collection Manuscripts in the Fitzwilliam Museum (Cambridge, 1912), no. 166","M. R. James, A Descriptive Catalogue of the McClean Collection Manuscripts in the Fitzwilliam Museum (Cambridge, 1912), no. 166",2024-07-16,,False,,,False,,,,,,,,
_record_6,manuscript_1,,,"Cambridge, Emmanuel College, MS 66",manuscript-composite,,MS-EMMANUEL-COLLEGE-00066,,,,,,,"This catalogue entry draws on the description provided by M. R. James in The Western manuscripts in the library of Emmanuel College A descriptive catalogue (Cambridge, 1904), no. 66.",,20230918,,False,,,False,,,,,,,,
_record_6,manuscript_1,,,"Cambridge, University Library, MS Ii.5.11",manuscript,,MS-II-00005-00011,,,,,,,"This catalogue entry draws on the description provided by Paul Binski and Patrick Zutshi, with the collaboration of Stella Panayotova, (used here by kind permission of Cambridge University Press), an unpublished description of the manuscript composed between 1926 and 1930 by Western Illuminated Manuscripts: A Catalogue of the Collection in Cambridge University Library (Cambridge: Cambridge University Press, 2011), now held in the University Archives (M.R. James James, M.R. (Montague Rhodes), 1862-1936UA ULIB 7/3/74), and the Catalogue of the manuscripts preserved in the library of the University of Cambridge: Vol III Gg-Kk (Cambridge, 1858).","Paul Binski and Patrick Zutshi, with the collaboration of Stella Panayotova, Western Illuminated Manuscripts: A Catalogue of the Collection in Cambridge University Library (Cambridge: Cambridge University Press, 2011)",20231117,"Entry to read in the Library is permitted only on presentation of a valid reader's card. For information on eligibility and admissions procedures, see Joining the Library). For further information on the availability of the manuscript, please contact the Manuscripts Reading Room.",False,,,False,,,,,,,,
_record_6,manuscript_1,,,,manuscript-composite,,MS-FF-00001-00025-00005,,,,,,,"This catalogue entry draws on an unpublished description of the manuscript composed between 1926 and 1930 by , now held in the University Archives (M.R. James James, M.R. (Montague Rhodes), 1862-1936UA ULIB 7/3/74), and an unpublished description of the manuscript composed between 1948 and 1970 by , now held in the University Archives (H.L. Pink Pink, H. L.UA ULIB 7/3/75). The assistance of Dr Elisabeth Leedham-Green, formerly University Archivist, is also acknowledged.",,2014-06-17,"Entry to read in the Library is permitted only on presentation of a valid reader's card. For information on eligibility and admissions procedures, see Joining the Library). For further information on the availability of the manuscript, please contact the Manuscripts Reading Room.",False,,,False,,,,,,,,
_record_6,manuscript_1,,,"Cambridge, University Library, MS Add. 9308",manuscript-composite,,MS-ADD-09308,,,,,,,,,2024-05-31,"Entry to read in the Library is permitted only on presentation of a valid reader's card. For information on eligibility and admissions procedures, see Joining the Library). For further information on the availability of the manuscript, please contact the Manuscripts Reading Room.",False,,,False,,,,,,,,
_record_6,manuscript_1,,,"Cambridge, University Library, MS Ff.5.5",manuscript,,MS-FF-00005-00005,,,,,,,"This catalogue entry draws on Jayne Ringrose, , by kind permission of the Boydell Press.Summary Catalogue of the Additional Medieval Manuscripts in Cambridge University Library acquired before 1940 (Woodbridge, 2009)","Jayne Ringrose, Summary Catalogue of the Additional Medieval Manuscripts in Cambridge University Library acquired before 1940 (Woodbridge, 2009)",20220713,"Entry to read in the Library is permitted only on presentation of a valid reader's card. For information on eligibility and admissions procedures, see Joining the Library). For further information on the availability of the manuscript, please contact the Manuscripts Reading Room.",False,,,False,,,,,,,,
_record_6,manuscript_1,,,"Cambridge, University Library, MS Kk.5.13",manuscript,,MS-KK-00005-00013,,,,,,,"This catalogue entry draws on the description provided by R.H. Rodgers, 'The Moore Palladius', with appendix by T.A.M. Bishop in .Transactions of the Cambridge Bibliographical Society (1971), 203-216","R.H. Rodgers, 'The Moore Palladius', with appendix by T.A.M. Bishop in Transactions of the Cambridge Bibliographical Society (1971), 203-216",20240307,,False,,,False,,,,,,,,
_record_6,manuscript_1,,,"Cambridge, University Library, MS Mm.6.17",manuscript-composite,,MS-MM-00006-00017,,,,,,,"This catalogue entry draws on Margaret Connolly, an unpublished description of the manuscript composed between 1926 and 1930 by Manuscripts in the University Library, Cambridge (Dd-Oo), The Index of Middle English Prose (Woodbridge: Brewer, 2009), now held in the University Archives (M.R. James James, M.R. (Montague Rhodes), 1862-1936UA ULIB 7/3/74).","Margaret Connolly, Manuscripts in the University Library, Cambridge (Dd-Oo), The Index of Middle English Prose (Woodbridge: Brewer, 2009)",20220719,,False,,,False,,,,,,,,
_record_6,manuscript_1,,,"Cambridge, University Library, MS Add. 5368",manuscript,,MS-ADD-05368,,,,,,,"This catalogue entry draws on Jayne Ringrose, , by kind permission of the Boydell Press.Summary Catalogue of the Additional Medieval Manuscripts in Cambridge University Library acquired before 1940 (Woodbridge, 2009) This catalogue entry also draws on an unpublished description of the manuscript composed between 1948 and 1953 by , now held in the University Archives (R.A.B. Mynors Mynors, R.A.B. (Roger Aubrey Baskerville), 1903-1989UA ULIB 7/3/75) and available as a scanned document.","Jayne Ringrose, Summary Catalogue of the Additional Medieval Manuscripts in Cambridge University Library acquired before 1940 (Woodbridge, 2009)",2022-11-17,"Entry to read in the Library is permitted only on presentation of a valid reader's card. For information on eligibility and admissions procedures, see Joining the Library). For further information on the availability of the manuscript, please contact the Manuscripts Reading Room.",False,,,False,,,,,,,,
_record_6,manuscript_1,,,"Cambridge, University Library, MS Ff.6.53",manuscript,,MS-FF-00006-00053,,,,,,,"This catalogue entry draws on an unpublished description of the manuscript composed between 1926 and 1930 by , now held in the University Archives (M.R. James James, M.R. (Montague Rhodes), 1862-1936UA ULIB 7/3/74).",,20220823,,False,,,False,,,,,,,,
_record_6,manuscript_1,,,"Cambridge, University Library, MS Ii.6.43",manuscript-composite,,MS-II-00006-00043,,,,,,,"This catalogue entry draws on on Margaret Connolly, ; an unpublished description of the manuscript composed between 1926 and 1930 by Manuscripts in the University Library, Cambridge (Dd-Oo), The Index of Middle English Prose, 17 (Cambridge: Brewer, 2009), now held in the University Archives (M.R. James James, M.R. (Montague Rhodes), 1862-1936UA ULIB 7/3/74); and an unpublished description of the manuscript composed between 1948 and 1970 by , now held in the University Archives (H.L. Pink Pink, H. L.UA ULIB 7/3/75).","Margaret Connolly, Manuscripts in the University Library, Cambridge (Dd-Oo), The Index of Middle English Prose, 17 (Cambridge: Brewer, 2009)",2023-05-10,"Entry to read in the Library is permitted only on presentation of a valid reader's card. For information on eligibility and admissions procedures, see Joining the Library). For further information on the availability of the manuscript, please contact the Manuscripts Reading Room.",False,,,False,,,,,,,,
_record_6,manuscript_1,,,,manuscript,,MS-EE-00004-00024,,,,,,,"This catalogue entry draws on the description provided by Paul Binski and Patrick Zutshi, with the collaboration of Stella Panayotova, (used here by kind permission of Cambridge University Press) and an unpublished description of the manuscript composed between 1926 and 1930 by Western Illuminated Manuscripts: A Catalogue of the Collection in Cambridge University Library (Cambridge: Cambridge University Press, 2011), now held in the University Archives (M.R. James James, M.R. (Montague Rhodes), 1862-1936UA ULIB 7/3/74).","Paul Binski and Patrick Zutshi, with the collaboration of Stella Panayotova, Western Illuminated Manuscripts: A Catalogue of the Collection in Cambridge University Library (Cambridge: Cambridge University Press, 2011)",2022-08-10,"Entry to read in the Library is permitted only on presentation of a valid reader's card. For information on eligibility and admissions procedures, see Joining the Library). For further information on the availability of the manuscript, please contact the Manuscripts Reading Room.",False,,,False,,,,,,,,
_record_6,manuscript_1,,,"Cambridge, University Library, MS Dd.13.3",manuscript,,MS-DD-00013-00003,,,,,,,"This catalogue entry draws on the description provided by Paul Binski and Patrick Zutshi, with the collaboration of Stella Panayotova, (used here by kind permission of Cambridge University Press). Western Illuminated Manuscripts: A Catalogue of the Collection in Cambridge University Library (Cambridge: Cambridge University Press, 2011)","Paul Binski and Patrick Zutshi, with the collaboration of Stella Panayotova, Western Illuminated Manuscripts: A Catalogue of the Collection in Cambridge University Library (Cambridge: Cambridge University Press, 2011)",20240312,"Entry to read in the Library is permitted only on presentation of a valid reader's card. For information on eligibility and admissions procedures, see Joining the Library). For further information on the availability of the manuscript, please contact the Manuscripts Reading Room.",False,,,False,,,,,,,,
_record_6,manuscript_1,,,,manuscript,,MS-FF-00004-00042,,,,,,,"This catalogue entry was prepared by Myriah Williams and Suzanne Paul, drawing particularly on the introduction to Helen McKee's edition of the manuscript.",,2015-03-12,,False,,,False,,,,,,,,
_record_6,manuscript_1,,,"Cambridge, University Library, MS Dd.3.52",manuscript,,MS-DD-00003-00052,,,,,,,"This catalogue entry draws on the descriptions provided by Margaret Connolly, ; Manuscripts in the University Library, Cambridge (Dd-Oo), The Index of Middle English Prose (Woodbridge: Brewer, 2009), pp. 5-7Paul Binski and Patrick Zutshi, with the collaboration of Stella Panayotova, (used here by kind permission of Cambridge University Press); and unpublished descriptions of the manuscript composed by Western Illuminated Manuscripts: A Catalogue of the Collection in Cambridge University Library (Cambridge: Cambridge University Press, 2011), no. 258, now held in the University Archives (C.E. Sayle Sayle, C.E. (Charles Edward), 1864-1924UA ULIB 7/3/72); and, composed between 1926 and 1930, by , now held in the University Archives (M.R. James James, M.R. (Montague Rhodes), 1862-1936UA ULIB 7/3/74).","Margaret Connolly, Manuscripts in the University Library, Cambridge (Dd-Oo), The Index of Middle English Prose (Woodbridge: Brewer, 2009), pp. 5-7; Paul Binski and Patrick Zutshi, with the collaboration of Stella Panayotova, Western Illuminated Manuscripts: A Catalogue of the Collection in Cambridge University Library (Cambridge: Cambridge University Press, 2011), no. 258",20230110,"Entry to read in the Library is permitted only on presentation of a valid reader's card. For information on eligibility and admissions procedures, see Joining the Library). For further information on the availability of the manuscript, please contact the Manuscripts Reading Room.",False,,,False,,,,,,,,
_record_6,manuscript_1,,,,manuscript,,MS-II-00006-00002,,,,,,,"This catalogue entry draws on the description provided by Paul Binski and Patrick Zutshi, with the collaboration of Stella Panayotova, (used here by kind permission of Cambridge University Press) and an unpublished description of the manuscript composed between 1926 and 1930 by Western Illuminated Manuscripts: A Catalogue of the Collection in Cambridge University Library (Cambridge: Cambridge University Press, 2011), now held in the University Archives (M.R. James James, M.R. (Montague Rhodes), 1862-1936UA ULIB 7/3/74). It is also indebted for the identification of the hands responsible for the various additions to Margaret Connolly, Sixteenth-century readers, fifteenth-century books: continuities of reading in the English reformation (2019).","Paul Binski and Patrick Zutshi, with the collaboration of Stella Panayotova, Western Illuminated Manuscripts: A Catalogue of the Collection in Cambridge University Library (Cambridge: Cambridge University Press, 2011)",20231106,"Entry to read in the Library is permitted only on presentation of a valid reader's card. For information on eligibility and admissions procedures, see Joining the Library). For further information on the availability of the manuscript, please contact the Manuscripts Reading Room.",False,,,False,,,,,,,,
_record_6,manuscript_1,,,"Cambridge, University Library, MS Dd.5.53",part,,,,,,,,,,,20241219,,False,,,False,,,,,,,,
_record_6,manuscript_1,,,,manuscript,,,,,,,,,"A description of this manuscript and a transcription of part of its text was produced by as part of Verweij, SebastiaanSebastiaan VerweijScriptorium: Medieval and Early Modern Manuscripts Online (2006-09), a three-year AHRC-funded Resource Enhancement Project based in the Faculty of English at the University of Cambridge. The digital images, descriptive metadata and transcriptions from this project have been archived on Apollo, the University of Cambridge's Digital Repository, and have also been made available via a dedicated collection page on the Cambridge Digital Library.; The description of the manuscript was revised in 2024 by , as part of Freeman, James, 1984- James FreemanCurious Cures in Cambridge Libraries, a two-year Wellcome-funded Research Resources Project based at Cambridge University Library. The revised description draws on the study of the manuscript in Richard Beadle, 'Cambridge, University Library, MS Ll.1.18: a Southwell miscellany', in and on Pursuing Middle English manuscripts and their texts: essays in honour of Ralph Hanna, ed. by S. Horobin and A. Nafde (2017), pp. 99-112Margaret Connolly, . Manuscripts in the University Library, Cambridge (Dd-Oo), Index of Middle English Prose 19 (2009), pp. 312-19","Richard Beadle, 'Cambridge, University Library, MS Ll.1.18: a Southwell miscellany', in Pursuing Middle English manuscripts and their texts: essays in honour of Ralph Hanna, ed. by S. Horobin and A. Nafde (2017), pp. 99-112; Margaret Connolly, Manuscripts in the University Library, Cambridge (Dd-Oo), Index of Middle English Prose 19 (2009), pp. 312-19",,"Entry to read in the Library is permitted only on presentation of a valid reader's card. For information on eligibility and admissions procedures, see Joining the Library). For further information on the availability of the manuscript, please contact the Manuscripts Reading Room.",False,,,False,,,,,,,,
_record_6,manuscript_1,,,"Cambridge, University Library, MS Gg.6.3",manuscript,,MS-GG-00006-00003,,,,,,,"This catalogue entry draws on and an unpublished description of the manuscript composed between 1926 and 1930 by , now held in the University Archives (M.R. James James, M.R. (Montague Rhodes), 1862-1936UA ULIB 7/3/74); Patrick Zutshi, 'Adam Easton's Manuscripts', in ; and David Juste, Cardinal Adam Easton (c. 1330-1397), ed. by Patrick Zutshi (Amsterdam: Amsterdam University Press, 2020), pp. 206-223 (pp. 217-220 [no. 7])MS Cambridge, University Library, Gg 6.3 (1572), in Ptolemaeus Arabus et Latinus [Update: 02-03-2022]","Patrick Zutshi, 'Adam Easton's Manuscripts', in Cardinal Adam Easton (c. 1330-1397), ed. by Patrick Zutshi (Amsterdam: Amsterdam University Press, 2020), pp. 206-223 (pp. 217-220 [no. 7])",2022-11-24,"Entry to read in the Library is permitted only on presentation of a valid reader's card. For information on eligibility and admissions procedures, see Joining the Library). For further information on the availability of the manuscript, please contact the Manuscripts Reading Room.",False,,,False,,,,,,,,
_record_6,manuscript_1,,,"Cambridge, Trinity College, MS R.14.51",manuscript,,MS-TRINITY-COLLEGE-R-00014-00051,,,,,,,"This catalogue entry draws on ; and M.R. JamesThe Western Manuscripts in the Library of Trinity College, Cambridge: A Descriptive Catalogue, 2 (Cambridge: Cambridge University Press, 1901)Linne R. Mooney, . Manuscripts in the Library of Trinity College, Cambridge, The Index of Middle English Prose, Handlist XI (Woodbridge: Brewer, 1995)","M.R. JamesThe Western Manuscripts in the Library of Trinity College, Cambridge: A Descriptive Catalogue, 2 (Cambridge: Cambridge University Press, 1901); Linne R. Mooney, Manuscripts in the Library of Trinity College, Cambridge, The Index of Middle English Prose, Handlist XI (Woodbridge: Brewer, 1995)",2024-10-29,,False,,,False,,,,,,,,
_record_6,manuscript_1,,,"Cambridge, Trinity College, MS O.3.11",manuscript,,MS-TRINITY-COLLEGE-O-00003-00011,,,,,,,"This catalogue entry draws on M.R. James, ; and The western manuscripts in the library of Trinity College, Cambridge: a descriptive catalogue, 3 (1902)Linne R. Mooney, .Manuscripts in the Library of Trinity College, Cambridge The Index of Middle English Prose, Handlist XI (Woodbridge: Brewer, 1995)","M.R. James, The western manuscripts in the library of Trinity College, Cambridge: a descriptive catalogue, 3 (1902); Linne R. Mooney, Manuscripts in the Library of Trinity College, Cambridge The Index of Middle English Prose, Handlist XI (Woodbridge: Brewer, 1995)",2024-07-08,,False,,,False,,,,,,,,
_record_6,manuscript_1,,,"Cambridge, Trinity College, MS R.14.32",manuscript-composite,,MS-TRINITY-COLLEGE-R-00014-00032,,,,,,,"This catalogue entry draws on M.R. James, ; and The western manuscripts in the library of Trinity College, Cambridge: a descriptive catalogue, 3 (1902)Linne R. Mooney, .Manuscripts in the Library of Trinity College, Cambridge, The Index of Middle English Prose, Handlist XI (Woodbridge: Brewer, 1995)","M.R. James, The western manuscripts in the library of Trinity College, Cambridge: a descriptive catalogue, 3 (1902); Linne R. Mooney, Manuscripts in the Library of Trinity College, Cambridge, The Index of Middle English Prose, Handlist XI (Woodbridge: Brewer, 1995)",2024-08-16,,False,,,False,,,,,,,,
_record_6,manuscript_1,,,"Cambridge, Trinity College, MS O.8.35",manuscript,,MS-TRINITY-COLLEGE-O-00008-00035,,,,,,,"This catalogue entry draws on M.R. James, ; and The western manuscripts in the library of Trinity College, Cambridge: a descriptive catalogue, 3 (1902)Linne R. Mooney, .Manuscripts in the Library of Trinity College, Cambridge, The Index of Middle English Prose, Handlist XI (Woodbridge: Brewer, 1995)","M.R. James, The western manuscripts in the library of Trinity College, Cambridge: a descriptive catalogue, 3 (1902); Linne R. Mooney, Manuscripts in the Library of Trinity College, Cambridge, The Index of Middle English Prose, Handlist XI (Woodbridge: Brewer, 1995)",2024-06-04,,False,,,False,,,,,,,,
_record_6,manuscript_1,,,"Cambridge, Trinity College, MS R.3.20",manuscript,,MS-TRINITY-COLLEGE-R-00003-00020,,,,,,,"This catalogue entry draws on M.R. James, , pp. 75-82; The Western Manuscripts in the Library of Trinity College, Cambridge: A Descriptive Catalogue, 4 vols (Cambridge: Cambridge University Press, 1900–1904)Linne R. Mooney, , pp. 22-23; and Manuscripts in the Library of Trinity College, Cambridge, The Index of Middle English Prose, Handlist XI (Woodbridge: Brewer, 1995). The Digital Index of Middle English Verse","M.R. James, The Western Manuscripts in the Library of Trinity College, Cambridge: A Descriptive Catalogue, 4 vols (Cambridge: Cambridge University Press, 1900–1904); Linne R. Mooney, Manuscripts in the Library of Trinity College, Cambridge, The Index of Middle English Prose, Handlist XI (Woodbridge: Brewer, 1995); The Digital Index of Middle English Verse",2023-10-23,,False,,,False,,,,,,,,
_record_6,manuscript_1,,,"Cambridge, Trinity College, MS O.1.13",manuscript-composite,,MS-TRINITY-COLLEGE-O-00001-00013,,,,,,,"This catalogue entry draws on M.R. James, ; and The western manuscripts in the library of Trinity College, Cambridge: a descriptive catalogue, 2 (1902)Linne R. Mooney, .Manuscripts in the Library of Trinity College, Cambridge The Index of Middle English Prose, Handlist XI (Woodbridge: Brewer, 1995)","M.R. James, The western manuscripts in the library of Trinity College, Cambridge: a descriptive catalogue, 2 (1902); Linne R. Mooney, Manuscripts in the Library of Trinity College, Cambridge The Index of Middle English Prose, Handlist XI (Woodbridge: Brewer, 1995)",2024-11-08,,False,,,False,,,,,,,,
_record_6,manuscript_1,,,"Cambridge, Magdalene College, Pepys MS 1307",manuscript,,MS-MAGDALENE-PEPYS-01307,,,,,,,"This catalogue entry draws extensively on R. McKitterick and R. Beadle, Catalogue of the Pepys Library at Magdalene College, Cambridge: Manuscripts. Part I Medieval, Catalogue of the Pepys Library at Magdalene College, Cambridge, 7 vols (Woodbridge, 1992), vol. V, pp. 14-15 - readers are encouraged to consult this volume for further information.",,20230804,,False,,,False,,,,,,,,
_record_6,manuscript_1,,,"Cambridge, Pembroke College, MS 243",manuscript,,MS-PEMBROKE-00243,,,,,,,"This catalogue entry draws on the description provided by Rodney M. Thomson, (used here by kind permission of the author).A descriptive catalogue of the medieval manuscripts of Pembroke College, Cambridge (2022)","Rodney M. Thomson, A descriptive catalogue of the medieval manuscripts of Pembroke College, Cambridge (2022)",2022-06-27,,False,,,False,,,,,,,,
_record_6,manuscript_1,,,"Cambridge, Pembroke College, MS 120",manuscript-composite,,MS-PEMBROKE-00120,,,,,,,"This catalogue entry draws on the description provided by Rodney M. Thomson, (used here by kind permission of the author). The introductory summary is adapted from the catalogue entry written by Tessa Webber for the 2005 exhibition A descriptive catalogue of the medieval manuscripts at Pembroke College, Cambridge (2022)The Cambridge Illuminations: Ten centuries of book production in the medieval west, ed. by Paul Binski and Stella Panayotova (supplied by the author).","Rodney M. Thomson, A descriptive catalogue of the medieval manuscripts at Pembroke College, Cambridge (2022)",2021-06-28,,False,,,False,,,,,,,,
_record_6,manuscript_1,,,"Cambridge, Pembroke College, MS 67",part,,,,,,,,,,,2021-06-25,,False,,,False,,,,,,,,
_record_6,manuscript_1,,,"Cambridge, Pembroke College, MS 67",part,,,,,,,,,,,2021-06-25,,False,,,False,,,,,,,,
_record_6,manuscript_1,,,"Cambridge, Pembroke College, MS 16",manuscript,,MS-PEMBROKE-00016,,,,,,,"This catalogue entry draws on the description provided by Rodney M. Thomson, (used here by kind permission of the author).A descriptive catalogue of the medieval manuscripts at Pembroke College, Cambridge (2022)","Rodney M. Thomson, A descriptive catalogue of the medieval manuscripts at Pembroke College, Cambridge (2022)",2021-06-24,,False,,,False,,,,,,,,
_record_6,manuscript_1,,,,manuscript,,,,,,,,,"This records draws on R.M. Thomson, A Descriptive Catalogue of the Medieval Manuscripts in the Library of Peterhouse, Cambridge, as well as M.R. James, A Descriptive Catalogue of the Manuscripts in the library of Peterhouse, Cambridge.",,2019-04-07,,False,,,False,,,,,,,,
_record_6,manuscript_1,,,,manuscript,,,,,,,,,"This records draws on R.M. Thomson, A Descriptive Catalogue of the Medieval Manuscripts in the Library of Peterhouse, Cambridge, as well as M.R. James, A Descriptive Catalogue of the Manuscripts in the library of Peterhouse, Cambridge.",,2021-03-30,,False,,,False,,,,,,,,
_record_6,manuscript_1,,,"Cambridge, Sidney Sussex College, MS 85",manuscript,,MS-SIDNEYSUSSEX-00085,,,,,,,"This catalogue entry draws on the description provided by M.R. James, .A Descriptive Catalogue of the Manuscripts in the Library of Sidney Sussex College, Cambridge (Cambridge: Cambridge University Press, 1895)","M.R. James, A Descriptive Catalogue of the Manuscripts in the Library of Sidney Sussex College, Cambridge (Cambridge: Cambridge University Press, 1895)",20230927,,False,,,False,,,,,,,,
_record_7,manuscript_1,,,,manuscript,,MS-ADD-03021,,,,,,,"The description of the contents of this manuscript was prepared by . The description of its physical characteristics, origin and provenance draws on Dr Sandra Raban Raban, SandraJayne Ringrose, , by kind permission of the Boydell Press.Summary Catalogue of the Additional Medieval Manuscripts in Cambridge University Library acquired before 1940 (Woodbridge, 2009)","Jayne Ringrose, Summary Catalogue of the Additional Medieval Manuscripts in Cambridge University Library acquired before 1940 (Woodbridge, 2009)",20240404,"Entry to read in the Library is permitted only on presentation of a valid reader's card. For information on eligibility and admissions procedures, see Joining the Library). For further information on the availability of the manuscript, please contact the Manuscripts Reading Room.",False,,,False,,,,,,,,
_record_7,manuscript_1,,,,manuscript,,MS-LL-00005-00018,,,,,,,"This catalogue entry draws on unpublished manuscript notes by M. R. James. I also am grateful to Richard Beadle for his advice regarding the provenance of the manuscript, which remains a work in progress.",,2017-12-20,,False,,,False,,,,,,,,
_record_7,manuscript_1,,,"Cambridge, University Library, MS Dd.15.15",manuscript-composite,,MS-DD-00015-00015,,,,,,,"This catalogue entry draws on the description provided by Paul Binski and Patrick Zutshi, with the collaboration of Stella Panayotova, (used here by kind permission of Cambridge University Press).Western Illuminated Manuscripts: A Catalogue of the Collection in Cambridge University Library (Cambridge: Cambridge University Press, 2011)","Paul Binski and Patrick Zutshi, with the collaboration of Stella Panayotova, Western Illuminated Manuscripts: A Catalogue of the Collection in Cambridge University Library (Cambridge: Cambridge University Press, 2011)",2021-04-23,,False,,,False,,,,,,,,
_record_7,manuscript_1,,,"Cambridge, University Library, MS Dd.15.15",part,,,,,,,,,,,2021-04-23,,False,,,False,,,,,,,,
_record_7,manuscript_1,,,"Cambridge, University Library, MS Dd.15.15",part,,,,,,,,,,,2021-04-23,,False,,,False,,,,,,,,
_record_7,manuscript_1,,,"Cambridge, University Library, MS Dd.15.15",part,,,,,,,,,,,2021-04-23,,False,,,False,,,,,,,,
_record_7,manuscript_1,,,"Cambridge, University Library, MS Dd.15.15",part,,,,,,,,,,,2021-04-23,,False,,,False,,,,,,,,
_record_7,manuscript_1,,,,manuscript,,MS-DD-00002-00011,,,,,,,"This catalogue entry is based with permission on the introduction and inventory of the manuscript prepared by John H. Robinson for the Lute Society facsimile edition: Ian Harwood, John H. Robinson and Stewart McCoy, The Mathew Holmes Manuscripts I: Cambridge University Library MS Dd.2.11 (Albury: Lute Society, 2010).",,2015-01-23,,False,,,False,,,,,,,,
_record_7,manuscript_1,,,,manuscript,,MS-ADD-08844,,,,,,,This catalogue entry is based on an inventory prepared by John H. Robinson of the Lute Society.,,2014-11-25,,False,,,False,,,,,,,,
_record_7,manuscript_1,,,"Cambridge, Jesus College, MS Q.B.10",manuscript,,MS-JESUS-Q-B-00010,,,,,,,"This catalogue entry draws on M. R. James, . A descriptive catalogue of manuscripts in the library of Jesus College, Cambridge (London, 1895), no. 27","M. R. James, A descriptive catalogue of manuscripts in the library of Jesus College, Cambridge (London, 1895), no. 27",2023-10-10,,False,,,False,,,,,,,,
_record_7,manuscript_1,,,"Cambridge, Magdalene College, Pepys MS 878",manuscript,,MS-MAGDALENE-PEPYS-00878,,,,,,,"This catalogue entry draws on and the M.R. James James, M.R. (Montague Rhodes), 1862-1936A Descriptive Catalogue of the Manuscripts in the College Library of Magdalene College, Cambridge (London: Sidgwick and Jackson, 1914), by kind permission of the Boydell Press. Catalogue of the Pepys Library at Magdalene College Cambridge, Volume V: Manuscripts, Part I: Medieval, compiled by Rosamond McKitterick and Richard Beadle (Woodbridge: Brewer, 1992)","M.R. James James, M.R. (Montague Rhodes), 1862-1936A Descriptive Catalogue of the Manuscripts in the College Library of Magdalene College, Cambridge (London: Sidgwick and Jackson, 1914); Catalogue of the Pepys Library at Magdalene College Cambridge, Volume V: Manuscripts, Part I: Medieval, compiled by Rosamond McKitterick and Richard Beadle (Woodbridge: Brewer, 1992)",2023-05-01,,False,,,False,,,,,,,,
_record_7,manuscript_1,,,"Cambridge, Peterhouse, MS 87",manuscript,,MS-PETERHOUSE-00087,,,,,,,"This catalogue entry draws on M.R. James, ; A descriptive catalogue of the manuscripts in the library of Peterhouse (1899); and A Catalogue of Western Art II: Italy and the Iberian Peninsulan Book Illumination in the Fitzwilliam Museum and the Cambridge Colleges, Part II: Italy and the Iberian Peninsula, ed. by Nigel Morgan, Stella Panayotova, and Suzanne Reynolds, 2 vols (Cambridge: Cambridge University Press, 2011), I, no. 51R. M. Thomson, by kind permission of the author. Readers of this record are encouraged to consult Thomson's A Descriptive Catalogue of the Medieval Manuscripts in the Library of Peterhouse, Cambridge (2016)Catalogue for further information about this manuscript.","M.R. James, A descriptive catalogue of the manuscripts in the library of Peterhouse (1899); A Catalogue of Western Art II: Italy and the Iberian Peninsulan Book Illumination in the Fitzwilliam Museum and the Cambridge Colleges, Part II: Italy and the Iberian Peninsula, ed. by Nigel Morgan, Stella Panayotova, and Suzanne Reynolds, 2 vols (Cambridge: Cambridge University Press, 2011), I, no. 51; R. M. Thomson, A Descriptive Catalogue of the Medieval Manuscripts in the Library of Peterhouse, Cambridge (2016)",2023-02-13,,False,,,False,,,,,,,,
_record_7,manuscript_1,,,"Cambridge, Newnham College, MS 4",manuscript,,MS-NEWNHAM-00004,,,,,,,"This catalogue entry draws on N.R. Ker and Alan J. Piper , II (1977): Abbotsford-Keele, pp. 239-240; and Medieval manuscripts in British libraries, 5 vols (Oxford: Clarendon Press, 1969–2002)C. David Benson and Lynne Sandra Blanchfield, , pp. 51-54 (as 'Y'). The Manuscripts of Piers Plowman: The B-version (Cambridge: Brewer, 1997)","N.R. Ker and Alan J. Piper Medieval manuscripts in British libraries, 5 vols (Oxford: Clarendon Press, 1969–2002); C. David Benson and Lynne Sandra Blanchfield, The Manuscripts of Piers Plowman: The B-version (Cambridge: Brewer, 1997)",20240926,,False,,,False,,,,,,,,
_record_8,manuscript_1,,,"Cambridge, University Library, MS Ee.2.29",manuscript-composite,,MS-EE-00002-00029,,,,,,,"This catalogue entry draws on Margaret Connolly, and an unpublished description of the manuscript composed between 1926 and 1930 by Manuscripts in the University Library, Cambridge (Dd-Oo), The Index of Middle English Prose (Woodbridge: Brewer, 2009), now held in the University Archives (M.R. James James, M.R. (Montague Rhodes), 1862-1936UA ULIB 7/3/74).","Margaret Connolly, Manuscripts in the University Library, Cambridge (Dd-Oo), The Index of Middle English Prose (Woodbridge: Brewer, 2009)",2023-05-16,,False,,,False,,,,,,,,
_record_8,manuscript_1,,,"Cambridge, University Library, MS Dd.12.23",manuscript,,MS-DD-00012-00023,,,,,,,"This catalogue entry draws on the description provided by John Baker and Jayne Ringrose, (used here by kind permission of the Boydell Press).Catalogue of English Legal Manuscripts in Cambridge University Library (1996)","John Baker and Jayne Ringrose, Catalogue of English Legal Manuscripts in Cambridge University Library (1996)",2019-08-09,,False,,,False,,,,,,,,
_record_8,manuscript_1,,,"Cambridge, University Library, MS Ii.4.6",manuscript-composite,,MS-II-00004-00006,,,,,,,"This catalogue entry draws on an unpublished description of the manuscript composed between 1926 and 1930 by , now held in the University Archives (M.R. James James, M.R. (Montague Rhodes), 1862-1936UA ULIB 7/3/74) and the description of the manuscript published by N.R. Ker, .Catalogue of manuscripts containing Anglo-Saxon (Oxford: Clarendon Press, 1957)","N.R. Ker, Catalogue of manuscripts containing Anglo-Saxon (Oxford: Clarendon Press, 1957)",20230808,,False,,,False,,,,,,,,
_record_8,manuscript_1,,,"Cambridge, University Library, MS Ff.1.23",manuscript,,MS-FF-00001-00023,,,,,,,"This catalogue entry draws on the description provided by Paul Binski and Patrick Zutshi, with the collaboration of Stella Panayotova, (used here by kind permission of Cambridge University Press). Western Illuminated Manuscripts: A Catalogue of the Collection in Cambridge University Library (Cambridge: Cambridge University Press, 2011)","Paul Binski and Patrick Zutshi, with the collaboration of Stella Panayotova, Western Illuminated Manuscripts: A Catalogue of the Collection in Cambridge University Library (Cambridge: Cambridge University Press, 2011)",2022-08-12,"Entry to read in the Library is permitted only on presentation of a valid reader's card. For information on eligibility and admissions procedures, see Joining the Library). For further information on the availability of the manuscript, please contact the Manuscripts Reading Room.",False,,,False,,,,,,,,
_record_8,manuscript_1,,,,manuscript,,MS-GG-00004-00018,,,,,,,"This catalogue entry draws on the description provided by Paul Binski and Patrick Zutshi, with the collaboration of Stella Panayotova, (used here by kind permission of Cambridge University Press). Western Illuminated Manuscripts: A Catalogue of the Collection in Cambridge University Library (Cambridge: Cambridge University Press, 2011)","Paul Binski and Patrick Zutshi, with the collaboration of Stella Panayotova, Western Illuminated Manuscripts: A Catalogue of the Collection in Cambridge University Library (Cambridge: Cambridge University Press, 2011)",2018-02-16,"Entry to read in the Library is permitted only on presentation of a valid reader's card. For information on eligibility and admissions procedures, see Joining the Library). For further information on the availability of the manuscript, please contact the Manuscripts Reading Room.",False,,,False,,,,,,,,
_record_8,manuscript_1,,,"Cambridge, University Library, MS Add. 4085",manuscript,,MS-ADD-04085,,,,,,,"This catalogue entry draws on the description provided by Jayne Ringrose, (used here by kind permission of the Boydell Press), and by by Summary Catalogue of the Additional Medieval Manuscripts in Cambridge University Library acquired before 1940 (Woodbridge, 2009)Paul Binski and Patrick Zutshi, with the collaboration of Stella Panayotova, (used here by kind permission of Cambridge University Press). It also draws on an unpublished description of the manuscript composed between 1948 and 1970 by Western Illuminated Manuscripts: A Catalogue of the Collection in Cambridge University Library (Cambridge: Cambridge University Press, 2011), now held in the University Archives (H.L. Pink Pink, H. L.UA ULIB 7/3/75/24), and other unpublished notes (UA ULIB 7/3/72/25).","Jayne Ringrose, Summary Catalogue of the Additional Medieval Manuscripts in Cambridge University Library acquired before 1940 (Woodbridge, 2009); Paul Binski and Patrick Zutshi, with the collaboration of Stella Panayotova, Western Illuminated Manuscripts: A Catalogue of the Collection in Cambridge University Library (Cambridge: Cambridge University Press, 2011)",2020-06-24,"Entry to read in the Library is permitted only on presentation of a valid reader's card. For information on eligibility and admissions procedures, see Joining the Library). For further information on the availability of the manuscript, please contact the Manuscripts Reading Room.",False,,,False,,,,,,,,
_record_8,manuscript_1,,,"Cambridge, University Library, MS Dd.8.19",part,,,,,,,,,,,2022-08-03,,False,,,False,,,,,,,,
_record_8,manuscript_1,,,,manuscript-composite,,MS-KK-00003-00018,,,,,,,"The catalogue entry draws on a description of the manuscript by Takako Kato (with the assistance of Hollie Morgan) for The Production and Use of English Manuscripts, 1060-1220. It also draws on the description published in N.R. Ker, Catalogue of manuscripts containing Anglo-Saxon, rev. ed. (Oxford, 1990) and an unpublished description of the manuscript composed between 1926 and 1930 by , now held in the University Archives (M.R. James James, M.R. (Montague Rhodes), 1862-1936UA ULIB 7/3/74).",,2014-04-23,"Entry to read in the Library is permitted only on presentation of a valid reader's card. For information on eligibility and admissions procedures, see Joining the Library). For further information on the availability of the manuscript, please contact the Manuscripts Reading Room.",False,,,False,,,,,,,,
_record_8,manuscript_1,,,"Cambridge, University Library, MS Ii.6.5",manuscript-composite,,MS-II-00006-00005,,,,,,,"This catalogue entry draws on CMLUC Vol. III (Cambridge, 1856-67), no. 1884, pp. 500-501 and an unpublished description of the manuscript composed between 1926 and 1930 by , now held in the University Archives (M.R. James James, M.R. (Montague Rhodes), 1862-1936Unpublished description by M.R. James of Cambridge, University Library, MS Ii.6.5 (Constantinus Africanus, Viaticum; Albertus Magnus, Commentary on Aristotle's De somno et uigilia, attrib. to Roger Bacon; medical tracts; and other texts)).",,,,False,,,False,,,,,,,,
_record_8,manuscript_1,,,MS Gg.5.35,manuscript,,MS-GG-00005-000035,,,,,,,"This catalogue entry draws on the descriptions provided by A.G. Rigg and G.R. Wieland, 'A Canterbury classbook of the mid-eleventh century (the ""Cambridge Songs"" manuscript), and Anglo-Saxon England, 4 (1975)Paul Binski and Patrick Zutshi, with the collaboration of Stella Panayotova, (used here by kind permission of Cambridge University Press).Western Illuminated Manuscripts: A Catalogue of the Collection in Cambridge University Library (Cambridge, 2011)",,2023-01-13,,False,,,False,,,,,,,,
_record_8,manuscript_1,,,"Cambridge, University Library, MS Dd.4.24",manuscript,,MS-DD-00004-00024,,,,,,,"This catalogue entry draws on: , [The Dd Manuscript, ed. by Orietta Da Rold, The Norman Blake Editions of The Canterbury Tales (University of Sheffield, 2013)http://www.chaucermss.org/dd] [accessed 19 February 2024] (used here by kind permission of the author).Daniel W. Mosser, 'A digital catalogue of the pre-1500 manuscripts and incunables of the Canterbury Tales', 2nd edition (2011), [https://www.mossercatalogue.net/record.php?recID=Dd] , ed. by Linne R. Mooney, Daniel W. Mosser and Elizabeth Solopova (2008-)The Digital Index of Middle English VerseAn unpublished description of the manuscript composed between 1948 and 1970 by , now held in the University Archives (H.L. Pink Pink, H. L.UA ULIB 7/3/75).An unpublished description of the manuscript composed between 1926 and 1930 by , now held in the University Archives (M.R. James James, M.R. (Montague Rhodes), 1862-1936UA ULIB 7/3/74).","The Dd Manuscript, ed. by Orietta Da Rold, The Norman Blake Editions of The Canterbury Tales (University of Sheffield, 2013); , ed. by Linne R. Mooney, Daniel W. Mosser and Elizabeth Solopova (2008-)The Digital Index of Middle English Verse",20240220,"Entry to read in the Library is permitted only on presentation of a valid reader's card. For information on eligibility and admissions procedures, see Joining the Library). For further information on the availability of the manuscript, please contact the Manuscripts Reading Room.",False,,,False,,,,,,,,
_record_8,manuscript_1,,,"Cambridge, University Library, MS Hh.6.13",manuscript-composite,,MS-HH-00006-00013,,,,,,,"This catalogue entry draws on Margaret Connolly, ; and an unpublished description of the manuscript composed between 1926 and 1930 by Manuscripts in the University Library, Cambridge (Dd-Oo), The Index of Middle English Prose (Woodbridge: Brewer, 2009), pp. 26-30, now held in the University Archives (M.R. James James, M.R. (Montague Rhodes), 1862-1936UA ULIB 7/3/74).","Margaret Connolly, Manuscripts in the University Library, Cambridge (Dd-Oo), The Index of Middle English Prose (Woodbridge: Brewer, 2009), pp. 26-30",20220809,"Entry to read in the Library is permitted only on presentation of a valid reader's card. For information on eligibility and admissions procedures, see Joining the Library). For further information on the availability of the manuscript, please contact the Manuscripts Reading Room.",False,,,False,,,,,,,,
_record_8,manuscript_1,,,"Cambridge, Trinity College, MS O.1.57",manuscript-composite,,MS-TRINITY-COLLEGE-O-00001-00057,,,,,,,"This catalogue entry draws on M.R. James, ; and Western Manuscripts in the Library of Trinity College, Cambridge: A Descriptive Catalogue, Vol. 3 (1902), pp. 54-58 (no. 1081)Linne R. Mooney, ; and Manuscripts in the Library of Trinity College, Cambridge, The Index of Middle English Prose, Handlist XI (Woodbridge: Brewer, 1995), pp. 175-76.Laura Mitchell, 'The Cultural Uses of Magic in Fifteenth-century England' (unpublished disseration, University of Toronto, 2011), pp. 257-267.","M.R. James, Western Manuscripts in the Library of Trinity College, Cambridge: A Descriptive Catalogue, Vol. 3 (1902), pp. 54-58 (no. 1081); Linne R. Mooney, Manuscripts in the Library of Trinity College, Cambridge, The Index of Middle English Prose, Handlist XI (Woodbridge: Brewer, 1995), pp. 175-76.; Laura Mitchell, 'The Cultural Uses of Magic in Fifteenth-century England' (unpublished disseration, University of Toronto, 2011), pp. 257-267",20240207,,False,,,False,,,,,,,,
_record_8,manuscript_1,,,"Cambridge, Trinity College, MS O.1.77",manuscript,,MS-TRINITY-COLLEGE-O-00001-00077,,,,,,,"This record draws on M.R. James, ; The Western Manuscripts in the Library of Trinity College, Cambridge: A Descriptive Catalogue, Volume III (Cambridge, 1902)A. Honkapohja, 'The Trinity Seven Planets', ; and Scholarly Editing, 34 (2013)A. Honkapohja, . Readers of this record are encouraged to consult these works for further information. Alchemy, Medicine, and Commercial Book Production: A Codicological and Linguistic Study of the Voigts-Sloane Manuscript Group, Texts and Transitions (Turnhout: Brepols, 2017), IX","M.R. James, The Western Manuscripts in the Library of Trinity College, Cambridge: A Descriptive Catalogue, Volume III (Cambridge, 1902); A. Honkapohja, 'The Trinity Seven Planets', Scholarly Editing, 34 (2013); A. Honkapohja, Alchemy, Medicine, and Commercial Book Production: A Codicological and Linguistic Study of the Voigts-Sloane Manuscript Group, Texts and Transitions (Turnhout: Brepols, 2017), IX",20241018,,False,,,False,,,,,,,,
_record_8,manuscript_1,,,"Cambridge, Trinity College, MS O.9.37",manuscript,,MS-TRINITY-COLLEGE-O-00009-00037,,,,,,,"This catalogue entry draws on , pp. 75-82; and M.R. JamesThe Western Manuscripts in the Library of Trinity College, Cambridge: A Descriptive Catalogue, 4 vols (Cambridge: Cambridge University Press, 1900–1904)Linne R. Mooney, , pp. 22-23. Manuscripts in the Library of Trinity College, Cambridge, The Index of Middle English Prose, Handlist XI (Woodbridge: Brewer, 1995)","M.R. JamesThe Western Manuscripts in the Library of Trinity College, Cambridge: A Descriptive Catalogue, 4 vols (Cambridge: Cambridge University Press, 1900–1904); Linne R. Mooney, Manuscripts in the Library of Trinity College, Cambridge, The Index of Middle English Prose, Handlist XI (Woodbridge: Brewer, 1995)",2023-11-10,,False,,,False,,,,,,,,
_record_8,manuscript_1,,,"Cambridge, Pembroke College, MS 301",manuscript,,MS-PEMBROKE-00301,,,,,,,"This catalogue entry draws on the descriptions provided by Rodney M. Thomson, and A descriptive catalogue of the medieval manuscripts of Pembroke College, Cambridge (2022) Nigel Morgan and Stella Panayatova, with the assistance of Rebecca Rushforth, (used here by kind permission of the authors). The introductory summary is taken from the catalogue entry written by Tessa Webber for the 2005 exhibition Illuminated manuscripts in Cambridge: A catalogue of western book illumination in the Fitzwilliam Museum and the Cambridge colleges, part 4.1 (London and Turnhout, 2013), no. 46The Cambridge Illuminations: Ten centuries of book production in the medieval west, ed. by Paul Binski and Stella Panayotova (used here by kind permission of the author).","Rodney M. Thomson, A descriptive catalogue of the medieval manuscripts of Pembroke College, Cambridge (2022) ; Nigel Morgan and Stella Panayatova, with the assistance of Rebecca Rushforth, Illuminated manuscripts in Cambridge: A catalogue of western book illumination in the Fitzwilliam Museum and the Cambridge colleges, part 4.1 (London and Turnhout, 2013), no. 46",2022-06-27,,False,,,False,,,,,,,,
_record_8,manuscript_1,,,"Cambridge, Fitzwilliam Museum, Charles Fairfax Murray MS 17",manuscript,,MS-FITZWILLIAM-CHARLES-FAIRFAX-MURRAY-00017,,,,,,,"This catalogue entry draws on the descriptions provided by and and Francis Wormald Wormald, Francis,1904-1972, Phyllis M. GilesA Descriptive Catalogue of the Additional Illuminated Manuscripts in the Fitzwilliam Museum Acquired between 1895 and 1979 (Excluding the McClean Collection), 2 vols (Cambridge: Cambridge University Library, 1982), I: pp. 30-32Kari Anne Rand, Handlist XVIII: Manuscripts in the Library of Pembroke College, and the Fitzwilliam Museum, The Index of Middle English Prose (Cambridge: Woodbridge, 2006), pp. 79-82.","and Francis Wormald Wormald, Francis,1904-1972, Phyllis M. GilesA Descriptive Catalogue of the Additional Illuminated Manuscripts in the Fitzwilliam Museum Acquired between 1895 and 1979 (Excluding the McClean Collection), 2 vols (Cambridge: Cambridge University Library, 1982), I: pp. 30-32; Kari Anne Rand, Handlist XVIII: Manuscripts in the Library of Pembroke College, and the Fitzwilliam Museum, The Index of Middle English Prose (Cambridge: Woodbridge, 2006), pp. 79-82.",2024-07-11,,False,,,False,,,,,,,,
_record_8,manuscript_1,,,"Cambridge, Peterhouse, MS 139",manuscript-composite,,MS-PETERHOUSE-00139,,,,,,,"This catalogue entry draws on M.R. James, ; and A descriptive catalogue of the manuscripts in the library of Peterhouse (1899)>R.M. Thomson, , by kind permission of the author. Readers of this record are encouraged to consult Thomson's A Descriptive Catalogue of the Medieval Manuscripts in the Library of Peterhouse, Cambridge (2016)Catalogue for further information about this manuscript.","M.R. James, A descriptive catalogue of the manuscripts in the library of Peterhouse (1899)>; R.M. Thomson, A Descriptive Catalogue of the Medieval Manuscripts in the Library of Peterhouse, Cambridge (2016)",2023-02-27,"The manuscripts of Peterhouse are stored on long-term deposit at Cambridge University Library. Readers wishing to consult a Peterhouse manuscript in-person will need to visit the University Library. Entry to read in Cambridge University Library is permitted only on presentation of a valid reader's card. For information on eligibility and admissions procedures, see Joining the Library). For further information on the availability of the manuscript, please contact the Manuscripts Reading Room.",False,,,False,,,,,,,,
_record_8,manuscript_1,,,"Cambridge, Peterhouse, MS 106",manuscript,,MS-PETERHOUSE-00106,,,,,,,"This catalogue entry draws substantially on R. M. Thomson, A Descriptive Catalogue of the Medieval Manuscripts in the Library of Peterhouse, Cambridge (Woodbridge, 2016). Readers of this record are strongly encouraged to consult Thomson's Catalogue for further information. This catalogue entry also draws on M. R. James, A descriptive catalogue of the manuscripts in the library of Peterhouse (Cambridge: Cambridge University Library 1899).",,2023-03-16,,False,,,False,,,,,,,,
_record_8,manuscript_1,,,"Cambridge, Peterhouse, MS 168",manuscript,,MS-PETERHOUSE-00168,,,,,,,"This catalogue entry draws on M.R. James, and A descriptive catalogue of the manuscripts in the library of Peterhouse (1899)R. M. Thomson, by kind permission of the author. Readers of this record are encouraged to consult Thomson's A Descriptive Catalogue of the Medieval Manuscripts in the Library of Peterhouse, Cambridge (2016)Catalogue for further information about this manuscript.","M.R. James, A descriptive catalogue of the manuscripts in the library of Peterhouse (1899); R. M. Thomson, A Descriptive Catalogue of the Medieval Manuscripts in the Library of Peterhouse, Cambridge (2016)",2023-03-23,,False,,,False,,,,,,,,
_record_8,manuscript_1,,,"Cambridge, Gonville and Caius College, 803/807, no.
                            57",manuscript,,MS-GONVILLE-AND-CAIUS-00803-00807-00057,,,,,,,"This catalogue description draws on M. R. James, . A Descriptive Catalogue of the Manuscripts in the Library of Gonville and Caius College, Vol. 1 (Cambridge, 1907), MS 345/620","M. R. James, A Descriptive Catalogue of the Manuscripts in the Library of Gonville and Caius College, Vol. 1 (Cambridge, 1907), MS 345/620",20230707,,False,,,False,,,,,,,,
_record_9,manuscript_1,,,"Cambridge, University Library, MS Ee.2.29",part,,,,,,,,,,,2023-05-16,,False,,,False,,,,,,,,
_record_9,manuscript_1,,,MS Gg.6.42,manuscript-composite,,MS-GG-00006-00042,,,,,,,"This catalogue entry draws on an unpublished description of the manuscript composed between 1948 and 1970 by , now held in the University Archives (H.L. PinkPink, H. L.UA ULIB 7/3/75); and an unpublished description of the manuscript composed between 1926 and 1930 by , now held in the University Archives (M.R. JamesJames, M.R. (Montague Rhodes), 1862–1936UA ULIB 7/3/74).",,2024-01-24,,False,,,False,,,,,,,,
_record_9,manuscript_1,,,MS Gg.6.42,part,,,,,,,,,,,2024-01-24,,False,,,False,,,,,,,,
_record_9,manuscript_1,,,MS Gg.6.42,part,,,,,,,,,,,2024-01-24,,False,,,False,,,,,,,,
_record_9,manuscript_1,,,"Cambridge, St John's College, MS D.4",part,,,,,,,,,,,20230424,,False,,,False,,,,,,,,
_record_9,manuscript_1,,,"Cambridge, Jesus College, MS Q.D.4",manuscript-composite,,MS-JESUS-Q-D-00004,,,,,,,"This catalogue entry draws on the description provided by Angela M. Lucas, and Manuscripts in Christ's Church, Emmanuel, Jesus, Selwyn and Sidney Sussex Colleges, Peterhouse and Trinity Hall, Cambridge, The Index of Middle English Prose, Handlist 22 (Cambridge: Brewer, 2016)M. R. James, . A Descriptive Catalogue of Manuscripts in the Library of Jesus College, Cambridge (London: Clay, 1895), no. 46","Angela M. Lucas, Manuscripts in Christ's Church, Emmanuel, Jesus, Selwyn and Sidney Sussex Colleges, Peterhouse and Trinity Hall, Cambridge, The Index of Middle English Prose, Handlist 22 (Cambridge: Brewer, 2016); M. R. James, A Descriptive Catalogue of Manuscripts in the Library of Jesus College, Cambridge (London: Clay, 1895), no. 46",20231110,,False,,,False,,,,,,,,
_record_9,manuscript_1,,,"Cambridge, Fitzwilliam Museum, MS McClean 89",manuscript,,MS-FITZWILLIAM-MUSEUM-MCCLEAN-00089,,,,,,,"This catalogue entry draws on M.R. James, A descriptive catalogue of the McClean collection of manuscripts in the Fitzwilliam Museum (Cambridge, 1912), no. 89","M.R. James, A descriptive catalogue of the McClean collection of manuscripts in the Fitzwilliam Museum (Cambridge, 1912), no. 89",20240725,,False,,,False,,,,,,,,
_record_4,manuscript_11797,,,"Cambridge, University Library, MS Add. 10070",manuscript,,MS-ADD-10070,,,,,,Diktyon 77770,"Description of binding draws upon unpublished description prepared (2020) by Samuel Foley and Cecilia Diminuco, Dept of Conservation and Collection Care, Cambridge University Library.",,2022-02-07,"Entry to read in the Library is permitted only on presentation of a valid reader's card. For information on eligibility and admissions procedures, see Joining the Library). For further information on the availability of the manuscript, please contact the Manuscripts Reading Room.",False,,,False,,,,,,,,
_record_8,manuscript_11803,,,"Cambridge, Christ's College, MS 6",manuscript,,MS-CHRISTS-COLLEGE-00006,,,,,,Diktyon 11803,,,2020-07-22,,False,,,False,,,The Centre for the Study of New Testament Manuscripts,http://www.csntm.org/manuscript/View/GA_Lect_185,,,,
_record_9,manuscript_11804,,,"Cambridge, Christ's College, MS 9",manuscript,,MS-CHRISTS-COLLEGE-00009,,,,,,Diktyon 11804,,,2022-03-17,,False,,,False,,,The Centre for the Study of New Testament Manuscripts,http://www.csntm.org/Manuscript/View/GA_319,,,,
_record_1,manuscript_11806,,,"Cambridge, Christ's College, MS Rouse
                            252",manuscript-composite,,MS-CHRISTS-COLLEGE-ROUSE-00252,,,,,,Diktyon 11806,,,2022-03-17,,False,,,False,,,,,,,,
_record_24,manuscript_11807,,,"Cambridge, Christ's College, MS Rouse 253",manuscript,,MS-CHRISTS-COLLEGE-ROUSE-00253,,,,,,Diktyon 11807,,,2021-04-29,,False,,,False,,,,,,,,
_record_4,manuscript_11808,,,"Cambridge, Christ's College, MS Rouse 254",manuscript,,MS-CHRISTS-COLLEGE-ROUSE-00254,,,,,,Diktyon 11808,,,2022-02-10,,False,,,False,,,,,,,,
_record_1,manuscript_11809,,,"Cambridge, Christ's College, MS Rouse
                            255",manuscript-composite,,MS-CHRISTS-COLLEGE-ROUSE-00255,,,,,,Diktyon 11809,,,2022-03-17,,False,,,False,,,,,,,,
_record_1,manuscript_11811,,,"Cambridge, Christ's College, MS Rouse 262",manuscript-composite,,MS-CHRISTS-COLLEGE-ROUSE-00262,,,,,, Diktyon 11811,"Description (2020) draws partly on P. Easterling, Greek manuscripts in Cambridge: recent acquisitions by College Libraries, the Fitzwilliam Museum and private collectors, in: Transactions of the Cambridge Bibliographical Society 4.3, 1966, pp. 179-191: 183",,2020-04-07,,False,,,False,,,,,,,,
_record_6,manuscript_11812,,,"Cambridge, Christ's College, MS Rouse 263",manuscript,,MS-CHRISTS-COLLEGE-ROUSE-00263,,,,,,Diktyon 11812,,,2022-03-17,,False,,,False,,,,,,,,
_record_9,manuscript_11813,,,"Cambridge, Christ's College, MS Rouse 264",manuscript,,MS-CHRISTS-COLLEGE-ROUSE-00264,,,,,, Diktyon 11813,,,2022-02-07,,False,,,False,,,,,,,,
_record_5,manuscript_11814,,,"Cambridge, Christ's College, MS Rouse 265",manuscript,,MS-CHRISTS-COLLEGE-ROUSE-00265,,,,,, Diktyon 11814,"Description (2020) partly draws on P. Easterling, 'Greek manuscripts in Cambridge: recent acquisitions by College Libraries, the Fitzwilliam Museum and private collectors', Transactions of the Cambridge Bibliographical Society 4.3 (1966), 179-191 (p. 185).",,2020-02-19,,False,,,False,,,,,,,,
_record_2,manuscript_11816,,,"Cambridge, Christ's College, MS Rouse 298",manuscript-composite,,MS-CHRISTS-COLLEGE-ROUSE-00298,,,,,,Diktyon 11816,,,2020-11-27,,False,,,False,,,,,,,,
_record_2,manuscript_11817,,,"Cambridge, Christ's College, Fragment A",manuscript,,MS-CHRISTS-COLLEGE-FRAGMENT-A,,,,,,Diktyon 11817,,,2022-03-17,,False,,,False,,,,,,,,
_record_2,manuscript_11818,,,"Cambridge, Christ's College, Fragment B",manuscript,,MS-CHRISTS-COLLEGE-FRAGMENT-B,,,,,,Diktyon 11818,,,2022-03-17,,False,,,False,,,,,,,,
_record_2,manuscript_11819,,,"Cambridge, Christ's College, Fragment C",manuscript,,MS-CHRISTS-COLLEGE-FRAGMENT-C,,,,,,Diktyon 11819,,,2022-03-17,,False,,,False,,,,,,,,
_record_6,manuscript_11820,,,"Cambridge, Clare College, MS 24",manuscript,,MS-CLARE-COLLEGE-00024,,,,,,Diktyon 11820,,,2021-08-12,,False,,,False,,,,,,,,
_record_4,manuscript_11821,,,"Cambridge, Clare College, MS 31",manuscript,,MS-CLARE-COLLEGE-00031,,,,,,Diktyon 11820,,,2021-02-10,,False,,,False,,,,,,,,
_record_5,manuscript_11828,,,"Cambridge, Corpus Christi College, MS 81",manuscript,,MS-CCCC-00081,,,,,,Diktyon 11828,"Description (2020) draws on M.R. James, , A descriptive catalogue of the manuscripts in the library of Corpus Christi College, Cambridge, vol. 1 (Cambridge: Cambridge University Press, 1912), pp. 164-167F. Pontani, and description available on Parker Library on the Web.Sguardi su Ulisse, la tradizione esegetica greca dell'Odissea (Edizioni di Storia e Letteratura, 2005) pp. 388-394","M.R. James, A descriptive catalogue of the manuscripts in the library of Corpus Christi College, Cambridge, vol. 1 (Cambridge: Cambridge University Press, 1912), pp. 164-167; F. Pontani, Sguardi su Ulisse, la tradizione esegetica greca dell'Odissea (Edizioni di Storia e Letteratura, 2005) pp. 388-394",2020-04-24,,False,,,False,,,,,,,,
_record_1,manuscript_11829,,,"Cambridge, Corpus Christi College, MS 224",manuscript,,MS-CCCC-00224,,,,,,Diktyon 11829,"Description (2019) draws on M.R. James, ; A descriptive catalogue of the manuscripts in the library of Corpus Christi College, Cambridge, vol. 1 (Cambridge University Press, 1912), p. 525M.P. Kalatzi, , and a record published on Hermonymos: a study in scribal, literary and teaching activities in the fifteenth and early sixteenth centuries (Cultural Foundation of the National Bank of Greece, 2009), pp. 185-186Parker Library On the Web.","M.R. James, A descriptive catalogue of the manuscripts in the library of Corpus Christi College, Cambridge, vol. 1 (Cambridge University Press, 1912), p. 525; M.P. Kalatzi, Hermonymos: a study in scribal, literary and teaching activities in the fifteenth and early sixteenth centuries (Cultural Foundation of the National Bank of Greece, 2009), pp. 185-186",2019-10-11,,False,,,False,,,,,,,,
_record_3,manuscript_11830,,,"Cambridge, Corpus Christi College, MS 248",manuscript,,MS-CCCC-00248,,,,,,Diktyon 11828,"Description (2020) draws on M.R. James, and a description available on Parker Library on the Web.A descriptive catalogue of the manuscripts in the library of Corpus Christi College, Cambridge, vol. 1 (Cambridge: Cambridge University Press, 1912), p. 546-547","M.R. James, A descriptive catalogue of the manuscripts in the library of Corpus Christi College, Cambridge, vol. 1 (Cambridge: Cambridge University Press, 1912), p. 546-547",2020-07-13,,False,,,False,,,,,,,,
_record_2,manuscript_11831,,,"Cambridge, Corpus Christi College, MS 403",manuscript,,MS-CCCC-00403,,,,,,Diktyon 11831,"Description (2019) draws on M.R. James, A descriptive catalogue of the manuscripts in the library of Corpus Christi College, Cambridge (Cambridge: Cambridge University Press, 1912), vol. 2, p. 268-269.",,2019-07-04,,False,,,False,,,,,,,,
_record_4,manuscript_11832,,,"Cambridge, Corpus Christi College, MS 468",manuscript,,MS-CCCC-00468,,,,,,Diktyon 11832,"Description draws on M.R. James, A descriptive catalogue of the manuscripts in the library of Corpus Christi College, Cambridge (Cambridge, 1912), vol. 2, pp. 399-403.",,2022-01-20,,False,,,False,,,,,,,,
_record_6,manuscript_11833,,,"Cambridge, Corpus Christi College, MS 480",manuscript,,MS-CCCC-00480,,,,,,Diktyon 11833,"Description draws on Montague Rhodes James, .A descriptive catalogue of the manuscripts in the library of Corpus Christi College, Cambridge (Cambridge, 1912), vol. 2, pp. 422-424","Montague Rhodes James, A descriptive catalogue of the manuscripts in the library of Corpus Christi College, Cambridge (Cambridge, 1912), vol. 2, pp. 422-424",2021-05-21,,False,,,False,,,,,,,,
_record_3,manuscript_11834,,,"Cambridge, Corpus Christi College, MS 486",manuscript,,MS-CCCC-00486,,,,,,Diktyon 11834,"Description (2021) draws on M.R. James, A descriptive catalogue of the manuscripts in the library of Corpus Christi College, Cambridge, vol. 2 (Cambridge: Cambridge University Press, 1912), p. 441-443; S. Delle Donne, 'Il codice greco Corpus Christi College 486 di Cambridge: contenuto, organizzazione testuale e legami con l’Italia Meridionale', in Revue d'histoire des textes, 9 (2014) p. 375-393; and a description available on Parker Library on the Web.",,2021-05-10,,False,,,False,,,,,,,,
_record_3,manuscript_11837,,,"Cambridge, Emmanuel College, MS 13",manuscript,,MS-EMMANUEL-COLLEGE_00013,,,,,,Diktyon 11837,"Description (2021) draws on M.R. James, The Western manuscripts in the library of Emmanuel College: a descriptive catalogue, Cambridge University Press, Cambridge, 1904, p. 11-12.",,2021-05-11,,False,,,False,,,,,,,,
_record_5,manuscript_11837,,,"Cambridge, Emmanuel College, MS 12",manuscript,,MS-EMMANUEL-COLLEGE-00012,,,,,,Diktyon 11837,"Description (2021) draws on M.R. James, The Western manuscripts in the library of Emmanuel College: a descriptive catalogue, Cambridge University Press, Cambridge, 1904, p. 11-12.",,2021-05-10,,False,,,False,,,,,,,,
_record_3,manuscript_11838,,,"Cambridge, Emmanuel College, MS 15",manuscript,,MS-EMMANUEL-COLLEGE-00015,,,,,,Diktyon 11838,"Description (2021) draws on M.R. James, The Western manuscripts in the library of Emmanuel College: a descriptive catalogue, Cambridge University Press, Cambridge, 1904, p. 12-13.",,2021-05-12,,False,,,False,,,,,,,,
_record_4,manuscript_11838,,,"Cambridge, Emmanuel College, MS 14",manuscript,,MS-EMMANUEL-COLLEGE-00014,,,,,,Diktyon 11838,"Description (2021) draws on M.R. James, The Western manuscripts in the library of Emmanuel College: a descriptive catalogue, Cambridge University Press, Cambridge, 1904, p. 12-13.",,2021-05-12,,False,,,False,,,,,,,,
_record_3,manuscript_11839,,,"Cambridge, Emmanuel College, MS 30",manuscript,,MS-EMMANUEL-COLLEGE-00030,,,,,,Diktyon 11839,"Description (2021) draws on M.R. James, The Western manuscripts in the library of Emmanuel College: a descriptive catalogue, Cambridge University Press, Cambridge, 1904, p. 29.",,2021-05-14,,False,,,False,,,,,,,,
_record_1,manuscript_11840,,,"Cambridge, Emmanuel College, MS 32",manuscript-composite,,MS-EMMANUEL-COLLEGE-00032,,,,,,Diktyon 11840,"Description (2021) draws on M.R. James, The Western manuscripts in the library of Emmanuel College: a descriptive catalogue, Cambridge University Press, Cambridge, 1904, p. 31-34.",,2021-05-26,,False,,,False,,,,,,,,
_record_1,manuscript_11841,,,"Cambridge, Emmanuel College, MS 33",manuscript-composite,,MS-EMMANUEL-00033,,,,,,Diktyon 11841,"Description (2021) draws on M.R. James, The Western manuscripts in the library of Emmanuel College: a descriptive catalogue, Cambridge University Press, Cambridge, 1904, p. 34-35.",,2021-05-31,,False,,,False,,,,,,,,
_record_5,manuscript_11842,,,"Cambridge, Emmanuel College, MS 59",manuscript,,MS-EMMANUEL-COLLEGE-00059,,,,,, Diktyon 11842,"Description (2021) draws partly on M.R. James, The Western Manuscripts in the Library of Emmanuel College (Cambridge: Cambridge University Press, 1904), pp. 52-53",,2021-03-25,,False,,,False,,,,,,,,
_record_5,manuscript_11843,,,"Cambridge, Emmanuel College, MS 61",manuscript,,MS-EMMANUEL-COLLEGE-00061,,,,,, Diktyon 11843,"Description (2021) draws partly on M.R. James, The Western Manuscripts in the Library of Emmanuel College (Cambridge: Cambridge University Press, 1904), pp. 53-54",,2021-03-17,,False,,,False,,,,,,,,
_record_4,manuscript_11844,,,"Cambridge, Emmanuel College, MS 90",manuscript,,MS-EMMANUEL-COLLEGE-00090,,,,,,Diktyon 11844,,,2022-02-07,,False,,,False,,,,,,,,
_record_11,manuscript_11845,,,"Cambridge, Emmanuel College, MS 109",manuscript,,MS-EMMANUEL-COLLEGE-00109,,,,,, Diktyon 11845,"Description (2021) draws partly on M. R. James, The Western Manuscripts in the Library of Emmanuel College, Cambridge University Press, Cambridge, 1904, pp. 95-96",,2021-05-19,,False,,,False,,,,,,,,
_record_10,manuscript_11846,,,"Cambridge, Emmanuel College, MS 110",manuscript,,MS-EMMANUEL-COLLEGE-00110,,,,,,Diktyon 11846,,,2022-02-07,,False,,,False,,,,,,,,
_record_5,manuscript_11848,,,"Cambridge, Emmanuel College, MS 249",manuscript,,MS-EMMANUEL-COLLEGE-00249,,,,,, Diktyon 11848,"Description (2021) partly draws on M. R. James, The Western Manuscripts in the Library of Emmanuel College, Cambridge University Press, Cambridge, 1904, p. 147",,2021-03-13,,False,,,False,,,,,,,,
_record_3,manuscript_11849,,,"Cambridge, Emmanuel College, MS 251",manuscript-composite,,MS-EMMANUEL-COLLEGE-00251,,,,,,Diktyon 11849,,,2022-12-20,,False,,,False,,,,,,,,
_record_8,manuscript_11850,,,"Cambridge, Emmanuel College, MS 253",manuscript,,MS-EMMANUEL-COLLEGE-00253,,,,,,Diktyon 11850,,,2021-03-18,,False,,,False,,,,,,,,
_record_1,manuscript_11851,,,"Cambridge, Emmanuel College, MS 236",manuscript-composite,,MS-EMMANUEL-COLLEGE-00236,,,,,,Diktyon 11851,"Description (2021) draws on M.R. James, The Western manuscripts in the library of Emmanuel College: a descriptive catalogue, Cambridge University Press, Cambridge, 1904, p. 134-136.",,2021-08-09,,False,,,False,,,,,,,,
_record_1,manuscript_11852,,,"Cambridge, Fitzwilliam Museum, MS 229",manuscript-composite,,MS-FITZWILLIAM-00229,,,,,,Diktyon 11852,,,2022-02-11,,False,,,False,,,,,,,,
_record_1,manuscript_11853,,,"Cambridge, Fitzwilliam Museum, MS Charles Fairfax Murray 30",manuscript-composite,,MS-FITZWILLIAM-CHARLES-FAIRFAX-MURRAY-00030,,,,,,Diktyon 11853,,,2021-06-01,,False,,,False,,,,,,,,
_record_2,manuscript_11854,,,"Cambridge, Fitzwilliam Museum, MS Charles Fairfax Murray 7",manuscript,,MS-FITZWILLIAM-CHARLES-FAIRFAX-MURRAY-00007,,,,,,Diktyon 11854,,,2021-07-09,,False,,,False,,,,,,,,
_record_4,manuscript_11855,,,"Cambridge, Fitzwilliam Museum, MS McClean 1",manuscript,,MS-FITZWILLIAM-MCCLEAN-00001,,,,,,Diktyon 11855,,,2021-07-30,,False,,,False,,,,,,,,
_record_2,manuscript_11856,,,"Cambridge, Fitzwilliam Museum, MS McClean 2",manuscript-composite,,MS-FITZWILLIAM-MCCLEAN-00002,,,,,,Diktyon 11856,,,2021-07-30,,False,,,False,,,,,,,,
_record_5,manuscript_11857,,,"Cambridge, Fitzwilliam Museum, MS McClean 3",manuscript,,MS-FITZWILLIAM-MCCLEAN-00003,,,,,,Diktyon 11857,,,2021-06-01,,False,,,False,,,,,,,,
_record_5,manuscript_11858,,,"Cambridge, Fitzwilliam Museum, MS McClean 4",manuscript,,MS-FITZWILLIAM-MCCLEAN-00004,,,,,,Diktyon 11858,,,2021-07-14,,False,,,False,,,,,,,,
_record_2,manuscript_11859,,,"Cambridge, Fitzwilliam Museum, MS 3-1955",manuscript,,MS-FITZWILLIAM-00003-01955,,,,,,Diktyon 11859,,,2021-06-01,,False,,,False,,,,,,,,
_record_7,manuscript_11860,,,"Cambridge, Fitzwilliam Museum, MS 325",manuscript,,MS-FITZWILLIAM-00325,,,,,, Diktyon 11860,"Description (2021) draws partly on P. Easterling, Greek manuscripts in Cambridge: recent acquisitions by College Libraries, the Fitzwilliam Museum and private collectors, in: Transactions of the Cambridge Bibliographical Society 4.3, 1966, pp. 179-191: 190, and on F. Wormald, P.M. Giles, A descriptive catalogue of the additional illuminated manuscripts in the Fitzwilliam Museum acquired between 1895 and 1979 (excluding the McClean Collection), I, Cambridge, Cambridge University Press, 1982, p. 315",,2021-05-21,,False,,,False,,,,,,,,
_record_4,manuscript_11861,,,"Cambridge, Fitzwilliam Museum, MS 355.I.fol.7",manuscript,,MS-FITZWILLIAM-00355,,,,,, Diktyon 11861,"Description (2021) draws on P. Easterling, 'Greek manuscripts in Cambridge: recent acquisitions by College Libraries, the Fitzwilliam Museum and private collectors', Transactions of the Cambridge Bibliographical Society 4.3 (1966), 179-191 (p. 190).",,2021-05-27,,False,,,False,,,,,,,,
_record_1,manuscript_11863,,,"Cambridge, Gonville and Caius College, MS 47/24 ",manuscript-composite,,MS-GONVILLE-AND-CAIUS-00047-00024,,,,,, Diktyon 11863,"Description (2021) draws partly on M. R. James, A descriptive catalogue of the Manuscripts in the Library of Gonville and Caius College, vol. 1, Cambridge University Press, Cambridge, 1907, pp. 39-40.",,2021-02-16,,False,,,False,,,,,,,,
_record_5,manuscript_11864,,,"Cambridge, Gonville and Caius College, MS 50/27 ",manuscript,,MS-GONVILLE-AND-CAIUS-00050-00027,,,,,, Diktyon 11864,"Description (2021) draws partly on M.R. James, A descriptive catalogue of the Manuscripts in the Library of Gonville and Caius College, vol. 1, Cambridge University Press, Cambridge, 1907, pp. 41-43.",,2021-02-28,,False,,,False,,,,,,,,
_record_4,manuscript_11865,,,"Cambridge, Gonville and Caius College, MS 76/43",manuscript-composite,,MS-GONVILLE-AND-CAIUS-00076-00043,,,,,,Diktyon 11865,,,2021-08-24,,False,,,False,,,,,,,,
_record_8,manuscript_11866,,,"Cambridge, Gonville and Caius College, MS 77/44",manuscript,,MS-GONVILLE-AND-CAIUS-00077-00044,,,,,,Diktyon 11866,,,2022-03-17,,False,,,False,,,,,,,,
_record_8,manuscript_11867,,,"Cambridge, Gonville and Caius College, MS 348/541",manuscript,,MS-GONVILLE-AND-CAIUS-00348-00541,,,,,, Diktyon 11867,,,2021-01-26,,False,,,False,,,,,,,,
_record_1,manuscript_11868,,,"Cambridge, Gonville and Caius College, MS 355/582",manuscript-composite,,MS-GONVILLE-AND-CAIUS-00355-00582,,,,,, Diktyon 11868,"Description (2021) draws partly on M. R. James, A descriptive catalogue of the Manuscripts in the Library of Gonville and Caius College, vol. 2, Cambridge University Press, Cambridge, 1908, pp. 401-404.",,2021-02-05,,False,,,False,,,,,,,,
_record_1,manuscript_11869,,,"Cambridge, Gonville and Caius College, MS 360/587 ",manuscript-composite,,MS-GONVILLE-AND-CAIUS-00360-00587,,,,,, Diktyon 11869,"Description (2021) draws partly on M. R. James, A descriptive catalogue of the Manuscripts in the Library of Gonville and Caius College, vol. 2, Cambridge University Press, Cambridge, 1908, pp. 407-408.",,2021-02-09,,False,,,False,,,,,,,,
_record_5,manuscript_11870,,,"Cambridge, Gonville and Caius College, MS 403/412",manuscript,,MS-GONVILLE-AND-CAIUS-00403-00412,,,,,, Diktyon 11870,"Description (2021) partly draws on M. R. James, A descriptive catalogue of the Manuscripts in the Library of Gonville and Caius College, vol. 2, Cambridge University Press, Cambridge, 1908, pp. 469-470.",,2021-04-22,,False,,,False,,,,,,,,
_record_1,manuscript_11871,,,"Cambridge, Gonville and Caius College, MS 495/264",manuscript-composite,,MS-GONVILLE-AND-CAIUS-00495-00264,,,,,, Diktyon 11871,"Description (2021) draws partly on M.R. James, . A descriptive catalogue of the Manuscripts in the Library of Gonville and Caius College, vol. 2 (Cambridge: Cambridge University Press, 1908), p. 567","M.R. James, A descriptive catalogue of the Manuscripts in the Library of Gonville and Caius College, vol. 2 (Cambridge: Cambridge University Press, 1908), p. 567",2021-01-29,,False,,,False,,,,,,,,
_record_5,manuscript_11872,,,"Cambridge, Gonville and Caius College, MS 500/382",manuscript,,MS-GONVILLE-AND-CAIUS-00500-00382,,,,,,Diktyon 11872,,,2021-08-14,,False,,,False,,,,,,,,
_record_5,manuscript_11873,,,"Cambridge, Gonville and Caius College, MS 596/455",manuscript,,MS-GONVILLE-AND-CAIUS-00596-00455,,,,,, Diktyon 11873,"Description (2021) draws partly on M. R. James, A descriptive catalogue of the Manuscripts in the Library of Gonville and Caius College, vol. 2, Cambridge University Press, Cambridge, 1908, pp. 628-629.",,2021-02-03,,False,,,False,,,,,,,,
_record_1,manuscript_11875,,,"Cambridge, Gonville and Caius College, MS 716/63",manuscript-composite,,MS-GONVILLE-AND-CAIUS-00716-00063,,,,,,"
                                Diktyon 11875
                            ",,,2022-02-20,,False,,,False,,,,,,,,
_record_3,manuscript_11879,,,"Cambridge, Gonville and Caius College, MS 781/819",manuscript-composite,,MS-GONVILLE-AND-CAIUS-00781-00819,,,,,,Diktyon 11879,,,2022-03-17,,False,,,False,,,,,,,,
_record_3,manuscript_11880,,,"Cambridge, Gonville and Caius College, MS 788/791 ",manuscript,,MS-GONVILLE-AND-CAIUS-00788-00791,,,,,, Diktyon 11880,"Description (2021) draws partly on M. R. James, Supplement to the catalogue of manuscripts in the library of Gonville and Caius College, Cambridge University Press, Cambridge, 1914, p. 39.",,2021-02-03,,False,,,False,,,,,,,,
_record_4,manuscript_11881,,,"Cambridge, Gonville and Caius College, MS 790/812",manuscript,,MS-GONVILLE-AND-CAIUS-00790-00812,,,,,, Diktyon 11881,"Description (2021) partly draws on M. R. James, Supplement to the catalogue of manuscripts in the library of Gonville and Caius College, Cambridge University Press, Cambridge, 1914, pp. 39-40.",,2021-03-11,,False,,,False,,,,,,,,
_record_3,manuscript_11882,,,"Cambridge, King's College, MS 10",manuscript-composite,,MS-KINGS-00010,,,,,, Diktyon 11882,"Description (2020) draws partly on M.R. James, A descriptive catalogue of the Manuscripts other than Oriental in the Library of King's College, Cambridge, Cambridge University Press, Cambridge, 1895, pp. 14-20.",,2020-04-24,,False,,,False,,,,,,,,
_record_3,manuscript_11883,,,"Cambridge, King's College, MS 20",manuscript,,MS-KINGS-00020,,,,,,Diktyon 11883,"M.R. James, A descriptive catalogue of the Manuscripts other than Oriental in the Library of King's College, Cambridge, Cambridge University Press, Cambridge, 1895, pp. 36-37.",,2019-11-19,,False,,,False,,,,,,,,
_record_6,manuscript_11884,,,"Cambridge, King's College, MS 23",manuscript,,MS-KINGS-00023,,,,,,Diktyon 11884,"Description (2020) partly draws on M.R. James, A descriptive catalogue of the Manuscripts other than Oriental in the Library of King's College, Cambridge, Cambridge University Press, Cambridge, 1895, p. 41.",,2019-12-03,,False,,,False,,,,,,,,
_record_5,manuscript_11885,,,"Cambridge, King's College, MS 45",manuscript,,MS-KINGS-00045,,,,,,Diktyon 11885,"Description draws on Patricia E. Easterling, ""Greek manuscripts in Cambridge: recent acquisitions by college libraries, the Fitzwilliam Museum and private collectors."", Transactions of the Cambridge Bibliographical Society 4 (1966), pp. 179-191 at p. 187.",,2022-03-17,,False,,,False,,,,,,,,
_record_2,manuscript_11888,,,"Cambridge, Pembroke College, MS 288",manuscript,,MS-PEMBROKE-00288,,,,,,Diktyon 11888,,,2022-03-18,,False,,,False,,,,,,,,
_record_6,manuscript_11889,,,"Cambridge, Pembroke College, MS 291",manuscript,,MS-PEMBROKE-00291,,,,,,Diktyon 11889,,,2022-03-18,,False,,,False,,,,,,,,
_record_1,manuscript_11890,,,"Cambridge, Pembroke College, MS 292",manuscript-composite,,MS-PEMBROKE-00292,,,,,,Diktyon 11890,,,2022-12-20,,False,,,False,,,,,,,,
_record_1,manuscript_11891,,,"Cambridge, Pembroke College, MS 293",manuscript-composite,,MS-PEMBROKE-00293,,,,,,Diktyon 11891,,,2022-03-18,,False,,,False,,,,,,,,
_record_3,manuscript_11892,,,"Cambridge, Pembroke College, MS 294",manuscript,,MS-PEMBROKE-00294,,,,,,Diktyon 11892,,,2020-07-23,,False,,,False,,,,,,,,
_record_1,manuscript_11893,,,"Cambridge, Pembroke College, MS 295",manuscript-composite,,MS-PEMBROKE-00295,,,,,,Diktyon 11893,,,2022-03-18,,False,,,False,,,,,,,,
_record_5,manuscript_11894,,,"Cambridge, Pembroke College, MS 310",manuscript,,MS-PEMBROKE-00310,,,,,,Diktyon 11894,,,2022-03-18,,False,,,False,,,,,,,,
_record_1,manuscript_11895,,,"Cambridge, Queens' College, MS 32",manuscript-composite,,MS-QUEENS-00032,,,,,,Diktyon 11895,"Description (2019) draws partly on M.R. James, A descriptive catalogue of the Western Manuscripts in the Library of Queens College, Cambridge, Cambridge University Press, Cambridge, 1905, pp. 23-24.",,2019-11-25,,False,,,False,,,,,,,,
_record_7,manuscript_11896,,,"Cambridge, Queens' College, MS 33",manuscript,,MS-QUEENS-00033,,,,,,11896,"Description (2019) draws on M.R. James, A descriptive catalogue of the western manuscripts in the library of Queen's College, Cambridge, Cambridge University Press, 1905, pp. 24-25.",,2019-11-25,,False,,,False,,,,,,,,
_record_6,manuscript_11897,,,"Cambridge, Sidney Sussex College, MS 61",manuscript,,MS-SIDNEY-00061,,,,,,Diktyon 11897,,,2021-02-23,,False,,,False,,,,,,,,
_record_3,manuscript_11898,,,"Cambridge, St John's College, MS F.15",manuscript,,MS-SJC-F-00015,,,,,,Diktyon 11898,"Description (2020) draws on M.R. James, A descriptive catalogue of the manuscripts in the library of St. John's College, Cambridge, Cambridge University Press, Cambridge, 1913, p. 185.",,2020-09-14,,False,,,False,,,,,,,,
_record_1,manuscript_11899,,,"Cambridge, St John's College, MS O.79",manuscript-composite,,MS-ST-JOHNS-O-00079,,,,,,Diktyon 11899,"Description of binding draws upon unpublished description prepared (2020) by Samuel Foley and Cecilia Diminuco, Dept of Conservation and Collection Care, Cambridge University Library.",,2021-03-30,,False,,,False,,,,,,,,
_record_4,manuscript_11901,,,"Cambridge, St John's College, MS A.6",manuscript,,MS-SJC-A-00006,,,,,, Diktyon 11901,"Description (2020) partly draws on M. R. James, A descriptive catalogue of the manuscripts in the library of St. John's College, Cambridge (Cambridge: University Press, 1913, pp. 7-8",,2020-09-16,,False,,,False,,,,,,,,
_record_5,manuscript_11907,,,"Cambridge, Trinity College, MS B.3.18",manuscript-composite,,MS-TRINITY-B-00003-00018,,,,,, Diktyon 11907,"Description (2021) draws partly on M.R. James, The Western Manuscripts in the Library of Trinity College Cambridge (Cambridge: Cambridge University Press, 1900) vol. 1, p. 118.",,2021-03-30,,False,,,False,,,,,,,,
_record_5,manuscript_11908,,,"Cambridge, Trinity College, MS B.4.10",manuscript,,MS-TRINITY-B-00004-00010,,,,,, Diktyon 11908,"Description (2020) partly draws on M. R. James, The Western Manuscripts in the Library of Trinity College Cambridge, Cambridge: Cambridge University Press, 1900), vol. 1, p. 147.",,2020-05-01,,False,,,False,,,,,,,,
_record_5,manuscript_11910,,,"Cambridge, Trinity College, MS B.7.1",manuscript,,MS-TRINITY-B-00007-00001,,,,,, Diktyon 11910,"Description (2021) draws partly on M. R. James, The Western Manuscripts in the Library of Trinity College Cambridge, vol. 1, Cambridge University Press, Cambridge, 1900, pp. 227-229.",,2021-04-15,,False,,,False,,,,,,,,
_record_4,manuscript_11911,,,"Cambridge, Trinity College, MS B.7.2",manuscript,,MS-TRINITY-B-00007-00002,,,,,,Diktyon 11911,,,2020-12-16,,False,,,False,,,,,,,,
_record_1,manuscript_11912,,,"Cambridge, Trinity College, MS B.7.3",manuscript-composite,,MS-TRINITY-B-00007-00003,,,,,,Diktyon 11912,"Description (2020) draws on M.R. James, The Western Manuscripts in the Library of Trinity College, Cambridge (Cambridge: Cambridge University Press, 1900), vol. 1, pp. 231-232.",,2020-06-10,,False,,,False,,,,,,,,
_record_3,manuscript_11913,,,"Cambridge, Trinity College, MS B.7.4",manuscript,,MS-TRINITY-B-00007-00004,,,,,, Diktyon 11913,"Description (2021) draws partly on M. R. James, The Western Manuscripts in the Library of Trinity College Cambridge (Cambridge: Cambridge University Press, 1900), vol. 1, pp. 181-182.",,2021-04-26,,False,,,False,,,,,,,,
_record_4,manuscript_11914,,,"Cambridge, Trinity College, MS B.7.7",manuscript,,MS-TRINITY-B-00007-00007,,,,,,Diktyon 11914,"Description (2020) draws on M.R. James, .The Western Manuscripts in the Library of Trinity College, Cambridge, vol. 1, Cambridge University Press, Cambridge, 1900, p. 236-237","M.R. James, The Western Manuscripts in the Library of Trinity College, Cambridge, vol. 1, Cambridge University Press, Cambridge, 1900, p. 236-237",2020-10-13,,False,,,False,,,,,,,,
_record_1,manuscript_11915,,,"Cambridge, Trinity College, MS B.8.1",manuscript-composite,,MS-TRINITY-B-00008-00001,,,,,,Diktyon 11915,,,2022-03-18,,False,,,False,,,,,,,,
_record_8,manuscript_11916,,,"Cambridge, Trinity College, MS B.8.2",manuscript,,MS-TRINITY-B-00008-00002,,,,,,Diktyon 11916,"Description (2020) draws on M.R. James, The Western Manuscripts in the Library of Trinity College, Cambridge (Cambridge: Cambridge University Press, 1900), vol. 1, p. 239.",,2020-05-13,,False,,,False,,,,,,,,
_record_4,manuscript_11917,,,"Cambridge, Trinity College, MS B.8.3",manuscript-composite,,MS-TRINITY-B-00008-00003,,,,,,Diktyon 11917,,,2022-03-18,,False,,,False,,,,,,,,
_record_3,manuscript_11918,,,"Cambridge, Trinity College, MS B.8.4",manuscript,,MS-TRINITY-B-00008-00004,,,,,,Diktyon 11918,"Description (2021) draws on M.R. James, The Western Manuscripts in the Library of Trinity College, Cambridge (Cambridge: Cambridge University Press, Cambridge, 1900), vol. 1, pp. 241-242.",,2021-07-27,,False,,,False,,,,,,,,
_record_1,manuscript_11919,,,"Cambridge, Trinity College, MS B.8.5",manuscript-composite,,MS-TRINITY-B-00008-00005,,,,,,Diktyon 11919,,,2022-12-27,,False,,,False,,,,,,,,
_record_1,manuscript_11920,,,"Cambridge, Trinity College, MS B.8.6",manuscript-composite,,MS-TRINITY-B-00008-00006,,,,,,"
                        Diktyon 11920
                     ",,,2022-03-17,,False,,,False,,,,,,,,
_record_1,manuscript_11921,,,"Cambridge, Trinity College, MS B.8.7",manuscript-composite,,MS-TRINITY-B-00008-00007,,,,,, Diktyon 11921,,,2021-10-14,,False,,,False,,,,,,,,
_record_3,manuscript_11922,,,"Cambridge, Trinity College, MS B.8.8",manuscript,,MS-TRINITY-B-00008-00008,,,,,,Diktyon 11922,"Description (2021) draws on M.R. James, The Western Manuscripts in the Library of Trinity College, Cambridge (Cambridge: Cambridge University Press, 1900), vol. 1, pp. 250-252.",,2021-02-05,,False,,,False,,,,,,,,
_record_5,manuscript_11923,,,"Cambridge, Trinity College, MS B.8.9",manuscript,,MS-TRINITY-B-00008-00009,,,,,,"
                                Diktyon 11923
                            ",,,2022-11-07,,False,,,False,,,,,,,,
_record_1,manuscript_11924,,,"Cambridge, Trinity College, MS B.8.10",manuscript-composite,,MS-TRINITY-B-00008-00010,,,,,,Diktyon 11924,"Description (2021) draws on M.R. James, The Western Manuscripts in the Library of Trinity College, Cambridge (Cambridge: Cambridge University Press, 1900), vol. 1, pp. 253-254.",,2021-03-12,,False,,,False,,,,,,,,
_record_3,manuscript_11925,,,"Cambridge, Trinity College, MS B.8.11",manuscript,,MS-TRINITY-B-00008-00011,,,,,,Diktyon 11925,"Description (2020) draws on M.R. James, The Western Manuscripts in the Library of Trinity College, Cambridge, vol. 1, Cambridge University Press, Cambridge, 1900, p. 254-255.",,2020-05-28,,False,,,False,,,,,,,,
_record_5,manuscript_11926,,,"Cambridge, Trinity College, MS B.8.12",manuscript,,MS-TRINITY-B-00008-00012,,,,,,Diktyon 11926,"Description (2021) draws on M.R. James, The Western Manuscripts in the Library of Trinity College, Cambridge (Cambridge: Cambridge University Press, 1900), vol. 1, pp. 256-257.",,2021-03-17,,False,,,False,,,,,,,,
_record_5,manuscript_11927,,,"Cambridge, Trinity College, MS B.8.5A",manuscript,,MS-TRINITY-B-00008-00005-A,,,,,,Diktyon 11927,,,2022-03-18,,False,,,False,,,,,,,,
_record_1,manuscript_11928,,,"Cambridge, Trinity College, MS B.9.1",manuscript-composite,,MS-TRINITY-B-00009-00001,,,,,,Diktyon 11928,,,2022-11-07,,False,,,False,,,,,,,,
_record_4,manuscript_11929,,,"Cambridge, Trinity College, MS B.9.2",manuscript,,MS-TRINITY-B-00009-00002,,,,,,Diktyon 11929,,,2021-05-12,,False,,,False,,,,,,,,
_record_1,manuscript_11930,,,"Cambridge, Trinity College, MS B.9.3",manuscript-composite,,MS-TRINITY-B-00009-00003,,,,,,Diktyon 11930,,,2021-06-16,,False,,,False,,,,,,,,
_record_1,manuscript_11931,,,"Cambridge, Trinity College, MS B.9.4",manuscript-composite,,MS-TRINITY-B-00009-00004,,,,,,Diktyon 11931,,,2022-12-27,,False,,,False,,,,,,,,
_record_5,manuscript_11932,,,"Cambridge, Trinity College, MS B.9.5",manuscript,,MS-TRINITY-B-00009-00005,,,,,, Diktyon 11932,"Description (2021) draws partly on M. R. James, The Western Manuscripts in the Library of Trinity College Cambridge (Cambridge: Cambridge University Press, 1900), vol. 1, pp. 263-264.",,2021-03-10,,False,,,False,,,,,,,,
_record_2,manuscript_11933,,,"Cambridge, Trinity College, MS B.9.6",manuscript,,MS-TRINITY-B-00009-00006,,,,,,Diktyon 11933,,,2022-10-12,,False,,,False,,,,,,,,
_record_1,manuscript_11934,,,"Cambridge, Trinity College, MS B.9.7",manuscript-composite,,MS-TRINITY-B-00009-00007,,,,,, Diktyon 11934,"Description (2020) partly draws on M. R. James, The Western Manuscripts in the Library of Trinity College Cambridge (Cambridge: Cambridge University Press, 1900), vol. 1, pp. 268-270.",,2020-03-27,,False,,,False,,,,,,,,
_record_6,manuscript_11935,,,"Cambridge, Trinity College, MS B.9.8",manuscript,,MS-TRINITY-B-00009-00008,,,,,, Diktyon 11935,"Description (2020) partly draws on M.R. James, The Western Manuscripts in the Library of Trinity College Cambridge (Cambridge: Cambridge University Press, 1900), vol. 1, pp. 270-271.",,2020-04-01,,False,,,False,,,,,,,,
_record_5,manuscript_11936,,,"Cambridge, Trinity College, MS B.9.9",manuscript,,MS-TRINITY-B-00009-00009,,,,,, Diktyon 11936,"Description (2020) draws partly on M.R. James, The Western Manuscripts in the Library of Trinity College Cambridge (Cambridge: Cambridge University Press, 1900), vol. 1, p. 147.",,2020-10-09,,False,,,False,,,,,,,,
_record_4,manuscript_11937,,,"Cambridge, Trinity College, MS B.9.10",manuscript,,MS-TRINITY-B-00009-00010,,,,,, Diktyon 11937,"Description (2020) draws partly on M.R. James, The Western Manuscripts in the Library of Trinity College Cambridge (Cambridge: Cambridge University Press, 1900), vol. 1, p. 274.",,2020-12-04,,False,,,False,,,,,,,,
_record_3,manuscript_11938,,,"Cambridge, Trinity College, MS B.9.11",manuscript,,MS-TRINITY-B-00009-00011,,,,,, Diktyon 11938,"Description (2020) draws partly on M. R. James, The Western Manuscripts in the Library of Trinity College Cambridge (Cambridge: Cambridge University Press, 1900), vol. 1, p. 274.",,2020-04-15,,False,,,False,,,,,,,,
_record_4,manuscript_11939,,,"Cambridge, Trinity College, MS B.9.12",manuscript,,MS-TRINITY-B-00009-00012,,,,,,Diktyon 11939,"Description (2020) draws on M.R. James, The Western Manuscripts in the Library of Trinity College, Cambridge (Cambridge: Cambridge University Press, 1900), vol. 1, p. 275.",,2020-05-20,,False,,,False,,,,,,,,
_record_6,manuscript_11940,,,"Cambridge, Trinity College, MS B.9.13",manuscript,,MS-TRINITY-B-00009-00013,,,,,,Diktyon 11940,"Description (2020) draws on M.R. James, The Western Manuscripts in the Library of Trinity College, Cambridge (Cambridge: Cambridge University Press, 1900), vol. 1, pp. 275-277.",,2020-12-04,,False,,,False,,,,,,,,
_record_1,manuscript_11941,,,"Cambridge, Trinity College, MS B.9.14",manuscript-composite,,MS-TRINITY-B-00009-00014,,,,,,Diktyon 11941,,,2022-03-16,,False,,,False,,,,,,,,
_record_1,manuscript_11942,,,"Cambridge, Trinity College, MS B.9.15",manuscript-composite,,MS-TRINITY-B-00009-00015,,,,,,Diktyon 11942,,,2021-09-02,,False,,,False,,,,,,,,
_record_6,manuscript_11943,,,"Cambridge, Trinity College, MS B.10.3",manuscript,,MS-TRINITY-B-00010-00003,,,,,,Diktyon 11943,,,2019-12-11,,False,,,False,,,,,,,,
_record_6,manuscript_11944,,,"Cambridge, Trinity College, MS B.10.11",manuscript,,MS-TRINITY-B-00010-00011,,,,,,Diktyon 11944,,,2022-02-21,,False,,,False,,,,,,,,
_record_9,manuscript_11945,,,"Cambridge, Trinity College, MS B.10.16",manuscript,,MS-TRINITY-B-00010-00016,,,,,,Diktyon 11945,,,2020-12-16,,False,,,False,,,,,,,,
_record_1,manuscript_11946,,,"Cambridge, Trinity College, MS B.10.17",manuscript-composite,,MS-TRINITY-B-00010-00017,,,,,,Diktyon 11946,,,2019-07-23,,False,,,False,,,,,,,,
_record_1,manuscript_11947,,,"Cambridge, Trinity College, MS B.11.17",manuscript-composite,,MS-TRINITY-B-00011-00017,,,,,,Diktyon 11947,,,2022-03-16,,False,,,False,,,,,,,,
_record_8,manuscript_11948,,,"Cambridge, Trinity College, MS B.17.1",manuscript,,MS-TRINITY-B-00017-00001,,,,,,Diktyon 11948,,,2022-02-02,,False,,,False,,,,,,,,
_record_5,manuscript_11949,,,"Cambridge, Trinity College, MS B.17.2",manuscript,,MS-TRINITY-B-00017-00002,,,,,,11949,,,2020-09-16,,False,,,False,,,,,,,,
_record_1,manuscript_11950,,,"Cambridge, Trinity College, MS B.17.20",manuscript-composite,,MS-TRINITY-B-00017-00020,,,,,,Diktyon 11950,,,2022-03-16,,False,,,False,,,,,,,,
_record_5,manuscript_11951,,,"Cambridge, Trinity College, MS O.1.2",manuscript,,MS-TRINITY-O-00001-00002,,,,,,Diktyon 11951,,,2022-03-09,,False,,,False,,,,,,,,
_record_4,manuscript_11952,,,"Cambridge, Trinity College, MS O.1.4",manuscript,,MS-TRINITY-O-00001-00004,,,,,,Diktyon 11952,,,2020-06-24,,False,,,False,,,,,,,,
_record_7,manuscript_11953,,,"Cambridge, Trinity College, MS O.1.5",manuscript,,MS-TRINITY-O-00001-00005,,,,,,Diktyon 11953,,,2022-03-10,,False,,,False,,,,,,,,
_record_5,manuscript_11954,,,"Cambridge, Trinity College, MS O.1.8",manuscript,,MS-TRINITY-O-00001-00008,,,,,,Diktyon 11954,,,2022-01-19,,False,,,False,,,,,,,,
_record_7,manuscript_11955,,,"Cambridge, Trinity College, MS O.1.10",manuscript,,MS-TRINITY-O-00001-00010,,,,,, Diktyon 11955,"Description (2021) draws partly on M.R. James, The Western Manuscripts in the Library of Trinity College Cambridge (Cambridge: Cambridge University Press, 1902), vol. 3, p. 9",,2020-04-15,,False,,,False,,,,,,,,
_record_8,manuscript_11956,,,"Cambridge, Trinity College, MS O.1.14",manuscript,,MS-TRINITY-O-00001-00014,,,,,, Diktyon 11956,"Description (2020) draws partly on M. R. James, The Western Manuscripts in the Library of Trinity College Cambridge (Cambridge: Cambridge University Press, 1902), vol. 3, pp. 13-15.",,2020-07-03,,False,,,False,,,,,,,,
_record_6,manuscript_11957,,,"Cambridge, Trinity College, MS O.1.15",manuscript,,MS-TRINITY-O-00001-00015,,,,,, Diktyon 11957,"Description (2020) draws partly on M. R. James, The Western Manuscripts in the Library of Trinity College Cambridge, vol. 3, Cambridge University Press, Cambridge, 1902, p. 15.",,2020-10-14,,False,,,False,,,,,,,,
_record_4,manuscript_11958,,,"Cambridge, Trinity College, MS O.1.19",manuscript,,MS-TRINITY-O-00001-00019,,,,,, Diktyon 11958,"Description (2021) draws partly on M.R. James, The Western Manuscripts in the Library of Trinity College Cambridge (Cambridge: Cambridge University Press, 1902), vol. 3, pp. 22-23.",,2021-05-24,,False,,,False,,,,,,,,
_record_6,manuscript_11959,,,"Cambridge, Trinity College, MS O.1.23",manuscript,,MS-TRINITY-O-00001-00023,,,,,,Diktyon 11959,,,2022-02-21,,False,,,False,,,,,,,,
_record_5,manuscript_11960,,,"Cambridge, Trinity College, MS O.1.32",manuscript,,MS-TRINITY-O-00001-00032,,,,,,Diktyon 11960,"Description (2019) draws partly on M. R. James, The Western Manuscripts in the Library of Trinity College Cambridge, vol. 3, Cambridge University Press, Cambridge, 1902, pp. 36-37.",,2019-10-09,,False,,,False,,,,,,,,
_record_5,manuscript_11961,,,"Cambridge, Trinity College, MS O.1.36",manuscript,,MS-TRINITY-O-00001-00036,,,,,, Diktyon 11961,"Description (2020) draws partly on M.R. James, The Western Manuscripts in the Library of Trinity College Cambridge (Cambridge: Cambridge University Press, 1902), vol. 3, pp. 41-43.",,2020-11-06,,False,,,False,,,,,,,,
_record_5,manuscript_11962,,,"Cambridge, Trinity College, MS O.1.37",manuscript,,MS-TRINITY-O-00001-00037,,,,,, Diktyon 11962,"Description (2020) partly draws on M.R. James, The Western Manuscripts in the Library of Trinity College Cambridge (Cambridge: Cambridge University Press, 1902), vol. 3, pp. 43-44.",,2020-07-16,,False,,,False,,,,,,,,
_record_6,manuscript_11963,,,"Cambridge, Trinity College, MS O.1.53",manuscript,,MS-TRINITY-O-00001-00053,,,,,,Diktyon 11963,,,2022-03-17,,False,,,False,,,,,,,,
_record_7,manuscript_11964,,,"Cambridge, Trinity College, MS O.1.54",manuscript,,MS-TRINITY-O-00001-00054,,,,,, Diktyon 11964,"Description (2020) draws partly on M.R. James, The Western Manuscripts in the Library of Trinity College Cambridge (Cambridge: Cambridge University Press, 1902), vol. 3, pp. 52-53.",,2020-06-04,,False,,,False,,,,,,,,
_record_5,manuscript_11965,,,"Cambridge, Trinity College, MS O.1.55",manuscript-composite,,MS-TRINITY-O-00001-00055,,,,,,Diktyon 11965,"Description (2020) draws partly on M. R. James, The Western Manuscripts in the Library of Trinity College Cambridge, vol. 3, Cambridge University Press, Cambridge, 1902, p. 53, and N. Tchernetska, 'Hand-list of the Greek palimpsests in Cambridge libraries', in: G. Prato, I manoscritti greci tra riflessione e dibattito: Atti del V Colloquio Internazionale di Paleografia Greca (Cremona 4-10 ottobre 1998), Florence 2000, pp. 733-739",,2020-06-12,,False,,,False,,,,,,,,
_record_1,manuscript_11966,,,"Cambridge, Trinity College, MS O.1.61",manuscript,,MS-TRINITY-O-00001-00061,,,,,,Diktyon 11966,,,2021-11-02,,False,,,False,,,,,,,,
_record_4,manuscript_11967,,,"Cambridge, Trinity College, MS O.1.66",manuscript,,MS-TRINITY-O-00001-00066,,,,,,Diktyon 11967,"Description (2020) draws on M.R. James, The Western Manuscripts in the Library of Trinity College, Cambridge, vol. 3, Cambridge University Press, Cambridge, 1902, p. 68-69.",,2020-10-15,,False,,,False,,,,,,,,
_record_4,manuscript_11968,,,"Cambridge, Trinity College, MS O.1.68",manuscript,,MS-TRINITY-O-00001-00068,,,,,, Diktyon 11968,,,2022-10-17,,False,,,False,,,,,,,,
_record_4,manuscript_11969,,,"Cambridge, Trinity College, MS O.1.73",manuscript,,MS-TRINITY-O-00001-00073,,,,,,Diktyon 11969,,,2021-10-04,,False,,,False,,,,,,,,
_record_4,manuscript_11970,,,"Cambridge, Trinity College, MS O.2.3",manuscript,,MS-TRINITY-O-00002-00003,,,,,,Diktyon 11970,"Description (2020) partly draws on M. R. James, The Western Manuscripts in the Library of Trinity College Cambridge (Cambridge: Cambridge University Press, 1902), vol. 3, p. 83.",,2020-07-10,,False,,,False,,,,,,,,
_record_1,manuscript_11971,,,"Cambridge, Trinity College, MS O.2.12",manuscript-composite,,MS-TRINITY-O-00002-00012,,,,,,Diktyon 11971,,,2021-10-04,,False,,,False,,,,,,,,
_record_1,manuscript_11972,,,"Cambridge, Trinity College, MS O.2.34",manuscript-composite,,MS-TRINITY-O-00002-00034,,,,,,Diktyon 11972,"Description (2020) draws partly on M.R. James, The Western Manuscripts in the Library of Trinity College Cambridge (Cambridge: Cambridge University Press, 1902), vol. 3, pp. 133-134.",,2020-05-14,,False,,,False,,,,,,,,
_record_2,manuscript_11973,,,"Cambridge, Trinity College, MS O.2.36",manuscript-composite,,MS-TRINITY-O-00002-00036,,,,,,Diktyon 11973,,,2022-02-11,,False,,,False,,,,,,,,
_record_6,manuscript_11974,,,"Cambridge, Trinity College, MS O.2.38",manuscript,,MS-TRINITY-O-00002-00038,,,,,,Diktyon 11974,,,2022-03-16,,False,,,False,,,,,,,,
_record_1,manuscript_11975,,,"Cambridge, Trinity College, MS O.2.39",manuscript-composite,,MS-TRINITY-O-00002-00039,,,,,,Diktyon 11975,"Description (2019) draws partly on M. R. James, The Western Manuscripts in the Library of Trinity College Cambridge, vol. 3, Cambridge University Press, Cambridge, 1902, pp. 140-142.",,2019-10-22,,False,,,False,,,,,,,,
_record_1,manuscript_11976,,,"Cambridge, Trinity College, MS O.2.54",manuscript-composite,,MS-TRINITY-O-00002-00054,,,,,,Diktyon 11976,"Description (2020) draws on M.R. James, The Western Manuscripts in the Library of Trinity College, Cambridge (Cambridge: Cambridge University Press, 1902), vol. 3, pp. 174-176.",,2020-07-27,,False,,,False,,,,,,,,
_record_1,manuscript_11977,,,"Cambridge, Trinity College, MS O.2.61",manuscript-composite,,MS-TRINITY-O-00002-00061,,,,,,Diktyon 11977,,,2020-10-29,,False,,,False,,,,,,,,
_record_5,manuscript_11978,,,"Cambridge, Trinity College, MS O.3.1",manuscript-composite,,MS-TRINITY-O-00003-00001,,,,,, Diktyon 11978,"Description (2021) draws partly on M. R. James, The Western Manuscripts in the Library of Trinity College Cambridge, vol. 3, Cambridge University Press, Cambridge, 1902, p. 185.",,2021-07-16,,False,,,False,,,,,,,,
_record_4,manuscript_11979,,,"Cambridge, Trinity College, MS O.3.8",manuscript,,MS-TRINITY-O-00003-00008,,,,,, Diktyon 11979,"Description (2021) partly draws on M.R. James, .The Western Manuscripts in the Library of Trinity College Cambridge, vol. 3 (Cambridge: Cambridge University Press, 1902), pp. 189-190","M.R. James, The Western Manuscripts in the Library of Trinity College Cambridge, vol. 3 (Cambridge: Cambridge University Press, 1902), pp. 189-190",2021-05-18,,False,,,False,,,,,,,,
_record_11,manuscript_11980,,,"Cambridge, Trinity College, MS O.3.9",manuscript,,MS-TRINITY-O-00003-00009,,,,,,Diktyon 11980,,,2020-06-28,,False,,,False,,,,,,,,
_record_5,manuscript_11981,,,"Cambridge, Trinity College, MS O.3.14",manuscript,,MS-TRINITY-O-00003-00014,,,,,,Diktyon 11981,,,2020-09-17,,False,,,False,,,,,,,,
_record_1,manuscript_11982,,,"Cambridge, Trinity College, MS O.3.15",manuscript-composite,,MS-TRINITY-O-00003-00015,,,,,, Diktyon 11982,,,2022-10-17,,False,,,False,,,,,,,,
_record_1,manuscript_11984,,,"Cambridge, Trinity College, MS O.3.18",manuscript,,MS-TRINITY-O-00003-00018,,,,,,Diktyon 11984,"Description (2020) draws on M.R. James, The Western Manuscripts in the Library of Trinity College, Cambridge (Cambridge: Cambridge University Press, 1902), vol. 3 ,p. 201.",,2021-03-19,,False,,,False,,,,,,,,
_record_7,manuscript_11985,,,"Cambridge, Trinity College, MS O.3.23",manuscript,,MS-TRINITY-O-00003-00023,,,,,,Diktyon 11985,,,2019-12-13,,False,,,False,,,,,,,,
_record_1,manuscript_11986,,,"Cambridge, Trinity College, MS O.3.48",manuscript-composite,,MS-TRINITY-O-00003-00048,,,,,,Diktyon 11986,,,2021-11-04,,False,,,False,,,,,,,,
_record_1,manuscript_11987,,,"Cambridge, Trinity College, MS O.3.51",manuscript-composite,,MS-TRINITY-O-00003-00051,,,,,,Diktyon 11987,,,2022-12-27,,False,,,False,,,,,,,,
_record_4,manuscript_11989,,,"Cambridge, Trinity College, MS O.4.3",manuscript,,MS-TRINITY-O-00004-00003,,,,,,Diktyon 11989,"Description (2019) draws on M.R. James, The Western Manuscripts in the Library of Trinity College, Cambridge, vol. 3 (Cambridge: Cambridge University Press, 1901), pp. 249-251.",,2019-10-23,,False,,,False,,,,,,,,
_record_4,manuscript_11991,,,"Cambridge, Trinity College,  MS O.4.9",manuscript,,MS-TRINITY-O-00004-00009,,,,,,Diktyon 11991,"Description (2020) draws partly on M.R. James, The Western Manuscripts in the Library of Trinity College Cambridge (Cambridge: Cambridge University Press, 1902), vol. 3, pp. 257-258.",,2020-03-13,,False,,,False,,,,,,,,
_record_1,manuscript_11992,,,"Cambridge, Trinity College, MS O.4.17",manuscript-composite,,MS-TRINITY-O-00004-00017,,,,,, Diktyon 11992,,,2021-12-13,,False,,,False,,,,,,,,
_record_6,manuscript_11993,,,"Cambridge, Trinity College, MS O.4.21",manuscript,,MS-TRINITY-O-00004-00021,,,,,,Diktyon 11993,,,2022-01-26,,False,,,False,,,,,,,,
_record_6,manuscript_11994,,,"Cambridge, Trinity College, MS O.4.22",manuscript,,MS-TRINITY-O-00004-00022,,,,,,Diktyon 11994,,,2020-06-28,,False,,,False,,,,,,,,
_record_4,manuscript_11996,,,"Cambridge, Trinity College, MS O.4.24",manuscript-composite,,MS-TRINITY-O-00004-00024,,,,,, Diktyon 11996,"Description (2021) draws partly on M. R. James, The Western Manuscripts in the Library of Trinity College Cambridge, vol. 3, Cambridge University Press, Cambridge, 1902, pp. 274-275.",,2021-01-22,,False,,,False,,,,,,,,
_record_1,manuscript_11997,,,"Cambridge, Trinity College, MS O.4.41",manuscript-composite,,MS-TRINITY-O-00004-00041,,,,,,Diktyon 11997,,,2022-02-01,,False,,,False,,,,,,,,
_record_4,manuscript_11998,,,"Cambridge, Trinity College, MS O.5.10",manuscript,,MS-TRINITY-O-00005-00010,,,,,, Diktyon 11998,"Description (2020) draws partly on M.R. James, The Western Manuscripts in the Library of Trinity College Cambridge (Cambridge: Cambridge University Press, 1902), vol. 3, p. 314.",,2020-07-29,,False,,,False,,,,,,,,
_record_4,manuscript_11999,,,"Cambridge, Trinity College, MS O.5.11",manuscript,,MS-TRINITY-O-00005-00011,,,,,, Diktyon 11999,"Description (2020) draws partly on M.R. James, The Western Manuscripts in the Library of Trinity College Cambridge (Cambridge: Cambridge University Press, 1902), vol. 3, pp. 314-315.",,2020-07-29,,False,,,False,,,,,,,,
_record_2,manuscript_12000,,,"Cambridge, Trinity College, MS O.5.15",manuscript-composite,,MS-TRINITY-O-00005-00015,,,,,,Diktyon 12000,,,2022-02-01,,False,,,False,,,,,,,,
_record_3,manuscript_12001,,,"Cambridge, Trinity College, MS O.5.16",manuscript,,MS-TRINITY-O-00005-00016,,,,,, Diktyon 12001,"Description (2020) partly draws on M.R. James, The Western Manuscripts in the Library of Trinity College Cambridge (Cambridge: Cambridge University Press, 1902), vol. 3, p. 318 and T.J. Mathiesen, Ancient Greek music theory: a catalogue raisonné of manuscripts (München, 1988), pp. 290-292, no. 118",,2020-09-18,,False,,,False,,,,,,,,
_record_6,manuscript_12002,,,"Cambridge, Trinity College, MS O.5.18",manuscript-composite,,MS-TRINITY-O-00005-00018,,,,,, Diktyon 12002,,,2022-02-02,,False,,,False,,,,,,,,
_record_1,manuscript_12003,,,"Cambridge, Trinity College, MS O.5.19",manuscript-composite,,MS-TRINITY-O-00005-00019,,,,,, Diktyon 12003,,,2022-01-26,,False,,,False,,,,,,,,
_record_6,manuscript_12004,,,"Cambridge, Trinity College, MS O.5.23",manuscript,,MS-TRINITY-O-00005-00023,,,,,, Diktyon 12004,"Description (2020) draws partly on M. R. James, The Western Manuscripts in the Library of Trinity College Cambridge, vol. 3, Cambridge University Press, Cambridge, 1902, p. 325.",,2020-12-16,,False,,,False,,,,,,,,
_record_3,manuscript_12005,,,"Cambridge, Trinity College, MS O.5.27",manuscript,,MS-TRINITY-O-00005-00027,,,,,,Diktyon 12005,"Description (2020) draws on M.R. James, The Western Manuscripts in the Library of Trinity College, Cambridge (Cambridge: Cambridge University Press, 1902), vol. 3, p. 329.",,2020-08-07,,False,,,False,,,,,,,,
_record_2,manuscript_12008,,,"Cambridge, Trinity College, MS O.7.4",manuscript-composite,,MS-TRINITY-O-00007-00004,,,,,,"
                                Diktyon 12008
                            ",,,2022-05-26,,False,,,False,,,,,,,,
_record_6,manuscript_12010,,,"Cambridge, Trinity College, MS O.7.29",manuscript,,MS-TRINITY-O-00007-00029,,,,,, Diktyon 12010,,,2021-09-24,,False,,,False,,,,,,,,
_record_3,manuscript_12011,,,"Cambridge, Trinity College, MS O.7.32",manuscript,,MS-TRINITY-O-00007-00032,,,,,,"Diktyon 12011
                            ",,,2021-06-10,,False,,,False,,,,,,,,
_record_4,manuscript_12014,,,"Cambridge, Trinity College, MS O.7.45",manuscript,,MS-TRINITY-O-00007-00045,,,,,,Diktyon 12014,,,2021-04-19,,False,,,False,,,,,,,,
_record_5,manuscript_12015,,,"Cambridge, Trinity College, MS O.8.3",manuscript,,MS-TRINITY-O-00008-00003,,,,,,Diktyon 12015,,,2019-09-26,,False,,,False,,,,,,,,
_record_4,manuscript_12016,,,"Cambridge, Trinity College, MS O.8.7",manuscript,,MS-TRINITY-O-00008-00007,,,,,,Diktyon 12016,"Description (2020) draws partly on M. R. James, The Western Manuscripts in the Library of Trinity College Cambridge (Cambridge: Cambridge University Press, 1902), vol. 3, p. 394.",,2020-06-23,,False,,,False,,,,,,,,
_record_7,manuscript_12017,,,"Cambridge, Trinity College, MS O.8.8",manuscript,,MS-TRINITY-O-00008-00008,,,,,,Diktyon 12017,,,2022-03-09,,False,,,False,,,,,,,,
_record_1,manuscript_12018,,,"Cambridge, Trinity College, MS O.8.10",manuscript-composite,,MS-TRINITY-O-00008-00010,,,,,,Diktyon 12018,,,2022-01-21,,False,,,False,,,,,,,,
_record_6,manuscript_12019,,,"Cambridge, Trinity College, MS O.8.11",manuscript,,MS-TRINITY-O-00008-00011,,,,,, Diktyon 12019,"Description (2021) draws partly on M. R. James, The Western Manuscripts in the Library of Trinity College Cambridge, vol. 3, Cambridge University Press, Cambridge, 1902, p. 398.",,2021-06-08,,False,,,False,,,,,,,,
_record_3,manuscript_12020,,,"Cambridge, Trinity College, MS O.8.12",manuscript-composite,,MS-TRINITY-O-00008-00012,,,,,,Diktyon 12020 ,,,2021-04-20,,False,,,False,,,,,,,,
_record_5,manuscript_12023,,,"Cambridge, Trinity College, MS O.9.4",manuscript,,MS-TRINITY-O-00009-00004,,,,,,"Diktyon 12023
                     ",,,2021-04-19,,False,,,False,,,,,,,,
_record_2,manuscript_12025,,,"Cambridge, Trinity College, MS O.9.17",manuscript-composite,,MS-TRINITY-O-00009-00017,,,,,, Diktyon 12025,,,2021-10-07,,False,,,False,,,,,,,,
_record_1,manuscript_12026,,,"Cambridge, Trinity College, MS O.9.27",manuscript-composite,,MS-TRINITY-O-00009-00027,,,,,,Diktyon 12026,,,2022-11-07,,False,,,False,,,,,,,,
_record_7,manuscript_12027,,,"Cambridge, Trinity College, MS O.10.10",manuscript,,MS-TRINITY-O-00010-00010,,,,,, Diktyon 12027,"Description (2020) draws partly on M.R. James, The Western Manuscripts in the Library of Trinity College Cambridge (Cambridge: Cambridge University Press, 1902), vol. 3, p. 508.",,2021-01-29,,False,,,False,,,,,,,,
_record_1,manuscript_12028,,,"Cambridge, Trinity College, MS O.10.12",manuscript-composite,,MS-TRINITY-O-00010-00012,,,,,, Diktyon 12028,"Description (2021) draws partly on M.R. James, The Western Manuscripts in the Library of Trinity College Cambridge (Cambridge: Cambridge University Library, 1902), vol. 3, p. 509.",,2021-02-16,,False,,,False,,,,,,,,
_record_2,manuscript_12031,,,"Cambridge, Trinity College, MS O.10.32",manuscript,,MS-TRINITY-O-00010-00032,,,,,,Diktyon 12031,,,2021-04-19,,False,,,False,,,,,,,,
_record_5,manuscript_12032,,,"Cambridge, Trinity College, MS O.10.33",manuscript-composite,,MS-TRINITY-O-00010-00033,,,,,, Diktyon 12032,,,2022-02-16,,False,,,False,,,,,,,,
_record_11,manuscript_12033,,,"Cambridge, Trinity College, MS R.1.42",manuscript,,MS-TRINITY-R-00001-00042,,,,,, Diktyon 12033,,,2022-01-20,,False,,,False,,,,,,,,
_record_1,manuscript_12034,,,"Cambridge, Trinity College, MS R.3.31",manuscript-composite,,MS-TRINITY-R-00003-00031,,,,,,Diktyon 12034,"Description (2020) draws on M.R. James, The Western Manuscripts in the Library of Trinity College, Cambridge (Cambridge: Cambridge University Press, 1901), vol. 2, pp. 108-109, and A. Turyn, Studies in the manuscript tradition of the tragedies of Sophocles (Urbana: University of Illinois Press, 1952), pp. 150-151.",,2020-05-01,,False,,,False,,,,,,,,
_record_4,manuscript_12037,,,"Cambridge, Trinity College, MS R.9.9",manuscript,,MS-TRINITY-R-00009-00009,,,,,,Diktyon 12037,"Description (2020) draws on M.R. James, The Western Manuscripts in the Library of Trinity College, Cambridge, vol. 2, Cambridge University Press, Cambridge, 1901, p. 252.",,2020-05-08,,False,,,False,,,,,,,,
_record_4,manuscript_12038,,,"Cambridge, Trinity College, MS R.9.12",manuscript,,MS-TRINITY-R-00009-00012,,,,,, Diktyon 12038,"Description (2020) draws partly on M.R. James, The Western Manuscripts in the Library of Trinity College Cambridge (Cambridge: Cambridge University Press, 1901), vol. 2, p. 255.",,2020-04-09,,False,,,False,,,,,,,,
_record_5,manuscript_12039,,,"Cambridge, Trinity College, MS R.9.15",manuscript,,MS-TRINITY-R-00009-00015,,,,,,Diktyon 12039,,,2019-10-08,,False,,,False,,,,,,,,
_record_7,manuscript_12040,,,"Cambridge, Trinity College, MS R.9.18",manuscript,,MS-TRINITY-R-00009-00018,,,,,,Diktyon 12040,,,2022-02-10,,False,,,False,,,,,,,,
_record_1,manuscript_12041,,,Trinity College MS R.9.20,manuscript,,MS-TRINITY-R-00009-00020,,,,,,Diktyon 12041,"Description (2019) draws on M.R. James, The Western Manuscripts in the Library of Trinity College, Cambridge, vol. 3 (Cambridge: Cambridge University Press, 1901), p. 239.",,2019-12-13,,False,,,False,,,,,,,,
_record_6,manuscript_12042,,,"Cambridge, Trinity College, MS R.9.22",manuscript,,MS-TRINITY-R-00009-00022,,,,,,Diktyon 12042,Incorporates information from the note by Micha Lazarus referred to above.,,2019-02-13,,False,,,False,,,,,,,,
_record_7,manuscript_12043,,,"Cambridge, Trinity College, MS R.9.26",manuscript,,MS-TRINITY-R-00009-00026,,,,,, Diktyon 12043,"Description (2021) draws partly on M. R. James, M. R. James, The Western Manuscripts in the Library of Trinity College Cambridge, vol. 2, Cambridge University Press, Cambridge, 1901, pp. 268-270.",,2021-05-10,,False,,,False,,,,,,,,
_record_1,manuscript_12044,,,"Cambridge, Trinity College, MS R.9.29",manuscript,,MS-TRINITY-R-00009-00029,,,,,,"Diktyon 12044
                            ",,,2022-11-07,,False,,,False,,,,,,,,
_record_8,manuscript_12047,,,"Cambridge, Trinity College, MS R.15.36",manuscript,,MS-TRINITY-R-00015-00036,,,,,, Diktyon 12047,"Description (2020) draws partly on M. R. James, The Western Manuscripts in the Library of Trinity College Cambridge, vol. 1, Cambridge University Press, Cambridge, 1900, p. 147, and on S. Weinstock, Catalogus Codicum Astrologorum Graecorum, 9.2, Bruxelles 1953, pp. 48-54.",,2020-05-01,,False,,,False,,,,,,,,
_record_3,manuscript_12048,,,"Cambridge, Trinity College, MS R.16.5",manuscript,,MS-TRINITY-R-00016-00005,,,,,, Diktyon 12048,"Description (2021) draws partly on M. R. James, The Western Manuscripts in the Library of Trinity College Cambridge (Cambridge: Cambridge University Press, 1901), vol. 2, p. 384.",,2021-06-14,,False,,,False,,,,,,,,
_record_5,manuscript_12049,,,"Cambridge, Trinity College, MS R.16.33",manuscript,,MS-TRINITY-R-00016-00033,,,,,,Diktyon 12049,"Description (2020) draws on M.R. James, The Western Manuscripts in the Library of Trinity College, Cambridge, vol. 2, Cambridge University Press, Cambridge, 1901, p. 395.",,2020-05-07,,False,,,False,,,,,,,,
_record_1,manuscript_12050,,,"Cambridge, Trinity College, MS R.16.35",manuscript,,MS-TRINITY-R-00016-00035,,,,,,Diktyon 12050,"Description (2021) draws on M.R. James, The Western Manuscripts in the Library of Trinity College, Cambridge (Cambridge: Cambridge University Press, 1901), vol. 2, p. 399.",,2021-07-30,,False,,,False,,,,,,,,
_record_6,manuscript_12051,,,"Cambridge, Trinity College, MS R.16.36",manuscript,,MS-TRINITY-R-00016-00036,,,,,,"Diktyon 12051
                            ",,,2020-10-05,,False,,,False,,,,,,,,
_record_2,manuscript_12052,,,"Cambridge, Trinity College, MS R.17.11",manuscript-composite,,MS-TRINITY-R-00017-00011,,,,,,Diktyon 12052,,,2022-03-17,,False,,,False,,,,,,,,
_record_2,manuscript_12054,,,"Cambridge, University Library, MS Add. 679",manuscript-composite,,MS-ADD-00679-00000,,,,,, Diktyon 12054,,,2019-07-29,"Entry to read in the Library is permitted only on presentation of a valid reader's card. For information on eligibility and admissions procedures, see Joining the Library). For further information on the availability of the manuscript, please contact the Manuscripts Reading Room.",False,,,False,,,,,,,,
_record_1,manuscript_12055,,,"Cambridge, University Library, MS Add. 720",manuscript-composite,,MS-ADD-00720,,,,,,Diktyon 12055,"Description of binding draws upon unpublished description prepared (2020) by Samuel Foley and Cecilia Diminuco, Dept of Conservation and Collection Care, Cambridge University Library.",,2022-11-07,"Entry to read in the Library is permitted only on presentation of a valid reader's card. For information on eligibility and admissions procedures, see Joining the Library). For further information on the availability of the manuscript, please contact the Manuscripts Reading Room.",False,,,False,,,,,,,,
_record_5,manuscript_12056,,,"Cambridge, University Library, MS Add. 1024",manuscript,,MS-ADD-01024-00000,,,,,,Diktyon 12056,"Description (2020) partly draws on P. Easterling, ""Hand-list of the additional Greek manuscripts in the University Library, Cambridge"", Scriptorium 16, 1962, pp. 302-323: 315.",,2019-09-27,"Entry to read in the Library is permitted only on presentation of a valid reader's card. For information on eligibility and admissions procedures, see Joining the Library). For further information on the availability of the manuscript, please contact the Manuscripts Reading Room.",False,,,False,,,,,,,,
_record_3,manuscript_12057,,,"Cambridge, University Library, MS Add. 1025",manuscript,,MS-ADD-01025-00000,,,,,,Diktyon 12057,,,2019-11-28,"Entry to read in the Library is permitted only on presentation of a valid reader's card. For information on eligibility and admissions procedures, see Joining the Library). For further information on the availability of the manuscript, please contact the Manuscripts Reading Room.",False,,,False,,,,,,,,
_record_3,manuscript_12058,,,"Cambridge, University Library, MS Add. 1732",manuscript,,MS-ADD-01732,,,,,,12058,"Description based on P. Easterling, Hand-list of the additional Greek manuscripts in the University Library, Cambridge, in: Scriptorium 16, 1962, pp. 302-323: 320, J. Wiesner's record in P. Moraux, Aristoteles Graecus, Walter De Gruyter, Berlin-New York, 1976, pp. 107-109, and unpublised description by R.V. Kerr, Under-Librarian of CUL († 1987).",,2020-10-05,"Entry to read in the Library is permitted only on presentation of a valid reader's card. For information on eligibility and admissions procedures, see Joining the Library). For further information on the availability of the manuscript, please contact the Manuscripts Reading Room.",False,,,False,,,,,,,,
_record_1,manuscript_12059,,,"Cambridge, University Library, MS Dd.8.49",manuscript-composite,,MS-DD-00008-00049,,,,,,Diktyon 12059,"Transcription and translation of Arabic notes by Rosemary Maxton, Faculty of History, Oxford University.",,2022-02-07,"Entry to read in the Library is permitted only on presentation of a valid reader's card. For information on eligibility and admissions procedures, see Joining the Library). For further information on the availability of the manuscript, please contact the Manuscripts Reading Room.",False,,,False,,,,,,,,
_record_6,manuscript_12059,,,"Cambridge, University Library, MS Add. 1836",manuscript-composite,,MS-ADD-01836,,,,,,Diktyon 12059,,,2022-03-17,"Entry to read in the Library is permitted only on presentation of a valid reader's card. For information on eligibility and admissions procedures, see Joining the Library). For further information on the availability of the manuscript, please contact the Manuscripts Reading Room.",False,,,False,,,,,,,,
_record_7,manuscript_12060,,,"Cambridge, University Library, MS Add. 1837",manuscript,,MS-ADD-01837,,,,,,Diktyon 12060,"Description draws on Patricia E. Easterling, ""Hand-list of the additional Greek manuscripts in the University Library, Cambridge"", Scriptorium 16 (1962), pp. 302-323 at p. 304.",,2022-03-17,"Entry to read in the Library is permitted only on presentation of a valid reader's card. For information on eligibility and admissions procedures, see Joining the Library). For further information on the availability of the manuscript, please contact the Manuscripts Reading Room.",False,,,False,,,,,,,,
_record_6,manuscript_12061,,,"Cambridge, University Library, MS Add. 1838",manuscript-composite,,MS-ADD-01838,,,,,,Diktyon 12061,"Description of binding draws upon unpublished description prepared (2020) by Samuel Foley and Cecilia Diminuco, Dept of Conservation and Collection Care, Cambridge University Library.",,2022-10-05,"Entry to read in the Library is permitted only on presentation of a valid reader's card. For information on eligibility and admissions procedures, see Joining the Library). For further information on the availability of the manuscript, please contact the Manuscripts Reading Room.",False,,,False,,,,,,,,
_record_1,manuscript_12062,,,"Cambridge, University Library, MS Ii.4.26",manuscript,,MS-II-00004-00026,,,,,,,"This catalogue entry draws on: The introductory summary is taken from the catalogue entry for the 2019 exhibition the description provided by Paul Binski and Patrick Zutshi, with the collaboration of Stella Panayotova, (used here by kind permission of Cambridge University Press)Western Illuminated Manuscripts: A Catalogue of the Collection in Cambridge University Library (Cambridge: Cambridge University Press, 2011)an unpublished description of the manuscript composed between 1926 and 1930 by , now held in the University Archives (M.R. James James, M.R. (Montague Rhodes), 1862-1936UA ULIB 7/3/74)Book of Beasts: The Bestiary in the Medieval World, ed. by Elizabeth Morrison with Larisa Grollemond.","Paul Binski and Patrick Zutshi, with the collaboration of Stella Panayotova, Western Illuminated Manuscripts: A Catalogue of the Collection in Cambridge University Library (Cambridge: Cambridge University Press, 2011)",2019-05-01,"Entry to read in the Library is permitted only on presentation of a valid reader's card. For information on eligibility and admissions procedures, see Joining the Library). For further information on the availability of the manuscript, please contact the Manuscripts Reading Room.",False,,,False,,,,,,,,
_record_4,manuscript_12062,,,"Cambridge, University Library, MS Add. 1839",manuscript,,MS-ADD-01839-00000,,,,,,Diktyon 12062,,,2019-06-03,"Entry to read in the Library is permitted only on presentation of a valid reader's card. For information on eligibility and admissions procedures, see Joining the Library). For further information on the availability of the manuscript, please contact the Manuscripts Reading Room.",False,,,False,,,,,,,,
_record_5,manuscript_12062,,,MS Kk.4.25,manuscript,,MS-Kk-00004-00025,,,,,,,"This catalogue entry draws on unpublished MS notes by M.R. James and the description prepared for by Paul Binski and Patrick Zutshi, with the collaboration of Stella Panayotova, Cambridge, 2011 (used here by kind permission of Cambridge University Press). The introductory summary is taken from the catalogue entry for the 2019 exhibition Western Illuminated Manuscripts: A Catalogue of the Collection in Cambridge University Library Book of Beasts: The Bestiary in the Medieval World, ed. by Elizabeth Morrison with Larisa Grollemond.",,2019-05-07,,False,,,False,,,,,,,,
_record_4,manuscript_12063,,,"Cambridge, University Library, MS Add. 1840",manuscript,,MS-ADD-01840,,,,,,Diktyon 12063,"Description of binding draws upon unpublished description prepared (2020) by Samuel Foley and Cecilia Diminuco, Dept of Conservation and Collection Care, Cambridge University Library.",,2020-11-27,"Entry to read in the Library is permitted only on presentation of a valid reader's card. For information on eligibility and admissions procedures, see Joining the Library). For further information on the availability of the manuscript, please contact the Manuscripts Reading Room.",False,,,False,,,,,,,,
_record_2,manuscript_12064,,,"Cambridge, University Library, MS Add. 1875",manuscript,,MS-ADD-01875,,,,,,Diktyon 12064,,,2021-08-12,"Entry to read in the Library is permitted only on presentation of a valid reader's card. For information on eligibility and admissions procedures, see Joining the Library). For further information on the availability of the manuscript, please contact the Manuscripts Reading Room.",False,,,False,,,,,,,,
_record_2,manuscript_12065.24,,,"Cambridge, University Library, MS Add. 1879.24",manuscript,,MS-ADD-01879-00024,,,,,,Diktyon 12065,,,2020-02-06,"Entry to read in the Library is permitted only on presentation of a valid reader's card. For information on eligibility and admissions procedures, see Joining the Library). For further information on the availability of the manuscript, please contact the Manuscripts Reading Room.",False,,,False,,,,,,,,
_record_2,manuscript_12088,,,"Cambridge, University Library, MS Add. 1880.14",manuscript,,MS-ADD-01880-00014,,,,,,Diktyon 12088,"P. Easterling, Hand-list of the additional Greek manuscripts in the University Library, Cambridge, in: Scriptorium 16, 1962, pp. 302-323: 320-321, and unpublished description by R.V. Kerr, Under-Librarian of CUL († 1987).",,2020-02-10,"Entry to read in the Library is permitted only on presentation of a valid reader's card. For information on eligibility and admissions procedures, see Joining the Library). For further information on the availability of the manuscript, please contact the Manuscripts Reading Room.",False,,,False,,,,,,,,
_record_2,manuscript_12088,,,"Cambridge, University Library, MS Add. 1880.6",manuscript,,MS-ADD-01880-00006,,,,,,"
                                Diktyon 12088","P. Easterling, Hand-list of the additional Greek manuscripts in the University Library, Cambridge, in: Scriptorium 16, 1962, pp. 302-323: 320, and unpublised description by R.V. Kerr, Under-Librarian of CUL († 1987).",,2020-02-28,"Entry to read in the Library is permitted only on presentation of a valid reader's card. For information on eligibility and admissions procedures, see Joining the Library). For further information on the availability of the manuscript, please contact the Manuscripts Reading Room.",False,,,False,,,,,,,,
_record_3,manuscript_12088,,,"Cambridge, University Library, MS Add. 1880.16",manuscript,,MS-ADD-01880-00016,,,,,,Diktyon 12088,"Description (2020) partly draws on an unpublished description by R.V. Kerr, under-Librarian at Cambridge University Library, and P. Easterling, Hand-list of the additional Greek manuscripts in the University Library, Cambridge, in: Scriptorium 16, 1962, pp. 302-323: 315.",,2020-02-14,"Entry to read in the Library is permitted only on presentation of a valid reader's card. For information on eligibility and admissions procedures, see Joining the Library). For further information on the availability of the manuscript, please contact the Manuscripts Reading Room.",False,,,False,,,,,,,,
_record_3,manuscript_12088,,,"Cambridge, University Library, MS Add. 1880.17",manuscript,,MS-ADD-01880-00017,,,,,,Diktyon 12088,"Description (2020) partly draws on an unpublished description by R.V. Kerr, under-Librarian at Cambridge University Library, and P. Easterling, Hand-list of the additional Greek manuscripts in the University Library, Cambridge, in: Scriptorium 16, 1962, pp. 302-323: 315.",,2020-02-21,"Entry to read in the Library is permitted only on presentation of a valid reader's card. For information on eligibility and admissions procedures, see Joining the Library). For further information on the availability of the manuscript, please contact the Manuscripts Reading Room.",False,,,False,,,,,,,,
_record_3,manuscript_12088,,,"Cambridge, University Library, MS Add. 1880.15",manuscript,,MS-ADD-01880-00015,,,,,, Diktyon 12088,"Description (2020) partly draws on an unpublished description by R.V. Kerr, under-Librarian at Cambridge University Library, and P. Easterling, Hand-list of the additional Greek manuscripts in the University Library, Cambridge, in: Scriptorium 16, 1962, pp. 302-323: 316.",,2020-07-06,"Entry to read in the Library is permitted only on presentation of a valid reader's card. For information on eligibility and admissions procedures, see Joining the Library). For further information on the availability of the manuscript, please contact the Manuscripts Reading Room.",False,,,False,,,,,,,,
_record_1,manuscript_12107,,,MS Add. 2603,manuscript-composite,,MS-ADD-02603,,,,,,Diktyon 12107,"This catalogue entry draws on Patricia Easterling, 'Hand-list of the additional Greek manuscripts in the University Library, Cambridge, Scriptorium 16 (1962), pp. 302-323 (p. 320).","Patricia Easterling, 'Hand-list of the additional Greek manuscripts in the University Library, Cambridge, Scriptorium 16 (1962), pp. 302-323 (p. 320).",2022-08-22,,False,,,False,,,,,,,,
_record_3,manuscript_12107,,,MS Add. 2603,part,,,,,,,,Diktyon 12107,,,2022-08-22,,False,,,False,,,,,,,,
_record_1,manuscript_12109,,,"Cambridge, University Library, MS Add. 3046",manuscript-composite,,MS-ADD-03046,,,,,,Diktyon 12109,"Description of binding draws upon unpublished description prepared (2020) by Samuel Foley and Cecilia Diminuco, Dept of Conservation and Collection Care, Cambridge University Library.",,2021-03-30,"Entry to read in the Library is permitted only on presentation of a valid reader's card. For information on eligibility and admissions procedures, see Joining the Library). For further information on the availability of the manuscript, please contact the Manuscripts Reading Room.",False,,,False,,,,,,,,
_record_7,manuscript_12110,,,"Cambridge, University Library,  MS Add. 3047",manuscript,,MS-ADD-03047,,,,,, Diktyon 12110,"Description (2021) draws partly on P. Easterling, 'Hand-list of the additional Greek manuscripts in the University Library, Cambridge', , and on an umpublished description by the librarian R.V. Kerr, kept in Cambridge University Library. Scriptorium 16 (1962), 302-323 (p. 314)","P. Easterling, 'Hand-list of the additional Greek manuscripts in the University Library, Cambridge', Scriptorium 16 (1962), 302-323 (p. 314)",2021-04-30,"Entry to read in the Library is permitted only on presentation of a valid reader's card. For information on eligibility and admissions procedures, see Joining the Library). For further information on the availability of the manuscript, please contact the Manuscripts Reading Room.",False,,,False,,,,,,,,
_record_1,manuscript_12111,,,"Cambridge, University Library, MS Add. 3048",manuscript-composite,,MS-ADD-03048,,,,,,Diktyon 12111,"Description draws upon unpublished notes by Patricia E. Easterling. Description of binding draws upon unpublished description prepared (2020) by Samuel Foley and Cecilia Diminuco, Dept of Conservation and Collection Care, Cambridge University Library.",,2021-09-30,"Entry to read in the Library is permitted only on presentation of a valid reader's card. For information on eligibility and admissions procedures, see Joining the Library). For further information on the availability of the manuscript, please contact the Manuscripts Reading Room.",False,,,False,,,,,,,,
_record_4,manuscript_12112,,,"Cambridge, University Library, MS Add. 3049",manuscript,,MS-ADD-03049,,,,,,Diktyon 12112,"Description draws on A catalogue of the Manuscripts preserved in the Library of the University of Cambridge, vol. 3, (Cambridge, 1858), pp. 453-454 and unpublished notes by Patricia E. Easterling.",,2022-02-07,"Entry to read in the Library is permitted only on presentation of a valid reader's card. For information on eligibility and admissions procedures, see Joining the Library). For further information on the availability of the manuscript, please contact the Manuscripts Reading Room.",False,,,False,,,,,,,,
_record_4,manuscript_12113,,,"Cambridge, University Library, MS Add. 3050",manuscript,,MS-ADD-03050,,,,,, Diktyon 12113,"Description (2021) draws partly on P. Easterling, 'Hand-list of the additional Greek manuscripts in the University Library, Cambridge', in: Scriptorium 16 (1962), pp. 302-323: 319.",,2021-04-16,"Entry to read in the Library is permitted only on presentation of a valid reader's card. For information on eligibility and admissions procedures, see Joining the Library). For further information on the availability of the manuscript, please contact the Manuscripts Reading Room.",False,,,False,,,,,,,,
_record_1,manuscript_12117,,,"Cambridge, University Library, MS Add. 3076",manuscript-composite,,MS-ADD-03076,,,,,,Diktyon 12117,,,2022-10-05,"Entry to read in the Library is permitted only on presentation of a valid reader's card. For information on eligibility and admissions procedures, see Joining the Library). For further information on the availability of the manuscript, please contact the Manuscripts Reading Room.",False,,,False,,,,,,,,
_record_3,manuscript_12118,,,"Cambridge, University Library, MS Add. 3121",manuscript,,MS-ADD-03121,,,,,,Diktyon 12118,"Description based on P. Easterling, Hand-list of the additional Greek manuscripts in the University Library, Cambridge, in: Scriptorium 16, 1962, pp. 302-323: 309, and unpublished description by R.V. Kerr, Under-Librarian of CUL († 1987).",,2020-03-11,"Entry to read in the Library is permitted only on presentation of a valid reader's card. For information on eligibility and admissions procedures, see Joining the Library). For further information on the availability of the manuscript, please contact the Manuscripts Reading Room.",False,,,False,,,,,,,,
_record_1,manuscript_12119,,,"Cambridge, University Library, MS Add. 3122",manuscript-composite,,MS-ADD-03122,,,,,,Diktyon 12119,,,2022-03-17,"Entry to read in the Library is permitted only on presentation of a valid reader's card. For information on eligibility and admissions procedures, see Joining the Library). For further information on the availability of the manuscript, please contact the Manuscripts Reading Room.",False,,,False,,,,,,,,
_record_1,manuscript_12120,,,"Cambridge, University Library, MS Add. 3324",manuscript-composite,,MS-ADD-03324,,,,,, Diktyon 12120,"Description (2020) draws partly on P. Easterling, 'Hand-list of the additional Greek manuscripts in the University Library, Cambridge', in Scriptorium 16 (1962), 302-323 (pp. 313-314).",,2020-05-22,"Entry to read in the Library is permitted only on presentation of a valid reader's card. For information on eligibility and admissions procedures, see Joining the Library). For further information on the availability of the manuscript, please contact the Manuscripts Reading Room.",False,,,False,,,,,,,,
_record_5,manuscript_12121,,,"Cambridge, University Library, MS Add. 3326",manuscript,,MS-ADD-03326,,,,,,Diktyon 12121,,,2022-10-05,"Entry to read in the Library is permitted only on presentation of a valid reader's card. For information on eligibility and admissions procedures, see Joining the Library). For further information on the availability of the manuscript, please contact the Manuscripts Reading Room.",False,,,False,,,,,,,,
_record_4,manuscript_12122,,,"Cambridge, University Library, MS Add. 3561",manuscript,,MS-ADD-03561,,,,,, Diktyon 12122,"Description (2020) draws partly on P. Easterling, 'Hand-list of the additional Greek manuscripts in the University Library, Cambridge', Scriptorium 16 (1962), 302-323 (p. 321).",,2020-11-19,"Entry to read in the Library is permitted only on presentation of a valid reader's card. For information on eligibility and admissions procedures, see Joining the Library). For further information on the availability of the manuscript, please contact the Manuscripts Reading Room.",False,,,False,,,,,,,,
_record_6,manuscript_12123,,,"Cambridge, University Library, MS Add. 3574",manuscript,,MS-ADD-3574,,,,,,12123,,,2020-12-09,"Entry to read in the Library is permitted only on presentation of a valid reader's card. For information on eligibility and admissions procedures, see Joining the Library). For further information on the availability of the manuscript, please contact the Manuscripts Reading Room.",False,,,False,,,,,,,,
_record_1,manuscript_12124,,,"Cambridge, University Library, MS Add. 3849",manuscript-composite,,MS-ADD-03849,,,,,,Diktyon 12124,"Description of binding draws upon unpublished description prepared (2020) by Samuel Foley and Cecilia Diminuco, Dept of Conservation and Collection Care, Cambridge University Library.",,2022-10-12,"Entry to read in the Library is permitted only on presentation of a valid reader's card. For information on eligibility and admissions procedures, see Joining the Library). For further information on the availability of the manuscript, please contact the Manuscripts Reading Room.",False,,,False,,,,,,,,
_record_5,manuscript_12125,,,"Cambridge, University Library, MS Add. 4173",manuscript,,MS-ADD-04173,,,,,, Diktyon 12125,"Description (2021) draws partly on P. Easterling, 'Hand-list of the additional Greek manuscripts in the University Library, Cambridge', in Scriptorium 16 (1962), 302-323 (p. 304), and on an umpublished description by the librarian R.V. Kerr, kept in Cambridge University Library.",,2021-04-30,"Entry to read in the Library is permitted only on presentation of a valid reader's card. For information on eligibility and admissions procedures, see Joining the Library). For further information on the availability of the manuscript, please contact the Manuscripts Reading Room.",False,,,False,,,,,,,,
_record_1,manuscript_12127,,,"Cambridge, University Library, MS Add. 4489",manuscript-composite,,MS-ADD-04489,,,,,,Diktyon 12127,,,2021-08-12,"Entry to read in the Library is permitted only on presentation of a valid reader's card. For information on eligibility and admissions procedures, see Joining the Library). For further information on the availability of the manuscript, please contact the Manuscripts Reading Room.",False,,,False,,,,,,,,
_record_5,manuscript_12128,,,"Cambridge, University Library, MS Add. 4490",manuscript,,MS-ADD-04490,,,,,,Diktyon 12128,,,2022-03-17,"Entry to read in the Library is permitted only on presentation of a valid reader's card. For information on eligibility and admissions procedures, see Joining the Library). For further information on the availability of the manuscript, please contact the Manuscripts Reading Room.",False,,,False,,,,,,,,
_record_4,manuscript_12129,,,"Cambridge, University Library, MS Add. 4491",manuscript,,MS-ADD-04491,,,,,,12129,"Description draws on Patricia E. Easterling, ""Hand-list of the additional Greek manuscripts in the University Library, Cambridge"", Scriptorium, 16 (1962), pp. 302-323 at p. 312.",,2021-03-30,"Entry to read in the Library is permitted only on presentation of a valid reader's card. For information on eligibility and admissions procedures, see Joining the Library). For further information on the availability of the manuscript, please contact the Manuscripts Reading Room.",False,,,False,,,,,,,,
_record_2,manuscript_12130,,,"Cambridge, University Library, MS Add. 4541",manuscript,,MS-ADD-04541,,,,,,Diktyon 12130,,,2022-02-07,"Entry to read in the Library is permitted only on presentation of a valid reader's card. For information on eligibility and admissions procedures, see Joining the Library). For further information on the availability of the manuscript, please contact the Manuscripts Reading Room.",False,,,False,,,,,,,,
_record_1,manuscript_12132,,,"Cambridge, University Library, MS Add. 6009",manuscript-composite,,MS-ADD-06009,,,,,,Diktyon 12132,,,2022-02-10,"Entry to read in the Library is permitted only on presentation of a valid reader's card. For information on eligibility and admissions procedures, see Joining the Library). For further information on the availability of the manuscript, please contact the Manuscripts Reading Room.",False,,,False,,,,,,,,
_record_1,manuscript_12137,,,"Cambridge, University Library, MS Add. 6314",manuscript,,MS-ADD-06314,,,,,, Diktyon 12137,"Description (2020) draws partly on P. Easterling, 'Hand-list of the additional Greek manuscripts in the University Library, Cambridge', Scriptorium 16 (1962), 302-323 (p. 321), and on an umpublished description by the librarian R.V. Kerr, kept at Cambridge University Library.",,2020-03-11,"Entry to read in the Library is permitted only on presentation of a valid reader's card. For information on eligibility and admissions procedures, see Joining the Library). For further information on the availability of the manuscript, please contact the Manuscripts Reading Room.",False,,,False,,,,,,,,
_record_11,manuscript_12138,,,,manuscript,,MS-ADD-06594,,,,,,Diktyon 12138,"This catalogue entry is an updated version of that written by Clément Malgonne, in 2017.",,2020-08-19,"Entry to read in the Library is permitted only on presentation of a valid reader's card. For information on eligibility and admissions procedures, see Joining the Library). For further information on the availability of the manuscript, please contact the Manuscripts Reading Room.",False,,,False,,,,,,,,
_record_1,manuscript_12139,,,"Cambridge, University Library, MS Add. 6677",manuscript-composite,,MS-ADD-06677,,,,,,Diktyon 12139,,,2022-03-17,"Entry to read in the Library is permitted only on presentation of a valid reader's card. For information on eligibility and admissions procedures, see Joining the Library). For further information on the availability of the manuscript, please contact the Manuscripts Reading Room.",False,,,False,,,,,,,,
_record_5,manuscript_12140,,,"Cambridge, University Library, MS Add. 6678",manuscript,,MS-ADD-06678,,,,,,Diktyon 12140,,,2021-02-23,"Entry to read in the Library is permitted only on presentation of a valid reader's card. For information on eligibility and admissions procedures, see Joining the Library). For further information on the availability of the manuscript, please contact the Manuscripts Reading Room.",False,,,False,,,,,,,,
_record_5,manuscript_12141,,,"Cambridge, University Library, MS Add. 7216",manuscript,,MS-ADD-07216,,,,,,Diktyon 12141,,,2020-06-24,"Entry to read in the Library is permitted only on presentation of a valid reader's card. For information on eligibility and admissions procedures, see Joining the Library). For further information on the availability of the manuscript, please contact the Manuscripts Reading Room.",False,,,False,,,,,,,,
_record_2,manuscript_12143,,,"Cambridge, University Library, MS Add. 7593",manuscript-composite,,MS-ADD-07593,,,,,,Diktyon 12143,"Description of binding draws upon unpublished description prepared (2020) by Samuel Foley and Cecilia Diminuco, Dept of Conservation and Collection Care, Cambridge University Library.",,2022-02-07,"Entry to read in the Library is permitted only on presentation of a valid reader's card. For information on eligibility and admissions procedures, see Joining the Library). For further information on the availability of the manuscript, please contact the Manuscripts Reading Room.",False,,,False,,,,,,,,
_record_1,manuscript_12147,,,"Cambridge, University Library, MS Dd.2.22",manuscript-composite,,MS-DD-00002-00022,,,,,,Diktyon 12147,"Description draws on A catalogue of the Manuscripts preserved in the Library of the University of Cambridge, vol. 1, (Cambridge, 1856), pp. 47-53 and unpublished notes by Patricia E. Easterling.",,2021-02-23,"Entry to read in the Library is permitted only on presentation of a valid reader's card. For information on eligibility and admissions procedures, see Joining the Library). For further information on the availability of the manuscript, please contact the Manuscripts Reading Room.",False,,,False,,,,,,,,
_record_2,manuscript_12148,,,"Cambridge, University Library, MS Dd.2.51",manuscript-composite,,MS-DD-00002-00051,,,,,,Diktyon 12148,Description draws on unpublished notes by Patricia E. Easterling.,,2022-02-07,"Entry to read in the Library is permitted only on presentation of a valid reader's card. For information on eligibility and admissions procedures, see Joining the Library). For further information on the availability of the manuscript, please contact the Manuscripts Reading Room.",False,,,False,,,,,,,,
_record_1,manuscript_12150,,,"Cambridge, University Library, MS Dd.3.50",manuscript-composite,,MS-DD-00003-00050,,,,,,Diktyon 12150,"Description draws on A catalogue of the Manuscripts preserved in the Library of the University of Cambridge, vol. 1, (Cambridge, 1856), pp. 47-53 and unpublished notes by Patricia E. Easterling.",,2022-03-17,"Entry to read in the Library is permitted only on presentation of a valid reader's card. For information on eligibility and admissions procedures, see Joining the Library). For further information on the availability of the manuscript, please contact the Manuscripts Reading Room.",False,,,False,,,,,,,,
_record_5,manuscript_12151,,,"Cambridge, University Library, MS Dd.3.86.9",manuscript,,MS-DD-00003-00086-00009,,,,,,Diktyon 12151,"Description (2020) draws partly on A catalogue of the Manuscripts preserved in the Library of the University of Cambridge (Cambridge: Cambridge University Press, 1856), vol. 1, pp. 197-199.",,2020-01-31,"Entry to read in the Library is permitted only on presentation of a valid reader's card. For information on eligibility and admissions procedures, see Joining the Library). For further information on the availability of the manuscript, please contact the Manuscripts Reading Room.",False,,,False,,,,,,,,
_record_1,manuscript_12152,,,"Cambridge, University Library, MS Dd.4.16",manuscript-composite,,MS-DD-00004-00016,,,,,,"
                                Diktyon 12152","Description (2019) draws on A catalogue of the Manuscripts preserved in the Library of the University of Cambridge, vol. 1, Cambridge University Press, Cambridge, 1856, p. 217-225 and J. Wiesner's record in P. Moraux, Aristoteles Graecus, Walter De Gruyter, Berlin-New York, 1976, pp. 99-103.",,2019-12-10,"Entry to read in the Library is permitted only on presentation of a valid reader's card. For information on eligibility and admissions procedures, see Joining the Library). For further information on the availability of the manuscript, please contact the Manuscripts Reading Room.",False,,,False,,,,,,,,
_record_1,manuscript_12153,,,"Cambridge, University Library, MS Dd.4.39",manuscript-composite,,MS-DD-00004-00039,,,,,,Diktyon 12153,"Description draws upon unpublished notes by Patricia E. Easterling. Description of binding draws upon unpublished description prepared (2020) by Samuel Foley and Cecilia Diminuco, Dept of Conservation and Collection Care, Cambridge University Library.",,2021-01-03,"Entry to read in the Library is permitted only on presentation of a valid reader's card. For information on eligibility and admissions procedures, see Joining the Library). For further information on the availability of the manuscript, please contact the Manuscripts Reading Room.",False,,,False,,,,,,,,
_record_3,manuscript_12154,,,"Cambridge, University Library, MS Dd.4.40",manuscript,,MS-DD-00004-00040,,,,,,12154,"Description (2019) draws on A catalogue of the Manuscripts preserved in the Library of the University of Cambridge, vol. 1, Cambridge University Press, Cambridge, 1856, p. 239",,2019-12-18,"Entry to read in the Library is permitted only on presentation of a valid reader's card. For information on eligibility and admissions procedures, see Joining the Library). For further information on the availability of the manuscript, please contact the Manuscripts Reading Room.",False,,,False,,,,,,,,
_record_4,manuscript_12155,,,"Cambridge, University Library, MS Dd.4.42",manuscript,,MS-DD-00004-00042,,,,,,Diktyon 12155,,,2021-11-24,"Entry to read in the Library is permitted only on presentation of a valid reader's card. For information on eligibility and admissions procedures, see Joining the Library). For further information on the availability of the manuscript, please contact the Manuscripts Reading Room.",False,,,False,,,,,,,,
_record_3,manuscript_12156,,,"Cambridge, University Library, MS Dd.4.63",manuscript,,MS-DD-00004-00063,,,,,,12156,"Description (2019) draws on A catalogue of the Manuscripts preserved in the Library of the University of Cambridge, vol. 1, Cambridge University Press, Cambridge, 1856, pp. 253-254.",,2019-08-21,"Entry to read in the Library is permitted only on presentation of a valid reader's card. For information on eligibility and admissions procedures, see Joining the Library). For further information on the availability of the manuscript, please contact the Manuscripts Reading Room.",False,,,False,,,,,,,,
_record_1,manuscript_12158,,,"Cambridge, University Library, MS Dd.9.69",manuscript-composite,,MS-DD-00009-00069,,,,,,Diktyon 12158,,,2022-03-17,"Entry to read in the Library is permitted only on presentation of a valid reader's card. For information on eligibility and admissions procedures, see Joining the Library). For further information on the availability of the manuscript, please contact the Manuscripts Reading Room.",False,,,False,,,,,,,,
_record_3,manuscript_12159,,,"Cambridge, University Library, MS Dd.5.29",manuscript,,MS-DD-00005-00029,,,,,,Diktyon 12159,"Description (2020) draws partly on A catalogue of the Manuscripts preserved in the Library of the University of Cambridge, vol. 1: Dd (Cambridge: Cambridge University Press, 1856), pp. 264-267.",,2020-01-10,"Entry to read in the Library is permitted only on presentation of a valid reader's card. For information on eligibility and admissions procedures, see Joining the Library). For further information on the availability of the manuscript, please contact the Manuscripts Reading Room.",False,,,False,,,,,,,,
_record_4,manuscript_12161.2,,,"Cambridge, University Library, MS Dd.6.19",manuscript,,MS-DD-00006-00019,,,,,,Diktyon 12161,"Description draws on A catalogue of the Manuscripts preserved in the Library of the University of Cambridge, vol. 1, (Cambridge, 1856), pp. 297-298.",,2021-02-23,"Entry to read in the Library is permitted only on presentation of a valid reader's card. For information on eligibility and admissions procedures, see Joining the Library). For further information on the availability of the manuscript, please contact the Manuscripts Reading Room.",False,,,False,,,,,,,,
_record_5,manuscript_12161.1,,,"Cambridge, University Library, MS Dd.6.18",manuscript,,MS-DD-00006-00018,,,,,,Diktyon 12161,"Description draws on A catalogue of the Manuscripts preserved in the Library of the University of Cambridge, vol. 1, (Cambridge, 1856), pp. 297-298.",,2021-08-12,"Entry to read in the Library is permitted only on presentation of a valid reader's card. For information on eligibility and admissions procedures, see Joining the Library). For further information on the availability of the manuscript, please contact the Manuscripts Reading Room.",False,,,False,,,,,,,,
_record_1,manuscript_12162,,,"Cambridge, University Library, MS Dd.6.56",manuscript,,MS-DD-00006-00056,,,,,,Diktyon 12162,"Description (2019) draws on A catalogue of the Manuscripts preserved in the Library of the University of Cambridge, vol. 1, Cambridge University Press, Cambridge, 1856, p. 309.",,2019-08-21,"Entry to read in the Library is permitted only on presentation of a valid reader's card. For information on eligibility and admissions procedures, see Joining the Library). For further information on the availability of the manuscript, please contact the Manuscripts Reading Room.",False,,,False,,,,,,,,
_record_4,manuscript_12163,,,"Cambridge, University Library, MS Dd.6.84",manuscript,,MS-DD-00006-00084,,,,,,Diktyon 12163,"Description (2019) draws partly on A catalogue of the Manuscripts preserved in the Library of the University of Cambridge, vol. 1, Cambridge University Press, Cambridge, 1856, pp. 316-317.",,2019-09-05,"Entry to read in the Library is permitted only on presentation of a valid reader's card. For information on eligibility and admissions procedures, see Joining the Library). For further information on the availability of the manuscript, please contact the Manuscripts Reading Room.",False,,,False,,,,,,,,
_record_2,manuscript_12164,,,"Cambridge, University Library, MS Dd.8.3",manuscript,,MS-DD-00008-00003,,,,,,Diktyon 12164,,,2021-02-23,"Entry to read in the Library is permitted only on presentation of a valid reader's card. For information on eligibility and admissions procedures, see Joining the Library). For further information on the availability of the manuscript, please contact the Manuscripts Reading Room.",False,,,False,,,,,,,,
_record_3,manuscript_12165,,,"Cambridge, University Library, MS Dd.8.23",manuscript,,MS-DD-00008-00023,,,,,,Diktyon 12165,,,2021-02-23,"Entry to read in the Library is permitted only on presentation of a valid reader's card. For information on eligibility and admissions procedures, see Joining the Library). For further information on the availability of the manuscript, please contact the Manuscripts Reading Room.",False,,,False,,,,,,,,
_record_1,manuscript_12167,,,"Cambridge, University Library, MS Dd.10.42",manuscript,,MS-DD-00010-00042,,,,,,12167,"Description (2019) draws on A catalogue of the Manuscripts preserved in the Library of the University of Cambridge, vol. 1, Cambridge University Press, Cambridge, 1856, p. 432.",,2019-08-30,"Entry to read in the Library is permitted only on presentation of a valid reader's card. For information on eligibility and admissions procedures, see Joining the Library). For further information on the availability of the manuscript, please contact the Manuscripts Reading Room.",False,,,False,,,,,,,,
_record_1,manuscript_12168,,,"Cambridge, University Library, MS Dd.10.54",manuscript-composite,,MS-DD-00010-00054,,,,,,Diktyon 12168,,,2021-02-23,"Entry to read in the Library is permitted only on presentation of a valid reader's card. For information on eligibility and admissions procedures, see Joining the Library). For further information on the availability of the manuscript, please contact the Manuscripts Reading Room.",False,,,False,,,,,,,,
_record_1,manuscript_12169,,,"Cambridge, University Library, MS Dd.10.55",manuscript,,MS-DD-00010-00055,,,,,,Diktyon 12169,"Description draws on A catalogue of the Manuscripts preserved in the Library of the University of Cambridge, vol. 1, (Cambridge, 1856), pp. 438-439 and unpublished notes by Patricia E. Easterling.",,2022-03-17,"Entry to read in the Library is permitted only on presentation of a valid reader's card. For information on eligibility and admissions procedures, see Joining the Library). For further information on the availability of the manuscript, please contact the Manuscripts Reading Room.",False,,,False,,,,,,,,
_record_1,manuscript_12170,,,"Cambridge, University Library, MS Dd.11.54",manuscript-composite,,MS-DD-00011-00054,,,,,,Diktyon 12170,"Description (2019) draws on .A catalogue of the Manuscripts preserved in the Library of the University of Cambridge, vol. 1 (Cambridge: Cambridge University Press, 1856), pp. 448-456","A catalogue of the Manuscripts preserved in the Library of the University of Cambridge, vol. 1 (Cambridge: Cambridge University Press, 1856), pp. 448-456",2019-12-11,"Entry to read in the Library is permitted only on presentation of a valid reader's card. For information on eligibility and admissions procedures, see Joining the Library). For further information on the availability of the manuscript, please contact the Manuscripts Reading Room.",False,,,False,,,,,,,,
_record_1,manuscript_12171,,,"Cambridge, University Library, MS Dd.11.70",manuscript-composite,,MS-DD-00011-00070,,,,,,Diktyon 12171,"Description (2020) draws on A catalogue of the Manuscripts preserved in the Library of the University of Cambridge, vol. 1, Cambridge University Press, Cambridge, 1856, p. 460-466",,2020-04-16,"Entry to read in the Library is permitted only on presentation of a valid reader's card. For information on eligibility and admissions procedures, see Joining the Library). For further information on the availability of the manuscript, please contact the Manuscripts Reading Room.",False,,,False,,,,,,,,
_record_8,manuscript_12172,,,"Cambridge, University Library, MS Dd.11.90",manuscript,,MS-DD-00011-00090,,,,,,Diktyon 12172,,,2021-03-30,"Entry to read in the Library is permitted only on presentation of a valid reader's card. For information on eligibility and admissions procedures, see Joining the Library). For further information on the availability of the manuscript, please contact the Manuscripts Reading Room.",False,,,False,,,,,,,,
_record_4,manuscript_12173,,,"Cambridge, University Library, MS Dd.14.30.1",manuscript,,MS-DD-00014-00030-00001,,,,,,Diktyon 12173,,,2021-01-26,"Entry to read in the Library is permitted only on presentation of a valid reader's card. For information on eligibility and admissions procedures, see Joining the Library). For further information on the availability of the manuscript, please contact the Manuscripts Reading Room.",False,,,False,,,,,,,,
_record_2,manuscript_12174,,,"Cambridge, University Library, MS Dd.15.27",manuscript,,MS-DD-00015-00027,,,,,,Diktyon 12174,,,2020-06-28,"Entry to read in the Library is permitted only on presentation of a valid reader's card. For information on eligibility and admissions procedures, see Joining the Library). For further information on the availability of the manuscript, please contact the Manuscripts Reading Room.",False,,,False,,,,,,,,
_record_1,manuscript_12175,,,"Cambridge, University Library, MS Ee.4.29",manuscript-composite,,MS-EE-00004-00029,,,,,,"
                                Diktyon 12175
                            ",,,2022-10-22,"Entry to read in the Library is permitted only on presentation of a valid reader's card. For information on eligibility and admissions procedures, see Joining the Library). For further information on the availability of the manuscript, please contact the Manuscripts Reading Room.",False,,,False,,,,,,,,
_record_1,manuscript_12175,,,"Cambridge, University Library, MS Ee.4.29*",manuscript,,MS-EE-00004-00029-AST,,,,,,"
                        Diktyon 12175
                     ",,,2021-07-30,"Entry to read in the Library is permitted only on presentation of a valid reader's card. For information on eligibility and admissions procedures, see Joining the Library). For further information on the availability of the manuscript, please contact the Manuscripts Reading Room.",False,,,False,,,,,,,,
_record_6,manuscript_12176,,,"Cambridge, University Library, MS Ee.6.35",manuscript,,MS-EE-00006-00035,,,,,,Diktyon 12176,"Description draws on A catalogue of the Manuscripts preserved in the Library of the University of Cambridge, vol. 1, (Cambridge, 1856), pp. 273-274 and unpublished notes by Patricia E. Easterling.",,2022-03-17,"Entry to read in the Library is permitted only on presentation of a valid reader's card. For information on eligibility and admissions procedures, see Joining the Library). For further information on the availability of the manuscript, please contact the Manuscripts Reading Room.",False,,,False,,,,,,,,
_record_3,manuscript_12177,,,"Cambridge, University Library, MS Ff.1.7",manuscript,,MS-FF-00001-00007,,,,,,Diktyon 12177,"Description (2019) draws partly on A catalogue of the Manuscripts preserved in the Library of the University of Cambridge, vol. 2, Cambridge University Press, Cambridge, 1857, p. 290.",,2019-09-17,"Entry to read in the Library is permitted only on presentation of a valid reader's card. For information on eligibility and admissions procedures, see Joining the Library). For further information on the availability of the manuscript, please contact the Manuscripts Reading Room.",False,,,False,,,,,,,,
_record_1,manuscript_12178,,,"Cambridge, University Library, MS Ff.1.24",manuscript-composite,,MS-FF-00001-00024,,,,,,Diktyon 12178,This catalogue entry draws on unpublished MS notes by M. R. James.,,2020-06-08,"Entry to read in the Library is permitted only on presentation of a valid reader's card. For information on eligibility and admissions procedures, see Joining the Library). For further information on the availability of the manuscript, please contact the Manuscripts Reading Room.",False,,,False,,,,,,,,
_record_7,manuscript_12179,,,"Cambridge, University Library, MS Ff.1.26",manuscript,,MS-FF-00001-00026,,,,,,Diktyon 12179,"Description (2019) draws partly on A catalogue of the Manuscripts preserved in the Library of the University of Cambridge, vol. 2, Cambridge University Press, Cambridge, 1857, p. 318.",,2019-12-17,"Entry to read in the Library is permitted only on presentation of a valid reader's card. For information on eligibility and admissions procedures, see Joining the Library). For further information on the availability of the manuscript, please contact the Manuscripts Reading Room.",False,,,False,,,,,,,,
_record_1,manuscript_12180,,,"Cambridge, University Library, MS Ff.1.30",manuscript-composite,,MS-FF-00001-00030,,,,,,Diktyon 12180,,,2021-02-11,"Entry to read in the Library is permitted only on presentation of a valid reader's card. For information on eligibility and admissions procedures, see Joining the Library). For further information on the availability of the manuscript, please contact the Manuscripts Reading Room.",False,,,False,,,,,,,,
_record_4,manuscript_12181,,,"Cambridge, University Library, MS Ff.3.2",manuscript,,MS-FF-00003-00002,,,,,,12181,"Description draws on A catalogue of the Manuscripts preserved in the Library of the University of Cambridge, vol. 2, (Cambridge, 1856), p. 410 and unpublished notes by Patricia E. Easterling.",,2019-10-23,"Entry to read in the Library is permitted only on presentation of a valid reader's card. For information on eligibility and admissions procedures, see Joining the Library). For further information on the availability of the manuscript, please contact the Manuscripts Reading Room.",False,,,False,,,,,,,,
_record_1,manuscript_12182,,,"Cambridge, University Library, MS Ff.3.4",manuscript-composite,,MS-FF-00003-00004,,,,,, Diktyon 12182,"Description (2020) draws partly on A catalogue of the Manuscripts preserved in the Library of the University of Cambridge, vol. 2: Ee-Ff, Cambridge University Press, Cambridge, 1857, pp. 411-412.",,2020-01-17,"Entry to read in the Library is permitted only on presentation of a valid reader's card. For information on eligibility and admissions procedures, see Joining the Library). For further information on the availability of the manuscript, please contact the Manuscripts Reading Room.",False,,,False,,,,,,,,
_record_1,manuscript_12183,,,"Cambridge, University Library, MS Ff.3.6",manuscript-composite,,MS-FF-00003-00006,,,,,,Diktyon 12183,,,2021-08-12,"Entry to read in the Library is permitted only on presentation of a valid reader's card. For information on eligibility and admissions procedures, see Joining the Library). For further information on the availability of the manuscript, please contact the Manuscripts Reading Room.",False,,,False,,,,,,,,
_record_6,manuscript_12184,,,"Cambridge, University Library, MS Ff.3.30",manuscript,,MS-FF-00003-00030,,,,,,Diktyon 12184,"Description (2020) draws partly on A catalogue of the Manuscripts preserved in the Library of the University of Cambridge, vol. 2: Ee-Ff, Cambridge University Press, Cambridge, 1857, pp. 426-429.",,2020-01-31,"Entry to read in the Library is permitted only on presentation of a valid reader's card. For information on eligibility and admissions procedures, see Joining the Library). For further information on the availability of the manuscript, please contact the Manuscripts Reading Room.",False,,,False,,,,,,,,
_record_2,manuscript_12185,,,"Cambridge, University Library, MS Ff.4.3",manuscript,,MS-FF-00004-00003,,,,,,Diktyon 12185,"Description draws on A catalogue of the Manuscripts preserved in the Library of the University of Cambridge, vol. 2, (Cambridge, 1861), pp. 433-434 and unpublished notes by Patricia E. Easterling.",,2022-03-18,"Entry to read in the Library is permitted only on presentation of a valid reader's card. For information on eligibility and admissions procedures, see Joining the Library). For further information on the availability of the manuscript, please contact the Manuscripts Reading Room.",False,,,False,,,,,,,,
_record_1,manuscript_12186,,,"Cambridge, University Library, MS Ff.4.2",manuscript-composite,,MS-FF-00004-00002,,,,,,Diktyon 12186,"Description draws on A catalogue of the Manuscripts preserved in the Library of the University of Cambridge, vol. 2, (Cambridge, 1861), pp. 432-433 and unpublished notes by Patricia E. Easterling.",,2022-02-07,"Entry to read in the Library is permitted only on presentation of a valid reader's card. For information on eligibility and admissions procedures, see Joining the Library). For further information on the availability of the manuscript, please contact the Manuscripts Reading Room.",False,,,False,,,,,,,,
_record_1,manuscript_12187,,,"Cambridge, University Library, MS Ff.4.47",manuscript-composite,,MS-FF-00004-00047,,,,,, Diktyon 12187,"Description (2019) draws partly on: A catalogue of the Manuscripts preserved in the Library of the University of Cambridge, vol. 2: Ee-Ff, Cambridge University Press, Cambridge, 1857, pp. 476-477.",,2019-11-15,"Entry to read in the Library is permitted only on presentation of a valid reader's card. For information on eligibility and admissions procedures, see Joining the Library). For further information on the availability of the manuscript, please contact the Manuscripts Reading Room.",False,,,False,,,,,,,,
_record_3,manuscript_12188,,,"Cambridge, University Library, MS Ff.5.8",manuscript,,MS-FF-00005-00008,,,,,,"
                                Diktyon 12188","Description (2019) draws on A catalogue of the Manuscripts preserved in the Library of the University of Cambridge, vol. 2, Cambridge University Press, Cambridge, 1857, p. 481 and J. Wiesner's record in P. Moraux, Aristoteles Graecus, Walter De Gruyter, Berlin-New York, 1976, pp. 103-104.",,2020-03-03,"Entry to read in the Library is permitted only on presentation of a valid reader's card. For information on eligibility and admissions procedures, see Joining the Library). For further information on the availability of the manuscript, please contact the Manuscripts Reading Room.",False,,,False,,,,,,,,
_record_5,manuscript_12189,,,"Cambridge, University Library, MS Ff.6.32",manuscript,,MS-FF-00006-00032,,,,,, Diktyon 12189,"Description (2019) draws partly on A catalogue of the Manuscripts preserved in the Library of the University of Cambridge, vol. 2, Cambridge University Press, Cambridge, 1857, p. 534.",,2019-07-24,"Entry to read in the Library is permitted only on presentation of a valid reader's card. For information on eligibility and admissions procedures, see Joining the Library). For further information on the availability of the manuscript, please contact the Manuscripts Reading Room.",False,,,False,,,,,,,,
_record_4,manuscript_12190,,,"Cambridge, University Library, MS Gg.1.2",manuscript-composite,,MS-GG-00001-00002,,,,,, Diktyon 12190,"Description (2020) draws partly on: A catalogue of the Manuscripts preserved in the Library of the University of Cambridge, vol. 3: Gg-Kk, Cambridge University Press, Cambridge, 1858, pp. 8-14.",,2020-06-12,"Entry to read in the Library is permitted only on presentation of a valid reader's card. For information on eligibility and admissions procedures, see Joining the Library). For further information on the availability of the manuscript, please contact the Manuscripts Reading Room.",False,,,False,,,,,,,,
_record_1,manuscript_12191,,,"Cambridge, University Library, MS Gg.2.33",manuscript-composite,,MS-GG-00002-00033,,,,,, Diktyon 12191,"Description (2019) partly draws on A catalogue of the Manuscripts preserved in the Library of the University of Cambridge, vol. 3, Cambridge University Press, Cambridge, 1858, pp. 58-63.",,2019-11-01,"Entry to read in the Library is permitted only on presentation of a valid reader's card. For information on eligibility and admissions procedures, see Joining the Library). For further information on the availability of the manuscript, please contact the Manuscripts Reading Room.",False,,,False,,,,,,,,
_record_6,manuscript_12192,,,"Cambridge, University Library, MS Gg.2.34",manuscript,,MS-GG-00002-00034,,,,,,Diktyon 12192,"Description (2019) draws on A catalogue of the Manuscripts preserved in the Library of the University of Cambridge, vol. 3, Cambridge University Press, Cambridge, 1858, p. 63, and T. J. Mathiesen, Ancient Greek music theory: a catalogue raisonné of manuscripts, München 1988, pp. 295-296.",,2019-08-16,"Entry to read in the Library is permitted only on presentation of a valid reader's card. For information on eligibility and admissions procedures, see Joining the Library). For further information on the availability of the manuscript, please contact the Manuscripts Reading Room.",False,,,False,,,,,,,,
_record_2,manuscript_12193,,,"Cambridge, University Library, MS Gg.3.15",manuscript,,MS-GG-00003-00015,,,,,,Diktyon 12193,"Description (2020) draws on A catalogue of the Manuscripts preserved in the Library of the University of Cambridge, vol. 3, Cambridge University Press, Cambridge, 1858, p. 66",,2020-12-15,"Entry to read in the Library is permitted only on presentation of a valid reader's card. For information on eligibility and admissions procedures, see Joining the Library). For further information on the availability of the manuscript, please contact the Manuscripts Reading Room.",False,,,False,,,,,,,,
_record_5,manuscript_12194,,,"Cambridge, University Library, MS Gg.6.10",manuscript,,MS-GG-00006-00010,,,,,,Diktyon 12194,"Description (2019) partly draws on A catalogue of the Manuscripts preserved in the Library of the University of Cambridge, vol. 3, Cambridge University Press, Cambridge, 1858, p. 218.",,2019-10-03,"Entry to read in the Library is permitted only on presentation of a valid reader's card. For information on eligibility and admissions procedures, see Joining the Library). For further information on the availability of the manuscript, please contact the Manuscripts Reading Room.",False,,,False,,,,,,,,
_record_1,manuscript_12195,,,"Cambridge, University Library, MS Gg.6.43",manuscript,,MS-GG-00006-00043,,,,,,"
                                Diktyon 12195","Description (2019) draws on A catalogue of the Manuscripts preserved in the Library of the University of Cambridge, vol. 3, Cambridge University Press, Cambridge, 1858, p. 234.",,2020-03-02,"Entry to read in the Library is permitted only on presentation of a valid reader's card. For information on eligibility and admissions procedures, see Joining the Library). For further information on the availability of the manuscript, please contact the Manuscripts Reading Room.",False,,,False,,,,,,,,
_record_7,manuscript_12196,,,"Cambridge, University Library, MS Hh.6.12",manuscript,,MS-HH-00006-00012,,,,,,Diktyon 12196,,,2022-03-17,"Entry to read in the Library is permitted only on presentation of a valid reader's card. For information on eligibility and admissions procedures, see Joining the Library). For further information on the availability of the manuscript, please contact the Manuscripts Reading Room.",False,,,False,,,,,,,,
_record_7,manuscript_12197,,,"Cambridge, University Library, MS Ii.3.25",manuscript,,MS-II-00003-00025,,,,,,12197,"A catalogue of the Manuscripts preserved in the Library of the University of Cambridge, vol. 3, Cambridge University Press, Cambridge, 1858, p. 428-429 and unpublished description by Clément Malgonne (2015).",,2019-11-25,"Entry to read in the Library is permitted only on presentation of a valid reader's card. For information on eligibility and admissions procedures, see Joining the Library). For further information on the availability of the manuscript, please contact the Manuscripts Reading Room.",False,,,False,,,,,,,,
_record_6,manuscript_12198,,,"Cambridge, University Library, MS Ii.4.16",manuscript,,MS-II-00004-00016,,,,,,Diktyon 12198,"Description draws on A catalogue of the Manuscripts preserved in the Library of the University of Cambridge, vol. 3, (Cambridge, 1858), pp. 453-454 and unpublished notes by Patricia E. Easterling.",,2022-03-17,"Entry to read in the Library is permitted only on presentation of a valid reader's card. For information on eligibility and admissions procedures, see Joining the Library). For further information on the availability of the manuscript, please contact the Manuscripts Reading Room.",False,,,False,,,,,,,,
_record_1,manuscript_12199,,,"Cambridge, University Library, MS Ii.5.44",manuscript-composite,,MS-II-00005-00044,,,,,,Diktyon 12199,"Description (2019) draws on and J. Wiesner's record in A catalogue of the Manuscripts preserved in the Library of the University of Cambridge, vol. 3 (Cambridge: Cambridge University Press, 1858), pp. 495-496P. Moraux, .Aristoteles Graecus (Berlin-New York: Walter De Gruyter, 1976), pp. 104-107","A catalogue of the Manuscripts preserved in the Library of the University of Cambridge, vol. 3 (Cambridge: Cambridge University Press, 1858), pp. 495-496; P. Moraux, Aristoteles Graecus (Berlin-New York: Walter De Gruyter, 1976), pp. 104-107",2019-12-03,"Entry to read in the Library is permitted only on presentation of a valid reader's card. For information on eligibility and admissions procedures, see Joining the Library). For further information on the availability of the manuscript, please contact the Manuscripts Reading Room.",False,,,False,,,,,,,,
_record_4,manuscript_12200,,,"Cambridge, University Library, MS Ii.6.41",manuscript,,MS-II-00006-00041,,,,,,Diktyon 12200,"A catalogue of the Manuscripts preserved in the Library of the University of Cambridge, vol. 3, Cambridge University Press, Cambridge, 1858, p. 539-540.",,2019-12-11,"Entry to read in the Library is permitted only on presentation of a valid reader's card. For information on eligibility and admissions procedures, see Joining the Library). For further information on the availability of the manuscript, please contact the Manuscripts Reading Room.",False,,,False,,,,,,,,
_record_1,manuscript_12201,,,"Cambridge, University Library, MS Kk.5.6",manuscript-composite,,MS-KK-00005-00006,,,,,, Diktyon 12201,"Description (2020) draws partly on A catalogue of the Manuscripts preserved in the Library of the University of Cambridge, vol. 3: Gg-Kk, Cambridge University Press, Cambridge, 1858, p. 676.",,2020-12-22,"Entry to read in the Library is permitted only on presentation of a valid reader's card. For information on eligibility and admissions procedures, see Joining the Library). For further information on the availability of the manuscript, please contact the Manuscripts Reading Room.",False,,,False,,,,,,,,
_record_4,manuscript_12202,,,"Cambridge, University Library, MS Kk.5.7",manuscript,,MS-KK-00005-00007,,,,,, Diktyon 12202,"Description (2020) draws partly on A catalogue of the Manuscripts preserved in the Library of the University of Cambridge, vol. 3: Gg-Kk (Cambridge: Cambridge University Press, 1858), p. 677.",,2020-12-18,"Entry to read in the Library is permitted only on presentation of a valid reader's card. For information on eligibility and admissions procedures, see Joining the Library). For further information on the availability of the manuscript, please contact the Manuscripts Reading Room.",False,,,False,,,,,,,,
_record_5,manuscript_12203,,,"Cambridge, University Library, MS Kk.5.8",manuscript,,MS-KK-00005-00008,,,,,, Diktyon 12203,"Description (2021) draws partly on A catalogue of the Manuscripts preserved in the Library of the University of Cambridge, vol. 3: Gg-Kk, Cambridge University Press, Cambridge, 1858, pp. 677-678.",,2021-01-15,"Entry to read in the Library is permitted only on presentation of a valid reader's card. For information on eligibility and admissions procedures, see Joining the Library). For further information on the availability of the manuscript, please contact the Manuscripts Reading Room.",False,,,False,,,,,,,,
_record_5,manuscript_12204,,,"Cambridge, University Library, MS Kk.5.9",manuscript,,MS-KK-00005-00009,,,,,, Diktyon 12204,"Description (2020) draws partly on A catalogue of the Manuscripts preserved in the Library of the University of Cambridge, vol. 3: Gg-Kk (Cambridge: Cambridge University Press, 1858), pp. 678-679.",,2020-12-23,"Entry to read in the Library is permitted only on presentation of a valid reader's card. For information on eligibility and admissions procedures, see Joining the Library). For further information on the availability of the manuscript, please contact the Manuscripts Reading Room.",False,,,False,,,,,,,,
_record_6,manuscript_12205,,,"Cambridge, University Library, MS Kk.5.11",manuscript,,MS-KK-00005-00011,,,,,,Diktyon 12205,"Description (2019) draws on A catalogue of the Manuscripts preserved in the Library of the University of Cambridge, vol. 3, Cambridge University Press, Cambridge, 1858, pp. 680-685, and P. E. Easterling, Two Greek MSS. of Spanish provenance in Bishop Moore's collection, in: Transactions of the Cambridge Bibliographical Society 3, 1961, pp. 257-262.",,2019-08-22,"Entry to read in the Library is permitted only on presentation of a valid reader's card. For information on eligibility and admissions procedures, see Joining the Library). For further information on the availability of the manuscript, please contact the Manuscripts Reading Room.",False,,,False,,,,,,,,
_record_6,manuscript_12206,,,"Cambridge, University Library, MS Kk.5.12",manuscript,,MS-KK-00005-00012,,,,,,Diktyon 12206,,,2022-03-17,"Entry to read in the Library is permitted only on presentation of a valid reader's card. For information on eligibility and admissions procedures, see Joining the Library). For further information on the availability of the manuscript, please contact the Manuscripts Reading Room.",False,,,False,,,,,,,,
_record_5,manuscript_12207,,,"Cambridge, University Library, MS Kk.5.19",manuscript,,MS-KK-00005-00019,,,,,,12207,"Description (2019) draws on A catalogue of the Manuscripts preserved in the Library of the University of Cambridge, vol. 3, Cambridge University Press, Cambridge, 1858, p. 690-691 and unpublished description by Clément Malgonne (2015)",,2019-11-04,"Entry to read in the Library is permitted only on presentation of a valid reader's card. For information on eligibility and admissions procedures, see Joining the Library). For further information on the availability of the manuscript, please contact the Manuscripts Reading Room.",False,,,False,,,,,,,,
_record_1,manuscript_12208,,,"Cambridge, University Library, MS Kk.5.25",manuscript-composite,,MS-KK-00005-00025,,,,,,Diktyon 12208,,,2022-03-18,"Entry to read in the Library is permitted only on presentation of a valid reader's card. For information on eligibility and admissions procedures, see Joining the Library). For further information on the availability of the manuscript, please contact the Manuscripts Reading Room.",False,,,False,,,,,,,,
_record_1,manuscript_12209,,,"Cambridge, University Library, MS Kk.5.26",manuscript-composite,,MS-KK-00005-00026,,,,,, Diktyon 12209,"Description (2019) draws partly on: A catalogue of the Manuscripts preserved in the Library of the University of Cambridge, vol. 3, Cambridge University Press, Cambridge, 1858, pp. 694-696; T.J. Mathiesen, Ancient Greek music theory: a catalogue raisonné of manuscripts, München 1988, no. 123.",,2019-11-08,"Entry to read in the Library is permitted only on presentation of a valid reader's card. For information on eligibility and admissions procedures, see Joining the Library). For further information on the availability of the manuscript, please contact the Manuscripts Reading Room.",False,,,False,,,,,,,,
_record_8,manuscript_12210,,,"Cambridge, University Library, MS Kk.5.27",manuscript,,MS-KK-00005-00027,,,,,,Diktyon 12210,"Description (2019) draws partly on A catalogue of the Manuscripts preserved in the Library of the University of Cambridge, vol. 3: Gg-Kk, Cambridge University Press, Cambridge, 1858, pp. 696-697.",,2019-11-28,"Entry to read in the Library is permitted only on presentation of a valid reader's card. For information on eligibility and admissions procedures, see Joining the Library). For further information on the availability of the manuscript, please contact the Manuscripts Reading Room.",False,,,False,,,,,,,,
_record_1,manuscript_12211,,,"Cambridge, University Library, MS Kk.5.28",manuscript-composite,,MS-KK-00005-00028,,,,,,Diktyon 12211,"Description (2019) draws partly on A catalogue of the Manuscripts preserved in the Library of the University of Cambridge, vol. 3: Gg-Kk, Cambridge University Press, Cambridge, 1858, p. 697.",,2019-08-01,"Entry to read in the Library is permitted only on presentation of a valid reader's card. For information on eligibility and admissions procedures, see Joining the Library). For further information on the availability of the manuscript, please contact the Manuscripts Reading Room.",False,,,False,,,,,,,,
_record_4,manuscript_12212,,,"Cambridge, University Library, MS Kk.5.31",manuscript-composite,,MS-KK-00005-00031,,,,,,Diktyon 12212,"Description (2019) draws partly on A catalogue of the Manuscripts preserved in the Library of the University of Cambridge, vol. 3, Cambridge University Press, Cambridge, 1858, pp. 700-701.",,2019-07-19,"Entry to read in the Library is permitted only on presentation of a valid reader's card. For information on eligibility and admissions procedures, see Joining the Library). For further information on the availability of the manuscript, please contact the Manuscripts Reading Room.",False,,,False,,,,,,,,
_record_3,manuscript_12213,,,"Cambridge, University Library, MS Kk.5.35",manuscript,,MS-KK-00005-00035,,,,,,Diktyon 12213,"Description (2019) draws on and on A catalogue of the Manuscripts preserved in the Library of the University of Cambridge, vol. 3 (Cambridge: Cambridge University Press, 1858, p. 706M.P. Kalatzi, Hermonymos: a study in scribal, literary and teaching activities in the fifteenth and early sixteenth centuries (Cultural Foundation of the National Bank of Greece, 2009), p. 186-187.","A catalogue of the Manuscripts preserved in the Library of the University of Cambridge, vol. 3 (Cambridge: Cambridge University Press, 1858, p. 706; M.P. Kalatzi, Hermonymos: a study in scribal, literary and teaching activities in the fifteenth and early sixteenth centuries (Cultural Foundation of the National Bank of Greece, 2009), p. 186-187",2019-11-05,"Entry to read in the Library is permitted only on presentation of a valid reader's card. For information on eligibility and admissions procedures, see Joining the Library). For further information on the availability of the manuscript, please contact the Manuscripts Reading Room.",False,,,False,,,,,,,,
_record_1,manuscript_12214,,,"Cambridge, University Library, MS Kk.5.37",manuscript-composite,,MS-KK-00005-00037,,,,,,Diktyon 12214,,,2022-03-18,"Entry to read in the Library is permitted only on presentation of a valid reader's card. For information on eligibility and admissions procedures, see Joining the Library). For further information on the availability of the manuscript, please contact the Manuscripts Reading Room.",False,,,False,,,,,,,,
_record_10,manuscript_12215,,,"Cambridge, University Library, MS Kk.6.4",manuscript,,MS-KK-00006-00004,,,,,,Diktyon 12215,,,2021-08-12,"Entry to read in the Library is permitted only on presentation of a valid reader's card. For information on eligibility and admissions procedures, see Joining the Library). For further information on the availability of the manuscript, please contact the Manuscripts Reading Room.",False,,,False,,,,,,,,
_record_1,manuscript_12216,,,"Cambridge, University Library, MS Kk.6.23",manuscript,,MS-KK-00006-00023,,,,,,Diktyon 12216,"Description (2019) draws on and on A catalogue of the Manuscripts preserved in the Library of the University of Cambridge, vol. 3 (Cambridge: Cambridge University Press, 1858, pp. 721-722M.P. Kalatzi, .Hermonymos: a study in scribal, literary and teaching activities in the fifteenth and early sixteenth centuries (Cultural Foundation of the National Bank of Greece, 2009), p. 187-189","A catalogue of the Manuscripts preserved in the Library of the University of Cambridge, vol. 3 (Cambridge: Cambridge University Press, 1858, pp. 721-722; M.P. Kalatzi, Hermonymos: a study in scribal, literary and teaching activities in the fifteenth and early sixteenth centuries (Cultural Foundation of the National Bank of Greece, 2009), p. 187-189",2019-10-11,"Entry to read in the Library is permitted only on presentation of a valid reader's card. For information on eligibility and admissions procedures, see Joining the Library). For further information on the availability of the manuscript, please contact the Manuscripts Reading Room.",False,,,False,,,,,,,,
_record_4,manuscript_12217,,,"Cambridge, University Library, MS Kk.6.27",manuscript,,MS-KK-00006-00027,,,,,,"
                                Diktyon 12217","Description (2019) draws on A catalogue of the Manuscripts preserved in the Library of the University of Cambridge, vol. 3, Cambridge University Press, Cambridge, 1858, p. 724-725.",,2020-02-28,"Entry to read in the Library is permitted only on presentation of a valid reader's card. For information on eligibility and admissions procedures, see Joining the Library). For further information on the availability of the manuscript, please contact the Manuscripts Reading Room.",False,,,False,,,,,,,,
_record_2,manuscript_12218,,,"Cambridge, University Library, MS Kk.6.29",manuscript,,MS-KK-00006-00029,,,,,,Diktyon 12218,,,2022-02-07,"Entry to read in the Library is permitted only on presentation of a valid reader's card. For information on eligibility and admissions procedures, see Joining the Library). For further information on the availability of the manuscript, please contact the Manuscripts Reading Room.",False,,,False,,,,,,,,
_record_5,manuscript_12219,,,"Cambridge, University Library, MS Kk.6.34",manuscript,,MS-KK-00006-00034,,,,,,"
                                Diktyon 12219","Description (2019) draws on A catalogue of the Manuscripts preserved in the Library of the University of Cambridge, vol. 3, Cambridge University Press, Cambridge, 1858, p. 729.",,2020-03-02,"Entry to read in the Library is permitted only on presentation of a valid reader's card. For information on eligibility and admissions procedures, see Joining the Library). For further information on the availability of the manuscript, please contact the Manuscripts Reading Room.",False,,,False,,,,,,,,
_record_4,manuscript_12220,,,"Cambridge, University Library, MS Ll.2.13",manuscript,,MS-LL-00002-00013,,,,,,Diktyon 12220,"Description (2019) draws on A catalogue of the Manuscripts preserved in the Library of the University of Cambridge, vol. 4, Cambridge University Press, Cambridge, 1861, p. 27 and on M.P. Kalatzi, Hermonymos: a study in scribal, literary and teaching activities in the fifteenth and early sixteenth centuries, Cultural Foundation of the National Bank of Greece, 2009, p. 189-190.","M.P. Kalatzi, Hermonymos: a study in scribal, literary and teaching activities in the fifteenth and early sixteenth centuries, Cultural Foundation of the National Bank of Greece, 2009, p. 189-190",2019-10-11,"Entry to read in the Library is permitted only on presentation of a valid reader's card. For information on eligibility and admissions procedures, see Joining the Library). For further information on the availability of the manuscript, please contact the Manuscripts Reading Room.",False,,,False,,,,,,,,
_record_4,manuscript_12221,,,"Cambridge, University Library, MS Ll.4.12",manuscript,,MS-LL-00004-00012,,,,,,Diktyon 12221,"Description (2019) draws on A catalogue of the Manuscripts preserved in the Library of the University of Cambridge, vol. 4, Cambridge University Press, Cambridge, 1861, p. 61-66, and unpublished notes by P. Easterling.",,2020-03-06,"Entry to read in the Library is permitted only on presentation of a valid reader's card. For information on eligibility and admissions procedures, see Joining the Library). For further information on the availability of the manuscript, please contact the Manuscripts Reading Room.",False,,,False,,,,,,,,
_record_2,manuscript_12224,,,"Cambridge, University Library, MS Ll.5.4",manuscript,,MS-LL-00005-00004,,,,,,Diktyon 12224,,,2022-08-22,"Entry to read in the Library is permitted only on presentation of a valid reader's card. For information on eligibility and admissions procedures, see Joining the Library). For further information on the availability of the manuscript, please contact the Manuscripts Reading Room.",False,,,False,,,,,,,,
_record_3,manuscript_12225,,,"Cambridge, University Library, MS Mm.1.11",manuscript,,MS-MM-00001-00011,,,,,,Diktyon 12225,"Description (2019) draws on A catalogue of the Manuscripts preserved in the Library of the University of Cambridge, vol. 4, Cambridge University Press, Cambridge, 1861, p. 105-106.",,2019-05-20,"Entry to read in the Library is permitted only on presentation of a valid reader's card. For information on eligibility and admissions procedures, see Joining the Library). For further information on the availability of the manuscript, please contact the Manuscripts Reading Room.",False,,,False,,,,,,,,
_record_1,manuscript_12226,,,"Cambridge, University Library, MS Mm.1.17",manuscript-composite,,MS-MM-00001-00017,,,,,, Diktyon 12226,"Description (2020) draws partly on A catalogue of the Manuscripts preserved in the Library of the University of Cambridge (Cambridge: Cambridge University Press, 1861), vol. 4, pp. 109-110.",,2020-09-04,"Entry to read in the Library is permitted only on presentation of a valid reader's card. For information on eligibility and admissions procedures, see Joining the Library). For further information on the availability of the manuscript, please contact the Manuscripts Reading Room.",False,,,False,,,,,,,,
_record_6,manuscript_12227,,,"Cambridge, University Library, MS Mm.6.9",manuscript,,MS-MM-00006-00009,,,,,,Diktyon 12227,,,2022-02-07,"Entry to read in the Library is permitted only on presentation of a valid reader's card. For information on eligibility and admissions procedures, see Joining the Library). For further information on the availability of the manuscript, please contact the Manuscripts Reading Room.",False,,,False,,,,,,,,
_record_5,manuscript_12230,,,"Cambridge, University Library, MS Nn.1.21",manuscript,,MS-NN-00001-00021,,,,,,Diktyon 12230,,,2022-03-18,"Entry to read in the Library is permitted only on presentation of a valid reader's card. For information on eligibility and admissions procedures, see Joining the Library). For further information on the availability of the manuscript, please contact the Manuscripts Reading Room.",False,,,False,,,,,,,,
_record_4,manuscript_12231,,,"Cambridge, University Library, MS Nn.1.23",manuscript,,MS-NN-00001-00023,,,,,,Diktyon 12231,"Description (2020) draws on A catalogue of the Manuscripts preserved in the Library of the University of Cambridge, vol. 4, Cambridge University Press, Cambridge, 1861, p. 461-465.",,2020-11-10,"Entry to read in the Library is permitted only on presentation of a valid reader's card. For information on eligibility and admissions procedures, see Joining the Library). For further information on the availability of the manuscript, please contact the Manuscripts Reading Room.",False,,,False,,,,,,,,
_record_5,manuscript_12232,,,"Cambridge, University Library, MS Nn.1.24",manuscript,,MS-NN-00001-00024,,,,,,Diktyon 12232,"Description (2019) draws on A catalogue of the Manuscripts preserved in the Library of the University of Cambridge, vol. 4, Cambridge University Press, Cambridge, 1861, p. 465-466.",,2019-10-18,"Entry to read in the Library is permitted only on presentation of a valid reader's card. For information on eligibility and admissions procedures, see Joining the Library). For further information on the availability of the manuscript, please contact the Manuscripts Reading Room.",False,,,False,,,,,,,,
_record_4,manuscript_12237,,,"Cambridge, University Library, MS Nn.2.34",manuscript,,MS-NN-00002-00034,,,,,,Diktyon 12237,"Description (2019) draws on .A catalogue of the Manuscripts preserved in the Library of the University of Cambridge, vol. 4 (Cambridge: Cambridge University Press, 1861), p. 467-468","A catalogue of the Manuscripts preserved in the Library of the University of Cambridge, vol. 4 (Cambridge: Cambridge University Press, 1861), p. 467-468",2019-07-10,"Entry to read in the Library is permitted only on presentation of a valid reader's card. For information on eligibility and admissions procedures, see Joining the Library). For further information on the availability of the manuscript, please contact the Manuscripts Reading Room.",False,,,False,,,,,,,,
_record_5,manuscript_12238,,,"Cambridge, University Library, MS Nn.2.36",manuscript,,MS-NN-00002-00036,,,,,,Diktyon 12238,"Description (2019) draws on A catalogue of the Manuscripts preserved in the Library of the University of Cambridge, vol. 1, (Cambridge, 1856), pp. 468-469 and unpublished notes by Patricia E. Easterling.",,2022-03-18,"Entry to read in the Library is permitted only on presentation of a valid reader's card. For information on eligibility and admissions procedures, see Joining the Library). For further information on the availability of the manuscript, please contact the Manuscripts Reading Room.",False,,,False,,,,,,,,
_record_1,manuscript_12239,,,"Cambridge, University Library, MS Nn.2.39",manuscript,,MS-NN-00002-00039,,,,,,Diktyon 12239,"Description (2019) draws on . A catalogue of the Manuscripts preserved in the Library of the University of Cambridge, vol. 3 (Cambridge: Cambridge University Press, 1858, p. 706","A catalogue of the Manuscripts preserved in the Library of the University of Cambridge, vol. 3 (Cambridge: Cambridge University Press, 1858, p. 706",2019-11-05,"Entry to read in the Library is permitted only on presentation of a valid reader's card. For information on eligibility and admissions procedures, see Joining the Library). For further information on the availability of the manuscript, please contact the Manuscripts Reading Room.",False,,,False,,,,,,,,
_record_6,manuscript_12240,,,"Cambridge, University Library, MS Nn.2.41",manuscript,,MS-NN-00002-00041,,,,,,Diktyon 12240,,,2022-03-18,,False,,,False,,,,,,,,
_record_6,manuscript_12241,,,"Cambridge, University Library, MS Nn.3.3",manuscript,,MS-NN-00003-00003,,,,,,"
                                Diktyon 12241","Description (2019) draws on A catalogue of the Manuscripts preserved in the Library of the University of Cambridge, vol. 4, Cambridge University Press, Cambridge, 1861, p. 474.",,2020-03-03,"Entry to read in the Library is permitted only on presentation of a valid reader's card. For information on eligibility and admissions procedures, see Joining the Library). For further information on the availability of the manuscript, please contact the Manuscripts Reading Room.",False,,,False,,,,,,,,
_record_4,manuscript_12242,,,"Cambridge, University Library, MS Nn.3.8",manuscript,,MS-NN-00003-00008,,,,,, Diktyon 12242,"Description (2019) draws partly on A catalogue of the Manuscripts preserved in the Library of the University of Cambridge, vol. 4, Cambridge University Press, Cambridge, 1861, p. 478.",,2019-09-04,"Entry to read in the Library is permitted only on presentation of a valid reader's card. For information on eligibility and admissions procedures, see Joining the Library). For further information on the availability of the manuscript, please contact the Manuscripts Reading Room.",False,,,False,,,,,,,,
_record_2,manuscript_12243,,,"Cambridge, University Library, MS Nn.3.13",manuscript,,MS-NN-00003-00013,,,,,,Diktyon 12243,"Description (2019) draws on .A catalogue of the Manuscripts preserved in the Library of the University of Cambridge, vol. 4 (Cambridge: Cambridge University Press, 1861), pp. 481-482","A catalogue of the Manuscripts preserved in the Library of the University of Cambridge, vol. 4 (Cambridge: Cambridge University Press, 1861), pp. 481-482",2019-05-24,"Entry to read in the Library is permitted only on presentation of a valid reader's card. For information on eligibility and admissions procedures, see Joining the Library). For further information on the availability of the manuscript, please contact the Manuscripts Reading Room.",False,,,False,,,,,,,,
_record_1,manuscript_12244,,,"Cambridge, University Library, MS Nn.3.14",manuscript-composite,,MS-NN-00003-00014,,,,,, Diktyon 12244,"Description (2019) draws on A catalogue of the Manuscripts preserved in the Library of the University of Cambridge, vol. 4, Cambridge University Press, Cambridge, 1861, pp. 482-484.",,2019-08-13,"Entry to read in the Library is permitted only on presentation of a valid reader's card. For information on eligibility and admissions procedures, see Joining the Library). For further information on the availability of the manuscript, please contact the Manuscripts Reading Room.",False,,,False,,,,,,,,
_record_1,manuscript_12245,,,"Cambridge, University Library, MS Nn.3.15",manuscript-composite,,MS-NN-00003-00015,,,,,,12245,"Description (2019) draws on A catalogue of the Manuscripts preserved in the Library of the University of Cambridge, vol. 4, Cambridge University Press, Cambridge, 1861, p. 484-486.",,2019-11-26,"Entry to read in the Library is permitted only on presentation of a valid reader's card. For information on eligibility and admissions procedures, see Joining the Library). For further information on the availability of the manuscript, please contact the Manuscripts Reading Room.",False,,,False,,,,,,,,
_record_1,manuscript_12246,,,"Cambridge, University Library, MS Nn.3.16",manuscript-composite,,MS-NN-00003-00016,,,,,,"
                                Diktyon 12246","Description (2019) draws on A catalogue of the Manuscripts preserved in the Library of the University of Cambridge, vol. 4, Cambridge University Press, Cambridge, 1861, p. 486-487.",,2019-09-25,"Entry to read in the Library is permitted only on presentation of a valid reader's card. For information on eligibility and admissions procedures, see Joining the Library). For further information on the availability of the manuscript, please contact the Manuscripts Reading Room.",False,,,False,,,,,,,,
_record_1,manuscript_12247,,,"Cambridge, University Library, MS Nn.3.17",manuscript-composite,,MS-NN-00003-00017,,,,,,"
                                Diktyon 12247","Description (2019) draws on A catalogue of the Manuscripts preserved in the Library of the University of Cambridge, vol. 4, Cambridge University Press, Cambridge, 1861, p. 487-489.",,2019-08-13,"Entry to read in the Library is permitted only on presentation of a valid reader's card. For information on eligibility and admissions procedures, see Joining the Library). For further information on the availability of the manuscript, please contact the Manuscripts Reading Room.",False,,,False,,,,,,,,
_record_4,manuscript_12248,,,"Cambridge, University Library, MS Nn.3.18",manuscript,,MS-NN-00003-00018,,,,,,12248,"Description (2019) draws on A catalogue of the Manuscripts preserved in the Library of the University of Cambridge, vol. 4, Cambridge University Press, Cambridge, 1861, p. 489-490.",,2019-11-25,"Entry to read in the Library is permitted only on presentation of a valid reader's card. For information on eligibility and admissions procedures, see Joining the Library). For further information on the availability of the manuscript, please contact the Manuscripts Reading Room.",False,,,False,,,,,,,,
_record_1,manuscript_12250,,,"Cambridge, University Library, MS Nn.4.2",manuscript,,MS-NN-00004-00002,,,,,,Diktyon 12250,"Description (2019) draws on A catalogue of the Manuscripts preserved in the Library of the University of Cambridge, vol. 4, Cambridge University Press, Cambridge, 1861, p. 492 and on M.P. Kalatzi, Hermonymos: a study in scribal, literary and teaching activities in the fifteenth and early sixteenth centuries, Cultural Foundation of the National Bank of Greece, 2009, pp. 190-191.","M.P. Kalatzi, Hermonymos: a study in scribal, literary and teaching activities in the fifteenth and early sixteenth centuries, Cultural Foundation of the National Bank of Greece, 2009, pp. 190-191",2019-10-11,"Entry to read in the Library is permitted only on presentation of a valid reader's card. For information on eligibility and admissions procedures, see Joining the Library). For further information on the availability of the manuscript, please contact the Manuscripts Reading Room.",False,,,False,,,,,,,,
_record_1,manuscript_12252,,,"Cambridge, University Library, MS Nn.4.8",manuscript-composite,,MS-NN-00004-00008,,,,,,Diktyon 12252,"Description (2020) draws on N. Tchernetska, Cambridge University Library Nn.4.8, a Greek palimpsest described and deciphered, in ""Transactions of the Cambridge Bibliographical Society"" vol. 12, no. 3 (2002), p. 313-321.",,2020-10-09,"Entry to read in the Library is permitted only on presentation of a valid reader's card. For information on eligibility and admissions procedures, see Joining the Library). For further information on the availability of the manuscript, please contact the Manuscripts Reading Room.",False,,,False,,,,,,,,
_record_1,manuscript_12254,,,"Cambridge, University Library, MS Nn.4.42b",manuscript,,MS-NN-00004-00042-B,,,,,,Diktyon 12254,"Description (2019) draws on A catalogue of the Manuscripts preserved in the Library of the University of Cambridge, vol. 4, Cambridge University Press, Cambridge, 1861, p. 500.",,2019-09-16,"Entry to read in the Library is permitted only on presentation of a valid reader's card. For information on eligibility and admissions procedures, see Joining the Library). For further information on the availability of the manuscript, please contact the Manuscripts Reading Room.",False,,,False,,,,,,,,
_record_1,manuscript_12273,,,"Cambridge, University Library, MS Or. 1700.2.3.1",manuscript,,MS-OR-01700-BOX-00002-00003-00001,,,,,,Diktyon 12273,,,2021-01-12,"Entry to read in the Library is permitted only on presentation of a valid reader's card. For information on eligibility and admissions procedures, see Joining the Library). For further information on the availability of the manuscript, please contact the Manuscripts Reading Room.",False,,,False,,,,,,,,
_record_4,manuscript_12274,,,"Cambridge, University Library, MS Or. 929",manuscript,,MS-OR-00929,,,,,,Diktyon 12274,,,2022-03-18,"Entry to read in the Library is permitted only on presentation of a valid reader's card. For information on eligibility and admissions procedures, see Joining the Library). For further information on the availability of the manuscript, please contact the Manuscripts Reading Room.",False,,,False,,,,,,,,
_record_1,manuscript_12276,,,"Cambridge, University Library, MS Or. 1699.Π.X",manuscript,,MS-OR-01699-Π-X,,,,,,Diktyon 12276,,,2022-02-20,"Entry to read in the Library is permitted only on presentation of a valid reader's card. For information on eligibility and admissions procedures, see Joining the Library). For further information on the availability of the manuscript, please contact the Manuscripts Reading Room.",False,,,False,,,,,,,,
_record_1,manuscript_12283,,,"Cambridge, Westminster College, MS WGL9/6",manuscript,,MS-WESTMINSTER-WGL-00009-00006,,,,,,Diktyon 12283,,,2020-10-30,Visitors to Westminster College who wish to consult Archives and Special Collections material are asked to apply to the Archivist in advance of their visit. For information see: Westminster College: Archives and Special Collections.,False,,,False,,,,,,,,
_record_5,manuscript_72951,,,"Cambridge, Corpus Christi College, MS 633",manuscript,,MS-CCCC-00633,,,,,,Diktyon 72951,,,2021-05-21,,False,,,False,,,,,,,,
_record_8,manuscript_73427.1,,,"Cambridge, University Library, MS Add. 10062",manuscript,,MS-ADD-10062-OVERTEXT,,,,,,Diktyon 73427,,,2019-12-20,"Entry to read in the Library is permitted only on presentation of a valid reader's card. For information on eligibility and admissions procedures, see Joining the Library). For further information on the availability of the manuscript, please contact the Manuscripts Reading Room.",False,,,False,,,,,,,,
_record_1,manuscript_76360,,,"Cambridge, University Library, MS Add. 3166",manuscript,,MS-ADD-03166,,,,,,Diktyon 76360,"This description draws on Jayne Ringrose, .Summary catalogue of the additional medieval manuscripts in Cambridge University Library acquired before 1940 (Woodbridge 2009), pp. 75-76","Jayne Ringrose, Summary catalogue of the additional medieval manuscripts in Cambridge University Library acquired before 1940 (Woodbridge 2009), pp. 75-76",2022-02-17,"Entry to read in the Library is permitted only on presentation of a valid reader's card. For information on eligibility and admissions procedures, see Joining the Library). For further information on the availability of the manuscript, please contact the Manuscripts Reading Room.",False,,,False,,,,,,,,
_record_2,manuscript_76361,,,"Cambridge, University Library, MS Add. 7872",manuscript-composite,,MS-ADD-07872,,,,,,Diktyon 76361,"Description (2020) draws on N. Tchernetska, A Homeric Fragment: Cambridge University Library Add. 7872, in Hyperboreus 7 (2001), p. 72-75.",,2020-10-07,"Entry to read in the Library is permitted only on presentation of a valid reader's card. For information on eligibility and admissions procedures, see Joining the Library). For further information on the availability of the manuscript, please contact the Manuscripts Reading Room.",False,,,False,,,,,,,,
_record_3,manuscript_76562,,,"Cambridge, Christ's College, MS Rouse 358",manuscript,,MS-CHRISTS-COLLEGE-ROUSE-00358,,,,,,"
                                Diktyon 76562",,,2020-02-28,,False,,,False,,,,,,,,
_record_4,manuscript_76563,,,"Cambridge, Christ's College, MS Rouse 359",manuscript,,MS-CHRISTS-COLLEGE-ROUSE-00359,,,,,,"
                                Diktyon 76563",,,2020-02-28,,False,,,False,,,,,,,,
_record_5,manuscript_76564,,,"Cambridge, Christ's College, MS 29.2.3",manuscript,,MS-CHRISTS-00029-00002-00003,,,,,, Diktyon 76564,,,2020-01-07,,False,,,False,,,,,,,,
_record_2,manuscript_76566,,,"Cambridge, University Library, MS Nn.1.22",manuscript,,MS-NN-00001-00022,,,,,,Diktyon 76566,,,2022-03-18,"Entry to read in the Library is permitted only on presentation of a valid reader's card. For information on eligibility and admissions procedures, see Joining the Library). For further information on the availability of the manuscript, please contact the Manuscripts Reading Room.",False,,,False,,,,,,,,
_record_5,manuscript_77213,,,"Cambridge, Pembroke College, MS LC II.174",manuscript,,MS-PEMBROKE-LC-II-00174,,,,,, Diktyon 77213,"Description (2020) draws partly on M. R. James, A descriptive catalogue of the manuscripts in the library of Pembroke College, Cambridge, Cambridge University Press, Cambridge, 1905, p. 278.",,2020-03-02,,False,,,False,,,,,,,,
_record_2,manuscript_77214,,,"Cambridge, Pembroke College, MS LC II.233.1",manuscript,,MS-PEMBROKE-LC-II-00233-00001,,,,,,Diktyon 77214,,,2021-04-29,,False,,,False,,,,,,,,
_record_3,manuscript_77214,,,"Cambridge, Pembroke College, MS LC II.232",manuscript,,MS-PEMBROKE-LC-II-00232,,,,,,Diktyon 77214,,,2020-02-28,,False,,,False,,,,,,,,
_record_2,manuscript_77215,,,"Cambridge, Pembroke College, MS LC II.233.2",manuscript,,MS-PEMBROKE-LC-II-00233-00002,,,,,,Diktyon 77215,,,2021-04-29,,False,,,False,,,,,,,,
_record_1,manuscript_77234.22,,,"Cambridge, University Library, MS Add. 4166.22",manuscript,,MS-ADD-04166-00022,,,,,,Diktyon 77234,,,2021-08-12,"Entry to read in the Library is permitted only on presentation of a valid reader's card. For information on eligibility and admissions procedures, see Joining the Library). For further information on the availability of the manuscript, please contact the Manuscripts Reading Room.",False,,,False,,,,,,,,
_record_3,manuscript_77234,,,"Cambridge, University Library, MS Add. 4166.25",manuscript,,MS-ADD-04166-00025,,,,,, Diktyon 77234,,,2020-07-24,"Entry to read in the Library is permitted only on presentation of a valid reader's card. For information on eligibility and admissions procedures, see Joining the Library). For further information on the availability of the manuscript, please contact the Manuscripts Reading Room.",False,,,False,,,,,,,,
_record_3,manuscript_77234,,,"Cambridge, University Library, MS Add. 4166.23",manuscript,,MS-ADD-04166-00023,,,,,, Diktyon 77234,,,2020-09-08,"Entry to read in the Library is permitted only on presentation of a valid reader's card. For information on eligibility and admissions procedures, see Joining the Library). For further information on the availability of the manuscript, please contact the Manuscripts Reading Room.",False,,,False,,,,,,,,
_record_4,manuscript_77234.24,,,"Cambridge, University Library, MS Add. 4166.24",manuscript,,MS-ADD-04166-00024,,,,,,Diktyon 77234,,,2021-08-12,"Entry to read in the Library is permitted only on presentation of a valid reader's card. For information on eligibility and admissions procedures, see Joining the Library). For further information on the availability of the manuscript, please contact the Manuscripts Reading Room.",False,,,False,,,,,,,,
_record_1,manuscript_77290,,,"Cambridge, Sidney Sussex College, MS 65",manuscript-composite,,MS-SIDNEY-00065,,,,,,Diktyon 77290,,,2022-02-07,,False,,,False,,,,,,,,
_record_6,manuscript_77291,,,"Cambridge, St John's College, MS H.19",manuscript,,MS-SJC-H-00019,,,,,, Diktyon 77291,"Description (2020) draws partly on M. R. James, A descriptive catalogue of the manuscripts in the library of St. John's College, Cambridge, Cambridge University Press, Cambridge, 1913, p. 324",,2020-09-29,,False,,,False,,,,,,,,
_record_1,manuscript_77292,,,"Cambridge, St John's College, MS M.8",manuscript,,MS-ST-JOHNS-M-00008,,,,,,Diktyon 77292,,,2022-02-07,,False,,,False,,,,,,,,
_record_4,manuscript_77339,,,"Cambridge, Sidney Sussex College, MS 105",manuscript,,MS-SIDNEY-00105,,,,,, Diktyon 77339,"Description (2020) draws partly on M. R. James, A Descriptive Catalogue of the Manuscripts in the Library of Sidney Sussex College, Cambridge (Cambridge: Cambridge University Press, 1895), p. 125.",,2020-11-13,,False,,,False,,,,,,,,
_record_1,manuscript_77478,,,"Cambridge, University Library, MS Add. 2753.3",manuscript,,MS-ADD-02753-00003,,,,,,Diktyon 77478,,,2021-01-29,"Entry to read in the Library is permitted only on presentation of a valid reader's card. For information on eligibility and admissions procedures, see Joining the Library). For further information on the availability of the manuscript, please contact the Manuscripts Reading Room.",False,,,False,,,,,,,,
_record_1,manuscript_77478,,,"Cambridge, University Library, MS Add. 2753.2",manuscript,,MS-ADD-02753-00002,,,,,,Diktyon 77478,,,2021-06-26,"Entry to read in the Library is permitted only on presentation of a valid reader's card. For information on eligibility and admissions procedures, see Joining the Library). For further information on the availability of the manuscript, please contact the Manuscripts Reading Room.",False,,,False,,,,,,,,
_record_1,manuscript_77478,,,"Cambridge, University Library, MS Add. 2753.1",manuscript,,MS-ADD-02753-00001,,,,,,Diktyon 77478,,,2021-02-26,"Entry to read in the Library is permitted only on presentation of a valid reader's card. For information on eligibility and admissions procedures, see Joining the Library). For further information on the availability of the manuscript, please contact the Manuscripts Reading Room.",False,,,False,,,,,,,,
_record_1,manuscript_77478,,,"Cambridge, University Library, MS Add. 2753.5",manuscript,,MS-ADD-02753-00005,,,,,,Diktyon 77478,,,2021-01-21,"Entry to read in the Library is permitted only on presentation of a valid reader's card. For information on eligibility and admissions procedures, see Joining the Library). For further information on the availability of the manuscript, please contact the Manuscripts Reading Room.",False,,,False,,,,,,,,
_record_1,manuscript_77478,,,"Cambridge, University Library, MS Add. 2753.4",manuscript,,MS-ADD-02753-00004,,,,,,Diktyon 77478,,,2021-01-21,"Entry to read in the Library is permitted only on presentation of a valid reader's card. For information on eligibility and admissions procedures, see Joining the Library). For further information on the availability of the manuscript, please contact the Manuscripts Reading Room.",False,,,False,,,,,,,,
_record_1,manuscript_77479.2,,,"Cambridge, University Library, MS Add. 2754.2",manuscript,,MS-ADD-02754-00002,,,,,,Diktyon 77479,,,2022-10-22,"Entry to read in the Library is permitted only on presentation of a valid reader's card. For information on eligibility and admissions procedures, see Joining the Library). For further information on the availability of the manuscript, please contact the Manuscripts Reading Room.",False,,,False,,,,,,,,
_record_1,manuscript_77479.3,,,"Cambridge, University Library, MS Add. 2754.3",manuscript,,MS-ADD-02754-00003,,,,,, Diktyon 77479,,,2022-12-12,"Entry to read in the Library is permitted only on presentation of a valid reader's card. For information on eligibility and admissions procedures, see Joining the Library). For further information on the availability of the manuscript, please contact the Manuscripts Reading Room.",False,,,False,,,,,,,,
_record_1,manuscript_77479.1,,,"Cambridge, University Library, MS Add. 2754.1",manuscript,,MS-ADD-02754-00001,,,,,,Diktyon 77479,,,2021-08-12,"Entry to read in the Library is permitted only on presentation of a valid reader's card. For information on eligibility and admissions procedures, see Joining the Library). For further information on the availability of the manuscript, please contact the Manuscripts Reading Room.",False,,,False,,,,,,,,
_record_1,manuscript_77483,,,"Cambridge, University Library, MS Dd.3.86.10-11",manuscript-composite,,MS-DD-00003-00086-00010-00011,,,,,, Diktyon 77483,"Description (2020) partly draws on A catalogue of the Manuscripts preserved in the Library of the University of Cambridge (Cambridge: Cambridge University Press, 1856), vol. 1: Dd, pp. 196-200.",,2020-03-06,"Entry to read in the Library is permitted only on presentation of a valid reader's card. For information on eligibility and admissions procedures, see Joining the Library). For further information on the availability of the manuscript, please contact the Manuscripts Reading Room.",False,,,False,,,,,,,,
_record_1,manuscript_77765,,,"Cambridge, Gonville and Caius College, MS 623/389",manuscript,,MS-GONVILLE-AND-CAIUS-00623-00389,,,,,, >Diktyon 77765,,,2021-05-28,,False,,,False,,,,,,,,
_record_1,manuscript_77766,,,"Cambridge, Emmanuel College, MS 79",manuscript-composite,,MS-EMMANUEL-COLLEGE-00079,,,,,, Diktyon 77766,"Description (2021) partly draws on M. R. James, The Western Manuscripts in the Library of Emmanuel College (Cambridge: Cambridge University Press, 1904), pp. 70-71.",,2021-04-13,,False,,,False,,,,,,,,
_record_5,manuscript_77767,,,"Cambridge, Emmanuel College, MS 178",manuscript,,MS-EMMANUEL-COLLEGE-00178,,,,,, Diktyon 77767,"Description (2021) partly draws on M. R. James, The Western Manuscripts in the Library of Emmanuel College, Cambridge University Press, Cambridge, 1904, p. 122.",,2021-04-07,,False,,,False,,,,,,,,
_record_4,manuscript_77768,,,"Cambridge, University Library, MS Ff.6.56",manuscript,,MS-FF-00006-00056,,,,,,Diktyon 77768,,,2022-03-17,"Entry to read in the Library is permitted only on presentation of a valid reader's card. For information on eligibility and admissions procedures, see Joining the Library). For further information on the availability of the manuscript, please contact the Manuscripts Reading Room.",False,,,False,,,,,,,,
_record_5,manuscript_77769,,,"Cambridge, University Library, MS Ff.6.57",manuscript,,MS-FF-00006-00057,,,,,,Diktyon 77769,,,2021-08-13,"Entry to read in the Library is permitted only on presentation of a valid reader's card. For information on eligibility and admissions procedures, see Joining the Library). For further information on the availability of the manuscript, please contact the Manuscripts Reading Room.",False,,,False,,,,,,,,
_record_1,manuscript_77940,,,"Cambridge, University Library, MS Add. 6220.10",manuscript,,MS-ADD-06220-00010,,,,,,Diktyon 77940,,,2021-08-05,"Entry to read in the Library is permitted only on presentation of a valid reader's card. For information on eligibility and admissions procedures, see Joining the Library). For further information on the availability of the manuscript, please contact the Manuscripts Reading Room.",False,,,False,,,,,,,,
_record_1,manuscript_77940,,,"Cambridge, University Library, MS Add. 6220.11",manuscript,,MS-ADD-06220-00011,,,,,,Diktyon 77940,,,2021-08-05,"Entry to read in the Library is permitted only on presentation of a valid reader's card. For information on eligibility and admissions procedures, see Joining the Library). For further information on the availability of the manuscript, please contact the Manuscripts Reading Room.",False,,,False,,,,,,,,
_record_2,manuscript_77951,,,"Cambridge, University Library, MS Add. 1879.1",manuscript,,MS-ADD-01879-00001,,,,,,Diktyon 77951,,,2020-11-27,"Entry to read in the Library is permitted only on presentation of a valid reader's card. For information on eligibility and admissions procedures, see Joining the Library). For further information on the availability of the manuscript, please contact the Manuscripts Reading Room.",False,,,False,,,,,,,,
_record_2,manuscript_77952,,,"Cambridge, University Library, MS Add. 1879.2",manuscript,,MS-ADD-01879-00002,,,,,, Diktyon 77952,,,2020-11-27,"Entry to read in the Library is permitted only on presentation of a valid reader's card. For information on eligibility and admissions procedures, see Joining the Library). For further information on the availability of the manuscript, please contact the Manuscripts Reading Room.",False,,,False,,,,,,,,
_record_2,manuscript_77953,,,"Cambridge, University Library, MS Add. 1879.3",manuscript,,MS-ADD-01879-00003,,,,,,Diktyon 77953,,,2020-11-27,"Entry to read in the Library is permitted only on presentation of a valid reader's card. For information on eligibility and admissions procedures, see Joining the Library). For further information on the availability of the manuscript, please contact the Manuscripts Reading Room.",False,,,False,,,,,,,,
_record_2,manuscript_77954,,,"Cambridge, University Library, MS Add. 1879.4",manuscript,,MS-ADD-01879-00004,,,,,,Diktyon 77954,,,2020-11-27,"Entry to read in the Library is permitted only on presentation of a valid reader's card. For information on eligibility and admissions procedures, see Joining the Library). For further information on the availability of the manuscript, please contact the Manuscripts Reading Room.",False,,,False,,,,,,,,
_record_2,manuscript_77955,,,"Cambridge, University Library, MS Add. 1879.5",manuscript-composite,,MS-ADD-01879-00005,,,,,,Diktyon 77955,,,2020-11-27,"Entry to read in the Library is permitted only on presentation of a valid reader's card. For information on eligibility and admissions procedures, see Joining the Library). For further information on the availability of the manuscript, please contact the Manuscripts Reading Room.",False,,,False,,,,,,,,
_record_2,manuscript_77956,,,"Cambridge, University Library, MS Add. 1879.6",manuscript,,MS-ADD-01879-00006,,,,,,Diktyon 77956,,,2020-11-27,"Entry to read in the Library is permitted only on presentation of a valid reader's card. For information on eligibility and admissions procedures, see Joining the Library). For further information on the availability of the manuscript, please contact the Manuscripts Reading Room.",False,,,False,,,,,,,,
_record_2,manuscript_77957,,,"Cambridge, University Library, MS Add. 1879.7",manuscript,,MS-ADD-01879-00007,,,,,,Diktyon 77957,,,2022-03-17,"Entry to read in the Library is permitted only on presentation of a valid reader's card. For information on eligibility and admissions procedures, see Joining the Library). For further information on the availability of the manuscript, please contact the Manuscripts Reading Room.",False,,,False,,,,,,,,
_record_2,manuscript_77958,,,"Cambridge, University Library, MS Add. 1879.8",manuscript,,MS-ADD-01879-00008,,,,,,Diktyon 77958,"Description of binding draws upon unpublished description prepared (2019) by Samuel Foley and Cecilia Diminuco, Dept of Conservation and Collection Care, Cambridge University Library.",,2020-11-27,"Entry to read in the Library is permitted only on presentation of a valid reader's card. For information on eligibility and admissions procedures, see Joining the Library). For further information on the availability of the manuscript, please contact the Manuscripts Reading Room.",False,,,False,,,,,,,,
_record_2,manuscript_77959,,,"Cambridge, University Library, MS Add. 1879.9",manuscript,,MS-ADD-01879-00009,,,,,,Diktyon 77959,,,2020-11-27,"Entry to read in the Library is permitted only on presentation of a valid reader's card. For information on eligibility and admissions procedures, see Joining the Library). For further information on the availability of the manuscript, please contact the Manuscripts Reading Room.",False,,,False,,,,,,,,
_record_2,manuscript_77960,,,"Cambridge, University Library, MS Add. 1879.10",manuscript,,MS-ADD-01879-00010,,,,,,Diktyon 77960,,,2020-11-27,"Entry to read in the Library is permitted only on presentation of a valid reader's card. For information on eligibility and admissions procedures, see Joining the Library). For further information on the availability of the manuscript, please contact the Manuscripts Reading Room.",False,,,False,,,,,,,,
_record_5,manuscript_77961,,,"Cambridge, University Library, MS Add. 1879.11",manuscript,,MS-ADD-01879-00011,,,,,,Diktyon 77961,,,2021-02-21,"Entry to read in the Library is permitted only on presentation of a valid reader's card. For information on eligibility and admissions procedures, see Joining the Library). For further information on the availability of the manuscript, please contact the Manuscripts Reading Room.",False,,,False,,,,,,,,
_record_2,manuscript_77962,,,"Cambridge, University Library, MS Add. 1879.12",manuscript,,MS-ADD-01879-00012,,,,,,Diktyon 77962,,,2021-02-21,"Entry to read in the Library is permitted only on presentation of a valid reader's card. For information on eligibility and admissions procedures, see Joining the Library). For further information on the availability of the manuscript, please contact the Manuscripts Reading Room.",False,,,False,,,,,,,,
_record_2,manuscript_77963,,,"Cambridge, University Library, MS Add. 1879.13",manuscript,,MS-ADD-01879-00013,,,,,,Diktyon 77963,,,2021-02-21,"Entry to read in the Library is permitted only on presentation of a valid reader's card. For information on eligibility and admissions procedures, see Joining the Library). For further information on the availability of the manuscript, please contact the Manuscripts Reading Room.",False,,,False,,,,,,,,
_record_2,manuscript_77965,,,"Cambridge, University Library, MS Add. 1879.14",manuscript-composite,,MS-ADD-01879-00014,,,,,,Diktyon 77965,,,2022-02-17,"Entry to read in the Library is permitted only on presentation of a valid reader's card. For information on eligibility and admissions procedures, see Joining the Library). For further information on the availability of the manuscript, please contact the Manuscripts Reading Room.",False,,,False,,,,,,,,
_record_2,manuscript_77965,,,"Cambridge, University Library, MS Add. 1879.15",manuscript-composite,,MS-ADD-01879-00015,,,,,,Diktyon 77965,,,2021-02-11,"Entry to read in the Library is permitted only on presentation of a valid reader's card. For information on eligibility and admissions procedures, see Joining the Library). For further information on the availability of the manuscript, please contact the Manuscripts Reading Room.",False,,,False,,,,,,,,
_record_2,manuscript_77966,,,"Cambridge, University Library, MS Add. 1879.16",manuscript,,MS-ADD-01879-00016,,,,,,Diktyon 77966,,,2021-02-21,"Entry to read in the Library is permitted only on presentation of a valid reader's card. For information on eligibility and admissions procedures, see Joining the Library). For further information on the availability of the manuscript, please contact the Manuscripts Reading Room.",False,,,False,,,,,,,,
_record_2,manuscript_77967,,,"Cambridge, University Library, MS Add. 1879.17",manuscript,,MS-ADD-01879-00017,,,,,,Diktyon 77967,,,2021-02-21,"Entry to read in the Library is permitted only on presentation of a valid reader's card. For information on eligibility and admissions procedures, see Joining the Library). For further information on the availability of the manuscript, please contact the Manuscripts Reading Room.",False,,,False,,,,,,,,
_record_2,manuscript_77968,,,"Cambridge, University Library, MS Add. 1879.18",manuscript,,MS-ADD-01879-00018,,,,,,Diktyon 77968,,,2021-02-21,"Entry to read in the Library is permitted only on presentation of a valid reader's card. For information on eligibility and admissions procedures, see Joining the Library). For further information on the availability of the manuscript, please contact the Manuscripts Reading Room.",False,,,False,,,,,,,,
_record_2,manuscript_77969,,,"Cambridge, University Library, MS Add. 1879.19",manuscript,,MS-ADD-01879-00019,,,,,,Diktyon 77969,,,2020-02-05,"Entry to read in the Library is permitted only on presentation of a valid reader's card. For information on eligibility and admissions procedures, see Joining the Library). For further information on the availability of the manuscript, please contact the Manuscripts Reading Room.",False,,,False,,,,,,,,
_record_2,manuscript_77969,,,"Cambridge, University Library, MS Add. 1879.20",manuscript,,MS-ADD-01879-00020,,,,,,Diktyon 77969,,,2020-02-05,"Entry to read in the Library is permitted only on presentation of a valid reader's card. For information on eligibility and admissions procedures, see Joining the Library). For further information on the availability of the manuscript, please contact the Manuscripts Reading Room.",False,,,False,,,,,,,,
_record_2,manuscript_77971,,,"Cambridge, University Library, MS Add. 1879.21",manuscript,,MS-ADD-01879-00021,,,,,,Diktyon 77971,,,2020-01-31,"Entry to read in the Library is permitted only on presentation of a valid reader's card. For information on eligibility and admissions procedures, see Joining the Library). For further information on the availability of the manuscript, please contact the Manuscripts Reading Room.",False,,,False,,,,,,,,
_record_6,manuscript_77973,,,"Cambridge, University Library, MS Add. 1879.22",manuscript,,MS-ADD-01879-00022,,,,,,Diktyon 77973,,,2020-02-06,"Entry to read in the Library is permitted only on presentation of a valid reader's card. For information on eligibility and admissions procedures, see Joining the Library). For further information on the availability of the manuscript, please contact the Manuscripts Reading Room.",False,,,False,,,,,,,,
_record_2,manuscript_77974,,,"Cambridge, University Library, MS Add. 1879.23",manuscript-composite,,MS-ADD-01879-00023,,,,,,Diktyon 77974,,,2021-02-21,"Entry to read in the Library is permitted only on presentation of a valid reader's card. For information on eligibility and admissions procedures, see Joining the Library). For further information on the availability of the manuscript, please contact the Manuscripts Reading Room.",False,,,False,,,,,,,,
_record_2,manuscript_77975,,,"Cambridge, University Library, MS Add. 1880.1",manuscript,,MS-ADD-01880-00001,,,,,,Diktyon 12088,"P. Easterling, Hand-list of the additional Greek manuscripts in the University Library, Cambridge, in: Scriptorium 16, 1962, pp. 302-323: 316, and unpublished description by R. V. Kerr, Under-Librarian of CUL († 1987).",,2020-02-11,"Entry to read in the Library is permitted only on presentation of a valid reader's card. For information on eligibility and admissions procedures, see Joining the Library). For further information on the availability of the manuscript, please contact the Manuscripts Reading Room.",False,,,False,,,,,,,,
_record_4,manuscript_77976,,,"Cambridge, University Library, MS Add. 1880.2",manuscript,,MS-ADD-01880-00002,,,,,,Diktyon 12088,"P. Easterling, Hand-list of the additional Greek manuscripts in the University Library, Cambridge, in: Scriptorium 16, 1962, pp. 302-323: 308.",,2020-09-09,"Entry to read in the Library is permitted only on presentation of a valid reader's card. For information on eligibility and admissions procedures, see Joining the Library). For further information on the availability of the manuscript, please contact the Manuscripts Reading Room.",False,,,False,,,,,,,,
_record_2,manuscript_77978,,,"Cambridge, University Library, MS Add. 1880.4",manuscript,,MS-ADD-01880-00004,,,,,,Diktyon 77978,"P. Easterling, Hand-list of the additional Greek manuscripts in the University Library, Cambridge, in: Scriptorium 16, 1962, pp. 302-323: 321, and unpublished description by R. V. Kerr, Under-Librarian of CUL († 1987).",,2020-02-10,"Entry to read in the Library is permitted only on presentation of a valid reader's card. For information on eligibility and admissions procedures, see Joining the Library). For further information on the availability of the manuscript, please contact the Manuscripts Reading Room.",False,,,False,,,,,,,,
_record_2,manuscript_77981,,,"Cambridge, University Library, MS Add. 1880.7",manuscript,,MS-ADD-01880-00007,,,,,,Diktyon 77981,"P. Easterling, Hand-list of the additional Greek manuscripts in the University Library, Cambridge, in: Scriptorium 16, 1962, pp. 302-323: 320, and unpublished description by R. V. Kerr, Under-Librarian of CUL(† 1987).",,2020-02-10,"Entry to read in the Library is permitted only on presentation of a valid reader's card. For information on eligibility and admissions procedures, see Joining the Library). For further information on the availability of the manuscript, please contact the Manuscripts Reading Room.",False,,,False,,,,,,,,
_record_2,manuscript_77982,,,"Cambridge, University Library, MS Add. 1880.8",manuscript,,MS-ADD-01880-00008,,,,,, Diktyon 77982,"Description (2020) partly draws on P. Easterling, Hand-list of the additional Greek manuscripts in the University Library, Cambridge, in: Scriptorium 16, 1962, pp. 302-323: 321.",,2020-02-06,"Entry to read in the Library is permitted only on presentation of a valid reader's card. For information on eligibility and admissions procedures, see Joining the Library). For further information on the availability of the manuscript, please contact the Manuscripts Reading Room.",False,,,False,,,,,,,,
_record_2,manuscript_77983,,,"Cambridge, University Library, MS Add. 1880.9",manuscript,,MS-ADD-01880-00009,,,,,, Diktyon 77983,"P. Easterling, 'Hand-list of the additional Greek manuscripts in the University Library, Cambridge', .Scriptorium, 16 (1962), 302-323 (pp. 321-322)","P. Easterling, 'Hand-list of the additional Greek manuscripts in the University Library, Cambridge', Scriptorium, 16 (1962), 302-323 (pp. 321-322)",2020-01-31,"Entry to read in the Library is permitted only on presentation of a valid reader's card. For information on eligibility and admissions procedures, see Joining the Library). For further information on the availability of the manuscript, please contact the Manuscripts Reading Room.",False,,,False,,,,,,,,
_record_4,manuscript_77984,,,"Cambridge, University Library, MS Add. 1880.10",manuscript,,MS-ADD-01880-00010,,,,,,Diktyon 77984,,,2021-03-03,"Entry to read in the Library is permitted only on presentation of a valid reader's card. For information on eligibility and admissions procedures, see Joining the Library). For further information on the availability of the manuscript, please contact the Manuscripts Reading Room.",False,,,False,,,,,,,,
_record_2,manuscript_77985,,,"Cambridge, University Library, MS Add. 1880.11",manuscript,,MS-ADD-01880-00011,,,,,,Diktyon 77985,"Description based on P. Easterling, 'Hand-list of the additional Greek manuscripts in the University Library, Cambridge', Scriptorium, 16 (1962), 302-323 (p. 319), and an unpublished description by R.V. Kerr, Under-Librarian of CUL († 1987).",,2020-02-21,"Entry to read in the Library is permitted only on presentation of a valid reader's card. For information on eligibility and admissions procedures, see Joining the Library). For further information on the availability of the manuscript, please contact the Manuscripts Reading Room.",False,,,False,,,,,,,,
_record_2,manuscript_77986,,,"Cambridge, University Library, MS Add. 1880.12",manuscript,,MS-ADD-01880-00012,,,,,,Diktyon 77986,"Description based on P. Easterling, Hand-list of the additional Greek manuscripts in the University Library, Cambridge, in: Scriptorium 16, 1962, pp. 302-323: 307-308.",,2020-02-20,"Entry to read in the Library is permitted only on presentation of a valid reader's card. For information on eligibility and admissions procedures, see Joining the Library). For further information on the availability of the manuscript, please contact the Manuscripts Reading Room.",False,,,False,,,,,,,,
_record_4,manuscript_77987,,,"Cambridge, University Library, MS Add. 1880.13",manuscript,,MS-ADD-01880-00013,,,,,,Diktyon 77987,"Description (2020) partly draws on an unpublished description by R.V. Kerr, under-Librarian at Cambridge University Library, and P. Easterling, Hand-list of the additional Greek manuscripts in the University Library, Cambridge, in: Scriptorium 16, 1962, pp. 302-323: 315.",,2020-02-12,"Entry to read in the Library is permitted only on presentation of a valid reader's card. For information on eligibility and admissions procedures, see Joining the Library). For further information on the availability of the manuscript, please contact the Manuscripts Reading Room.",False,,,False,,,,,,,,
_record_2,manuscript_77991,,,"Cambridge, University Library, MS Add. 1880.18",manuscript,,MS-ADD-01880-00018,,,,,,Diktyon 77991,"Description based on P. Easterling, Hand-list of the additional Greek manuscripts in the University Library, Cambridge, in: Scriptorium 16, 1962, pp. 302-323: 319, and unpublished description by R.V. Kerr, Under-Librarian of CUL († 1987).",,2020-02-12,"Entry to read in the Library is permitted only on presentation of a valid reader's card. For information on eligibility and admissions procedures, see Joining the Library). For further information on the availability of the manuscript, please contact the Manuscripts Reading Room.",False,,,False,,,,,,,,
_record_2,manuscript_77992,,,"Cambridge, University Library, MS Add. 1880.19",manuscript,,MS-ADD-01880-00019,,,,,,Diktyon 77992,"P. Easterling, Hand-list of the additional Greek manuscripts in the University Library, Cambridge, in: Scriptorium 16, 1962, pp. 302-323: 309, and unpublished description by R.V. Kerr, Under-Librarian of CUL († 1987).",,2020-02-11,"Entry to read in the Library is permitted only on presentation of a valid reader's card. For information on eligibility and admissions procedures, see Joining the Library). For further information on the availability of the manuscript, please contact the Manuscripts Reading Room.",False,,,False,,,,,,,,
_record_2,manuscript_77993,,,"Cambridge, University Library, MS Add. 1880.20",manuscript,,MS-ADD-01880-00020,,,,,, Diktyon 77993,"Description (2020) partly draws on P. Easterling, Hand-list of the additional Greek manuscripts in the University Library, Cambridge, in: Scriptorium 16, 1962, pp. 302-323: 315.",,2020-02-07,"Entry to read in the Library is permitted only on presentation of a valid reader's card. For information on eligibility and admissions procedures, see Joining the Library). For further information on the availability of the manuscript, please contact the Manuscripts Reading Room.",False,,,False,,,,,,,,
_record_1,,,,"Cambridge, University Library, MS Ee.6.41",manuscript,,MS-EE-00006-00041,,,,,,,"Description draws on A catalogue of the Manuscripts preserved in the Library of the University of Cambridge (Cambridge: Cambridge University Press, 1857) vol. 2, p. 278.",,20221013,,False,,,False,,,,,,,,
_record_1,,,,"Cambridge, University Library, MS Gg.1.8",manuscript-composite,,MS-GG-00001-00008,,,,,,,"This catalogue entry draws on the description provided by Anke Timmermann, 'Alchemy in Cambridge: an annotated catalogue of alchemical texts and illustrations in Cambridge repositories', (used here by kind permission of the author) and further details supplied by the same. Nuncius: Journal of the Material and Visual History of Science, 30, pp. 345-511 (2015)","Anke Timmermann, 'Alchemy in Cambridge: an annotated catalogue of alchemical texts and illustrations in Cambridge repositories', Nuncius: Journal of the Material and Visual History of Science, 30, pp. 345-511 (2015)",2020-05-11,,False,,,False,,,,,,,,
_record_1,,,,"Cambridge, University Library, MS Gg.4.27(2)",manuscript,,MS-GG-00004-00027-00002,,,,,,,,,2021-06-15,,False,,,False,,,,,,,,
_record_1,,,,MS Dd.1.16,manuscript,,MS-DD-00001-00016,,,,,,,"This catalogue entry draws on the description provided by Paul Binski and Patrick Zutshi, with the collaboration of Stella Panayotova, (used here by kind permission of Cambridge University Press), and an unpublished description of the manuscript composed between 1947 and 1970 by Western Illuminated Manuscripts: A Catalogue of the Collection in Cambridge University Library (Cambridge: Cambridge University Press, 2011) , now held in the University Archives (H.L. Pink Pink, H. L.ULIB 7/3/75/1).","Paul Binski and Patrick Zutshi, with the collaboration of Stella Panayotova, Western Illuminated Manuscripts: A Catalogue of the Collection in Cambridge University Library (Cambridge: Cambridge University Press, 2011)",2020-02-01,,False,,,False,,,,,,,,
_record_1,,,,,manuscript,,,,,,,,,"Description draws on James, M. R. (1907). A descriptive catalogue of the manuscripts in the library of Trinity Hall.",,,,False,,,False,,,,,,,,
_record_1,,,,,manuscript,,,,,,,,,"Description draws on James, M. R. (1907). A descriptive catalogue of the manuscripts in the library of Trinity Hall.",,,,False,,,False,,,,,,,,
_record_1,,,,"Cambridge, Queens' College, MS
                            21",manuscript,,MS-QUEENS-00021,,,,,,,"This catalogue entry derives predominantly from data assembled for the Fitzwilliam Museum’s Cambridge Illuminations project (publication forthcoming) and draws on the description in M.R. James, .A descriptive catalogue of the western manuscripts in the library of Queens’ College, Cambridge (Cambridge, 1905)","M.R. James, A descriptive catalogue of the western manuscripts in the library of Queens’ College, Cambridge (Cambridge, 1905)",2023-06-13,,False,,,False,,,,,,,,
_record_1,,,,"Cambridge, Queens' College, MS
                            20",manuscript-composite,,MS-QUEENS-00020,,,,,,,"This catalogue entry draws on the description in M.R. James, .A descriptive catalogue of the western manuscripts in the library of Queens’ College, Cambridge (Cambridge, 1905)","M.R. James, A descriptive catalogue of the western manuscripts in the library of Queens’ College, Cambridge (Cambridge, 1905)",2022-03-03,,False,,,False,,,,,,,,
_record_1,,,,"Cambridge, Queens' College, MS 30",manuscript,,MS-QUEENS-00030,,,,,,,,,2023-03-21,,False,,,False,,,,,,,,
_record_10,,,,"Cambridge, Queens' College, MS 31",manuscript,,MS-QUEENS-00031,,,,,,,"This catalogue entry draws on the description in M.R. James, .A descriptive catalogue of the western manuscripts in the library of Queens’ College, Cambridge (Cambridge, 1905)","M.R. James, A descriptive catalogue of the western manuscripts in the library of Queens’ College, Cambridge (Cambridge, 1905)",2022-05-19,,False,,,False,,,,,,,,
_record_10,,,,"Cambridge, Queens' College, MS
                            29",manuscript,,MS-QUEENS-00029,,,,,,,"This catalogue entry draws on the descriptions in M.R. James, , and R.M. Thomson's catalogue of the medieval manuscripts of Queens' College (forthcoming).A descriptive catalogue of the western manuscripts in the library of Queens’ College, Cambridge (Cambridge, 1905)","M.R. James, A descriptive catalogue of the western manuscripts in the library of Queens’ College, Cambridge (Cambridge, 1905)",2023-06-15,,False,,,False,,,,,,,,
_record_12,,,,"Cambridge, Queens'
                                          College, MS 15",manuscript,,MS-QUEENS-00015,,,,,,,"This catalogue entry draws on the description in M.R. James, , and R.M. Thomson's catalogue of the medieval manuscripts of Queens' College (forthcoming).A descriptive catalogue of the western manuscripts in the library of Queens' College, Cambridge (Cambridge, 1905)","M.R. James, A descriptive catalogue of the western manuscripts in the library of Queens' College, Cambridge (Cambridge, 1905)",2023-06-13,,False,,,False,,,,,,,,
_record_15,,,,"Cambridge, Queens' College, MS 19",manuscript,,MS-QUEENS-00019,,,,,,,"This catalogue entry derives predominantly from data assembled for the Fitzwilliam Museum’s Cambridge Illuminations project (publication forthcoming) and draws on the description in M.R. James, .A descriptive catalogue of the western manuscripts in the library of Queens’ College, Cambridge (Cambridge, 1905)","M.R. James, A descriptive catalogue of the western manuscripts in the library of Queens’ College, Cambridge (Cambridge, 1905)",2023-06-13,,False,,,False,,,,,,,,
_record_2,,,,MS 55,manuscript,,,,,,,,,"Manuscript description by Dr Elizabeth New in 2009, with reference to the volume in hand.",,,,False,,,False,,,,,,,,
_record_3,,,,MS Add. 6447,manuscript-composite,,,,,,,,,"The prose introduction is taken from the entry for Add. 6447 in the exhibition catalogue, 'Colour: The Art and Science of Illuminated Manuscripts' (2016), by kind permission of the authors. The catalogue entry draws on the descriptions provided by Paul Binski and Patrick Zutshi, with the collaboration of Stella Panayotova, (used here by kind permission of Cambridge University Press) and Western Illuminated Manuscripts: A Catalogue of the Collection in Cambridge University Library (Cambridge: Cambridge University Press, 2011)Jayne Ringrose, , as well as an unpublished description of the manuscript composed between 1947 and 1970 by Summary catalogue of the Additional medieval manuscripts in Cambridge University Library acquired before 1940 (Woodbridge: Boydell Press, 2009 , now held in the University Archives (H.L. Pink Pink, H. L. UA ULIB 7/3/75) and available online via Apollo.","Paul Binski and Patrick Zutshi, with the collaboration of Stella Panayotova, Western Illuminated Manuscripts: A Catalogue of the Collection in Cambridge University Library (Cambridge: Cambridge University Press, 2011); Jayne Ringrose, Summary catalogue of the Additional medieval manuscripts in Cambridge University Library acquired before 1940 (Woodbridge: Boydell Press, 2009",2022-11-04,,False,,,False,,,,,,,,
_record_3,,,,MS 25,manuscript,,,,,,,,,Description draws on M.R. James(1907). A descriptive catalogue of the manuscripts in the library of Trinity Hall.,M.R. James(1907). A descriptive catalogue of the manuscripts in the library of Trinity Hall.,2022,,False,,,False,,,,,,,,
_record_3,,,,MS 18,manuscript,,,,,,,,,Description draws on M.R. James(1907). A descriptive catalogue of the manuscripts in the library of Trinity Hall.,M.R. James(1907). A descriptive catalogue of the manuscripts in the library of Trinity Hall.,2022,,False,,,False,,,,,,,,
_record_3,,,,,manuscript,,,,,,,,,"Description draws on James, M. R. (1907). A descriptive catalogue of the manuscripts in the library of Trinity Hall.",,,,False,,,False,,,,,,,,
_record_3,,,,MS 28,manuscript,,,,,,,,,Description draws on M.R. James(1907). A descriptive catalogue of the manuscripts in the library of Trinity Hall.,M.R. James(1907). A descriptive catalogue of the manuscripts in the library of Trinity Hall.,2022,,False,,,False,,,,,,,,
_record_3,,,,"Cambridge, Queens' College, MS 26",manuscript,,MS-QUEENS-00026,,,,,,,"This catalogue entry derives predominantly from data assembled for the Fitzwilliam Museum’s Cambridge Illuminations project (publication forthcoming) and draws on the description in M.R. James, .A descriptive catalogue of the western manuscripts in the library of Queens’ College, Cambridge (Cambridge, 1905)","M.R. James, A descriptive catalogue of the western manuscripts in the library of Queens’ College, Cambridge (Cambridge, 1905)",2022-05-18,,False,,,False,,,,,,,,
_record_3,,,,"Cambridge, Queens' College, MS
                            22",manuscript,,MS-QUEENS-00022,,,,,,,"This description draws predominantly on data assembled by Ralph Hanna for his forthcoming publication on medieval manuscripts (reproduced by kind permission) and on the description in M.R. James, .A descriptive catalogue of the western manuscripts in the library of Queens’ College, Cambridge (Cambridge, 1905)","M.R. James, A descriptive catalogue of the western manuscripts in the library of Queens’ College, Cambridge (Cambridge, 1905)",2023-06-13,,False,,,False,,,,,,,,
_record_3,,,,"Cambridge, Queens' College, MS 23",manuscript,,MS-QUEENS-00023,,,,,,,"This catalogue entry draws on the description in M.R. James, .A descriptive catalogue of the western manuscripts in the library of Queens’ College, Cambridge (Cambridge, 1905)","M.R. James, A descriptive catalogue of the western manuscripts in the library of Queens’ College, Cambridge (Cambridge, 1905)",2023-06-13,,False,,,False,,,,,,,,
_record_3,,,,"Cambridge, Queens' College, MS
                            18*",manuscript,,MS-QUEENS-00018*,,,,,,,"This catalogue entry derives predominantly from data assembled for the Fitzwilliam Museum’s Cambridge Illuminations project (publication forthcoming) and draws on the description in M.R. James, .A descriptive catalogue of the western manuscripts in the library of Queens’ College, Cambridge (Cambridge, 1905)","M.R. James, A descriptive catalogue of the western manuscripts in the library of Queens’ College, Cambridge (Cambridge, 1905)",2023-06-15,,False,,,False,,,,,,,,
_record_4,,,,"Cambridge, University Library, MS Gg.1.10",manuscript-composite,,MS-GG-00001-00010,,,,,,,"This catalogue entry draws on the published description on the manuscript in the third volume of the Cambridge University Library Catalogue of Manuscripts (1858, rpr. 1980) and an unpublished description of the manuscript composed between 1948 and 1970 by , now held in the University Archives (UA ULIB 7/3/75) (H.L. Pink Pink, H. L.Unpublished description by H.L. Pink of Cambridge, University Library, MS Gg.1.10 (M. Tullius Cicero, Somnio Scipionis, with commentary by Macrobius; Matthaeus Platearius, Commentaries on Antidotarium Nicholai and De simplicibus medicinae)).",,20221028,,False,,,False,,,,,,,,
_record_4,,,,MS 10,manuscript,,,,,,,,,Description draws on M.R. James(1907). A descriptive catalogue of the manuscripts in the library of Trinity Hall.,M.R. James(1907). A descriptive catalogue of the manuscripts in the library of Trinity Hall.,2022,,False,,,False,,,,,,,,
_record_4,,,,"Cambridge, Queens' College, MS 16",manuscript,,MS-QUEENS-00016,,,,,,,"This catalogue entry draws on the description in M.R. James, .A descriptive catalogue of the western manuscripts in the library of Queens' College, Cambridge (Cambridge, 1905)","M.R. James, A descriptive catalogue of the western manuscripts in the library of Queens' College, Cambridge (Cambridge, 1905)",2023-06-13,,False,,,False,,,,,,,,
_record_5,,,,MS Add. 6447,part,,,,,,,,,,,2022-11-04,,False,,,False,,,,,,,,
_record_5,,,,MS Add. 6447,part,,,,,,,,,,,2022-11-04,,False,,,False,,,,,,,,
_record_5,,,,MS 26,manuscript,,,,,,,,,Description draws on M.R. James(1907). A descriptive catalogue of the manuscripts in the library of Trinity Hall.,M.R. James(1907). A descriptive catalogue of the manuscripts in the library of Trinity Hall.,2022,,False,,,False,,,,,,,,
_record_6,,,,"Cambridge, Queens' College, MS
                            27",manuscript,,MS-QUEENS-00027,,,,,,,"This catalogue entry derives predominantly from data assembled for the Fitzwilliam Museum’s Cambridge Illuminations project (publication forthcoming) and draws on the description in M.R. James, .A descriptive catalogue of the western manuscripts in the library of Queens’ College, Cambridge (Cambridge, 1905)","M.R. James, A descriptive catalogue of the western manuscripts in the library of Queens’ College, Cambridge (Cambridge, 1905)",2022-03-23,,False,,,False,,,,,,,,
_record_6,,,,"Cambridge, Queens' College, MS
                            24",manuscript,,MS-QUEENS-00024,,,,,,,"This catalogue entry derives predominantly from data assembled for the Fitzwilliam Museum’s Cambridge Illuminations project (publication forthcoming) and draws on the description in M.R. James, .A descriptive catalogue of the western manuscripts in the library of Queens’ College, Cambridge (Cambridge, 1905)","M.R. James, A descriptive catalogue of the western manuscripts in the library of Queens’ College, Cambridge (Cambridge, 1905)",2023-06-13,,False,,,False,,,,,,,,
_record_6,,,,"Cambridge, Queens' College, MS
                            35",manuscript,,MS-QUEENS-00035,,,,,,,"This catalogue entry derives predominantly from data assembled for the Fitzwilliam Museum’s Cambridge Illuminations project (publication forthcoming) and draws on the description in M.R. James, .A descriptive catalogue of the western manuscripts in the library of Queens’ College, Cambridge (Cambridge, 1905); For further information on the availability of the manuscript, please contact Queens' Old Library and Special Collections.","M.R. James, A descriptive catalogue of the western manuscripts in the library of Queens’ College, Cambridge (Cambridge, 1905)",2023-06-15,,False,,,False,,,,,,,,
_record_6,manusript_1,,,"Cambridge, Gonville and Caius College, MS 451a/750",manuscript,,MS-GONVILLE-AND-CAIUS-00451-A-00750,,,,,,,"This catalogue entry partly draws on M. R. James, , p. 525. A descriptive catalogue of the manuscripts in the library of Gonville and Caius College, vol. 2 (Cambridge, 1908)","A descriptive catalogue of the manuscripts in the library of Gonville and Caius College, vol. 2 (Cambridge, 1908)",20220913,,False,,,False,,,,,,,,
_record_8,,,,"Cambridge, Queens' College, MS
                            18",manuscript,,MS-QUEENS-00018,,,,,,,"This catalogue entry derives predominantly from data assembled for the Fitzwilliam Museum’s Cambridge Illuminations project (publication forthcoming) and draws on the descriptions in M.R. James, , and R.M. Thomson's catalogue of the medieval manuscripts of Queens' College (forthcoming).A descriptive catalogue of the western manuscripts in the library of Queens’ College, Cambridge (Cambridge, 1905)","M.R. James, A descriptive catalogue of the western manuscripts in the library of Queens’ College, Cambridge (Cambridge, 1905)",2023-06-15,,False,,,False,,,,,,,,
_record_8,,,,"Cambridge, Queens' College, MS 14",manuscript,,MS-QUEENS-00014,,,,,,,"This catalogue entry derives predominantly from data assembled for the Fitzwilliam Museum’s Cambridge Illuminations project (publication forthcoming) and draws on the description in M.R. James, .A descriptive catalogue of the western manuscripts in the library of Queens' College, Cambridge (Cambridge, 1905)","M.R. James, A descriptive catalogue of the western manuscripts in the library of Queens' College, Cambridge (Cambridge, 1905)",2023-06-12,,False,,,False,,,,,,,,
