metadata: measurement UID,metadata: file URL,metadata: collection,metadata: ms ID,metadata: shelfmark,metadata: ms type,metadata: part name,metadata: part ID,extent: extent,extent: n folios,extent: n endleaves,extent: n later endleaves,rolls: height,rolls: height max,rolls: height min,rolls: width,rolls: width max,rolls: width min,rolls: unit,rolls: converted,fragments: height,fragments: height max,fragments: height min,fragments: width,fragments: width max,fragments: width min,fragments: unit,leaves: height,leaves: height max,leaves: height min,leaves: width,leaves: width max,leaves: width min,leaves: depth,leaves: depth max,leaves: depth min,leaves: unit,columns: n,columns: n max,columns: n min,columns: height,columns: height max,columns: height min,columns: width,columns: width max,columns: width min,columns: unit,intercolumn: width,intercolumn: width max,intercolumn: width min,intercolumn: unit,written area: n,written area: n max,written area: n min,written area: height,written area: height max,written area: height min,written area: width,written area: width max,written area: width min,written area: unit,ruling: n,ruling: n max,ruling: n min,ruling: height,ruling: height max,ruling: height min,ruling: width,ruling: width max,ruling: width min,ruling: unit,ruling: medium,ruling: top line
_measure_1,manuscript_1,,,,manuscript,,MS-FF-00001-00025-00004,Codex: ix + 71 + ix leaves. The nine modern paper endleaves at the front and rear have not been photographed. 270 190,71.0,,18.0,,,,,,,,,,,,,,,,270.0,270.0,270.0,190.0,190.0,190.0,,,,mm,2.0,2.0,2.0,,,,,,,,,,,,,,,190.0,190.0,190.0,150.0,150.0,150.0,mm,36 45,45.0,36.0,,,,,,,,leadpoint,above
_measure_2,manuscript_1,,,,manuscript,,MS-FF-00001-00025-00004,,,,,,,,,,,,,,,,,,,,,,,,,,,,,,,,,,,,,,,,,,,,,,,,,,,,,,,,,,,,,,,,,
_measure_3,manuscript_1,,,,manuscript,,MS-FF-00001-00025-00004,,,,,,,,,,,,,,,,,,,,,,,,,,,,,,,,,,,,,,,,,,,,,,,,,,,,,,,,,,,,,,,,,
_measure_4,manuscript_1,,,,manuscript,,MS-FF-00001-00025-00004,,,,,,,,,,,,,,,,,,,,,,,,,,,,,,,,,,,,,,,,,,,,,,,,,,,,,,,,,,,,,,,,,
_measure_5,manuscript_1,,,,manuscript,,MS-FF-00001-00025-00004,,,,,,,,,,,,,,,,,,,,,,,,,,,,,,,,,,,,,,,,,,,,,,,,,,,,,,,,,,,,,,,,,
_measure_1,manuscript_1,,,,manuscript,,MS-II-00006-00031,Codex: i + 1 + 64 + 1 + i leaves. 160 125,64.0,2.0,2.0,,,,,,,,,,,,,,,,160.0,160.0,160.0,125.0,125.0,125.0,,,,mm,1.0,1.0,1.0,,,,,,,,,,,,15 17,17.0,15.0,120.0,120.0,120.0,85-95,95.0,85.0,mm,,,,,,,,,,,leadpoint,below
_measure_2,manuscript_1,,,,manuscript,,MS-II-00006-00031,,,,,,,,,,,,,,,,,,,,,,,,,,,,,,,,,,,,,,,,,,,,,,,,,,,,,,,,,,,,,,,,,
_measure_1,manuscript_1,,,,manuscript,,MS-FF-00004-00042,,,,,,,,,,,,,,,,,,,,185.0,185.0,185.0,125.0,125.0,125.0,,,,mm,1.0,1.0,1.0,,,,,,,,,,,,,,,105-110,105-110,105-110,70.0,70.0,70.0,mm,21 34,34.0,21.0,,,,,,,,,
_measure_1,manuscript_1,,,,manuscript-composite,,MS-FF-00001-00025-00005,Codex: ix + i + 35 + 4 + ii + ix leaves. The nine modern paper endleaves at the front and rear have not been photographed. 270 190,39.0,,21.0,,,,,,,,,,,,,,,,270.0,270.0,270.0,190.0,190.0,190.0,,,,mm,,,,,,,,,,,,,,,,,,,,,,,,,,,,,,,,,,,,
_measure_2,manuscript_1,,,,manuscript-composite,,MS-FF-00001-00025-00005,,,,,,,,,,,,,,,,,,,,,,,,,,,,,,,,,,,,,,,,,,,,,,,,,,,,,,,,,,,,,,,,,
_measure_3,manuscript_1,,,,manuscript-composite,,MS-FF-00001-00025-00005,,,,,,,,,,,,,,,,,,,,,,,,,,,,,,,,,,,,,,,,,,,,,,,,,,,,,,,,,,,,,,,,,
_measure_4,manuscript_1,,,,part,,,Codex: 35 leaves. 270 190,35.0,,,,,,,,,,,,,,,,,,270.0,270.0,270.0,190.0,190.0,190.0,,,,mm,1.0,1.0,1.0,,,,,,,,,,,,53 59,59.0,53.0,220.0,220.0,220.0,135-145,145.0,135.0,mm,,,,,,,,,,,leadpoint,below
_measure_5,manuscript_1,,,,part,,,Codex: 4 leaves. 270 190,4.0,,,,,,,,,,,,,,,,,,270.0,270.0,270.0,190.0,190.0,190.0,,,,mm,1.0,1.0,1.0,,,,,,,,,,,,34 37,37.0,34.0,220.0,220.0,220.0,135.0,135.0,135.0,mm,,,,,,,,,,,leadpoint,above
_measure_6,manuscript_1,,,,part,,,Two sheets of parchment: iii leaves. 270 190,,,3.0,,,,,,,,,,,,,,,,270.0,270.0,270.0,190.0,190.0,190.0,,,,mm,,,,,,,,,,,,,,,,,,,,,,,,,,,,,,,,,,,,
_measure_1,manuscript_1,,,,manuscript-composite,,MS-DD-00004-00017,Codex: i + 1 + 135 + 1 + i leaves. 215 155,135.0,2.0,2.0,,,,,,,,,,,,,,,,215.0,215.0,215.0,155.0,155.0,155.0,,,,mm,,,,,,,,,,,,,,,,,,,,,,,,,,,,,,,,,,,,
_measure_2,manuscript_1,,,,manuscript-composite,,MS-DD-00004-00017,,,,,,,,,,,,,,,,,,,,,,,,,,,,,,,,,,,,,,,,,,,,,,,,,,,,,,,,,,,,,,,,,
_measure_3,manuscript_1,,,,manuscript-composite,,MS-DD-00004-00017,,,,,,,,,,,,,,,,,,,,,,,,,,,,,,,,,,,,,,,,,,,,,,,,,,,,,,,,,,,,,,,,,
_measure_4,manuscript_1,,,,manuscript-composite,,MS-DD-00004-00017,,,,,,,,,,,,,,,,,,,,,,,,,,,,,,,,,,,,,,,,,,,,,,,,,,,,,,,,,,,,,,,,,
_measure_5,manuscript_1,,,,manuscript-composite,,MS-DD-00004-00017,,,,,,,,,,,,,,,,,,,,,,,,,,,,,,,,,,,,,,,,,,,,,,,,,,,,,,,,,,,,,,,,,
_measure_6,manuscript_1,,,,manuscript-composite,,MS-DD-00004-00017,,,,,,,,,,,,,,,,,,,,,,,,,,,,,,,,,,,,,,,,,,,,,,,,,,,,,,,,,,,,,,,,,
_measure_7,manuscript_1,,,,part,,,"Fragments, comprising two small strips of parchment, formerly used in repairs to ff. 1-2, now attached by paper hinges to the front pastedown. 2 fragments. 70-75 23-24",,,,,,,,,,,,,,,,,,,70-75,75.0,70.0,23-24,24.0,23.0,,,,mm,,,,,,,,,,,,,,,,,,,,,,,,,,,,,,,,,,,,
_measure_8,manuscript_1,,,,part,,,Codex: 135 leaves. 215 155,135.0,,,,,,,,,,,,,,,,,,215.0,215.0,215.0,155.0,155.0,155.0,,,,mm,1.0,1.0,1.0,,,,,,,,,,,,,,,150.0,150.0,150.0,105.0,105.0,105.0,mm,16.0,16.0,16.0,,,,,,,,ink,below
_measure_9,manuscript_1,,,,part,,,Codex: 135 leaves. 215 155,135.0,,,,,,,,,,,,,,,,,,215.0,215.0,215.0,155.0,155.0,155.0,,,,mm,4.0,4.0,4.0,,,,,,,,,,,,,,,150.0,150.0,150.0,105.0,105.0,105.0,mm,33.0,33.0,33.0,,,,,,,,ink,below
_measure_10,manuscript_1,,,,part,,,"Bifolium, added to replace two leaves lost after f. 94, but providing different text to that lost. 2 leaves. 215 155",2.0,,,,,,,,,,,,,,,,,,215.0,215.0,215.0,155.0,155.0,155.0,,,,mm,1.0,1.0,1.0,,,,,,,,,,,,,,,140.0,140.0,140.0,105.0,105.0,105.0,mm,16.0,16.0,16.0,,,,,,,,ink,below
_measure_11,manuscript_1,,,,part,,,"Single leaf, added to replace a leaf lost after f. 102. 1 leaf. 215 155",1.0,,,,,,,,,,,,,,,,,,215.0,215.0,215.0,155.0,155.0,155.0,,,,mm,1.0,1.0,1.0,,,,,,,,,,,,,,,150.0,150.0,150.0,105.0,105.0,105.0,mm,16.0,16.0,16.0,,,,,,,,ink,below
_measure_1,manuscript_1,,,,manuscript-composite,,MS-II-00006-00033,Codex: i + 32 | 36 | 3 + i leaves,71.0,,2.0,,,,,,,,,,,,,,,,,,,,,,,,,,,,,,,,,,,,,,,,,,,,,,,,,,,,,,,,,,,,,
_measure_2,manuscript_1,,,,part,,,Codex: 32 | 3 leaves. 150-155 100,35.0,,,,,,,,,,,,,,,,,,150-155,155.0,150.0,100.0,100.0,100.0,,,,mm,1.0,1.0,1.0,,,,,,,,,,,,16 22,22.0,16.0,140.0,140.0,140.0,80.0,80.0,80.0,mm,,,,,,,,,,,,
_measure_3,manuscript_1,,,,part,,,Codex: 36 leaves. 150 100-105,36.0,,,,,,,,,,,,,,,,,,150.0,150.0,150.0,100-105,105.0,100.0,,,,mm,1.0,1.0,1.0,,,,,,,,,,,,21 22,22.0,21.0,100-105,105.0,100.0,65-70,70.0,65.0,mm,,,,,,,,,,,hardpoint,below
_measure_1,manuscript_1,,,,manuscript,,MS-II-00006-00032,,,,,,,,,,,,,,,,,,,,157.0,157.0,157.0,108.0,108.0,108.0,,,,mm,1.0,1.0,1.0,,,,,,,,,,,,,,,108.0,108.0,108.0,71.0,71.0,71.0,mm,22 26,26.0,22.0,,,,,,,,,
_measure_1,manuscript_1,,,,manuscript,,MS-FF-00001-00025-00002,Codex: ix + 38 + ix leaves. The nine modern paper endleaves at the front and rear have not been photographed. 270 190,38.0,,18.0,,,,,,,,,,,,,,,,270.0,270.0,270.0,190.0,190.0,190.0,,,,mm,1.0,1.0,1.0,,,,,,,,,,,,,,,225.0,225.0,225.0,150.0,150.0,150.0,mm,36 38,38.0,36.0,,,,,,,,leadpoint,above
_measure_2,manuscript_1,,,,manuscript,,MS-FF-00001-00025-00002,,,,,,,,,,,,,,,,,,,,,,,,,,,,,,,,,,,,,,,,,,,,,,,,,,,,,,,,,,,,,,,,,
_measure_3,manuscript_1,,,,manuscript,,MS-FF-00001-00025-00002,,,,,,,,,,,,,,,,,,,,,,,,,,,,,,,,,,,,,,,,,,,,,,,,,,,,,,,,,,,,,,,,,
_measure_4,manuscript_1,,,,manuscript,,MS-FF-00001-00025-00002,,,,,,,,,,,,,,,,,,,,,,,,,,,,,,,,,,,,,,,,,,,,,,,,,,,,,,,,,,,,,,,,,
_measure_1,manuscript_1,,,,manuscript,,MS-ADD-03021,Codex: 4 + 268 + 4 leaves. The endleaves have not been digitised. 350 245,268.0,,8.0,,,,,,,,,,,,,,,,350.0,350.0,350.0,245.0,245.0,245.0,,,,mm,1.0,1.0,1.0,,,,,,,,,,,,40 42,42.0,40.0,235.0,235.0,235.0,145.0,145.0,145.0,mm,,,,,,,,,,,leadpoint,below
_measure_2,manuscript_1,,,,manuscript,,MS-ADD-03021,Codex: 4 + 268 + 4 leaves. The endleaves have not been digitised. 350 245,268.0,,8.0,,,,,,,,,,,,,,,,350.0,350.0,350.0,245.0,245.0,245.0,,,,mm,,,,,,,,,,,,,,,,,,,,,,,,,,,,,,,,,,,,
_measure_1,manuscript_1,,,,manuscript-composite,,MS-LL-00001-00010,Codex: i + 2 | 2 | 2 | 2 | 10 | 8 | 98 | 24 | 4 + i leaves. 230 180,152.0,,2.0,,,,,,,,,,,,,,,,230.0,230.0,230.0,180.0,180.0,180.0,,,,mm,,,,,,,,,,,,,,,,,,,,,,,,,,,,,,,,,,,,
_measure_2,manuscript_1,,,,manuscript-composite,,MS-LL-00001-00010,,,,,,,,,,,,,,,,,,,,,,,,,,,,,,,,,,,,,,,,,,,,,,,,,,,,,,,,,,,,,,,,,
_measure_3,manuscript_1,,,,manuscript-composite,,MS-LL-00001-00010,,,,,,,,,,,,,,,,,,,,,,,,,,,,,,,,,,,,,,,,,,,,,,,,,,,,,,,,,,,,,,,,,
_measure_4,manuscript_1,,,,manuscript-composite,,MS-LL-00001-00010,,,,,,,,,,,,,,,,,,,,,,,,,,,,,,,,,,,,,,,,,,,,,,,,,,,,,,,,,,,,,,,,,
_measure_5,manuscript_1,,,,manuscript-composite,,MS-LL-00001-00010,,,,,,,,,,,,,,,,,,,,,,,,,,,,,,,,,,,,,,,,,,,,,,,,,,,,,,,,,,,,,,,,,
_measure_6,manuscript_1,,,,manuscript-composite,,MS-LL-00001-00010,,,,,,,,,,,,,,,,,,,,,,,,,,,,,,,,,,,,,,,,,,,,,,,,,,,,,,,,,,,,,,,,,
_measure_7,manuscript_1,,,,manuscript-composite,,MS-LL-00001-00010,,,,,,,,,,,,,,,,,,,,,,,,,,,,,,,,,,,,,,,,,,,,,,,,,,,,,,,,,,,,,,,,,
_measure_8,manuscript_1,,,,manuscript-composite,,MS-LL-00001-00010,,,,,,,,,,,,,,,,,,,,,,,,,,,,,,,,,,,,,,,,,,,,,,,,,,,,,,,,,,,,,,,,,
_measure_9,manuscript_1,,,,manuscript-composite,,MS-LL-00001-00010,,,,,,,,,,,,,,,,,,,,,,,,,,,,,,,,,,,,,,,,,,,,,,,,,,,,,,,,,,,,,,,,,
_measure_10,manuscript_1,,,,manuscript-composite,,MS-LL-00001-00010,,,,,,,,,,,,,,,,,,,,,,,,,,,,,,,,,,,,,,,,,,,,,,,,,,,,,,,,,,,,,,,,,
_measure_11,manuscript_1,,,,manuscript-composite,,MS-LL-00001-00010,,,,,,,,,,,,,,,,,,,,,,,,,,,,,,,,,,,,,,,,,,,,,,,,,,,,,,,,,,,,,,,,,
_measure_12,manuscript_1,,,,manuscript-composite,,MS-LL-00001-00010,,,,,,,,,,,,,,,,,,,,,,,,,,,,,,,,,,,,,,,,,,,,,,,,,,,,,,,,,,,,,,,,,
_measure_13,manuscript_1,,,,manuscript-composite,,MS-LL-00001-00010,,,,,,,,,,,,,,,,,,,,,,,,,,,,,,,,,,,,,,,,,,,,,,,,,,,,,,,,,,,,,,,,,
_measure_14,manuscript_1,,,,part,,,Codex: 2 leaves. 230 180,2.0,,,,,,,,,,,,,,,,,,230.0,230.0,230.0,180.0,180.0,180.0,,,,mm,1.0,1.0,1.0,,,,,,,,,,,,26 32,32.0,26.0,165-185,185.0,165.0,135-140,140.0,135.0,mm,,,,,,,,,,,,
_measure_15,manuscript_1,,,,part,,,Codex: 2 leaves. 230 180,2.0,,,,,,,,,,,,,,,,,,230.0,230.0,230.0,180.0,180.0,180.0,,,,mm,1.0,1.0,1.0,,,,,,,,,,,,54.0,54.0,54.0,185.0,185.0,185.0,130.0,130.0,130.0,mm,,,,,,,,,,,,
_measure_16,manuscript_1,,,,part,,,Codex: 2 leaves. Formerly bound in quire with ff. 1d:vii-1d:viii. 230 180,2.0,,,,,,,,,,,,,,,,,,230.0,230.0,230.0,180.0,180.0,180.0,,,,mm,1.0,1.0,1.0,,,,,,,,,,,,28.0,28.0,28.0,200.0,200.0,200.0,135.0,135.0,135.0,mm,,,,,,,,,,,,
_measure_17,manuscript_1,,,,part,,,Codex: 2 leaves. 230 180,2.0,,,,,,,,,,,,,,,,,,230.0,230.0,230.0,180.0,180.0,180.0,,,,mm,1.0,1.0,1.0,,,,,,,,,,,,28.0,28.0,28.0,200.0,200.0,200.0,135.0,135.0,135.0,mm,,,,,,,,,,,,
_measure_18,manuscript_1,,,,part,,,Codex: 10 leaves. 230 180,10.0,,,,,,,,,,,,,,,,,,230.0,230.0,230.0,180.0,180.0,180.0,,,,mm,1.0,1.0,1.0,,,,,,,,,,,,23.0,23.0,23.0,150-155,155.0,150.0,115-120,120.0,115.0,mm,,,,,,,,,,,,
_measure_19,manuscript_1,,,,part,,,Codex: 8 leaves. 230 180,8.0,,,,,,,,,,,,,,,,,,230.0,230.0,230.0,180.0,180.0,180.0,,,,mm,1.0,1.0,1.0,,,,,,,,,,,,20 21,21.0,20.0,150-155,155.0,150.0,115-120,120.0,115.0,mm,,,,,,,,,,,hardpoint,
_measure_20,manuscript_1,,,,part,,,Codex: 98 leaves. 230 180,98.0,,,,,,,,,,,,,,,,,,230.0,230.0,230.0,180.0,180.0,180.0,,,,mm,1.0,1.0,1.0,,,,,,,,,,,,18 20,20.0,18.0,150-155,155.0,150.0,115-120,120.0,115.0,mm,,,,,,,,,,,hardpoint,
_measure_21,manuscript_1,,,,part,,,Codex: 24 leaves. 230 180,24.0,,,,,,,,,,,,,,,,,,230.0,230.0,230.0,180.0,180.0,180.0,,,,mm,1.0,1.0,1.0,,,,,,,,,,,,24.0,24.0,24.0,185.0,185.0,185.0,140.0,140.0,140.0,mm,,,,,,,,,,,leadpoint,below
_measure_22,manuscript_1,,,,part,,,Codex: 4 leaves. 230 165-180,4.0,,,,,,,,,,,,,,,,,,230.0,230.0,230.0,165-180,180.0,165.0,,,,mm,1.0,1.0,1.0,,,,,,,,,,,,22.0,22.0,22.0,185.0,185.0,185.0,140.0,140.0,140.0,mm,,,,,,,,,,,hardpoint,below
_measure_1,manuscript_1,,,,manuscript,,MS-ADD-03020,"Codex: iv + 2 + 3 + 1 + 5 + 1 + 193 + iv leaves. This count does not include a piece of parchment that was removed when the manuscript was rebound. It is shown here as 'removed piece of parchment'. It is now kept separately from the manuscript, housed in melinex and bound into a conservation volume containing endleaves, sewing remnants, boards and other materials retained from the previous binding. (See Contents, Binding and Custodial History for further details). The endleaves and a later endleaf, f. 10a, have not been digitised. 350 245",198.0,3.0,11.0,,,,,,,,,,,,,,,,350.0,350.0,350.0,245.0,245.0,245.0,,,,mm,1.0,1.0,1.0,,,,,,,,,,,,40.0,40.0,40.0,230-240,240.0,230.0,145-150,150.0,145.0,mm,,,,,,,,,,,leadpoint,below
_measure_2,manuscript_1,,,,manuscript,,MS-ADD-03020,"Codex: iv + 2 + 3 + 1 + 5 + 1 + 193 + iv leaves. This count does not include a piece of parchment that was removed when the manuscript was rebound. It is shown here as 'removed piece of parchment'. It is now kept separately from the manuscript, housed in melinex and bound into a conservation volume containing endleaves, sewing remnants, boards and other materials retained from the previous binding. (See Contents, Binding and Custodial History for further details). The endleaves and a later endleaf, f. 10a, have not been digitised. 350 245",198.0,3.0,11.0,,,,,,,,,,,,,,,,350.0,350.0,350.0,245.0,245.0,245.0,,,,mm,,,,,,,,,,,,,,,,,,,,,,,,,,,,,,,,,,,,
_measure_1,manuscript_1,,,,manuscript,,MS-FF-00001-00025-00003,Codex: ix + 22 + ix leaves. The nine modern paper endleaves at the front and rear have not been photographed. 270 190,22.0,,18.0,,,,,,,,,,,,,,,,270.0,270.0,270.0,190.0,190.0,190.0,,,,mm,1.0,1.0,1.0,,,,,,,,,,,,,,,225.0,225.0,225.0,150.0,150.0,150.0,mm,30 31,31.0,30.0,,,,,,,,leadpoint,above
_measure_2,manuscript_1,,,,manuscript,,MS-FF-00001-00025-00003,,,,,,,,,,,,,,,,,,,,,,,,,,,,,,,,,,,,,,,,,,,,,,,,,,,,,,,,,,,,,,,,,
_measure_3,manuscript_1,,,,manuscript,,MS-FF-00001-00025-00003,,,,,,,,,,,,,,,,,,,,,,,,,,,,,,,,,,,,,,,,,,,,,,,,,,,,,,,,,,,,,,,,,
_measure_1,manuscript_1,,,,manuscript-composite,,MS-FF-00001-00025-00001,Codex: ix + iii + 59 + ix leaves. The nine modern paper endleaves at the front and rear have not been photographed. 270 190,59.0,,21.0,,,,,,,,,,,,,,,,270.0,270.0,270.0,190.0,190.0,190.0,,,,mm,,,,,,,,,,,,,,,,,,,,,,,,,,,,,,,,,,,,
_measure_2,manuscript_1,,,,manuscript-composite,,MS-FF-00001-00025-00001,,,,,,,,,,,,,,,,,,,,,,,,,,,,,,,,,,,,,,,,,,,,,,,,,,,,,,,,,,,,,,,,,
_measure_3,manuscript_1,,,,manuscript-composite,,MS-FF-00001-00025-00001,,,,,,,,,,,,,,,,,,,,,,,,,,,,,,,,,,,,,,,,,,,,,,,,,,,,,,,,,,,,,,,,,
_measure_4,manuscript_1,,,,manuscript-composite,,MS-FF-00001-00025-00001,,,,,,,,,,,,,,,,,,,,,,,,,,,,,,,,,,,,,,,,,,,,,,,,,,,,,,,,,,,,,,,,,
_measure_5,manuscript_1,,,,part,,,A single leaf and one bifolium iii leaves. 270 190,,,3.0,,,,,,,,,,,,,,,,270.0,270.0,270.0,190.0,190.0,190.0,,,,mm,,,,,,,,,,,,,,,,,,,,,,,,,,,,,,,,,,,,
_measure_6,manuscript_1,,,,part,,,Codex: 59 leaves. 270 190,59.0,,,,,,,,,,,,,,,,,,270.0,270.0,270.0,190.0,190.0,190.0,,,,mm,2.0,2.0,2.0,,,,,,,,,,,,,,,235.0,235.0,235.0,145.0,145.0,145.0,mm,43.0,43.0,43.0,,,,,,,,leadpoint,above
_measure_1,manuscript_1,,,,manuscript,,MS-DD-00013-00027,,,,,,,,,,,,,,,,,,,,321.0,321.0,321.0,224.0,224.0,224.0,,,,mm,1.0,1.0,1.0,,,,,,,,,,,,,,,245.0,245.0,245.0,187.0,187.0,187.0,mm,9.0,9.0,9.0,,,,,,,,,
_measure_1,manuscript_1,,,,manuscript,,MS-KK-00001-00024,"Codex: Five leaves of parchment have been inserted in place of missing leaves as part of the volume's conservation (for further information on which, see Custodial History). These inserted leaves have not been digitised, though in one instance (f. 190*) the stubs to which this is attached contains a fragment of decoration. These replacement leaves have not been counted here as part of the manuscript's extent. For the sake of clarity, it has been decided not to enumerate them separately either. iv + 113 + iv leaves. 305 225",113.0,,8.0,,,,,,,,,,,,,,,,305.0,305.0,305.0,225.0,225.0,225.0,,,,mm,1.0,1.0,1.0,,,,,,,,,,,,,,,250.0,250.0,250.0,180-185,185.0,180.0,mm,21 22,22.0,21.0,,,,,,,,hardpoint,above
_measure_2,manuscript_1,,,,manuscript,,MS-KK-00001-00024,,,,,,,,,,,,,,,,,,,,,,,,,,,,,,,,,,,,,,,,,,,,,,,,,,,,,,,,,,,,,,,,,
_measure_3,manuscript_1,,,,manuscript,,MS-KK-00001-00024,,,,,,,,,,,,,,,,,,,,,,,,,,,,,,,,,,,,,,,,,,,,,,,,,,,,,,,,,,,,,,,,,
_measure_4,manuscript_1,,,,manuscript,,MS-KK-00001-00024,,,,,,,,,,,,,,,,,,,,,,,,,,,,,,,,,,,,,,,,,,,,,,,,,,,,,,,,,,,,,,,,,
_measure_5,manuscript_1,,,,manuscript,,MS-KK-00001-00024,,,,,,,,,,,,,,,,,,,,,,,,,,,,,,,,,,,,,,,,,,,,,,,,,,,,,,,,,,,,,,,,,
_measure_6,manuscript_1,,,,manuscript,,MS-KK-00001-00024,,,,,,,,,,,,,,,,,,,,,,,,,,,,,,,,,,,,,,,,,,,,,,,,,,,,,,,,,,,,,,,,,
_measure_1,manuscript_1,,,,manuscript,,MS-LL-00005-00018,,,,,,,,,,,,,,,,,,,,207.0,207.0,207.0,142.0,142.0,142.0,,,,mm,,,,,,,,,,,,,,,,,,,,,,,,,,,,,,,,,,,,
_measure_1,manuscript_1,,,,manuscript-composite,,MS-FF-00004-00042,,,,,,,,,,,,,,,,,,,,305.0,305.0,305.0,229.0,229.0,229.0,,,,mm,,,,,,,,,,,,,,,,,,240.0,240.0,240.0,160.0,160.0,160.0,mm,,,,,,,,,,,,
_measure_2,manuscript_1,,,,part,,,,,,,,,,,,,,,,,,,,,,,,,,,,,,,,2.0,2.0,2.0,,,,,,,,,,,,,,,,,,,,,,36.0,36.0,36.0,,,,,,,,,
_measure_3,manuscript_1,,,,part,,,,,,,,,,,,,,,,,,,,,,,,,,,,,,,,2.0,2.0,2.0,,,,,,,,,,,,,,,,,,,,,,48.0,48.0,48.0,,,,,,,,,
_measure_1,manuscript_1,,,,manuscript,,MS-FF-00001-00017-00001,,,,,,,,,,,,,,,,,,,,192-198,192-198,192-198,145-152,145-152,145-152,,,,mm,1.0,1.0,1.0,,,,,,,,,,,,,,,,,,,,,,,,,,,,,,,,,
_measure_1,manuscript_1,,,,manuscript,,MS-II-00002-00004,,,,,,,,,,,,,,,,,,,,330.0,330.0,330.0,225.0,225.0,225.0,,,,mm,1.0,1.0,1.0,,,,,,,,,,,,,,,278.0,278.0,278.0,160.0,160.0,160.0,mm,24.0,24.0,24.0,,,,,,,,,
_measure_1,manuscript_1,,,,manuscript,,MS-MM-00005-00031,,,,,,,,,,,,,,,,,,,,248.0,248.0,248.0,183.0,183.0,183.0,,,,mm,1.0,1.0,1.0,,,,,,,,,,,,,,,185.0,185.0,185.0,112-116,112-116,112-116,mm,37.0,37.0,37.0,,,,,,,,,
_measure_1,manuscript_1,,,,manuscript,,MS-KK-00005-00016,Codex: iii + 128 + i leaves. 285 220,,,,,,,,,,,,,,,,,,,285.0,285.0,285.0,220.0,220.0,220.0,,,,mm,1.0,1.0,1.0,,,,,,,,,,,,,,,255-160,260.0,255.0,185-190,190.0,185.0,mm,29 34,34.0,29.0,,,,,,,,hardpoint,above
_measure_2,manuscript_1,,,,manuscript,,MS-KK-00005-00016,,,,,,,,,,,,,,,,,,,,,,,,,,,,,,,,,,,,,,,,,,,,,,,,,,,,,,,,,,,,,,,,,
_measure_3,manuscript_1,,,,manuscript,,MS-KK-00005-00016,,,,,,,,,,,,,,,,,,,,,,,,,,,,,,,,,,,,,,,,,,,,,,,,,,,,,,,,,,,,,,,,,
_measure_4,manuscript_1,,,,manuscript,,MS-KK-00005-00016,,,,,,,,,,,,,,,,,,,,,,,,,,,,,,,,,,,,,,,,,,,,,,,,,,,,,,,,,,,,,,,,,
_measure_5,manuscript_1,,,,manuscript,,MS-KK-00005-00016,,,,,,,,,,,,,,,,,,,,,,,,,,,,,,,,,,,,,,,,,,,,,,,,,,,,,,,,,,,,,,,,,
_measure_6,manuscript_1,,,,manuscript,,MS-KK-00005-00016,,,,,,,,,,,,,,,,,,,,,,,,,,,,,,,,,,,,,,,,,,,,,,,,,,,,,,,,,,,,,,,,,
_measure_7,manuscript_1,,,,manuscript,,MS-KK-00005-00016,,,,,,,,,,,,,,,,,,,,,,,,,,,,,,,,,,,,,,,,,,,,,,,,,,,,,,,,,,,,,,,,,
_measure_8,manuscript_1,,,,manuscript,,MS-KK-00005-00016,,,,,,,,,,,,,,,,,,,,,,,,,,,,,,,,,,,,,,,,,,,,,,,,,,,,,,,,,,,,,,,,,
_measure_9,manuscript_1,,,,manuscript,,MS-KK-00005-00016,,,,,,,,,,,,,,,,,,,,,,,,,,,,,,,,,,,,,,,,,,,,,,,,,,,,,,,,,,,,,,,,,
_measure_10,manuscript_1,,,,manuscript,,MS-KK-00005-00016,,,,,,,,,,,,,,,,,,,,,,,,,,,,,,,,,,,,,,,,,,,,,,,,,,,,,,,,,,,,,,,,,
_measure_11,manuscript_1,,,,manuscript,,MS-KK-00005-00016,,,,,,,,,,,,,,,,,,,,,,,,,,,,,,,,,,,,,,,,,,,,,,,,,,,,,,,,,,,,,,,,,
_measure_12,manuscript_1,,,,manuscript,,MS-KK-00005-00016,,,,,,,,,,,,,,,,,,,,,,,,,,,,,,,,,,,,,,,,,,,,,,,,,,,,,,,,,,,,,,,,,
_measure_13,manuscript_1,,,,manuscript,,MS-KK-00005-00016,,,,,,,,,,,,,,,,,,,,,,,,,,,,,,,,,,,,,,,,,,,,,,,,,,,,,,,,,,,,,,,,,
_measure_14,manuscript_1,,,,manuscript,,MS-KK-00005-00016,,,,,,,,,,,,,,,,,,,,,,,,,,,,,,,,,,,,,,,,,,,,,,,,,,,,,,,,,,,,,,,,,
_measure_15,manuscript_1,,,,manuscript,,MS-KK-00005-00016,,,,,,,,,,,,,,,,,,,,,,,,,,,,,,,,,,,,,,,,,,,,,,,,,,,,,,,,,,,,,,,,,
_measure_16,manuscript_1,,,,manuscript,,MS-KK-00005-00016,,,,,,,,,,,,,,,,,,,,,,,,,,,,,,,,,,,,,,,,,,,,,,,,,,,,,,,,,,,,,,,,,
_measure_17,manuscript_1,,,,manuscript,,MS-KK-00005-00016,,,,,,,,,,,,,,,,,,,,,,,,,,,,,,,,,,,,,,,,,,,,,,,,,,,,,,,,,,,,,,,,,
_measure_18,manuscript_1,,,,manuscript,,MS-KK-00005-00016,,,,,,,,,,,,,,,,,,,,,,,,,,,,,,,,,,,,,,,,,,,,,,,,,,,,,,,,,,,,,,,,,
_measure_19,manuscript_1,,,,manuscript,,MS-KK-00005-00016,,,,,,,,,,,,,,,,,,,,,,,,,,,,,,,,,,,,,,,,,,,,,,,,,,,,,,,,,,,,,,,,,
_measure_1,manuscript_1,,,,manuscript,,,Codex iii + 1 + 207 + ii,208.0,,,,,,,,,,,,,,,,,,285.0,285.0,285.0,225.0,225.0,225.0,,,,mm,2.0,2.0,2.0,,,,,,,,,,,,28 33,33.0,28.0,225.0,225.0,225.0,180.0,180.0,180.0,mm,,,,,,,,,,,hardpoint,above
_measure_2,manuscript_1,,,,manuscript,,,Codex iii + 1 + 207 + ii,208.0,,,,,,,,,,,,,,,,,,285.0,285.0,285.0,225.0,225.0,225.0,,,,mm,2.0,2.0,2.0,,,,,,,,,,,,28 33,33.0,28.0,225.0,225.0,225.0,180.0,180.0,180.0,mm,,,,,,,,,,,hardpoint,above
_measure_3,manuscript_1,,,,manuscript,,,,,,,,,,,,,,,,,,,,,,,,,,,,,,,,,,,,,,,,,,,,,,,,,,,,,,,,,,,,,,,,,,,
_measure_4,manuscript_1,,,,manuscript,,,,,,,,,,,,,,,,,,,,,,,,,,,,,,,,,,,,,,,,,,,,,,,,,,,,,,,,,,,,,,,,,,,
_measure_5,manuscript_1,,,,manuscript,,,,,,,,,,,,,,,,,,,,,,,,,,,,,,,,,,,,,,,,,,,,,,,,,,,,,,,,,,,,,,,,,,,
_measure_6,manuscript_1,,,,manuscript,,,,,,,,,,,,,,,,,,,,,,,,,,,,,,,,,,,,,,,,,,,,,,,,,,,,,,,,,,,,,,,,,,,
_measure_7,manuscript_1,,,,manuscript,,,,,,,,,,,,,,,,,,,,,,,,,,,,,,,,,,,,,,,,,,,,,,,,,,,,,,,,,,,,,,,,,,,
_measure_1,manuscript_1,,,,manuscript,,MS-II-00001-00033,"Codex: v + + 1 + 226 + iii leaves. There are two blank endleaf guards, foliated 'i bis' and 'vi bis'. They have not been counted as leaves in this statement of extent. 220 160",226.0,,8.0,,,,,,,,,,,,,,,,220.0,220.0,220.0,160.0,160.0,160.0,,,,mm,,,,,,,,,,,,,,,,,,,,,,,,,,,,,,,,,,,,
_measure_2,manuscript_1,,,,manuscript,,MS-II-00001-00033,"Codex: v + + 1 + 226 + iii leaves. There are two blank endleaf guards, foliated 'i bis' and 'vi bis'. They have not been counted as leaves in this statement of extent. 220 160",226.0,,8.0,,,,,,,,,,,,,,,,220.0,220.0,220.0,160.0,160.0,160.0,,,,mm,1.0,1.0,1.0,,,,,,,,,,,,24.0,24.0,24.0,175-180,180.0,175.0,110-115,115.0,110.0,mm,,,,,,,,,,,leadpoint,above
_measure_3,manuscript_1,,,,manuscript,,MS-II-00001-00033,"Codex: v + + 1 + 226 + iii leaves. There are two blank endleaf guards, foliated 'i bis' and 'vi bis'. They have not been counted as leaves in this statement of extent. 220 160",226.0,,8.0,,,,,,,,,,,,,,,,220.0,220.0,220.0,160.0,160.0,160.0,,,,mm,1.0,1.0,1.0,,,,,,,,,,,,26 29,29.0,26.0,180.0,180.0,180.0,110-125,125.0,110.0,mm,,,,,,,,,,,leadpoint,above
_measure_4,manuscript_1,,,,manuscript,,MS-II-00001-00033,"Codex: v + + 1 + 226 + iii leaves. There are two blank endleaf guards, foliated 'i bis' and 'vi bis'. They have not been counted as leaves in this statement of extent. 220 160",226.0,,8.0,,,,,,,,,,,,,,,,220.0,220.0,220.0,160.0,160.0,160.0,,,,mm,1.0,1.0,1.0,,,,,,,,,,,,24 25,25.0,24.0,155-175,175.0,155.0,110.0,110.0,110.0,mm,,,,,,,,,,,leadpoint,above
_measure_5,manuscript_1,,,,manuscript,,MS-II-00001-00033,"Codex: v + + 1 + 226 + iii leaves. There are two blank endleaf guards, foliated 'i bis' and 'vi bis'. They have not been counted as leaves in this statement of extent. 220 160",226.0,,8.0,,,,,,,,,,,,,,,,220.0,220.0,220.0,160.0,160.0,160.0,,,,mm,1.0,1.0,1.0,,,,,,,,,,,,21 22,22.0,21.0,165-175,170.0,165.0,110-115,115.0,110.0,mm,,,,,,,,,,,leadpoint,above
_measure_6,manuscript_1,,,,manuscript,,MS-II-00001-00033,"Codex: v + + 1 + 226 + iii leaves. There are two blank endleaf guards, foliated 'i bis' and 'vi bis'. They have not been counted as leaves in this statement of extent. 220 160",226.0,,8.0,,,,,,,,,,,,,,,,220.0,220.0,220.0,160.0,160.0,160.0,,,,mm,1.0,1.0,1.0,,,,,,,,,,,,22 24,24.0,22.0,170-175,175.0,170.0,105-115,115.0,105.0,mm,,,,,,,,,,,leadpoint,above
_measure_7,manuscript_1,,,,manuscript,,MS-II-00001-00033,"Codex: v + + 1 + 226 + iii leaves. There are two blank endleaf guards, foliated 'i bis' and 'vi bis'. They have not been counted as leaves in this statement of extent. 220 160",226.0,,8.0,,,,,,,,,,,,,,,,220.0,220.0,220.0,160.0,160.0,160.0,,,,mm,1.0,1.0,1.0,,,,,,,,,,,,24 26,26.0,24.0,160-170,170.0,160.0,105-120,120.0,105.0,mm,,,,,,,,,,,leadpoint,above
_measure_8,manuscript_1,,,,manuscript,,MS-II-00001-00033,,,,,,,,,,,,,,,,,,,,,,,,,,,,,,,,,,,,,,,,,,,,,,,,,,,,,,,,,,,,,,,,,
_measure_9,manuscript_1,,,,manuscript,,MS-II-00001-00033,,,,,,,,,,,,,,,,,,,,,,,,,,,,,,,,,,,,,,,,,,,,,,,,,,,,,,,,,,,,,,,,,
_measure_10,manuscript_1,,,,manuscript,,MS-II-00001-00033,,,,,,,,,,,,,,,,,,,,,,,,,,,,,,,,,,,,,,,,,,,,,,,,,,,,,,,,,,,,,,,,,
_measure_11,manuscript_1,,,,manuscript,,MS-II-00001-00033,,,,,,,,,,,,,,,,,,,,,,,,,,,,,,,,,,,,,,,,,,,,,,,,,,,,,,,,,,,,,,,,,
_measure_12,manuscript_1,,,,manuscript,,MS-II-00001-00033,,,,,,,,,,,,,,,,,,,,,,,,,,,,,,,,,,,,,,,,,,,,,,,,,,,,,,,,,,,,,,,,,
_measure_13,manuscript_1,,,,manuscript,,MS-II-00001-00033,,,,,,,,,,,,,,,,,,,,,,,,,,,,,,,,,,,,,,,,,,,,,,,,,,,,,,,,,,,,,,,,,
_measure_1,manuscript_1,,,,manuscript,,MS-GG-00001-00001,,,,,,,,,,,,,,,,,,,,215.0,215.0,215.0,148.0,148.0,148.0,,,,mm,1 2,2.0,1.0,,,,,,,,,,,,,,,157-165,157-165,157-165,110.0,110.0,110.0,mm,36 40,40.0,36.0,,,,,,,,,
_measure_1,manuscript_1,,,,manuscript,,MS-HH-00001-00010,,,,,,,,,,,,,,,,,,,,204.0,204.0,204.0,140.0,140.0,140.0,,,,mm,1.0,1.0,1.0,,,,,,,,,,,,,,,155.0,155.0,155.0,98.0,98.0,98.0,mm,26 27,27.0,26.0,,,,,,,,,
_measure_1,manuscript_1,,,,manuscript,,MS-GG-00004-00018,Codex: ii + 112 + ii leaves. 265 170,112.0,,4.0,,,,,,,,,,,,,,,,,,,,,,,,,,1.0,1.0,1.0,,,,,,,,,,,,33 34,34.0,33.0,170-175,175.0,170.0,95.0,95.0,95.0,mm,,,,,,,,,,,ink,below
_measure_2,manuscript_1,,,,manuscript,,MS-GG-00004-00018,,,,,,,,,,,,,,,,,,,,,,,,,,,,,,,,,,,,,,,,,,,,,,,,,,,,,,,,,,,,,,,,,
_measure_3,manuscript_1,,,,manuscript,,MS-GG-00004-00018,,,,,,,,,,,,,,,,,,,,,,,,,,,,,,,,,,,,,,,,,,,,,,,,,,,,,,,,,,,,,,,,,
_measure_1,manuscript_1,,,,manuscript,,MS-ADD-10185-00001,"Roll, seven and a half membranes. 4230 175 235-750 175",,,,4230 mm,4230.0,4230.0,175 mm,175.0,175.0,mm,False,,,,,,,,,,,,,,,,,,5.0,5.0,5.0,,,,,,,,,,,,45 65,65.0,45.0,,,,,,,,,,,,,,,,,,,
_measure_1,manuscript_1,,,,manuscript,,MS-ADD-04126,Codex i + 138 + i 170 115,138.0,,,,,,,,,,,,,,,,,,170.0,170.0,170.0,115.0,115.0,115.0,,,,mm,1.0,1.0,1.0,,,,,,,,,,,,,,,125.0,125.0,125.0,70.0,70.0,70.0,mm,16 20,20.0,16.0,,,,,,,,ink,below
_measure_1,manuscript_1,,,,manuscript,,MS-000GG-00004-00031,,,,,,,,,,,,,,,,,,,,250.0,250.0,250.0,174.0,174.0,174.0,,,,mm,1.0,1.0,1.0,,,,,,,,,,,,,,,238.0,238.0,238.0,140.0,140.0,140.0,mm,33 45,45.0,33.0,,,,,,,,,
_measure_1,manuscript_1,,,,manuscript,,MS-NN-00004-00001,,,,,,,,,,,,,,,,,,,,199.0,199.0,199.0,187.0,187.0,187.0,,,,mm,1.0,1.0,1.0,,,,,,,,,,,,,,,125.0,125.0,125.0,80.0,80.0,80.0,mm,14.0,14.0,14.0,,,,,,,,,
_measure_1,manuscript_1,,,,manuscript-composite,,MS-FF-00001-00028,Codex: ii + 3 + 258 + 4 + ii leaves. 295 190,258.0,3.0,4.0,,,,,,,,,,,,,,,,295.0,295.0,295.0,190.0,190.0,190.0,,,,mm,,,,,,,,,,,,,,,,,,,,,,,,,,,,,,,,,,,,
_measure_2,manuscript_1,,,,part,,,Codex: 258 leaves. 295 190,258.0,,,,,,,,,,,,,,,,,,295.0,295.0,295.0,190.0,190.0,190.0,,,,mm,1.0,1.0,1.0,,,,,,,,,,,,36 42,42.0,36.0,220-235,235.0,220.0,110-120,120.0,110.0,mm,,,,,,,,,,,leadpoint,below
_measure_3,manuscript_1,,,,part,,,Fragments: 2 pieces. 285 20-75,2.0,,,,,,,,,,,,,,,,,,285.0,285.0,285.0,20-75,75.0,20.0,,,,mm,1.0,1.0,1.0,,,,,,,,,,,,,,,,,,220.0,220.0,220.0,mm,,,,,,,,,,,,
_measure_1,manuscript_1,,,,manuscript-composite,,MS-KK-00003-00018,Codex: iii + 97 + iv leaves. 315-320 220-230,97.0,,7.0,,,,,,,,,,,,,,,,315-320,320.0,315.0,220-230,230.0,220.0,,,,mm,,,,,,,,,,,,,,,,,,,,,,,,,,,,,,,,,,,,
_measure_2,manuscript_1,,,,manuscript-composite,,MS-KK-00003-00018,,,,,,,,,,,,,,,,,,,,,,,,,,,,,,,,,,,,,,,,,,,,,,,,,,,,,,,,,,,,,,,,,
_measure_3,manuscript_1,,,,manuscript-composite,,MS-KK-00003-00018,,,,,,,,,,,,,,,,,,,,,,,,,,,,,,,,,,,,,,,,,,,,,,,,,,,,,,,,,,,,,,,,,
_measure_4,manuscript_1,,,,manuscript-composite,,MS-KK-00003-00018,,,,,,,,,,,,,,,,,,,,,,,,,,,,,,,,,,,,,,,,,,,,,,,,,,,,,,,,,,,,,,,,,
_measure_5,manuscript_1,,,,manuscript-composite,,MS-KK-00003-00018,,,,,,,,,,,,,,,,,,,,,,,,,,,,,,,,,,,,,,,,,,,,,,,,,,,,,,,,,,,,,,,,,
_measure_6,manuscript_1,,,,manuscript-composite,,MS-KK-00003-00018,,,,,,,,,,,,,,,,,,,,,,,,,,,,,,,,,,,,,,,,,,,,,,,,,,,,,,,,,,,,,,,,,
_measure_7,manuscript_1,,,,part,,,"Fragment, comprising two portions of a legal document: 2 leaves.",2.0,,,,,,,,,,,,,,,,,,,,,,,,,,,,,,,,,,,,,,,,,,,,,,,,,,,,,,,,,,,,,,,
_measure_8,manuscript_1,,,,part,,,Codex: 96 leaves.,96.0,,,,,,,,,,,,,,,,,,,,,,,,,,,,1.0,1.0,1.0,,,,,,,,,,,,30.0,30.0,30.0,265.0,265.0,265.0,165.0,165.0,165.0,mm,,,,,,,,,,,hardpoint,above
_measure_9,manuscript_1,,,,part,,,"Fragment, comprising two portions of a legal document: 2 leaves.",2.0,,,,,,,,,,,,,,,,,,,,,,,,,,,,,,,,,,,,,,,,,,,,,,,,,,,,,,,,,,,,,,,
_measure_1,manuscript_1,,,,manuscript,,MS-EE-00004-00024,Codex: vii + 38 + vii leaves. Only the first of each set of blank endleaves has been photographed. 290 205,38.0,,14.0,,,,,,,,,,,,,,,,290.0,290.0,290.0,205.0,205.0,205.0,,,,mm,2.0,2.0,2.0,,,,,,,,,,,,48.0,48.0,48.0,215.0,215.0,215.0,145.0,145.0,145.0,mm,,,,,,,,,,,leadpoint,below
_measure_2,manuscript_1,,,,manuscript,,MS-EE-00004-00024,Codex: vii + 38 + vii leaves. Only the first of each set of blank endleaves has been photographed. 290 205,38.0,,14.0,,,,,,,,,,,,,,,,290.0,290.0,290.0,205.0,205.0,205.0,,,,mm,,,,,,,,,,,,,,,47.0,47.0,47.0,215.0,215.0,215.0,145.0,145.0,145.0,mm,,,,,,,,,,,leadpoint,
_measure_3,manuscript_1,,,,manuscript,,MS-EE-00004-00024,,,,,,,,,,,,,,,,,,,,,,,,,,,,,,,,,,,,,,,,,,,,,,,,,,,,,,,,,,,,,,,,,
_measure_4,manuscript_1,,,,manuscript,,MS-EE-00004-00024,,,,,,,,,,,,,,,,,,,,,,,,,,,,,,,,,,,,,,,,,,,,,,,,,,,,,,,,,,,,,,,,,
_measure_5,manuscript_1,,,,manuscript,,MS-EE-00004-00024,,,,,,,,,,,,,,,,,,,,,,,,,,,,,,,,,,,,,,,,,,,,,,,,,,,,,,,,,,,,,,,,,
_measure_6,manuscript_1,,,,manuscript,,MS-EE-00004-00024,,,,,,,,,,,,,,,,,,,,,,,,,,,,,,,,,,,,,,,,,,,,,,,,,,,,,,,,,,,,,,,,,
_measure_1,manuscript_1,,,,manuscript,,MS-FF-00004-00042,,,,,,,,,,,,,,,,,,,,260.0,260.0,260.0,195.0,195.0,195.0,,,,mm,1.0,1.0,1.0,,,,,,,,,,,,,,,215-240,215-240,215-240,150-160,150-160,150-160,mm,27 36,36.0,27.0,,,,,,,,,
_measure_1,manuscript_1,,,,manuscript,,MS-ADD-03206-00001,,,,,,,,,,,,,,,,,,,,160.0,160.0,160.0,118.0,118.0,118.0,,,,mm,1.0,1.0,1.0,,,,,,,,,,,,25.0,25.0,25.0,151.0,151.0,151.0,108.0,108.0,108.0,mm,,,,,,,,,,,hardpoint,
_measure_2,manuscript_1,,,,manuscript,,MS-ADD-03206-00001,,,,,,,,,,,,,,,,,,,,160.0,160.0,160.0,118.0,118.0,118.0,,,,mm,1.0,1.0,1.0,,,,,,,,,,,,27.0,27.0,27.0,162.0,162.0,162.0,98.0,98.0,98.0,mm,,,,,,,,,,,hardpoint,
_measure_3,manuscript_1,,,,manuscript,,MS-ADD-03206-00001,,,,,,,,,,,,,,,,,,,,160.0,160.0,160.0,118.0,118.0,118.0,,,,mm,,,,,,,,,,,,,,,,,,,,,,,,,,,,,,,,,,,,
_measure_4,manuscript_1,,,,manuscript,,MS-ADD-03206-00001,,,,,,,,,,,,,,,,,,,,,,,,,,,,,,,,,,,,,,,,,,,,,,,,,,,,,,,,,,,,,,,,,
_measure_1,manuscript_1,,,,manuscript,,MS-II-00006-00002,Codex: ii + 3 + 94 + 3 + ii leaves. 195 130,94.0,6.0,4.0,,,,,,,,,,,,,,,,195.0,195.0,195.0,130.0,130.0,130.0,,,,mm,1.0,1.0,1.0,,,,,,,,,,,,24.0,24.0,24.0,125.0,125.0,125.0,75.0,75.0,75.0,mm,,,,,,,,,,,ink,below
_measure_2,manuscript_1,,,,manuscript,,MS-II-00006-00002,Codex: ii + 3 + 94 + 3 + ii leaves. 195 130,94.0,6.0,4.0,,,,,,,,,,,,,,,,195.0,195.0,195.0,130.0,130.0,130.0,,,,mm,1.0,1.0,1.0,,,,,,,,,,,,36.0,36.0,36.0,,,,,,,,,,,,,,,,,,ink,below
_measure_3,manuscript_1,,,,manuscript,,MS-II-00006-00002,,,,,,,,,,,,,,,,,,,,,,,,,,,,,,,,,,,,,,,,,,,,,,,,,,,,,,,,,,,,,,,,,
_measure_1,manuscript_1,,,,manuscript,,,Codex: i + 130 + i leaves.,130.0,,2.0,,,,,,,,,,,,,,,,210-220,220.0,210.0,140-150,150.0,140.0,,,,mm,1.0,1.0,1.0,,,,,,,,,,,,,,,,,,,,,,,,,,,,,,,,mixed,
_measure_2,manuscript_1,,,,manuscript,,,,,,,,,,,,,,,,,,,,,,,,,,,,,,,,,,,,,,,,,,,,,,,,,,,,,,,,,,,,,,,,,,,
_measure_3,manuscript_1,,,,manuscript,,,,,,,,,,,,,,,,,,,,,,,,,,,,,,,,,,,,,,,,,,,,,,,,,,,,,,,,,,,,,,,,,,,
_measure_4,manuscript_1,,,,manuscript,,,,,,,,,,,,,,,,,,,,,,,,,,,,,,,,,,,,,,,,,,,,,,,,,,,,,,,,,,,,,,,,,,,
_measure_1,manuscript_1,,,,manuscript,,,Codex: ii + 130 + v leaves. This does not count the loose sheet of paper inserted before f. 1 (see Accompanying Material for further details). 385 275,130.0,,7.0,,,,,,,,,,,,,,,,385.0,385.0,385.0,275.0,275.0,275.0,,,,mm,2.0,2.0,2.0,,,,,,,,,,,,31 64,64.0,31.0,270-290,290.0,270.0,190-200,200.0,190.0,mm,,,,,,,,,,,mixed,mixed
_measure_2,manuscript_1,,,,manuscript,,,,,,,,,,,,,,,,,,,,,,,,,,,,,,,,,,,,,,,,,,,,,,,,,,,,,,,,,,,,,,,,,,,
_measure_1,manuscript_12138,,,,manuscript,,MS-ADD-06594,Codex ii + 304 + ii 180 130,304.0,,4.0,,,,,,,,,,,,,,,,180.0,180.0,180.0,130.0,130.0,130.0,,,,mm,1.0,1.0,1.0,,,,,,,,,,,,16 21,21.0,16.0,115.0,115.0,115.0,70.0,70.0,70.0,mm,,,,,,,,,,,hardpoint,above
_measure_1,manuscript_1,,,,manuscript,,MS-DD-00001-00014,Codex i + 1 + 403 + i 430 260,403.0,1.0,2.0,,,,,,,,,,,,,,,,430.0,430.0,430.0,260.0,260.0,260.0,,,,mm,2 3,3.0,2.0,,,,,,,,,,,,,,,300.0,300.0,300.0,170.0,170.0,170.0,mm,58.0,58.0,58.0,,,,,,,,crayon,below
_measure_2,manuscript_1,,,,manuscript,,MS-DD-00001-00014,,,,,,,,,,,,,,,,,,,,,,,,,,,,,,,,,,,,,,,,,,,,,,,,,,,,,,,,,,,,,,,,,
_measure_3,manuscript_1,,,,manuscript,,MS-DD-00001-00014,,,,,,,,,,,,,,,,,,,,,,,,,,,,,,,,,,,,,,,,,,,,,,,,,,,,,,,,,,,,,,,,,
_measure_4,manuscript_1,,,,manuscript,,MS-DD-00001-00014,,,,,,,,,,,,,,,,,,,,,,,,,,,,,,,,,,,,,,,,,,,,,,,,,,,,,,,,,,,,,,,,,
_measure_5,manuscript_1,,,,manuscript,,MS-DD-00001-00014,,,,,,,,,,,,,,,,,,,,,,,,,,,,,,,,,,,,,,,,,,,,,,,,,,,,,,,,,,,,,,,,,
_measure_1,manuscript_1,,,,manuscript,,MS-DD-00005-00078-003,,,,,,,,,,,,,,,,,,,,160.0,160.0,160.0,225.0,225.0,225.0,,,,mm,,,,,,,,,,,,,,,,,,,,,,,,,,,,,,,,,,,,
_measure_1,manuscript_1,,,,manuscript,,,,,,,,,,,,,,,,,,,,,,247.0,247.0,247.0,177.0,177.0,177.0,,,,mm,2.0,2.0,2.0,,,,,,,,,,,,,,,,,,,,,,,,,,,,,,,,,
_measure_1,manuscript_1,,,,manuscript,,,,,,,,,,,,,,,,,,,,,,240.0,240.0,240.0,158.0,158.0,158.0,,,,mm,2.0,2.0,2.0,,,,,,,,,,,,,,,,,,,,,,49.0,49.0,49.0,,,,,,,,,
_measure_1,manuscript_1,,,,manuscript,,,,,,,,,,,,,,,,,,,,,,236.0,236.0,236.0,170.0,170.0,170.0,,,,mm,1.0,1.0,1.0,,,,,,,,,,,,,,,,,,,,,,24.0,24.0,24.0,,,,,,,,,
_measure_1,manuscript_1,,,,manuscript,,,,,,,,,,,,,,,,,,,,,,367.0,367.0,367.0,260.0,260.0,260.0,,,,mm,2.0,2.0,2.0,,,,,,,,,,,,,,,,,,,,,,45 49,49.0,45.0,,,,,,,,,
_measure_1,,,,,manuscript,,,,,,,,,,,,,,,,,,,,,,375.0,375.0,375.0,245.0,245.0,245.0,,,,mm,2.0,2.0,2.0,,,,,,,,,,,,,,,270.0,270.0,270.0,165.0,165.0,165.0,mm,46.0,46.0,46.0,,,,,,,,,
_measure_1,,,,,manuscript,,,,,,,,,,,,,,,,,,,,,,288.0,288.0,288.0,204 - 220,220.0,204.0,,,,mm,1.0,1.0,1.0,,,,,,,,,,,,,,,185 - 194,194.0,185.0,125.0,125.0,125.0,mm,33 35,35.0,33.0,,,,,,,,,
_measure_1,manuscript_1,,,,manuscript,,,,,,,,,,,,,,,,,,,,,,,,,,,,,,,,2.0,2.0,2.0,,,,,,,,,,,,,,,,,,,,,,48 36,48.0,36.0,,,,,,,,,
_measure_1,,,,,manuscript,,,,,,,,,,,,,,,,,,,,,,384.0,384.0,384.0,270.0,270.0,270.0,,,,mm,2.0,2.0,2.0,,,,,,,,,,,,,,,252.0,252.0,252.0,180.0,180.0,180.0,mm,46.0,46.0,46.0,,,,,,,,,
_measure_1,manuscript_1,,,,manuscript,,,,,,,,,,,,,,,,,,,,,,,,,,,,,,,,2.0,2.0,2.0,,,,,,,,,,,,,,,,,,,,,,46.0,46.0,46.0,,,,,,,,,
_measure_1,manuscript_1,,,,manuscript,,,,,,,,,,,,,,,,,,,,,,267.0,267.0,267.0,183.0,183.0,183.0,,,,mm,,,,,,,,,,,,,,,,,,,,,,,,,30.0,30.0,30.0,,,,,,,,,
_measure_1,manuscript_1,,,,manuscript,,,,,,,,,,,,,,,,,,,,,,,,,,,,,,,,2.0,2.0,2.0,,,,,,,,,,,,,,,,,,,,,,30.0,30.0,30.0,,,,,,,,,
_measure_1,manuscript_1,,,,manuscript,,,,,,,,,,,,,,,,,,,,,,,,,,,,,,,,2.0,2.0,2.0,,,,,,,,,,,,,,,,,,,,,,54.0,54.0,54.0,,,,,,,,,
_measure_1,manuscript_1,,,,manuscript,,,,,,,,,,,,,,,,,,,,,,,,,,,,,,,,2.0,2.0,2.0,,,,,,,,,,,,,,,,,,,,,,40.0,40.0,40.0,,,,,,,,,
_measure_1,manuscript_1,,,,manuscript,,MS-DD-00002-00011,,,,,,,,,,,,,,,,,,,,350.0,350.0,350.0,229.0,229.0,229.0,,,,mm,,,,,,,,,,,,,,,,,,,,,,,,,,,,,,,,,,,,
_measure_1,manuscript_1,,,,manuscript,,MS-ADD-08844,,,,,,,,,,,,,,,,,,,,295.0,295.0,295.0,195.0,195.0,195.0,,,,mm,,,,,,,,,,,,,,,,,,,,,,,,,,,,,,,,,,,,
_measure_1,manuscript_1,,,,manuscript,,MS-ADD-02764-00002,,,,,,,,,,,,,,65-133,65-133,155-164,155-164,155-164,mm,,,,,,,,,,,,,,,,,,,,,,,,,,,,,,,,,,,,,,,,,,,,,,
_measure_1,manuscript_1,,,,manuscript,,MS-ADD-03056,,,,,,,,,,,,,,,,,,,,290.0,290.0,290.0,195.0,195.0,195.0,,,,mm,,,,,,,,,,,,,,,,,,,,,,,,,,,,,,,,,,,,
_measure_1,manuscript_1,,,,manuscript,,MS-UA-COLLECT-ADMIN-00004,,,,,,,,,,,,,,,,,,,,280.0,280.0,280.0,205.0,205.0,205.0,,,,mm,,,,,,,,,,,,,,,,,,,,,,,,,,,,,,,,,,,,
_measure_1,manuscript_1,,,,manuscript,,MS-DD-00004-00022,,,,,,,,,,,,,,,,,,,,264.0,264.0,264.0,195.0,195.0,195.0,,,,mm,,,,,,,,,,,,,,,,,,,,,,,,,,,,,,,,,,,,
_measure_1,manuscript_1,,,,manuscript,,MS-ADD-03389,,,,,,,,,,,,,,,,,,,,213.0,213.0,213.0,162.0,162.0,162.0,,,,mm,1.0,1.0,1.0,,,,,,,,,,,,,,,169.0,169.0,169.0,90.0,90.0,90.0,mm,38.0,38.0,38.0,,,,,,,,,
_measure_1,manuscript_1,,,,manuscript,,MS-ADD-03389,,,,,,,,,,,,,,,,,,,,330.0,330.0,330.0,380.0,380.0,380.0,,,,mm,1.0,1.0,1.0,,,,,,,,,,,,,,,240.0,240.0,240.0,380.0,380.0,380.0,mm,36.0,36.0,36.0,,,,,,,,,
_measure_1,manuscript_1,,,,manuscript,,MS-DD-00009-00033,,,,,,,,,,,,,,,,,,,,305.0,305.0,305.0,218.0,218.0,218.0,,,,mm,,,,,,,,,,,,,,,,,,,,,,,,,,,,,,,,,,,,
_measure_1,manuscript_1,,,,manuscript,,MS-NN-00006-00036,,,,,,,,,,,,,,,,,,,,332.0,332.0,332.0,215.0,215.0,215.0,,,,mm,,,,,,,,,,,,,,,,,,,,,,,,,,,,,,,,,,,,
_measure_1,manuscript_1,,,,manuscript,,,,,,,,,,,,,,,,,,,,,,,,,,,,,,,,1.0,1.0,1.0,,,,,,,,,,,,,,,,,,,,,,,,,,,,,,,,,
_measure_1,manuscript_1,,,,manuscript,,,,,,,,,,,,,,,,,,,,,,,,,,,,,,,,,,,,,,,,,,,,,,,,,,,,,,,,,,,,,,,,,,,
_measure_1,manuscript_1,,,,manuscript,,,,,,,,,,,,,,,,,,,,,,280.0,280.0,280.0,190.0,190.0,190.0,,,,mm,1.0,1.0,1.0,,,,,,,,,,,,,,,,,,,,,,,,,,,,,,,,,
_measure_1,manuscript_1,,,,manuscript,,,,,,,,,,,,,,,,,,,,,,335.0,335.0,335.0,215.0,215.0,215.0,,,,mm,2.0,2.0,2.0,,,,,,,,,,,,,,,255.0,255.0,255.0,150.0,150.0,150.0,mm,,,,,,,,,,,,
_measure_1,manuscript_1,,,,manuscript,,,,,,,,,,,,,,,,,,,,,,345.0,345.0,345.0,235.0,235.0,235.0,,,,mm,2.0,2.0,2.0,,,,,,,,,,,,,,,245-80,245-80,245-80,185.0,185.0,185.0,mm,,,,,,,,,,,,
_measure_1,manuscript_1,,,,manuscript,,MS-PET-075-I,,,,,,,,,,,,,,,,,,,,365.0,365.0,365.0,275.0,275.0,275.0,,,,mm,,,,,,,,,,,,,,,,,,305.0,305.0,305.0,240.0,240.0,240.0,mm,,,,,,,,,,,,
_measure_2,manuscript_1,,,,manuscript,,MS-PET-075-I,,,,,,,,,,,,,,,,,,,,,,,,,,,,,,,,,,,,,,,,,,,,,,,,,,,,,,,,,,,,,,,,,
_measure_3,manuscript_1,,,,manuscript,,MS-PET-075-I,,,,,,,,,,,,,,,,,,,,,,,,,,,,,,,,,,,,,,,,,,,,,,,,,,,,,,,,,,,,,,,,,
_measure_1,manuscript_1,,,,manuscript,,MS-PETERHOUSE-00130,,,,,,,,,,,,,,,,,,,,,,,,,,,,,,,,,,,,,,,,,,,,,,,,,,,,,,,,,,,,,,,,,
_measure_1,manuscript_1,,,,manuscript,,,,,,,,,,,,,,,,,,,,,,270.0,270.0,270.0,185.0,185.0,185.0,,,,mm,2.0,2.0,2.0,,,,,,,,,,,,,,,185-215,185-215,185-215,225-240,225-240,225-240,mm,30 50,50.0,30.0,,,,,,,,,
_measure_1,manuscript_1,,,,manuscript,,MS-SIDNEYSUSSEX-00095,,,,,,,,,,,,,,,,,,,,340.0,340.0,340.0,220.0,220.0,220.0,,,,mm,2.0,2.0,2.0,,,,,,,,,,,,,,,250.0,250.0,250.0,155.0,155.0,155.0,mm,45.0,45.0,45.0,,,,,,,,,
_measure_1,manuscript_1,,,,manuscript,,MS-SIDNEYSUSSEX-00095,,,,,,,,,,,,,,,,,,,,235.0,235.0,235.0,170.0,170.0,170.0,,,,mm,1.0,1.0,1.0,,,,,,,,,,,,,,,180.0,180.0,180.0,127.0,127.0,127.0,mm,25.0,25.0,25.0,,,,,,,,,
_measure_1,manuscript_1,,,,manuscript,,MS-00002,,,,,,,,,,,,,,,,,,,,330.0,330.0,330.0,240.0,240.0,240.0,,,,mm,1.0,1.0,1.0,,,,,,,,,,,,,,,205.0,205.0,205.0,140.0,140.0,140.0,mm,40.0,40.0,40.0,,,,,,,,,
_measure_1,manuscript_11817,,,"Cambridge, Christ's College, Fragment A",manuscript,,MS-CHRISTS-COLLEGE-FRAGMENT-A,,,,,,,,,,,,,,218.0,218.0,179.0,179.0,179.0,mm,280.0,280.0,280.0,179.0,179.0,179.0,,,,mm,2.0,2.0,2.0,,,,,,,,,,,,24.0,24.0,24.0,170.0,170.0,170.0,150.0,150.0,150.0,mm,,,,,,,,,,,hardpoint,below
_measure_1,manuscript_11818,,,"Cambridge, Christ's College, Fragment B",manuscript,,MS-CHRISTS-COLLEGE-FRAGMENT-B,,,,,,,,,,,,,,248.0,248.0,178.0,178.0,178.0,mm,,,,,,,,,,,2.0,2.0,2.0,,,,,,,,,,,,28.0,28.0,28.0,178.0,178.0,178.0,128.0,128.0,128.0,mm,,,,,,,,,,,,
_measure_1,manuscript_11819,,,"Cambridge, Christ's College, Fragment C",manuscript,,MS-CHRISTS-COLLEGE-FRAGMENT-C,,,,,,,,,,,,,,260.0,260.0,200.0,200.0,200.0,mm,,,,,,,,,,,2.0,2.0,2.0,,,,,,,,,,,,33.0,33.0,33.0,190.0,190.0,190.0,145.0,145.0,145.0,mm,,,,,,,,,,,hardpoint,below
_measure_1,manuscript_11803,,,"Cambridge, Christ's College, MS 6",manuscript,,MS-CHRISTS-COLLEGE-00006,,,,,,,,,,,,,,,,,,,,300.0,300.0,300.0,222.0,222.0,222.0,,,,mm,2.0,2.0,2.0,,,,,,,,,,,,27 36,36.0,27.0,237-251,251.0,237.0,175.0,175.0,175.0,mm,26.0,26.0,26.0,,,,,,,,hardpoint,mixed
_measure_1,manuscript_11804,,,"Cambridge, Christ's College, MS 9",manuscript,,MS-CHRISTS-COLLEGE-00009,,,,,,,,,,,,,,,,,,,,218.0,218.0,218.0,150.0,150.0,150.0,,,,mm,1.0,1.0,1.0,,,,,,,,,,,,22.0,22.0,22.0,165.0,165.0,165.0,110.0,110.0,110.0,mm,,,,,,,,,,,hardpoint,below
_measure_1,manuscript_76564,,,"Cambridge, Christ's College, MS 29.2.3",manuscript,,MS-CHRISTS-00029-00002-00003,,,,,,,,,,,,,,,,,,,,148.0,148.0,148.0,100.0,100.0,100.0,,,,mm,1.0,1.0,1.0,,,,,,,,,,,,15.0,15.0,15.0,95-102,102.0,95.0,55.0,55.0,55.0,mm,,,,,,,,,,,hardpoint,below
_measure_2,manuscript_76564,,,"Cambridge, Christ's College, MS 29.2.3",manuscript,,MS-CHRISTS-00029-00002-00003,,,,,,,,,,,,,,,,,,,,148.0,148.0,148.0,100.0,100.0,100.0,,,,mm,2.0,2.0,2.0,,,,,,,,,,,,15.0,15.0,15.0,95.0,95.0,95.0,55.0,55.0,55.0,mm,,,,,,,,,,,hardpoint,below
_measure_1,manuscript_11806,,,"Cambridge, Christ's College, MS Rouse
                            252",manuscript-composite,,MS-CHRISTS-COLLEGE-ROUSE-00252,,,,,,,,,,,,,,,,,,,,,,,,,,,,,,,,,,,,,,,,,,,,,,,,,,,,,,,,,,,,,,,,,
_measure_2,manuscript_11806,,,"Cambridge, Christ's College, MS Rouse
                            252",part,,,,,,,,,,,,,,,,,,,,,,212.0,212.0,212.0,132-149,149.0,132.0,,,,mm,1.0,1.0,1.0,,,,,,,,,,,,20 21,21.0,20.0,148.0,148.0,148.0,100.0,100.0,100.0,mm,,,,,,,,,,,,
_measure_3,manuscript_11806,,,"Cambridge, Christ's College, MS Rouse
                            252",part,,,,,,,,,,,,,,,,,,,,,,212.0,212.0,212.0,152.0,152.0,152.0,,,,mm,1.0,1.0,1.0,,,,,,,,,,,,20 21,21.0,20.0,143-158,158.0,143.0,95.0,95.0,95.0,mm,,,,,,,,,,,,
_measure_1,manuscript_11807,,,"Cambridge, Christ's College, MS Rouse 253",manuscript,,MS-CHRISTS-COLLEGE-ROUSE-00253,Codex ii + i + 246 + i + ii 207 130-155,246.0,2.0,4.0,,,,,,,,,,,,,,,,207.0,207.0,207.0,130-155,155.0,130.0,,,,mm,1.0,1.0,1.0,,,,,,,,,,,,18 19,19.0,18.0,143-153,153.0,143.0,85-90,90.0,85.0,mm,,,,,,,,,,,,
_measure_2,manuscript_11807,,,"Cambridge, Christ's College, MS Rouse 253",manuscript,,MS-CHRISTS-COLLEGE-ROUSE-00253,Codex ii + i + 246 + i + ii 207 130-155,246.0,2.0,4.0,,,,,,,,,,,,,,,,207.0,207.0,207.0,130-155,155.0,130.0,,,,mm,1.0,1.0,1.0,,,,,,,,,,,,27 29,29.0,27.0,145-153,153.0,145.0,85.0,85.0,85.0,mm,,,,,,,,,,,,
_measure_3,manuscript_11807,,,"Cambridge, Christ's College, MS Rouse 253",manuscript,,MS-CHRISTS-COLLEGE-ROUSE-00253,Codex ii + i + 246 + i + ii 207 130-155,246.0,2.0,4.0,,,,,,,,,,,,,,,,207.0,207.0,207.0,130-155,155.0,130.0,,,,mm,1.0,1.0,1.0,,,,,,,,,,,,27.0,27.0,27.0,150.0,150.0,150.0,80.0,80.0,80.0,mm,,,,,,,,,,,,
_measure_4,manuscript_11807,,,"Cambridge, Christ's College, MS Rouse 253",manuscript,,MS-CHRISTS-COLLEGE-ROUSE-00253,Codex ii + i + 246 + i + ii 207 130-155,246.0,2.0,4.0,,,,,,,,,,,,,,,,207.0,207.0,207.0,130-155,155.0,130.0,,,,mm,1.0,1.0,1.0,,,,,,,,,,,,18 24,24.0,18.0,140-180,180.0,140.0,95-125,125.0,95.0,mm,,,,,,,,,,,,
_measure_1,manuscript_11808,,,"Cambridge, Christ's College, MS Rouse 254",manuscript,,MS-CHRISTS-COLLEGE-ROUSE-00254,,,,,,,,,,,,,,,,,,,,200-210,210.0,200.0,150.0,150.0,150.0,,,,mm,1.0,1.0,1.0,,,,,,,,,,,,18.0,18.0,18.0,135.0,135.0,135.0,85.0,85.0,85.0,mm,,,,,,,,,,,,
_measure_2,manuscript_11808,,,"Cambridge, Christ's College, MS Rouse 254",manuscript,,MS-CHRISTS-COLLEGE-ROUSE-00254,,,,,,,,,,,,,,,,,,,,200-210,210.0,200.0,150.0,150.0,150.0,,,,mm,1.0,1.0,1.0,,,,,,,,,,,,15.0,15.0,15.0,132.0,132.0,132.0,80.0,80.0,80.0,mm,,,,,,,,,,,,
_measure_3,manuscript_11808,,,"Cambridge, Christ's College, MS Rouse 254",manuscript,,MS-CHRISTS-COLLEGE-ROUSE-00254,,,,,,,,,,,,,,,,,,,,200-210,210.0,200.0,150.0,150.0,150.0,,,,mm,1.0,1.0,1.0,,,,,,,,,,,,18 30,30.0,18.0,137-185,185.0,137.0,90-130,130.0,90.0,mm,,,,,,,,,,,,
_measure_4,manuscript_11808,,,"Cambridge, Christ's College, MS Rouse 254",manuscript,,MS-CHRISTS-COLLEGE-ROUSE-00254,,,,,,,,,,,,,,,,,,,,200-210,210.0,200.0,150.0,150.0,150.0,,,,mm,1.0,1.0,1.0,,,,,,,,,,,,18.0,18.0,18.0,153.0,153.0,153.0,90-95,95.0,90.0,mm,,,,,,,,,,,,
_measure_5,manuscript_11808,,,"Cambridge, Christ's College, MS Rouse 254",manuscript,,MS-CHRISTS-COLLEGE-ROUSE-00254,,,,,,,,,,,,,,,,,,,,200-210,210.0,200.0,150.0,150.0,150.0,,,,mm,1.0,1.0,1.0,,,,,,,,,,,,19.0,19.0,19.0,132.0,132.0,132.0,85.0,85.0,85.0,mm,,,,,,,,,,,,
_measure_6,manuscript_11808,,,"Cambridge, Christ's College, MS Rouse 254",manuscript,,MS-CHRISTS-COLLEGE-ROUSE-00254,,,,,,,,,,,,,,,,,,,,200-210,210.0,200.0,150.0,150.0,150.0,,,,mm,1.0,1.0,1.0,,,,,,,,,,,,18.0,18.0,18.0,135.0,135.0,135.0,90.0,90.0,90.0,mm,,,,,,,,,,,,
_measure_7,manuscript_11808,,,"Cambridge, Christ's College, MS Rouse 254",manuscript,,MS-CHRISTS-COLLEGE-ROUSE-00254,,,,,,,,,,,,,,,,,,,,200-210,210.0,200.0,150.0,150.0,150.0,,,,mm,1.0,1.0,1.0,,,,,,,,,,,,18.0,18.0,18.0,135.0,135.0,135.0,85-95,95.0,85.0,mm,,,,,,,,,,,,
_measure_8,manuscript_11808,,,"Cambridge, Christ's College, MS Rouse 254",manuscript,,MS-CHRISTS-COLLEGE-ROUSE-00254,,,,,,,,,,,,,,,,,,,,200-210,210.0,200.0,150.0,150.0,150.0,,,,mm,1.0,1.0,1.0,,,,,,,,,,,,20.0,20.0,20.0,145.0,145.0,145.0,95.0,95.0,95.0,mm,,,,,,,,,,,,
_measure_1,manuscript_11809,,,"Cambridge, Christ's College, MS Rouse
                            255",manuscript-composite,,MS-CHRISTS-COLLEGE-ROUSE-00255,,,,,,,,,,,,,,,,,,,,210.0,210.0,210.0,155.0,155.0,155.0,,,,mm,,,,,,,,,,,,,,,,,,,,,,,,,,,,,,,,,,,,
_measure_2,manuscript_11809,,,"Cambridge, Christ's College, MS Rouse
                            255",part,,,,,,,,,,,,,,,,,,,,,,,,,,,,,,,,1.0,1.0,1.0,,,,,,,,,,,,18.0,18.0,18.0,154.0,154.0,154.0,100.0,100.0,100.0,mm,,,,,,,,,,,,
_measure_3,manuscript_11809,,,"Cambridge, Christ's College, MS Rouse
                            255",part,,,,,,,,,,,,,,,,,,,,,,,,,,,,,,,,1.0,1.0,1.0,,,,,,,,,,,,18.0,18.0,18.0,134.0,134.0,134.0,95.0,95.0,95.0,mm,,,,,,,,,,,,
_measure_1,manuscript_11811,,,"Cambridge, Christ's College, MS Rouse 262",manuscript-composite,,MS-CHRISTS-COLLEGE-ROUSE-00262,Codex ii + 177 + ii,177.0,,4.0,,,,,,,,,,,,,,,,,,,,,,,,,,,,,,,,,,,,,,,,,,,,,,,,,,,,,,,,,,,,,
_measure_2,manuscript_11811,,,"Cambridge, Christ's College, MS Rouse 262",part,,,,,,,,,,,,,,,,,,,,,,147.0,147.0,147.0,100.0,100.0,100.0,,,,mm,1.0,1.0,1.0,,,,,,,,,,,,15.0,15.0,15.0,110.0,110.0,110.0,70.0,70.0,70.0,mm,,,,,,,,,,,,
_measure_3,manuscript_11811,,,"Cambridge, Christ's College, MS Rouse 262",part,,,,,,,,,,,,,,,,,,,,,,132.0,132.0,132.0,100.0,100.0,100.0,,,,mm,1.0,1.0,1.0,,,,,,,,,,,,14.0,14.0,14.0,100.0,100.0,100.0,70.0,70.0,70.0,mm,,,,,,,,,,,,
_measure_4,manuscript_11811,,,"Cambridge, Christ's College, MS Rouse 262",part,,,,,,,,,,,,,,,,,,,,,,151.0,151.0,151.0,100.0,100.0,100.0,,,,mm,1.0,1.0,1.0,,,,,,,,,,,,18.0,18.0,18.0,115.0,115.0,115.0,70.0,70.0,70.0,mm,,,,,,,,,,,,
_measure_5,manuscript_11811,,,"Cambridge, Christ's College, MS Rouse 262",part,,,,,,,,,,,,,,,,,,,,,,151.0,151.0,151.0,100.0,100.0,100.0,,,,mm,1.0,1.0,1.0,,,,,,,,,,,,16 17,17.0,16.0,110.0,110.0,110.0,65.0,65.0,65.0,mm,,,,,,,,,,,,
_measure_6,manuscript_11811,,,"Cambridge, Christ's College, MS Rouse 262",part,,,,,,,,,,,,,,,,,,,,,,147.0,147.0,147.0,90.0,90.0,90.0,,,,mm,1.0,1.0,1.0,,,,,,,,,,,,15 17,17.0,15.0,ca. 100-110,110.0,100.0,65.0,65.0,65.0,mm,,,,,,,,,,,,
_measure_1,manuscript_11812,,,"Cambridge, Christ's College, MS Rouse 263",manuscript,,MS-CHRISTS-COLLEGE-ROUSE-00263,,,,,,,,,,,,,,,,,,,,136.0,136.0,136.0,100.0,100.0,100.0,,,,mm,1.0,1.0,1.0,,,,,,,,,,,,14.0,14.0,14.0,105.0,105.0,105.0,65.0,65.0,65.0,mm,,,,,,,,,,,,
_measure_1,manuscript_11813,,,"Cambridge, Christ's College, MS Rouse 264",manuscript,,MS-CHRISTS-COLLEGE-ROUSE-00264,Codex iii + 2 + 377 + iii,377.0,2.0,6.0,,,,,,,,,,,,,,,,,,,,,,,,,,1.0,1.0,1.0,,,,,,,,,,,,15 22,22.0,15.0,105-128,128.0,105.0,65-80,80.0,65.0,mm,,,,,,,,,,,,
_measure_1,manuscript_11814,,,"Cambridge, Christ's College, MS Rouse 265",manuscript,,MS-CHRISTS-COLLEGE-ROUSE-00265,,,,,,,,,,,,,,,,,,,,157.0,157.0,157.0,95-105,105.0,95.0,,,,mm,1.0,1.0,1.0,,,,,,,,,,,,17 20,20.0,17.0,120.0,120.0,120.0,80.0,80.0,80.0,mm,,,,,,,,,,,,
_measure_1,manuscript_11816,,,"Cambridge, Christ's College, MS Rouse 298",manuscript-composite,,MS-CHRISTS-COLLEGE-ROUSE-00298,,,,,,,,,,,,,,,,,,,,285.0,285.0,285.0,225.0,225.0,225.0,,,,mm,,,,,,,,,,,,,,,,,,,,,,,,,,,,,,,,,,,,
_measure_2,manuscript_11816,,,"Cambridge, Christ's College, MS Rouse 298",part,,,,,,,,,,,,,,,,,,,,,,,,,,,,,,,,2.0,2.0,2.0,,,,,,,,,,,,21.0,21.0,21.0,210.0,210.0,210.0,150.0,150.0,150.0,mm,,,,,,,,,,,hardpoint,below
_measure_3,manuscript_11816,,,"Cambridge, Christ's College, MS Rouse 298",part,,,,,,,,,,,,,,,,,,,,,,,,,,,,,,,,2.0,2.0,2.0,,,,,,,,,,,,21.0,21.0,21.0,205.0,205.0,205.0,150.0,150.0,150.0,mm,,,,,,,,,,,hardpoint,below
_measure_4,manuscript_11816,,,"Cambridge, Christ's College, MS Rouse 298",part,,,,,,,,,,,,,,,,,,,,,,,,,,,,,,,,2.0,2.0,2.0,,,,,,,,,,,,31 33,33.0,31.0,215.0,215.0,215.0,160.0,160.0,160.0,mm,,,,,,,,,,,,
_measure_1,manuscript_76562,,,"Cambridge, Christ's College, MS Rouse 358",manuscript,,MS-CHRISTS-COLLEGE-ROUSE-00358,,,,,,,,,,,,,,,,,,,,305.0,305.0,305.0,205.0,205.0,205.0,,,,mm,1.0,1.0,1.0,,,,,,,,,,,,25.0,25.0,25.0,230.0,230.0,230.0,130.0,130.0,130.0,mm,,,,,,,,,,,,
_measure_1,manuscript_76563,,,"Cambridge, Christ's College, MS Rouse 359",manuscript,,MS-CHRISTS-COLLEGE-ROUSE-00359,,,,,,,,,,,,,,,,,,,,305.0,305.0,305.0,205.0,205.0,205.0,,,,mm,1.0,1.0,1.0,,,,,,,,,,,,28.0,28.0,28.0,230.0,230.0,230.0,130.0,130.0,130.0,mm,,,,,,,,,,,,
_measure_1,manuscript_1,,,"Cambridge, Clare College, MS 12 ",manuscript-composite,,MS-CLARE-COLLEGE-00012,Codex: ii + 4 | 122 | 46 | 45 | 4 + ii leaves.,213.0,8.0,4.0,,,,,,,,,,,,,,,,,,,,,,,,,,,,,,,,,,,,,,,,,,,,,,,,,,,,,,,,,,,,,
_measure_2,manuscript_1,,,"Cambridge, Clare College, MS 12 ",part,,,Codex: 8 leaves. 205 140,8.0,,,,,,,,,,,,,,,,,,205.0,205.0,205.0,140.0,140.0,140.0,,,,mm,1.0,1.0,1.0,,,,,,,,,,,,40.0,40.0,40.0,175.0,175.0,175.0,95.0,95.0,95.0,mm,,,,,,,,,,,mixed,below
_measure_3,manuscript_1,,,"Cambridge, Clare College, MS 12 ",part,,,Codex: 122 leaves. 205 140,122.0,,,,,,,,,,,,,,,,,,205.0,205.0,205.0,140.0,140.0,140.0,,,,mm,1.0,1.0,1.0,,,,,,,,,,,,34.0,34.0,34.0,85.0,85.0,85.0,145.0,145.0,145.0,mm,,,,,,,,,,,ink,above
_measure_4,manuscript_1,,,"Cambridge, Clare College, MS 12 ",part,,,Codex: 46 leaves. 205 140,46.0,,,,,,,,,,,,,,,,,,145.0,145.0,145.0,85.0,85.0,85.0,,,,mm,1.0,1.0,1.0,,,,,,,,,,,,35 36,36.0,35.0,140.0,140.0,140.0,85.0,85.0,85.0,mm,,,,,,,,,,,ink,above
_measure_5,manuscript_1,,,"Cambridge, Clare College, MS 12 ",part,,,Codex: 45 leaves. 205 140,45.0,,,,,,,,,,,,,,,,,,205.0,205.0,205.0,140.0,140.0,140.0,,,,mm,1.0,1.0,1.0,,,,,,,,,,,,32 33,33.0,32.0,145.0,145.0,145.0,75.0,75.0,75.0,mm,,,,,,,,,,,ink,below
_measure_1,manuscript_11820,,,"Cambridge, Clare College, MS 24",manuscript,,MS-CLARE-COLLEGE-00024,Codex ii + 1 + 146 + ii 209 140,146.0,1.0,4.0,,,,,,,,,,,,,,,,209.0,209.0,209.0,140.0,140.0,140.0,,,,mm,1.0,1.0,1.0,,,,,,,,,,,,28 35,35.0,28.0,169-177,177.0,169.0,130-140,140.0,130.0,mm,,,,,,,,,,,,
_measure_1,manuscript_11821,,,"Cambridge, Clare College, MS 31",manuscript,,MS-CLARE-COLLEGE-00031,Codex 208 207 159,208.0,,,,,,,,,,,,,,,,,,207.0,207.0,207.0,159.0,159.0,159.0,,,,mm,1.0,1.0,1.0,,,,,,,,,,,,21 23,23.0,21.0,140-146,146.0,140.0,90.0,90.0,90.0,mm,,,,,,,,,,,,
_measure_1,manuscript_1,,,"Cambridge, Corpus Christi College, MS 41",manuscript-composite,,MS-CCCC-00041,Codex: ii + 1 | 244 | 1 + ii leaves. 350 210,245.0,1.0,4.0,,,,,,,,,,,,,,,,350.0,350.0,350.0,210.0,210.0,210.0,,,,mm,,,,,,,,,,,,,,,,,,,,,,,,,,,,,,,,,,,,
_measure_2,manuscript_1,,,"Cambridge, Corpus Christi College, MS 41",part,,,Codex: 2 leaves. 350 210,,2.0,,,,,,,,,,,,,,,,,350.0,350.0,350.0,210.0,210.0,210.0,,,,mm,,,,,,,,,,,,,,,,,,,,,,,,,,,,,,,,,,,,
_measure_3,manuscript_1,,,"Cambridge, Corpus Christi College, MS 41",part,,,Codex: 244 leaves. 350 210,244.0,,,,,,,,,,,,,,,,,,350.0,350.0,350.0,210.0,210.0,210.0,,,,mm,1.0,1.0,1.0,,,,,,,,,,,,23 28,28.0,23.0,250-295,295.0,250.0,135-145,145.0,135.0,mm,,,,,,,,,,,drypoint,above
_measure_4,manuscript_1,,,"Cambridge, Corpus Christi College, MS 41",part,,,Codex: 244 leaves. 350 210,244.0,,,,,,,,,,,,,,,,,,350.0,350.0,350.0,210.0,210.0,210.0,,,,mm,1.0,1.0,1.0,,,,,,,,,,,,41 42,42.0,41.0,265.0,265.0,265.0,145.0,145.0,145.0,mm,,,,,,,,,,,drypoint,above
_measure_5,manuscript_1,,,"Cambridge, Corpus Christi College, MS 41",part,,,Codex: 2 leaves. 350 210,,2.0,,,,,,,,,,,,,,,,,350.0,350.0,350.0,210.0,210.0,210.0,,,,mm,,,,,,,,,,,,,,,,,,,,,,,,,,,,,,,,,,,,
_measure_1,manuscript_1,,,"Cambridge, Corpus Christi College, MS 61",manuscript,,MS-CCCC-00061,Codex: iv + 2 + 151 + iv leaves. 315 220,151.0,2.0,8.0,,,,,,,,,,,,,,,,315.0,315.0,315.0,220.0,220.0,220.0,,,,mm,1.0,1.0,1.0,,,,,,,,,,,,39.0,39.0,39.0,215.0,215.0,215.0,120.0,120.0,120.0,mm,,,,,,,,,,,ink,below
_measure_2,manuscript_1,,,"Cambridge, Corpus Christi College, MS 61",manuscript,,MS-CCCC-00061,,,,,,,,,,,,,,,,,,,,,,,,,,,,,,,,,,,,,,,,,,,,,,,,,,,,,,,,,,,,,,,,,
_measure_3,manuscript_1,,,"Cambridge, Corpus Christi College, MS 61",manuscript,,MS-CCCC-00061,,,,,,,,,,,,,,,,,,,,,,,,,,,,,,,,,,,,,,,,,,,,,,,,,,,,,,,,,,,,,,,,,
_measure_4,manuscript_1,,,"Cambridge, Corpus Christi College, MS 61",manuscript,,MS-CCCC-00061,,,,,,,,,,,,,,,,,,,,,,,,,,,,,,,,,,,,,,,,,,,,,,,,,,,,,,,,,,,,,,,,,
_measure_5,manuscript_1,,,"Cambridge, Corpus Christi College, MS 61",manuscript,,MS-CCCC-00061,,,,,,,,,,,,,,,,,,,,,,,,,,,,,,,,,,,,,,,,,,,,,,,,,,,,,,,,,,,,,,,,,
_measure_6,manuscript_1,,,"Cambridge, Corpus Christi College, MS 61",manuscript,,MS-CCCC-00061,,,,,,,,,,,,,,,,,,,,,,,,,,,,,,,,,,,,,,,,,,,,,,,,,,,,,,,,,,,,,,,,,
_measure_7,manuscript_1,,,"Cambridge, Corpus Christi College, MS 61",manuscript,,MS-CCCC-00061,,,,,,,,,,,,,,,,,,,,,,,,,,,,,,,,,,,,,,,,,,,,,,,,,,,,,,,,,,,,,,,,,
_measure_8,manuscript_1,,,"Cambridge, Corpus Christi College, MS 61",manuscript,,MS-CCCC-00061,,,,,,,,,,,,,,,,,,,,,,,,,,,,,,,,,,,,,,,,,,,,,,,,,,,,,,,,,,,,,,,,,
_measure_9,manuscript_1,,,"Cambridge, Corpus Christi College, MS 61",manuscript,,MS-CCCC-00061,,,,,,,,,,,,,,,,,,,,,,,,,,,,,,,,,,,,,,,,,,,,,,,,,,,,,,,,,,,,,,,,,
_measure_1,manuscript_11828,,,"Cambridge, Corpus Christi College, MS 81",manuscript,,MS-CCCC-00081,"Codex ii + vii + 534 + viii + ii , 400 230",534.0,15.0,4.0,,,,,,,,,,,,,,,,400.0,400.0,400.0,230.0,230.0,230.0,,,,mm,1.0,1.0,1.0,,,,,,,,,,,,35.0,35.0,35.0,280.0,280.0,280.0,90-105,105.0,90.0,mm,,,,,,,,,,,,
_measure_1,manuscript_1,,,"Cambridge, Corpus Christi College, MS 210",manuscript-composite,,MS-CCCC-00210,"Codex: iv + 2 | 160 | 2 | 2 | 2 | 2 | 2 + iv leaves. 195-300 75-110 NB: These dimensions correspond to the range of leaves found in the manuscript's core part (Part 2) to give a sense of the manuscript's tall and narrow shape. The dimensions of the other parts are ignored here because they concern inserted leaves that typically have been bound in vertically and their original height and width have been cropped to match the dimensions of the manuscript's core part. As Rundle (2024) points out, the format of this mansucript is that of a so-called 'holster book'. Two other extant notebooks from Worcestre (London, British Library, Cotton MS Julius F VII and London, British Library, Sloane MS 4) and his account book (London, British Library, Add MS 28208) are in the same format.",172.0,,,,,,,,,,,,,,,,,,195-300,300.0,195.0,75-110,110.0,75.0,,,,mm,,,,,,,,,,,,,,,,,,,,,,,,,,,,,,,,,,,,
_measure_2,manuscript_1,,,"Cambridge, Corpus Christi College, MS 210",manuscript-composite,,MS-CCCC-00210,,,,,,,,,,,,,,,,,,,,,,,,,,,,,,,,,,,,,,,,,,,,,,,,,,,,,,,,,,,,,,,,,
_measure_3,manuscript_1,,,"Cambridge, Corpus Christi College, MS 210",manuscript-composite,,MS-CCCC-00210,,,,,,,,,,,,,,,,,,,,,,,,,,,,,,,,,,,,,,,,,,,,,,,,,,,,,,,,,,,,,,,,,
_measure_4,manuscript_1,,,"Cambridge, Corpus Christi College, MS 210",manuscript-composite,,MS-CCCC-00210,,,,,,,,,,,,,,,,,,,,,,,,,,,,,,,,,,,,,,,,,,,,,,,,,,,,,,,,,,,,,,,,,
_measure_5,manuscript_1,,,"Cambridge, Corpus Christi College, MS 210",part,,,Sheet: folded to form 2 leaves. 200 290 The dimensions provided are for the unfolded single leaf that makes up pages 1-4; and are measured according to this sheet's orginal orientation (the sheet has been folded and bound into the manuscript vertically).,2.0,,,,,,,,,,,,,,,,,,200.0,200.0,200.0,290.0,290.0,290.0,,,,mm,1.0,1.0,1.0,,,,,,,,,,,,,,,,,,,,,,,,,,,,,,,,,
_measure_6,manuscript_1,,,"Cambridge, Corpus Christi College, MS 210",part,,,Codex: 160 leaves.,160.0,,,,,,,,,,,,,,,,,,195-300,300.0,195.0,75-110,110.0,75.0,,,,mm,1.0,1.0,1.0,,,,,,,,,,,,40 50,50.0,40.0,260-270,270.0,260.0,80-85,85.0,60.0,mm,,,,,,,,,,,blindpoint,
_measure_7,manuscript_1,,,"Cambridge, Corpus Christi College, MS 210",part,,,Sheet: folded to form 2 leaves. 145 190 The dimensions provided are for the unfolded single leaf that makes up pages [42-39]; and are measured according to this sheet's orginal orientation (the sheet has been folded and bound into the manuscript vertically).,2.0,,,,,,,,,,,,,,,,,,145.0,145.0,145.0,190.0,190.0,190.0,,,,mm,1.0,1.0,1.0,,,,,,,,,,,,,,,,,,,,,,,,,,,,,,,,,
_measure_8,manuscript_1,,,"Cambridge, Corpus Christi College, MS 210",part,,,Sheet: folded to form 2 leaves. 150 250 The dimensions provided are for the unfolded single leaf that makes up pages [236-257]; and are measured according to this sheet's orginal orientation (the sheet has been folded and bound into the manuscript vertically).,2.0,,,,,,,,,,,,,,,,,,150.0,150.0,150.0,250.0,250.0,250.0,,,,mm,1.0,1.0,1.0,,,,,,,,,,,,,,,,,,,,,,,,,,,,,,,,,
_measure_9,manuscript_1,,,"Cambridge, Corpus Christi College, MS 210",part,,,Sheet: folded to form 2 leaves. 210 290 The dimensions provided are for the unfolded single leaf that makes up pages [244-249]; and are measured according to this sheet's orginal orientation (the sheet has been folded and bound into the manuscript vertically).,2.0,,,,,,,,,,,,,,,,,,210.0,210.0,210.0,290.0,290.0,290.0,,,,mm,1.0,1.0,1.0,,,,,,,,,,,,,,,,,,,,,,,,,,,,,,,,,
_measure_10,manuscript_1,,,"Cambridge, Corpus Christi College, MS 210",part,,,Sheet: folded to form 2 leaves. 195 260 The dimensions provided are for the unfolded single leaf that makes up pages [300-311]; and are measured according to this sheet's orginal orientation (the sheet has been folded and bound into the manuscript vertically).,2.0,,,,,,,,,,,,,,,,,,195.0,195.0,195.0,260.0,260.0,260.0,,,,mm,1.0,1.0,1.0,,,,,,,,,,,,,,,,,,,,,,,,,,,,,,,,,
_measure_11,manuscript_1,,,"Cambridge, Corpus Christi College, MS 210",part,,,"Sheet: folded to form 2 leaves. 295 210 The dimensions provided are for the unfolded single leaf that makes up pages 314-323; and are measured according to this sheet's orginal orientation (unlike the previous unfolded sheets, this has been bound horizontally into the manuscript).",2.0,,,,,,,,,,,,,,,,,,295.0,295.0,295.0,210.0,210.0,210.0,,,,mm,1.0,1.0,1.0,,,,,,,,,,,,,,,,,,,,,,,,,,,,,,,,,
_measure_1,manuscript_11829,,,"Cambridge, Corpus Christi College, MS 224",manuscript,,MS-CCCC-00224,Codex iii + 56 243 151,56.0,3.0,,,,,,,,,,,,,,,,,243.0,243.0,243.0,151.0,151.0,151.0,,,,mm,1.0,1.0,1.0,,,,,,,,,,,,18.0,18.0,18.0,140.0,140.0,140.0,80-85,85.0,80.0,mm,,,,,,,,,,,,
_measure_1,manuscript_11830,,,"Cambridge, Corpus Christi College, MS 248",manuscript,,MS-CCCC-00248,"Codex i + viii + 178 + i , 141 102",178.0,8.0,2.0,,,,,,,,,,,,,,,,141.0,141.0,141.0,102.0,102.0,102.0,,,,mm,1.0,1.0,1.0,,,,,,,,,,,,20.0,20.0,20.0,102.0,102.0,102.0,65.0,65.0,65.0,mm,,,,,,,,,,,,
_measure_1,manuscript_1,,,"Cambridge, Corpus Christi College, MS 335",manuscript-composite,,MS-CCCC-00335,Codex: ii + 1 | 137 | 5 | 11 + ii leaves. 205-220 145-150,154.0,,4.0,,,,,,,,,,,,,,,,205-220,220.0,205.0,145-150,150.0,145.0,,,,mm,,,,,,,,,,,,,,,,,,,,,,,,,,,,,,,,,,,,
_measure_2,manuscript_1,,,"Cambridge, Corpus Christi College, MS 335",manuscript-composite,,MS-CCCC-00335,,,,,,,,,,,,,,,,,,,,,,,,,,,,,,,,,,,,,,,,,,,,,,,,,,,,,,,,,,,,,,,,,
_measure_3,manuscript_1,,,"Cambridge, Corpus Christi College, MS 335",manuscript-composite,,MS-CCCC-00335,,,,,,,,,,,,,,,,,,,,,,,,,,,,,,,,,,,,,,,,,,,,,,,,,,,,,,,,,,,,,,,,,
_measure_4,manuscript_1,,,"Cambridge, Corpus Christi College, MS 335",manuscript-composite,,MS-CCCC-00335,,,,,,,,,,,,,,,,,,,,,,,,,,,,,,,,,,,,,,,,,,,,,,,,,,,,,,,,,,,,,,,,,
_measure_5,manuscript_1,,,"Cambridge, Corpus Christi College, MS 335",part,,,Codex: 1 fragmentary leaf. 205 145 Leaves mounted to width of 150mm.,1.0,,,,,,,,,,,,,,,,,,205.0,205.0,205.0,145.0,145.0,145.0,,,,mm,1.0,1.0,1.0,,,,,,,,,,,,,,,,,,170.0,170.0,170.0,mm,,,,,,,,,,,,
_measure_6,manuscript_1,,,"Cambridge, Corpus Christi College, MS 335",part,,,Codex: 137 leaves. 210 145 Leaves mounted to width of 150mm.,137.0,,,,,,,,,,,,,,,,,,210.0,210.0,210.0,145.0,145.0,145.0,,,,mm,1.0,1.0,1.0,,,,,,,,,,,,34 40,40.0,34.0,175-180,180.0,175.0,115.0,115.0,115.0,mm,,,,,,,,,,,mixed,below
_measure_7,manuscript_1,,,"Cambridge, Corpus Christi College, MS 335",part,,,Codex: 5 leaves. 220 145 Leaves mounted to width of 155mm.,5.0,,,,,,,,,,,,,,,,,,220.0,220.0,220.0,145.0,145.0,145.0,,,,mm,1.0,1.0,1.0,,,,,,,,,,,,44.0,44.0,44.0,205.0,205.0,205.0,145.0,145.0,145.0,mm,,,,,,,,,,,,
_measure_8,manuscript_1,,,"Cambridge, Corpus Christi College, MS 335",part,,,Codex: 11 leaves. 220 145-150 Leaves mounted to width of 155mm.,11.0,,,,,,,,,,,,,,,,,,220.0,220.0,220.0,145-150,150.0,145.0,,,,mm,1.0,1.0,1.0,,,,,,,,,,,,38 48,48.0,38.0,185-190,190.0,185.0,110-120,120.0,110.0,mm,,,,,,,,,,,leadpoint,below
_measure_1,manuscript_1,,,"Cambridge, Corpus Christi College, MS 354",manuscript,,MS-CCCC-00354,182 leaves. 295 210-215,182.0,,,,,,,,,,,,,,,,,,295.0,295.0,295.0,210-215,215.0,210.0,,,,mm,1 2,2.0,1.0,,,,,,,,,,,,27 74,74.0,27.0,225-280,275.0,225.0,160-205,205.0,160.0,mm,,,,,,,,,,,leadpoint,above
_measure_2,manuscript_1,,,"Cambridge, Corpus Christi College, MS 354",manuscript,,MS-CCCC-00354,,,,,,,,,,,,,,,,,,,,,,,,,,,,,,,,,,,,,,,,,,,,,,,,,,,,,,,,,,,,,,,,,
_measure_3,manuscript_1,,,"Cambridge, Corpus Christi College, MS 354",manuscript,,MS-CCCC-00354,,,,,,,,,,,,,,,,,,,,,,,,,,,,,,,,,,,,,,,,,,,,,,,,,,,,,,,,,,,,,,,,,
_measure_1,manuscript_1,,,"Cambridge, Corpus Christi College, MS 374",manuscript-composite,,MS-CCCC-00374,Codex: ii + 70 | 10 | 1 + ii leaves. 210-215 140-145,81.0,,4.0,,,,,,,,,,,,,,,,210-215,215.0,210.0,140-145,145.0,140.0,,,,mm,,,,,,,,,,,,,,,,,,,,,,,,,,,,,,,,,,,,
_measure_2,manuscript_1,,,"Cambridge, Corpus Christi College, MS 374",manuscript-composite,,MS-CCCC-00374,,,,,,,,,,,,,,,,,,,,,,,,,,,,,,,,,,,,,,,,,,,,,,,,,,,,,,,,,,,,,,,,,
_measure_3,manuscript_1,,,"Cambridge, Corpus Christi College, MS 374",manuscript-composite,,MS-CCCC-00374,,,,,,,,,,,,,,,,,,,,,,,,,,,,,,,,,,,,,,,,,,,,,,,,,,,,,,,,,,,,,,,,,
_measure_4,manuscript_1,,,"Cambridge, Corpus Christi College, MS 374",manuscript-composite,,MS-CCCC-00374,,,,,,,,,,,,,,,,,,,,,,,,,,,,,,,,,,,,,,,,,,,,,,,,,,,,,,,,,,,,,,,,,
_measure_5,manuscript_1,,,"Cambridge, Corpus Christi College, MS 374",manuscript-composite,,MS-CCCC-00374,,,,,,,,,,,,,,,,,,,,,,,,,,,,,,,,,,,,,,,,,,,,,,,,,,,,,,,,,,,,,,,,,
_measure_6,manuscript_1,,,"Cambridge, Corpus Christi College, MS 374",part,,,Codex: 70 leaves.,70.0,,,,,,,,,,,,,,,,,,210.0,210.0,210.0,145.0,145.0,145.0,,,,mm,1.0,1.0,1.0,,,,,,,,,,,,26 27,27.0,26.0,145.0,145.0,145.0,80.0,80.0,80.0,mm,,,,,,,,,,,ink,above
_measure_7,manuscript_1,,,"Cambridge, Corpus Christi College, MS 374",part,,,Codex: 11 leaves.,11.0,,,,,,,,,,,,,,,,,,215.0,215.0,215.0,145.0,145.0,145.0,,,,mm,1.0,1.0,1.0,,,,,,,,,,,,30.0,30.0,30.0,175.0,175.0,175.0,110.0,110.0,110.0,mm,,,,,,,,,,,leadpoint,above
_measure_8,manuscript_1,,,"Cambridge, Corpus Christi College, MS 374",part,,,Codex: 1 fragmentary leaf. 215 140 The leaf has been mounted so that its width matches that of other leaves in the manuscript (145mm).,1.0,,,,,,,,,,,,,,,,,,215.0,215.0,215.0,140.0,140.0,140.0,,,,mm,1.0,1.0,1.0,,,,,,,,,,,,23.0,23.0,23.0,165.0,165.0,165.0,130.0,130.0,130.0,mm,,,,,,,,,,,hardpoint,
_measure_1,manuscript_1,,,"Cambridge, Corpus Christi College, MS 388",manuscript,,MS-CCCC-00388,Codex: iii + 54 + iii leaves. 235 150-155,54.0,,6.0,,,,,,,,,,,,,,,,235.0,235.0,235.0,150-155,155.0,150.0,,,,mm,2.0,2.0,2.0,,,,,,,,,,,,40.0,40.0,40.0,185.0,185.0,185.0,110.0,110.0,110.0,mm,,,,,,,,,,,leadpoint,below
_measure_2,manuscript_1,,,"Cambridge, Corpus Christi College, MS 388",manuscript,,MS-CCCC-00388,,,,,,,,,,,,,,,,,,,,,,,,,,,,,,,,,,,,,,,,,,,,,,,,,,,,,,,,,,,,,,,,,
_measure_3,manuscript_1,,,"Cambridge, Corpus Christi College, MS 388",manuscript,,MS-CCCC-00388,,,,,,,,,,,,,,,,,,,,,,,,,,,,,,,,,,,,,,,,,,,,,,,,,,,,,,,,,,,,,,,,,
_measure_1,manuscript_11831,,,"Cambridge, Corpus Christi College, MS 403",manuscript,,MS-CCCC-00403,Codex ii + 121 + i 215 145,121.0,2.0,1.0,,,,,,,,,,,,,,,,215.0,215.0,215.0,145.0,145.0,145.0,,,,mm,1.0,1.0,1.0,,,,,,,,,,,,22.0,22.0,22.0,140.0,140.0,140.0,72.0,72.0,72.0,mm,,,,,,,,,,,,
_measure_2,manuscript_11831,,,"Cambridge, Corpus Christi College, MS 403",manuscript,,MS-CCCC-00403,Codex ii + 121 + i 215 145,121.0,2.0,1.0,,,,,,,,,,,,,,,,215.0,215.0,215.0,145.0,145.0,145.0,,,,mm,1.0,1.0,1.0,,,,,,,,,,,,19.0,19.0,19.0,138.0,138.0,138.0,75.0,75.0,75.0,mm,,,,,,,,,,,,
_measure_3,manuscript_11831,,,"Cambridge, Corpus Christi College, MS 403",manuscript,,MS-CCCC-00403,,,,,,,,,,,,,,,,,,,,,,,,,,,,,,,,,,,,,,,,,,,,,,,,,,,,,,,,,,,,,,,,,
_measure_1,manuscript_1,,,"Cambridge, Corpus Christi College, MS 405",manuscript-composite,,MS-CCCC-00405,Codex: i + 1 | 1 | 10 | 6 | 108 | 106 | 16 | 5 + i leaves. 215 150,251.0,2.0,2.0,,,,,,,,,,,,,,,,215.0,215.0,215.0,150.0,150.0,150.0,,,,mm,,,,,,,,,,,,,,,,,,,,,,,,,,,,,,,,,,,,
_measure_2,manuscript_1,,,"Cambridge, Corpus Christi College, MS 405",part,,,Fragment: 1 leaf.,,1.0,,,,,,,,,,,,,,,,,,,,,,,,,,,1.0,1.0,1.0,,,,,,,,,,,,,,,,,,,,,,,,,,,,,,,,leadpoint,above
_measure_3,manuscript_1,,,"Cambridge, Corpus Christi College, MS 405",part,,,Codex: 1 leaf.,1.0,,,,,,,,,,,,,,,,,,,,,,,,,,,,,,,,,,,,,,,,,,,,,,,,,,,,,,,,,,,,,,none,
_measure_4,manuscript_1,,,"Cambridge, Corpus Christi College, MS 405",part,,,Codex: 10 leaves.,10.0,,,,,,,,,,,,,,,,,,,,,,,,,,,,1.0,1.0,1.0,,,,,,,,,,,,29.0,29.0,29.0,150.0,150.0,150.0,100.0,100.0,100.0,mm,,,,,,,,,,,ink,below
_measure_5,manuscript_1,,,"Cambridge, Corpus Christi College, MS 405",part,,,Codex: 10 leaves.,10.0,,,,,,,,,,,,,,,,,,,,,,,,,,,,1.0,1.0,1.0,,,,,,,,,,,,30.0,30.0,30.0,160.0,160.0,160.0,95.0,95.0,95.0,mm,,,,,,,,,,,ink,below
_measure_6,manuscript_1,,,"Cambridge, Corpus Christi College, MS 405",part,,,Codex: 6 leaves.,6.0,,,,,,,,,,,,,,,,,,,,,,,,,,,,,,,,,,,,,,,,,,33 35,35.0,33.0,195.0,195.0,195.0,105.0,105.0,105.0,mm,,,,,,,,,,,leadpoint,above
_measure_7,manuscript_1,,,"Cambridge, Corpus Christi College, MS 405",part,,,Codex: 108 leaves.,108.0,,,,,,,,,,,,,,,,,,,,,,,,,,,,1.0,1.0,1.0,,,,,,,,,,,,24.0,24.0,24.0,145.0,145.0,145.0,105.0,105.0,105.0,mm,,,,,,,,,,,leadpoint,below
_measure_8,manuscript_1,,,"Cambridge, Corpus Christi College, MS 405",part,,,Codex: 108 leaves.,108.0,,,,,,,,,,,,,,,,,,,,,,,,,,,,1.0,1.0,1.0,,,,,,,,,,,,24 27,27.0,24.0,150.0,150.0,150.0,105.0,105.0,105.0,mm,,,,,,,,,,,leadpoint,below
_measure_9,manuscript_1,,,"Cambridge, Corpus Christi College, MS 405",part,,,Codex: 106 leaves.,106.0,,,,,,,,,,,,,,,,,,,,,,,,,,,,1.0,1.0,1.0,,,,,,,,,,,,31.0,31.0,31.0,150.0,150.0,150.0,110.0,110.0,110.0,mm,,,,,,,,,,,ink,below
_measure_10,manuscript_1,,,"Cambridge, Corpus Christi College, MS 405",part,,,Codex: 106 leaves.,106.0,,,,,,,,,,,,,,,,,,,,,,,,,,,,1.0,1.0,1.0,,,,,,,,,,,,30.0,30.0,30.0,160.0,160.0,160.0,120.0,120.0,120.0,mm,,,,,,,,,,,ink,below
_measure_11,manuscript_1,,,"Cambridge, Corpus Christi College, MS 405",part,,,Codex: 16 leaves.,16.0,,,,,,,,,,,,,,,,,,,,,,,,,,,,1.0,1.0,1.0,,,,,,,,,,,,22 32,32.0,22.0,150.0,150.0,150.0,110.0,110.0,110.0,mm,,,,,,,,,,,ink,below
_measure_12,manuscript_1,,,"Cambridge, Corpus Christi College, MS 405",part,,,Codex: 5 leaves.,5.0,,,,,,,,,,,,,,,,,,,,,,,,,,,,1.0,1.0,1.0,,,,,,,,,,,,26.0,26.0,26.0,160.0,160.0,160.0,110.0,110.0,110.0,mm,,,,,,,,,,,ink,below
_measure_13,manuscript_1,,,"Cambridge, Corpus Christi College, MS 405",part,,,Codex: 5 leaves.,5.0,,,,,,,,,,,,,,,,,,,,,,,,,,,,1.0,1.0,1.0,,,,,,,,,,,,34.0,34.0,34.0,175.0,175.0,175.0,115.0,115.0,115.0,mm,,,,,,,,,,,leadpoint,below
_measure_14,manuscript_1,,,"Cambridge, Corpus Christi College, MS 405",part,,,Codex: 5 leaves.,5.0,,,,,,,,,,,,,,,,,,,,,,,,,,,,1.0,1.0,1.0,,,,,,,,,,,,26.0,26.0,26.0,165.0,165.0,165.0,115.0,115.0,115.0,mm,,,,,,,,,,,none,below
_measure_1,manuscript_1,,,"Cambridge, Corpus Christi College, MS 412",manuscript-composite,,MS-CCCC-00412,Codex: ii + 4 | 77 | 4 + ii leaves. 205 130,77.0,8.0,4.0,,,,,,,,,,,,,,,,205.0,205.0,205.0,130.0,130.0,130.0,,,,mm,,,,,,,,,,,,,,,,,,,,,,,,,,,,,,,,,,,,
_measure_2,manuscript_1,,,"Cambridge, Corpus Christi College, MS 412",part,,,Codex: 4 leaves.,,4.0,,,,,,,,,,,,,,,,,,,,,,,,,,,1.0,1.0,1.0,,,,,,,,,,,,30.0,30.0,30.0,155.0,155.0,155.0,110.0,110.0,110.0,mm,,,,,,,,,,,crayon,
_measure_3,manuscript_1,,,"Cambridge, Corpus Christi College, MS 412",part,,,Codex: 77 leaves.,77.0,,,,,,,,,,,,,,,,,,,,,,,,,,,,1.0,1.0,1.0,,,,,,,,,,,,40.0,40.0,40.0,150.0,150.0,150.0,100.0,100.0,100.0,mm,,,,,,,,,,,leadpoint,below
_measure_4,manuscript_1,,,"Cambridge, Corpus Christi College, MS 412",part,,,Codex: 4 leaves.,,4.0,,,,,,,,,,,,,,,,,,,,,,,,,,,1.0,1.0,1.0,,,,,,,,,,,,,,,,,,,,,,,,,,,,,,,,none,
_measure_1,manuscript_1,,,"Cambridge, Corpus Christi College, MS 416",manuscript,,MS-CCCC-00416,Codex: 5 1 + 153 + 5 leaves. 210 135,153.0,1.0,10.0,,,,,,,,,,,,,,,,210.0,210.0,210.0,135.0,135.0,135.0,,,,mm,1.0,1.0,1.0,,,,,,,,,,,,35.0,35.0,35.0,160.0,160.0,160.0,90.0,90.0,90.0,mm,,,,,,,,,,,hardpoint,above
_measure_1,manuscript_1,,,"Cambridge, Corpus Christi College, MS 456",manuscript-composite,,MS-CCCC-00456,Codex: ii + 1 | 12 | 88 | 69 + ii leaves. 135 90,169.0,1.0,4.0,,,,,,,,,,,,,,,,135.0,135.0,135.0,90.0,90.0,90.0,,,,mm,,,,,,,,,,,,,,,,,,,,,,,,,,,,,,,,,,,,
_measure_2,manuscript_1,,,"Cambridge, Corpus Christi College, MS 456",part,,,Codex: 1 leaf.,,1.0,,,,,,,,,,,,,,,,,,,,,,,,,,,,,,,,,,,,,,,,,,,,,,,,,,,,,,,,,,,,,,
_measure_3,manuscript_1,,,"Cambridge, Corpus Christi College, MS 456",part,,,Codex: 12 leaves.,12.0,,,,,,,,,,,,,,,,,,,,,,,,,,,,1.0,1.0,1.0,,,,,,,,,,,,38.0,38.0,38.0,135.0,135.0,135.0,110.0,110.0,110.0,mm,,,,,,,,,,,leadpoint,above
_measure_4,manuscript_1,,,"Cambridge, Corpus Christi College, MS 456",part,,,Codex: 88 leaves.,88.0,,,,,,,,,,,,,,,,,,,,,,,,,,,,1.0,1.0,1.0,,,,,,,,,,,,28.0,28.0,28.0,130.0,130.0,130.0,100.0,100.0,100.0,mm,,,,,,,,,,,leadpoint,above
_measure_5,manuscript_1,,,"Cambridge, Corpus Christi College, MS 456",part,,,Codex: 69 leaves.,69.0,,,,,,,,,,,,,,,,,,,,,,,,,,,,1.0,1.0,1.0,,,,,,,,,,,,23.0,23.0,23.0,155.0,155.0,155.0,95.0,95.0,95.0,mm,,,,,,,,,,,ink,below
_measure_1,manuscript_11832,,,"Cambridge, Corpus Christi College, MS 468",manuscript,,MS-CCCC-00468,Codex i + 10 + 158 + ii 155 112,158.0,10.0,3.0,,,,,,,,,,,,,,,,155.0,155.0,155.0,112.0,112.0,112.0,,,,mm,1.0,1.0,1.0,,,,,,,,,,,,28 30,30.0,28.0,123-126,126.0,123.0,65-85,85.0,65.0,mm,,,,,,,,,,,,
_measure_2,manuscript_11832,,,"Cambridge, Corpus Christi College, MS 468",manuscript,,MS-CCCC-00468,Codex i + 10 + 158 + ii 155 112,158.0,10.0,3.0,,,,,,,,,,,,,,,,155.0,155.0,155.0,112.0,112.0,112.0,,,,mm,1.0,1.0,1.0,,,,,,,,,,,,21 28,28.0,21.0,125-122,122.0,115.0,80.0,80.0,80.0,mm,25.0,25.0,25.0,,,,,,,,leadpoint,mixed
_measure_3,manuscript_11832,,,"Cambridge, Corpus Christi College, MS 468",manuscript,,MS-CCCC-00468,Codex i + 10 + 158 + ii 155 112,158.0,10.0,3.0,,,,,,,,,,,,,,,,155.0,155.0,155.0,112.0,112.0,112.0,,,,mm,1.0,1.0,1.0,,,,,,,,,,,,27 29,29.0,27.0,114-120,120.0,114.0,80.0,80.0,80.0,mm,,,,,,,,,,,leadpoint,between
_measure_4,manuscript_11832,,,"Cambridge, Corpus Christi College, MS 468",manuscript,,MS-CCCC-00468,Codex i + 10 + 158 + ii 155 112,158.0,10.0,3.0,,,,,,,,,,,,,,,,155.0,155.0,155.0,112.0,112.0,112.0,,,,mm,1.0,1.0,1.0,,,,,,,,,,,,32.0,32.0,32.0,103.0,103.0,103.0,70.0,70.0,70.0,mm,,,,,,,,,,,leadpoint,between
_measure_5,manuscript_11832,,,"Cambridge, Corpus Christi College, MS 468",manuscript,,MS-CCCC-00468,Codex i + 10 + 158 + ii 155 112,158.0,10.0,3.0,,,,,,,,,,,,,,,,155.0,155.0,155.0,112.0,112.0,112.0,,,,mm,2.0,2.0,2.0,,,,,,,,,,,,31.0,31.0,31.0,101.0,101.0,101.0,70.0,70.0,70.0,mm,,,,,,,,,,,leadpoint,above
_measure_1,manuscript_11833,,,"Cambridge, Corpus Christi College, MS 480",manuscript,,MS-CCCC-00480,Codex ii + 3 + 288 + 2 + ii 118 95,288.0,5.0,4.0,,,,,,,,,,,,,,,,118.0,118.0,118.0,95.0,95.0,95.0,,,,mm,1.0,1.0,1.0,,,,,,,,,,,,17.0,17.0,17.0,7.0,7.0,7.0,60.0,60.0,60.0,mm,,,,,,,,,,,hardpoint,below
_measure_1,manuscript_11834,,,"Cambridge, Corpus Christi College, MS 486",manuscript,,MS-CCCC-00486,"Codex 187 + ii , 138 86-94",187.0,2.0,,,,,,,,,,,,,,,,,138.0,138.0,138.0,86-94,94.0,86.0,,,,mm,1.0,1.0,1.0,,,,,,,,,,,,16.0,16.0,16.0,90.0,90.0,90.0,55.0,55.0,55.0,mm,,,,,,,,,,,hardpoint,
_measure_1,manuscript_72951,,,"Cambridge, Corpus Christi College, MS 633",manuscript,,MS-CCCC-00633,Codex iii + 16 + iii 303 222,16.0,,6.0,,,,,,,,,,,,,,,,303.0,303.0,303.0,222.0,222.0,222.0,,,,mm,2.0,2.0,2.0,,,,,,,,,,,,23.0,23.0,23.0,208.0,208.0,208.0,140.0,140.0,140.0,mm,,,,,,,,,,,,
_measure_1,manuscript_11837,,,"Cambridge, Emmanuel College, MS 12",manuscript,,MS-EMMANUEL-COLLEGE-00012,"Codex iii + 176 + iii ff. 1-[90], [92-176] 345 256 f. 91 345 270",176.0,,6.0,,,,,,,,,,,,,,,,345 345,345 345,345 345,256 270,256 270,256 270,,,,mm,2.0,2.0,2.0,,,,,,,,,,,,30.0,30.0,30.0,287.0,287.0,287.0,185.0,185.0,185.0,mm,,,,,,,,,,,hardpoint,below
_measure_1,manuscript_11837,,,"Cambridge, Emmanuel College, MS 13",manuscript,,MS-EMMANUEL-COLLEGE_00013,"Codex iii + 151 + iii ff. 177-[287], [289-337] 345 256 f. [288] 345 270",151.0,,6.0,,,,,,,,,,,,,,,,345 345,345 345,345 345,256 270,256 270,256 270,,,,mm,2.0,2.0,2.0,,,,,,,,,,,,30.0,30.0,30.0,287.0,287.0,287.0,185.0,185.0,185.0,mm,,,,,,,,,,,hardpoint,below
_measure_1,manuscript_11838,,,"Cambridge, Emmanuel College, MS 14",manuscript,,MS-EMMANUEL-COLLEGE-00014,Codex iii + 142 + iii 351 252,142.0,,6.0,,,,,,,,,,,,,,,,351.0,351.0,351.0,252.0,252.0,252.0,,,,mm,2.0,2.0,2.0,,,,,,,,,,,,33.0,33.0,33.0,257.0,257.0,257.0,175.0,175.0,175.0,mm,,,,,,,,,,,hardpoint,below
_measure_1,manuscript_11838,,,"Cambridge, Emmanuel College, MS 15",manuscript,,MS-EMMANUEL-COLLEGE-00015,Codex iii + 131 + iii 351 252,131.0,,6.0,,,,,,,,,,,,,,,,351.0,351.0,351.0,252.0,252.0,252.0,,,,mm,2.0,2.0,2.0,,,,,,,,,,,,33.0,33.0,33.0,257.0,257.0,257.0,175.0,175.0,175.0,mm,,,,,,,,,,,hardpoint,below
_measure_1,manuscript_11839,,,"Cambridge, Emmanuel College, MS 30",manuscript,,MS-EMMANUEL-COLLEGE-00030,Codex ii + 323 + 3 + ii 220 130,323.0,3.0,4.0,,,,,,,,,,,,,,,,220.0,220.0,220.0,130.0,130.0,130.0,,,,mm,1.0,1.0,1.0,,,,,,,,,,,,29.0,29.0,29.0,157.0,157.0,157.0,95.0,95.0,95.0,mm,,,,,,,,,,,,
_measure_1,manuscript_11840,,,"Cambridge, Emmanuel College, MS 32",manuscript-composite,,MS-EMMANUEL-COLLEGE-00032,Codex ii + 222 + ii 205 140-147,222.0,4.0,,,,,,,,,,,,,,,,,205.0,205.0,205.0,140-147,147.0,140.0,,,,mm,,,,,,,,,,,,,,,,,,,,,,,,,,,,,,,,,,,,
_measure_2,manuscript_11840,,,"Cambridge, Emmanuel College, MS 32",part,,,,,,,,,,,,,,,,,,,,,,,,,,,,,,,,1.0,1.0,1.0,,,,,,,,,,,,7.0,7.0,7.0,90.0,90.0,90.0,80.0,80.0,80.0,mm,,,,,,,,,,,,
_measure_3,manuscript_11840,,,"Cambridge, Emmanuel College, MS 32",part,,,,,,,,,,,,,,,,,,,,,,,,,,,,,,,,1.0,1.0,1.0,,,,,,,,,,,,15 23,23.0,15.0,150-155,155.0,150.0,75-80,80.0,75.0,mm,,,,,,,,,,,,
_measure_4,manuscript_11840,,,"Cambridge, Emmanuel College, MS 32",part,,,,,,,,,,,,,,,,,,,,,,,,,,,,,,,,1.0,1.0,1.0,,,,,,,,,,,,24.0,24.0,24.0,150.0,150.0,150.0,90.0,90.0,90.0,mm,,,,,,,,,,,,
_measure_5,manuscript_11840,,,"Cambridge, Emmanuel College, MS 32",part,,,,,,,,,,,,,,,,,,,,,,,,,,,,,,,,1.0,1.0,1.0,,,,,,,,,,,,46.0,46.0,46.0,165.0,165.0,165.0,110.0,110.0,110.0,mm,,,,,,,,,,,,
_measure_6,manuscript_11840,,,"Cambridge, Emmanuel College, MS 32",part,,,,,,,,,,,,,,,,,,,,,,,,,,,,,,,,1.0,1.0,1.0,,,,,,,,,,,,10.0,10.0,10.0,125.0,125.0,125.0,80.0,80.0,80.0,mm,,,,,,,,,,,,
_measure_7,manuscript_11840,,,"Cambridge, Emmanuel College, MS 32",part,,,,,,,,,,,,,,,,,,,,,,,,,,,,,,,,1.0,1.0,1.0,,,,,,,,,,,,17 19,19.0,17.0,125.0,125.0,125.0,80.0,80.0,80.0,mm,,,,,,,,,,,,
_measure_8,manuscript_11840,,,"Cambridge, Emmanuel College, MS 32",part,,,,,,,,,,,,,,,,,,,,,,,,,,,,,,,,1.0,1.0,1.0,,,,,,,,,,,,23.0,23.0,23.0,145.0,145.0,145.0,85.0,85.0,85.0,mm,,,,,,,,,,,,
_measure_9,manuscript_11840,,,"Cambridge, Emmanuel College, MS 32",part,,,,,,,,,,,,,,,,,,,,,,,,,,,,,,,,1.0,1.0,1.0,,,,,,,,,,,,19.0,19.0,19.0,150.0,150.0,150.0,90.0,90.0,90.0,mm,,,,,,,,,,,,
_measure_10,manuscript_11840,,,"Cambridge, Emmanuel College, MS 32",part,,,,,,,,,,,,,,,,,,,,,,,,,,,,,,,,2.0,2.0,2.0,,,,,,,,,,,,23.0,23.0,23.0,160.0,160.0,160.0,105.0,105.0,105.0,mm,,,,,,,,,,,,
_measure_11,manuscript_11840,,,"Cambridge, Emmanuel College, MS 32",part,,,,,,,,,,,,,,,,,,,,,,,,,,,,,,,,1.0,1.0,1.0,,,,,,,,,,,,14.0,14.0,14.0,155.0,155.0,155.0,105.0,105.0,105.0,mm,,,,,,,,,,,,
_measure_12,manuscript_11840,,,"Cambridge, Emmanuel College, MS 32",part,,,,,,,,,,,,,,,,,,,,,,,,,,,,,,,,1.0,1.0,1.0,,,,,,,,,,,,18 25,25.0,18.0,145.0,145.0,145.0,95.0,95.0,95.0,mm,,,,,,,,,,,,
_measure_13,manuscript_11840,,,"Cambridge, Emmanuel College, MS 32",part,,,,,,,,,,,,,,,,,,,,,,,,,,,,,,,,1.0,1.0,1.0,,,,,,,,,,,,9.0,9.0,9.0,110.0,110.0,110.0,75.0,75.0,75.0,mm,,,,,,,,,,,,
_measure_14,manuscript_11840,,,"Cambridge, Emmanuel College, MS 32",part,,,,,,,,,,,,,,,,,,,,,,,,,,,,,,,,1.0,1.0,1.0,,,,,,,,,,,,19.0,19.0,19.0,125.0,125.0,125.0,80.0,80.0,80.0,mm,,,,,,,,,,,,
_measure_15,manuscript_11840,,,"Cambridge, Emmanuel College, MS 32",part,,,,,,,,,,,,,,,,,,,,,,,,,,,,,,,,1.0,1.0,1.0,,,,,,,,,,,,25.0,25.0,25.0,145.0,145.0,145.0,90.0,90.0,90.0,mm,,,,,,,,,,,,
_measure_16,manuscript_11840,,,"Cambridge, Emmanuel College, MS 32",part,,,,,,,,,,,,,,,,,,,,,,,,,,,,,,,,1.0,1.0,1.0,,,,,,,,,,,,19.0,19.0,19.0,125.0,125.0,125.0,75.0,75.0,75.0,mm,,,,,,,,,,,,
_measure_1,manuscript_11841,,,"Cambridge, Emmanuel College, MS 33",manuscript-composite,,MS-EMMANUEL-00033,Codex iii + 118 + iii,118.0,,6.0,,,,,,,,,,,,,,,,,,,,,,,,,,,,,,,,,,,,,,,,,,,,,,,,,,,,,,,,,,,,,
_measure_2,manuscript_11841,,,"Cambridge, Emmanuel College, MS 33",part,,,,,,,,,,,,,,,,,,,,,,227.0,227.0,227.0,155.0,155.0,155.0,,,,mm,1.0,1.0,1.0,,,,,,,,,,,,10.0,10.0,10.0,124.0,124.0,124.0,70.0,70.0,70.0,mm,,,,,,,,,,,hardpoint,
_measure_3,manuscript_11841,,,"Cambridge, Emmanuel College, MS 33",part,,,,,,,,,,,,,,,,,,,,,,216.0,216.0,216.0,156.0,156.0,156.0,,,,mm,1.0,1.0,1.0,,,,,,,,,,,,5 9,9.0,5.0,55-106,106.0,55.0,75.0,75.0,75.0,mm,,,,,,,,,,,,
_measure_4,manuscript_11841,,,"Cambridge, Emmanuel College, MS 33",part,,,,,,,,,,,,,,,,,,,,,,216.0,216.0,216.0,156.0,156.0,156.0,,,,mm,1.0,1.0,1.0,,,,,,,,,,,,48.0,48.0,48.0,164.0,164.0,164.0,110.0,110.0,110.0,mm,,,,,,,,,,,hardpoint,
_measure_5,manuscript_11841,,,"Cambridge, Emmanuel College, MS 33",part,,,,,,,,,,,,,,,,,,,,,,227.0,227.0,227.0,156.0,156.0,156.0,,,,mm,1.0,1.0,1.0,,,,,,,,,,,,15.0,15.0,15.0,164.0,164.0,164.0,110.0,110.0,110.0,mm,,,,,,,,,,,,
_measure_6,manuscript_11841,,,"Cambridge, Emmanuel College, MS 33",part,,,,,,,,,,,,,,,,,,,,,,227.0,227.0,227.0,156.0,156.0,156.0,,,,mm,1.0,1.0,1.0,,,,,,,,,,,,15.0,15.0,15.0,164.0,164.0,164.0,110.0,110.0,110.0,mm,,,,,,,,,,,,
_measure_1,manuscript_11842,,,"Cambridge, Emmanuel College, MS 59",manuscript,,MS-EMMANUEL-COLLEGE-00059,Codex iii + iii + 158 + i + iii 130 198,158.0,,10.0,,,,,,,,,,,,,,,,130.0,130.0,130.0,198.0,198.0,198.0,,,,mm,1.0,1.0,1.0,,,,,,,,,,,,28 30,30.0,28.0,155.0,155.0,155.0,95.0,95.0,95.0,mm,,,,,,,,,,,,
_measure_1,manuscript_11843,,,"Cambridge, Emmanuel College, MS 61",manuscript,,MS-EMMANUEL-COLLEGE-00061,Codex 96 190 145,96.0,,,,,,,,,,,,,,,,,,190.0,190.0,190.0,145.0,145.0,145.0,,,,mm,1.0,1.0,1.0,,,,,,,,,,,,23.0,23.0,23.0,130.0,130.0,130.0,75.0,75.0,75.0,mm,,,,,,,,,,,pencil,
_measure_1,manuscript_1,,,"Cambridge, Emmanuel College, MS 66",manuscript-composite,,MS-EMMANUEL-COLLEGE-00066,Codex: 3 + 59 | 95 + 3 leaves. 195 140,154.0,6.0,,,,,,,,,,,,,,,,,195.0,195.0,195.0,140.0,140.0,140.0,,,,mm,,,,,,,,,,,,,,,,,,,,,,,,,,,,,,,,,,,,
_measure_2,manuscript_1,,,"Cambridge, Emmanuel College, MS 66",part,,,Codex: 59 leaves.,59.0,,,,,,,,,,,,,,,,,,,,,,,,,,,,1.0,1.0,1.0,,,,,,,,,,,,28.0,28.0,28.0,150.0,150.0,150.0,95.0,95.0,95.0,mm,,,,,,,,,,,ink,below
_measure_3,manuscript_1,,,"Cambridge, Emmanuel College, MS 66",part,,,Codex: 59 leaves.,59.0,,,,,,,,,,,,,,,,,,,,,,,,,,,,3.0,3.0,3.0,,,,,,,,,,,,28.0,28.0,28.0,150.0,150.0,150.0,95.0,95.0,95.0,mm,,,,,,,,,,,ink,below
_measure_4,manuscript_1,,,"Cambridge, Emmanuel College, MS 66",part,,,Codex: 95 leaves.,95.0,,,,,,,,,,,,,,,,,,,,,,,,,,,,2.0,2.0,2.0,,,,,,,,,,,,48.0,48.0,48.0,155.0,155.0,155.0,105.0,105.0,105.0,mm,,,,,,,,,,,ink,below
_measure_1,manuscript_1,,,"Cambridge, Emmanuel College, MS 69",manuscript,,MS-EMMANUEL-COLLEGE-00069,Codex: 2 + 105 leaves. 205 140,105.0,,,,,,,,,,,,,,,,,,205.0,205.0,205.0,140.0,140.0,140.0,,,,mm,1.0,1.0,1.0,,,,,,,,,,,,30 33,33.0,30.0,155-160,160.0,150.0,90.0,90.0,90.0,mm,,,,,,,,,,,ink,below
_measure_1,manuscript_1,,,"Cambridge, Emmanuel College, MS 70",manuscript,,MS-EMMANUEL-COLLEGE-00070,Codex: 1 + 150 + 1 leaves. 195 140,150.0,2.0,,,,,,,,,,,,,,,,,195.0,195.0,195.0,140.0,140.0,140.0,,,,mm,1.0,1.0,1.0,,,,,,,,,,,,42.0,42.0,42.0,160.0,160.0,160.0,105.0,105.0,105.0,mm,,,,,,,,,,,ink,below
_measure_1,manuscript_77766,,,"Cambridge, Emmanuel College, MS 79",manuscript-composite,,MS-EMMANUEL-COLLEGE-00079,Codex ii + 32 + ii 190-200 150,32.0,,4.0,,,,,,,,,,,,,,,,190-200,200.0,190.0,150.0,150.0,150.0,,,,mm,,,,,,,,,,,,,,,,,,,,,,,,,,,,,,,,,,,,
_measure_2,manuscript_77766,,,"Cambridge, Emmanuel College, MS 79",part,,,,,,,,,,,,,,,,,,,,,,,,,,,,,,,,2.0,2.0,2.0,,,,,,,,,,,,26 27,27.0,26.0,140.0,140.0,140.0,180.0,180.0,180.0,mm,,,,,,,,,,,,
_measure_3,manuscript_77766,,,"Cambridge, Emmanuel College, MS 79",part,,,,,,,,,,,,,,,,,,,,,,,,,,,,,,,,1.0,1.0,1.0,,,,,,,,,,,,22 24,24.0,22.0,ca. 130-135,135.0,130.0,ca. 80-90,90.0,80.0,mm,,,,,,,,,,,,
_measure_4,manuscript_77766,,,"Cambridge, Emmanuel College, MS 79",part,,,,,,,,,,,,,,,,,,,,,,,,,,,,,,,,2.0,2.0,2.0,,,,,,,,,,,,20 21,21.0,20.0,130.0,130.0,130.0,ca. 160-170,170.0,160.0,mm,,,,,,,,,,,,
_measure_1,manuscript_11844,,,"Cambridge, Emmanuel College, MS 90",manuscript,,MS-EMMANUEL-COLLEGE-00090,Codex 52 155 113,52.0,,,,,,,,,,,,,,,,,,155.0,155.0,155.0,113.0,113.0,113.0,,,,mm,2.0,2.0,2.0,,,,,,,,,,,,23 36,36.0,23.0,120.0,120.0,120.0,75.0,75.0,75.0,mm,,,,,,,,,,,,
_measure_1,manuscript_1,,,"Cambridge, Emmanuel College, MS 95",manuscript-composite,,MS-EMMANUEL-COLLEGE-00095,Codex: ii + 2 | 59 | 16 + ii leaves.,75.0,2.0,4.0,,,,,,,,,,,,,,,,,,,,,,,,,,,,,,,,,,,,,,,,,,,,,,,,,,,,,,,,,,,,,
_measure_2,manuscript_1,,,"Cambridge, Emmanuel College, MS 95",part,,,2 leaves. 155 105,2.0,,,,,,,,,,,,,,,,,,155.0,155.0,155.0,105.0,105.0,105.0,,,,mm,,,,,,,,,,,,,,,,,,,,,,,,,,,,,,,,,,,,
_measure_3,manuscript_1,,,"Cambridge, Emmanuel College, MS 95",part,,,Codex: 59 leaves. 155 105,59.0,,,,,,,,,,,,,,,,,,155.0,155.0,155.0,105.0,105.0,105.0,,,,mm,1.0,1.0,1.0,,,,,,,,,,,,20 21,21.0,20.0,115.0,115.0,115.0,75-80,80.0,75.0,mm,,,,,,,,,,,drypoint,below
_measure_4,manuscript_1,,,"Cambridge, Emmanuel College, MS 95",part,,,Codex: 16 leaves. 155 105,8.0,,,,,,,,,,,,,,,,,,155.0,155.0,155.0,105.0,105.0,105.0,,,,mm,1.0,1.0,1.0,,,,,,,,,,,,20 21,21.0,20.0,115.0,115.0,115.0,75-80,80.0,75.0,mm,,,,,,,,,,,drypoint,below
_measure_1,manuscript_11845,,,"Cambridge, Emmanuel College, MS 109",manuscript,,MS-EMMANUEL-COLLEGE-00109,Codex 2 + 134 + 2 100 72,134.0,4.0,,,,,,,,,,,,,,,,,100.0,100.0,100.0,72.0,72.0,72.0,,,,mm,1.0,1.0,1.0,,,,,,,,,,,,9 12,12.0,9.0,ca. 65-75,75.0,65.0,ca. 25-45,45.0,25.0,mm,,,,,,,,,,,,
_measure_1,manuscript_11846,,,"Cambridge, Emmanuel College, MS 110",manuscript,,MS-EMMANUEL-COLLEGE-00110,Codex ii + 1 + 144 + ii 93 78,144.0,1.0,4.0,,,,,,,,,,,,,,,,93.0,93.0,93.0,78.0,78.0,78.0,,,,mm,1.0,1.0,1.0,,,,,,,,,,,,24.0,24.0,24.0,70.0,70.0,70.0,50.0,50.0,50.0,mm,,,,,,,,,,,hardpoint,mixed
_measure_2,manuscript_11846,,,"Cambridge, Emmanuel College, MS 110",manuscript,,MS-EMMANUEL-COLLEGE-00110,,,,,,,,,,,,,,,,,,,,,,,,,,,,,,,,,,,,,,,,,,,,,,,,,,,,,,,,,,,,,,,,,
_measure_1,manuscript_77767,,,"Cambridge, Emmanuel College, MS 178",manuscript,,MS-EMMANUEL-COLLEGE-00178,Codex 2 + 151 302 190,151.0,2.0,,,,,,,,,,,,,,,,,302.0,302.0,302.0,190.0,190.0,190.0,,,,mm,2.0,2.0,2.0,,,,,,,,,,,,43 47,47.0,43.0,ca. 270-280,280.0,270.0,ca. 170-175,175.0,170.0,mm,,,,,,,,,,,ink,
_measure_1,manuscript_11851,,,"Cambridge, Emmanuel College, MS 236",manuscript-composite,,MS-EMMANUEL-COLLEGE-00236,Fragments iii + iv + 50 + iii,50.0,4.0,6.0,,,,,,,,,,,,,,,,,,,,,,,,,,,,,,,,,,,,,,,,,,,,,,,,,,,,,,,,,,,,,
_measure_2,manuscript_11851,,,"Cambridge, Emmanuel College, MS 236",manuscript-composite,,MS-EMMANUEL-COLLEGE-00236,,,,,,,,,,,,,,,,,,,,,,,,,,,,,,,,,,,,,,,,,,,,,,,,,,,,,,,,,,,,,,,,,
_measure_3,manuscript_11851,,,"Cambridge, Emmanuel College, MS 236",part,,,Fragment 18 265-270 176-184,18.0,,,,,,,,,,,,,,,,,,265-270,270.0,265.0,176-184,184.0,176.0,,,,mm,1.0,1.0,1.0,,,,,,,,,,,,36.0,36.0,36.0,205.0,205.0,205.0,140.0,140.0,140.0,mm,,,,,,,,,,,hardpoint,
_measure_4,manuscript_11851,,,"Cambridge, Emmanuel College, MS 236",part,,,Fragment 2 230 150,2.0,,,,,,,,,,,,,,,,,,230.0,230.0,230.0,150.0,150.0,150.0,,,,mm,1.0,1.0,1.0,,,,,,,,,,,,23.0,23.0,23.0,160.0,160.0,160.0,150.0,150.0,150.0,mm,,,,,,,,,,,hardpoint,
_measure_5,manuscript_11851,,,"Cambridge, Emmanuel College, MS 236",part,,,Fragment 2 265 175,2.0,,,,,,,,,,,,,,,,,,265.0,265.0,265.0,175.0,175.0,175.0,,,,mm,1.0,1.0,1.0,,,,,,,,,,,,36.0,36.0,36.0,205.0,205.0,205.0,150.0,150.0,150.0,mm,,,,,,,,,,,hardpoint,
_measure_6,manuscript_11851,,,"Cambridge, Emmanuel College, MS 236",part,,,Fragment 12 280 180,12.0,,,,,,,,,,,,,,,,,,280.0,280.0,280.0,180.0,180.0,180.0,,,,mm,1.0,1.0,1.0,,,,,,,,,,,,24.0,24.0,24.0,215.0,215.0,215.0,140.0,140.0,140.0,mm,,,,,,,,,,,hardpoint,
_measure_7,manuscript_11851,,,"Cambridge, Emmanuel College, MS 236",part,,,Fragment 4 280 210,4.0,,,,,,,,,,,,,,,,,,280.0,280.0,280.0,210.0,210.0,210.0,,,,mm,2.0,2.0,2.0,,,,,,,,,,,,26.0,26.0,26.0,215.0,215.0,215.0,160.0,160.0,160.0,mm,,,,,,,,,,,hardpoint,
_measure_8,manuscript_11851,,,"Cambridge, Emmanuel College, MS 236",part,,,Fragment 11 282 212,11.0,,,,,,,,,,,,,,,,,,282.0,282.0,282.0,212.0,212.0,212.0,,,,mm,2.0,2.0,2.0,,,,,,,,,,,,35.0,35.0,35.0,240.0,240.0,240.0,170.0,170.0,170.0,mm,,,,,,,,,,,hardpoint,
_measure_9,manuscript_11851,,,"Cambridge, Emmanuel College, MS 236",part,,,Fragment 1 290 214,1.0,,,,,,,,,,,,,,,,,,290.0,290.0,290.0,214.0,214.0,214.0,,,,mm,2.0,2.0,2.0,,,,,,,,,,,,40.0,40.0,40.0,270.0,270.0,270.0,165.0,165.0,165.0,mm,,,,,,,,,,,hardpoint,
_measure_1,manuscript_11848,,,"Cambridge, Emmanuel College, MS 249",manuscript,,MS-EMMANUEL-COLLEGE-00249,Codex i + 16 + i 248 168,16.0,,2.0,,,,,,,,,,,,,,,,248.0,248.0,248.0,168.0,168.0,168.0,,,,mm,1.0,1.0,1.0,,,,,,,,,,,,25 27,27.0,25.0,165.0,165.0,165.0,105.0,105.0,105.0,mm,,,,,,,,,,,ink,
_measure_1,manuscript_11849,,,"Cambridge, Emmanuel College, MS 251",manuscript-composite,,MS-EMMANUEL-COLLEGE-00251,Codex iv + 187 + iv,187.0,,8.0,,,,,,,,,,,,,,,,,,,,,,,,,,,,,,,,,,,,,,,,,,,,,,,,,,,,,,,,,,,,,
_measure_2,manuscript_11849,,,"Cambridge, Emmanuel College, MS 251",part,,,,,,,,,,,,,,,,,,,,,,228-240,240.0,228.0,150-170,170.0,150.0,,,,mm,1.0,1.0,1.0,,,,,,,,,,,,20 24,24.0,20.0,183-194,194.0,183.0,135.0,135.0,135.0,mm,32.0,32.0,32.0,,,,,,,,hardpoint,mixed
_measure_3,manuscript_11849,,,"Cambridge, Emmanuel College, MS 251",part,,,,,,,,,,,,,,,,,,,,,,228-240,240.0,228.0,150-170,170.0,150.0,,,,mm,1.0,1.0,1.0,,,,,,,,,,,,30.0,30.0,30.0,183-194,194.0,183.0,135.0,135.0,135.0,mm,,,,,,,,,,,hardpoint,below
_measure_4,manuscript_11849,,,"Cambridge, Emmanuel College, MS 251",part,,,,,,,,,,,,,,,,,,,,,,243.0,243.0,243.0,170.0,170.0,170.0,,,,mm,1.0,1.0,1.0,,,,,,,,,,,,17 26,26.0,17.0,172-187,187.0,172.0,180-190,190.0,180.0,mm,,,,,,,,,,,hardpoint,below
_measure_5,manuscript_11849,,,"Cambridge, Emmanuel College, MS 251",part,,,,,,,,,,,,,,,,,,,,,,243.0,243.0,243.0,170.0,170.0,170.0,,,,mm,1.0,1.0,1.0,,,,,,,,,,,,22 24,24.0,22.0,190-200,200.0,190.0,135.0,135.0,135.0,mm,,,,,,,,,,,,
_measure_1,manuscript_11850,,,"Cambridge, Emmanuel College, MS 253",manuscript,,MS-EMMANUEL-COLLEGE-00253,Codex iii + 27 + iii 265 180,27.0,,6.0,,,,,,,,,,,,,,,,265.0,265.0,265.0,180.0,180.0,180.0,,,,mm,1.0,1.0,1.0,,,,,,,,,,,,24 25,25.0,24.0,196-207,207.0,196.0,130.0,130.0,130.0,mm,,,,,,,,,,,hardpoint,above
_measure_1,manuscript_1,,,"Cambridge, Fitzwilliam Museum, Charles Fairfax Murray MS 17",manuscript,,MS-FITZWILLIAM-CHARLES-FAIRFAX-MURRAY-00017,Codex: ii + 2 86 + ii leaves. 145 100,86.0,,6.0,,,,,,,,,,,,,,,,145.0,145.0,145.0,100.0,100.0,100.0,,,,mm,1.0,1.0,1.0,,,,,,,,,,,,13 19,19.0,13.0,105-110,110.0,105.0,75-90,90.0,75.0,mm,,,,,,,,,,,ink,below
_measure_2,manuscript_1,,,"Cambridge, Fitzwilliam Museum, Charles Fairfax Murray MS 17",manuscript,,MS-FITZWILLIAM-CHARLES-FAIRFAX-MURRAY-00017,,,,,,,,,,,,,,,,,,,,,,,,,,,,,,,,,,,,,,,,,,,,,,,,,,,,,,,,,,,,,,,,,
_measure_1,manuscript_1,,,"Cambridge, Fitzwilliam Museum, MS 51",manuscript,,MS-FITZWILLIAM-00051,Codex: i + 140 + ii leaves. 175 120,140.0,,3.0,,,,,,,,,,,,,,,,175.0,175.0,175.0,120.0,120.0,120.0,,,,mm,1.0,1.0,1.0,,,,,,,,,,,,21.0,21.0,21.0,100.0,100.0,100.0,70.0,70.0,70.0,mm,,,,,,,,,,,in,below
_measure_2,manuscript_1,,,"Cambridge, Fitzwilliam Museum, MS 51",manuscript,,MS-FITZWILLIAM-00051,,,,,,,,,,,,,,,,,,,,,,,,,,,,,,,,,,,,,,,,,,,,,,,,,,,,,,,,,,,,,,,,,
_measure_1,manuscript_11852,,,"Cambridge, Fitzwilliam Museum, MS 229",manuscript-composite,,MS-FITZWILLIAM-00229,,,,,,,,,,,,,,,,,,,,223.0,223.0,223.0,150.0,150.0,150.0,,,,mm,,,,,,,,,,,,,,,,,,,,,,,,,,,,,,,,,,,,
_measure_2,manuscript_11852,,,"Cambridge, Fitzwilliam Museum, MS 229",part,,,,,,,,,,,,,,,,,,,,,,,,,,,,,,,,1.0,1.0,1.0,,,,,,,,,,,,29 35,35.0,29.0,169-177,177.0,169.0,100-105,105.0,100.0,mm,,,,,,,,,,,,
_measure_3,manuscript_11852,,,"Cambridge, Fitzwilliam Museum, MS 229",part,,,,,,,,,,,,,,,,,,,,,,,,,,,,,,,,1.0,1.0,1.0,,,,,,,,,,,,27.0,27.0,27.0,151.0,151.0,151.0,95.0,95.0,95.0,mm,,,,,,,,,,,,
_measure_4,manuscript_11852,,,"Cambridge, Fitzwilliam Museum, MS 229",part,,,,,,,,,,,,,,,,,,,,,,,,,,,,,,,,1.0,1.0,1.0,,,,,,,,,,,,25 33,33.0,25.0,161-175,175.0,161.0,107-120,120.0,107.0,mm,,,,,,,,,,,,
_measure_5,manuscript_11852,,,"Cambridge, Fitzwilliam Museum, MS 229",part,,,,,,,,,,,,,,,,,,,,,,,,,,,,,,,,1.0,1.0,1.0,,,,,,,,,,,,30 32,32.0,30.0,185-190,190.0,185.0,120.0,120.0,120.0,mm,,,,,,,,,,,,
_measure_6,manuscript_11852,,,"Cambridge, Fitzwilliam Museum, MS 229",part,,,,,,,,,,,,,,,,,,,,,,,,,,,,,,,,1.0,1.0,1.0,,,,,,,,,,,,24 31,31.0,24.0,155.0,155.0,155.0,100.0,100.0,100.0,mm,,,,,,,,,,,,
_measure_7,manuscript_11852,,,"Cambridge, Fitzwilliam Museum, MS 229",part,,,,,,,,,,,,,,,,,,,,,,,,,,,,,,,,1.0,1.0,1.0,,,,,,,,,,,,30 33,33.0,30.0,161-173,173.0,161.0,100.0,100.0,100.0,mm,,,,,,,,,,,,
_measure_8,manuscript_11852,,,"Cambridge, Fitzwilliam Museum, MS 229",part,,,,,,,,,,,,,,,,,,,,,,,,,,,,,,,,1.0,1.0,1.0,,,,,,,,,,,,23 34,34.0,23.0,171-193,193.0,171.0,110-120,120.0,110.0,mm,,,,,,,,,,,,
_measure_1,manuscript_1,,,"Cambridge, Fitzwilliam Museum, MS 261",manuscript,,MS-FITZWILLIAM-00261,Codex: ii + 32 + ii leaves. 195 145,32.0,,4.0,,,,,,,,,,,,,,,,195.0,195.0,195.0,145.0,145.0,145.0,,,,mm,1.0,1.0,1.0,,,,,,,,,,,,25.0,25.0,25.0,115.0,115.0,115.0,85.0,85.0,85.0,mm,,,,,,,,,,,ink,below
_measure_2,manuscript_1,,,"Cambridge, Fitzwilliam Museum, MS 261",manuscript,,MS-FITZWILLIAM-00261,,,,,,,,,,,,,,,,,,,,,,,,,,,,,,,,,,,,,,,,,,,,,,,,,,,,,,,,,,,,,,,,,
_measure_1,manuscript_11860,,,"Cambridge, Fitzwilliam Museum, MS 325",manuscript,,MS-FITZWILLIAM-00325,"Codex i + 106 + i , 135 90",106.0,2.0,,,,,,,,,,,,,,,,,135.0,135.0,135.0,90.0,90.0,90.0,,,,mm,1.0,1.0,1.0,,,,,,,,,,,,12.0,12.0,12.0,85.0,85.0,85.0,55.0,55.0,55.0,mm,,,,,,,,,,,,
_measure_2,manuscript_11860,,,"Cambridge, Fitzwilliam Museum, MS 325",manuscript,,MS-FITZWILLIAM-00325,,,,,,,,,,,,,,,,,,,,,,,,,,,,,,,,,,,,,,,,,,,,,,,,,,,,,,,,,,,,,,,,,
_measure_1,manuscript_11861,,,"Cambridge, Fitzwilliam Museum, MS 355.I.fol.7",manuscript,,MS-FITZWILLIAM-00355,"Fragment (leaf) 1 , 195 ca. 145",1.0,,,,,,,,,,,,,,,,,,195.0,195.0,195.0,145.0,145.0,145.0,,,,mm,1.0,1.0,1.0,,,,,,,,,,,,26.0,26.0,26.0,147.0,147.0,147.0,110.0,110.0,110.0,mm,,,,,,,,,,,hardpoint,
_measure_2,manuscript_11861,,,"Cambridge, Fitzwilliam Museum, MS 355.I.fol.7",manuscript,,MS-FITZWILLIAM-00355,,,,,,,,,,,,,,,,,,,,,,,,,,,,,,,,,,,,,,,,,,,,,,,,,,,,,,,,,,,,,,,,,
_measure_1,manuscript_1,,,"Cambridge, Fitzwilliam Museum, MS 38-1950",manuscript-composite,,MS-FITZWILLIAM-00038-01950,Codex: 1 + ii + 1 + 3 | 243 | 3 + 2 leaves. 170 120,243.0,5.0,2.0,,,,,,,,,,,,,,,,170.0,170.0,170.0,120.0,120.0,120.0,,,,mm,,,,,,,,,,,,,,,,,,,,,,,,,,,,,,,,,,,,
_measure_2,manuscript_1,,,"Cambridge, Fitzwilliam Museum, MS 38-1950",manuscript-composite,,MS-FITZWILLIAM-00038-01950,,,,,,,,,,,,,,,,,,,,,,,,,,,,,,,,,,,,,,,,,,,,,,,,,,,,,,,,,,,,,,,,,
_measure_3,manuscript_1,,,"Cambridge, Fitzwilliam Museum, MS 38-1950",manuscript-composite,,MS-FITZWILLIAM-00038-01950,,,,,,,,,,,,,,,,,,,,,,,,,,,,,,,,,,,,,,,,,,,,,,,,,,,,,,,,,,,,,,,,,
_measure_4,manuscript_1,,,"Cambridge, Fitzwilliam Museum, MS 38-1950",manuscript-composite,,MS-FITZWILLIAM-00038-01950,,,,,,,,,,,,,,,,,,,,,,,,,,,,,,,,,,,,,,,,,,,,,,,,,,,,,,,,,,,,,,,,,
_measure_5,manuscript_1,,,"Cambridge, Fitzwilliam Museum, MS 38-1950",manuscript-composite,,MS-FITZWILLIAM-00038-01950,,,,,,,,,,,,,,,,,,,,,,,,,,,,,,,,,,,,,,,,,,,,,,,,,,,,,,,,,,,,,,,,,
_measure_6,manuscript_1,,,"Cambridge, Fitzwilliam Museum, MS 38-1950",part,,,Codex: 3 leaves.,3.0,,,,,,,,,,,,,,,,,,,,,,,,,,,,1.0,1.0,1.0,,,,,,,,,,,,19 25,25.0,19.0,100-130,130.0,120.0,60-80,80.0,60.0,mm,,,,,,,,,,,ink,
_measure_7,manuscript_1,,,"Cambridge, Fitzwilliam Museum, MS 38-1950",part,,,Codex: 243 leaves.,243.0,,,,,,,,,,,,,,,,,,,,,,,,,,,,1.0,1.0,1.0,,,,,,,,,,,,18.0,18.0,18.0,100.0,100.0,100.0,60.0,60.0,60.0,mm,,,,,,,,,,,ink,below
_measure_8,manuscript_1,,,"Cambridge, Fitzwilliam Museum, MS 38-1950",part,,,Codex: 3 leaves.,3.0,,,,,,,,,,,,,,,,,,,,,,,,,,,,1.0,1.0,1.0,,,,,,,,,,,,19 25,25.0,19.0,100-130,130.0,120.0,60-80,80.0,60.0,mm,,,,,,,,,,,ink,
_measure_1,manuscript_11859,,,"Cambridge, Fitzwilliam Museum, MS 3-1955",manuscript,,MS-FITZWILLIAM-00003-01955,Codex i + 87 + i 208 149,87.0,2.0,,,,,,,,,,,,,,,,,208.0,208.0,208.0,149.0,149.0,149.0,,,,mm,1.0,1.0,1.0,,,,,,,,,,,,43 44,44.0,43.0,142-148,148.0,142.0,85-90,90.0,85.0,mm,,,,,,,,,,,,
_measure_2,manuscript_11859,,,"Cambridge, Fitzwilliam Museum, MS 3-1955",manuscript,,MS-FITZWILLIAM-00003-01955,Codex i + 87 + i 208 149,87.0,2.0,,,,,,,,,,,,,,,,,208.0,208.0,208.0,149.0,149.0,149.0,,,,mm,1.0,1.0,1.0,,,,,,,,,,,,18.0,18.0,18.0,140.0,140.0,140.0,90.0,90.0,90.0,mm,,,,,,,,,,,,
_measure_3,manuscript_11859,,,"Cambridge, Fitzwilliam Museum, MS 3-1955",manuscript,,MS-FITZWILLIAM-00003-01955,,,,,,,,,,,,,,,,,,,,,,,,,,,,,,,,,,,,,,,,,,,,,,,,,,,,,,,,,,,,,,,,,
_measure_1,manuscript_11854,,,"Cambridge, Fitzwilliam Museum, MS Charles Fairfax Murray 7",manuscript,,MS-FITZWILLIAM-CHARLES-FAIRFAX-MURRAY-00007,Fragment (quires) iii + 12 + 3 + iii 270 198,12.0,3.0,6.0,,,,,,,,,,,,,,,,270.0,270.0,270.0,198.0,198.0,198.0,,,,mm,2.0,2.0,2.0,,,,,,,,,,,,31 32,32.0,31.0,198-206,206.0,198.0,140.0,140.0,140.0,mm,,,,,,,,,,,,
_measure_1,manuscript_11853,,,"Cambridge, Fitzwilliam Museum, MS Charles Fairfax Murray 30",manuscript-composite,,MS-FITZWILLIAM-CHARLES-FAIRFAX-MURRAY-00030,Codex iii + 3 + 109 + ii 205 141,109.0,3.0,5.0,,,,,,,,,,,,,,,,205.0,205.0,205.0,141.0,141.0,141.0,,,,mm,,,,,,,,,,,,,,,,,,,,,,,,,,,,,,,,,,,,
_measure_2,manuscript_11853,,,"Cambridge, Fitzwilliam Museum, MS Charles Fairfax Murray 30",manuscript-composite,,MS-FITZWILLIAM-CHARLES-FAIRFAX-MURRAY-00030,,,,,,,,,,,,,,,,,,,,,,,,,,,,,,,,,,,,,,,,,,,,,,,,,,,,,,,,,,,,,,,,,
_measure_3,manuscript_11853,,,"Cambridge, Fitzwilliam Museum, MS Charles Fairfax Murray 30",part,,,,,,,,,,,,,,,,,,,,,,,,,,,,,,,,1.0,1.0,1.0,,,,,,,,,,,,25.0,25.0,25.0,143.0,143.0,143.0,85.0,85.0,85.0,mm,,,,,,,,,,,,
_measure_1,manuscript_11855,,,"Cambridge, Fitzwilliam Museum, MS McClean 1",manuscript,,MS-FITZWILLIAM-MCCLEAN-00001,Codex iii + 199 + iii 305 245,199.0,,6.0,,,,,,,,,,,,,,,,305.0,305.0,305.0,245.0,245.0,245.0,,,,mm,2.0,2.0,2.0,,,,,,,,,,,,20.0,20.0,20.0,215.0,215.0,215.0,165.0,165.0,165.0,mm,,,,,,,,,,,hardpoint,above
_measure_1,manuscript_11856,,,"Cambridge, Fitzwilliam Museum, MS McClean 2",manuscript-composite,,MS-FITZWILLIAM-MCCLEAN-00002,Codex i + 26 | 83 | 11 | 32 | 24 + i 254 195,176.0,,2.0,,,,,,,,,,,,,,,,254.0,254.0,254.0,195.0,195.0,195.0,,,,mm,,,,,,,,,,,,,,,,,,,,,,,,,,,,,,,,,,,,
_measure_2,manuscript_11856,,,"Cambridge, Fitzwilliam Museum, MS McClean 2",part,,,,,,,,,,,,,,,,,,,,,,,,,,,,,,,,2.0,2.0,2.0,,,,,,,,,,,,19.0,19.0,19.0,175.0,175.0,175.0,130.0,130.0,130.0,mm,,,,,,,,,,,hardpoint,below
_measure_3,manuscript_11856,,,"Cambridge, Fitzwilliam Museum, MS McClean 2",part,,,,,,,,,,,,,,,,,,,,,,,,,,,,,,,,2.0,2.0,2.0,,,,,,,,,,,,19.0,19.0,19.0,185.0,185.0,185.0,130.0,130.0,130.0,mm,,,,,,,,,,,hardpoint,below
_measure_4,manuscript_11856,,,"Cambridge, Fitzwilliam Museum, MS McClean 2",part,,,,,,,,,,,,,,,,,,,,,,,,,,,,,,,,2.0,2.0,2.0,,,,,,,,,,,,19.0,19.0,19.0,174.0,174.0,174.0,130.0,130.0,130.0,mm,,,,,,,,,,,hardpoint,below
_measure_1,manuscript_11857,,,"Cambridge, Fitzwilliam Museum, MS McClean 3",manuscript,,MS-FITZWILLIAM-MCCLEAN-00003,Codex iii + 157 + iii 151 115,157.0,,6.0,,,,,,,,,,,,,,,,151.0,151.0,151.0,115.0,115.0,115.0,,,,mm,1.0,1.0,1.0,,,,,,,,,,,,17.0,17.0,17.0,99-109,109.0,99.0,75.0,75.0,75.0,mm,,,,,,,,,,,hardpoint,below
_measure_2,manuscript_11857,,,"Cambridge, Fitzwilliam Museum, MS McClean 3",manuscript,,MS-FITZWILLIAM-MCCLEAN-00003,Codex iii + 157 + iii 151 115,157.0,,6.0,,,,,,,,,,,,,,,,151.0,151.0,151.0,115.0,115.0,115.0,,,,mm,1.0,1.0,1.0,,,,,,,,,,,,16.0,16.0,16.0,95.0,95.0,95.0,80.0,80.0,80.0,mm,,,,,,,,,,,hardpoint,
_measure_3,manuscript_11857,,,"Cambridge, Fitzwilliam Museum, MS McClean 3",manuscript,,MS-FITZWILLIAM-MCCLEAN-00003,Codex iii + 157 + iii 151 115,157.0,,6.0,,,,,,,,,,,,,,,,151.0,151.0,151.0,115.0,115.0,115.0,,,,mm,1.0,1.0,1.0,,,,,,,,,,,,19.0,19.0,19.0,101.0,101.0,101.0,75.0,75.0,75.0,mm,,,,,,,,,,,hardpoint,below
_measure_4,manuscript_11857,,,"Cambridge, Fitzwilliam Museum, MS McClean 3",manuscript,,MS-FITZWILLIAM-MCCLEAN-00003,Codex iii + 157 + iii 151 115,157.0,,6.0,,,,,,,,,,,,,,,,151.0,151.0,151.0,115.0,115.0,115.0,,,,mm,1.0,1.0,1.0,,,,,,,,,,,,20.0,20.0,20.0,103.0,103.0,103.0,75.0,75.0,75.0,mm,21 22,22.0,21.0,,,,,,,,hardpoint,below
_measure_1,manuscript_11858,,,"Cambridge, Fitzwilliam Museum, MS McClean 4",manuscript,,MS-FITZWILLIAM-MCCLEAN-00004,Codex iii + 165 + iii 321 253,165.0,,6.0,,,,,,,,,,,,,,,,321.0,321.0,321.0,253.0,253.0,253.0,,,,mm,2.0,2.0,2.0,,,,,,,,,,,,24.0,24.0,24.0,212.0,212.0,212.0,160.0,160.0,160.0,mm,,,,,,,,,,,hardpoint,below
_measure_1,manuscript_1,,,"Cambridge, Fitzwilliam Museum, MS McClean 89",manuscript,,MS-FITZWILLIAM-MUSEUM-MCCLEAN-00089,Codex: ii + 3 + 133 + 1 + ii leaves. 205 145,133.0,4.0,4.0,,,,,,,,,,,,,,,,205.0,205.0,205.0,145.0,145.0,145.0,,,,mm,1.0,1.0,1.0,,,,,,,,,,,,22.0,22.0,22.0,135-140,140.0,135.0,95.0,95.0,95.0,mm,,,,,,,,,,,ink,below
_measure_1,manuscript_1,,,"Cambridge, Fitzwilliam Museum, MS McClean 166",manuscript,,MS-FITZWILLIAM-MCCLEAN-00166,Codex: 1 + 77 + 1 leaves 225,77.0,,2.0,,,,,,,,,,,,,,,,,,,160.0,160.0,160.0,,,,mm,2.0,2.0,2.0,,,,,,,,,,,,47.0,47.0,47.0,170.0,170.0,170.0,110.0,110.0,110.0,mm,,,,,,,,,,,leadpoint,below
_measure_2,manuscript_1,,,"Cambridge, Fitzwilliam Museum, MS McClean 166",manuscript,,MS-FITZWILLIAM-MCCLEAN-00166,Codex: 1 + 77 + 1 leaves 225,77.0,,2.0,,,,,,,,,,,,,,,,,,,160.0,160.0,160.0,,,,mm,,,,,,,,,,,,,,,,,,130-180,180.0,130.0,105.0,105.0,105.0,mm,,,,,,,,,,,ink,
_measure_3,manuscript_1,,,"Cambridge, Fitzwilliam Museum, MS McClean 166",manuscript,,MS-FITZWILLIAM-MCCLEAN-00166,Codex: 1 + 77 + 1 leaves 225,77.0,,2.0,,,,,,,,,,,,,,,,,,,160.0,160.0,160.0,,,,mm,1.0,1.0,1.0,,,,,,,,,,,,33.0,33.0,33.0,125-140,140.0,125.0,75-95,95.0,75.0,mm,,,,,,,,,,,crayon,below
_measure_1,manuscript_1,,,"Cambridge, Gonville and Caius College, 803/807, no.
                            57",manuscript,,MS-GONVILLE-AND-CAIUS-00803-00807-00057,"Fragment, comprising a single leaf of thick parchment, later used as part of the binding (? a pastedown) in Cambridge, Gonville and Caius College, MS 345/620. 1 leaf. 1r 172 237",,,,,,,,,,,,,172.0,172.0,237.0,237.0,237.0,mm,,,,,,,,,,,1.0,1.0,1.0,,,,,,,,,,,,,,,,,,,,,,,,,,,,,,,,leadpoint,
_measure_1,manuscript_11863,,,"Cambridge, Gonville and Caius College, MS 47/24 ",manuscript-composite,,MS-GONVILLE-AND-CAIUS-00047-00024,Codex i + 148 + i + 11 + i 300-345 222-250,159.0,,3.0,,,,,,,,,,,,,,,,300-345,345.0,300.0,222-250,250.0,222.0,,,,mm,,,,,,,,,,,,,,,,,,,,,,,,,,,,,,,,,,,,
_measure_2,manuscript_11863,,,"Cambridge, Gonville and Caius College, MS 47/24 ",part,,,Codex 90 345 ca. 250,90.0,,,,,,,,,,,,,,,,,,345.0,345.0,345.0,250.0,250.0,250.0,,,,mm,1.0,1.0,1.0,,,,,,,,,,,,39.0,39.0,39.0,250.0,250.0,250.0,145.0,145.0,145.0,mm,,,,,,,,,,,,
_measure_3,manuscript_11863,,,"Cambridge, Gonville and Caius College, MS 47/24 ",part,,,Codex 58 340 ca. 235,58.0,,,,,,,,,,,,,,,,,,340.0,340.0,340.0,235.0,235.0,235.0,,,,mm,1.0,1.0,1.0,,,,,,,,,,,,29 34,34.0,29.0,255-280,280.0,255.0,145-180,180.0,145.0,mm,,,,,,,,,,,,
_measure_4,manuscript_11863,,,"Cambridge, Gonville and Caius College, MS 47/24 ",part,,,Codex i + 9 315 ca. 240,9.0,,1.0,,,,,,,,,,,,,,,,315.0,315.0,315.0,240.0,240.0,240.0,,,,mm,1.0,1.0,1.0,,,,,,,,,,,,31 33,33.0,31.0,250-255,255.0,250.0,185-190,190.0,185.0,mm,,,,,,,,,,,,
_measure_5,manuscript_11863,,,"Cambridge, Gonville and Caius College, MS 47/24 ",part,,,Codex 2 300 220,2.0,,,,,,,,,,,,,,,,,,300.0,300.0,300.0,220.0,220.0,220.0,,,,mm,1.0,1.0,1.0,,,,,,,,,,,,35.0,35.0,35.0,240.0,240.0,240.0,150.0,150.0,150.0,mm,,,,,,,,,,,,
_measure_1,manuscript_11864,,,"Cambridge, Gonville and Caius College, MS 50/27 ",manuscript,,MS-GONVILLE-AND-CAIUS-00050-00027,Codex 1 + 240 + 2 330 230,240.0,3.0,,,,,,,,,,,,,,,,,330.0,330.0,330.0,230.0,230.0,230.0,,,,mm,1.0,1.0,1.0,,,,,,,,,,,,30.0,30.0,30.0,215.0,215.0,215.0,120.0,120.0,120.0,mm,,,,,,,,,,,,
_measure_1,manuscript_1,,,"Cambridge, Gonville and Caius College, MS 59/153",manuscript-composite,,MS-GONVILLE-AND-CAIUS-00059-00153,Codex: ii + 1 | 218 | 6 | 1 + ii leaves.,224.0,2.0,4.0,,,,,,,,,,,,,,,,,,,,,,,,,,,,,,,,,,,,,,,,,,,,,,,,,,,,,,,,,,,,,
_measure_2,manuscript_1,,,"Cambridge, Gonville and Caius College, MS 59/153",part,,,"Two fragments: former pastedowns, now endleaves. These endleaves comprise two former bifolia, which were flattened and used as pastedowns in an earlier binding. When the manuscript was rebound in 1909 the pastedowns were lifted and mounted as endleaves, one at each end of the volume. Two former pastedowns, now parchment endleaves pp. [i]-[ii] and [vii]-[viii] . 294-308 194-198 198 145 Note that both the dimensions of the current flattened bifolium, and the estimated dimensions of a single leaf in relation to the fragment's original codicological context are given. There is pricking visible on pp. [i]-[ii], which permits a reasonable assessment of the original width of the leaf; the orignal height of the leaf has been reduced through trimming and rebinding and so is likely to have been greater in its original codicological context.",,2.0,,,,,,,,,,,308.0,294.0,194-198,198.0,194.0,mm,198.0,198.0,198.0,145.0,145.0,145.0,,,,mm,1.0,1.0,1.0,,,,,,,,,,,,47.0,47.0,47.0,175.0,175.0,175.0,110.0,110.0,110.0,mm,,,,,,,,,,,hardpoint,
_measure_3,manuscript_1,,,"Cambridge, Gonville and Caius College, MS 59/153",part,,,Codex: 218 leaves. 315 205,218.0,,,,,,,,,,,,,,,,,,315.0,315.0,315.0,205.0,205.0,205.0,,,,mm,2.0,2.0,2.0,,,,,,,,,,,,42 48,48.0,42.0,210.0,210.0,210.0,130.0,130.0,130.0,mm,,,,,,,,,,,ink,below
_measure_4,manuscript_1,,,"Cambridge, Gonville and Caius College, MS 59/153",part,,,Codex: 6 leaves. 310 200,6.0,,,,,,,,,,,,,,,,,,310.0,310.0,310.0,200.0,200.0,200.0,,,,mm,2.0,2.0,2.0,,,,,,,,,,,,46.0,46.0,46.0,240.0,240.0,240.0,155.0,155.0,155.0,mm,,,,,,,,,,,ink,below
_measure_1,manuscript_11865,,,"Cambridge, Gonville and Caius College, MS 76/43",manuscript-composite,,MS-GONVILLE-AND-CAIUS-00076-00043,,,,,,,,,,,,,,,,,,,,,,,,,,,,,,,,,,,,,,,,,,,,,,,,,,,,,,,,,,,,,,,,,
_measure_2,manuscript_11865,,,"Cambridge, Gonville and Caius College, MS 76/43",part,,,,,,,,,,,,,,,,,,,,,,312.0,312.0,312.0,220.0,220.0,220.0,,,,mm,1.0,1.0,1.0,,,,,,,,,,,,34.0,34.0,34.0,250.0,250.0,250.0,125.0,125.0,125.0,mm,,,,,,,,,,,,
_measure_3,manuscript_11865,,,"Cambridge, Gonville and Caius College, MS 76/43",part,,,,,,,,,,,,,,,,,,,,,,312.0,312.0,312.0,220.0,220.0,220.0,,,,mm,1.0,1.0,1.0,,,,,,,,,,,,39.0,39.0,39.0,229.0,229.0,229.0,130.0,130.0,130.0,mm,,,,,,,,,,,,
_measure_4,manuscript_11865,,,"Cambridge, Gonville and Caius College, MS 76/43",part,,,,,,,,,,,,,,,,,,,,,,312.0,312.0,312.0,220.0,220.0,220.0,,,,mm,1.0,1.0,1.0,,,,,,,,,,,,34.0,34.0,34.0,222.0,222.0,222.0,125.0,125.0,125.0,mm,,,,,,,,,,,,
_measure_5,manuscript_11865,,,"Cambridge, Gonville and Caius College, MS 76/43",part,,,,,,,,,,,,,,,,,,,,,,312.0,312.0,312.0,220.0,220.0,220.0,,,,mm,1.0,1.0,1.0,,,,,,,,,,,,34 35,35.0,34.0,246.0,246.0,246.0,140.0,140.0,140.0,mm,,,,,,,,,,,,
_measure_6,manuscript_11865,,,"Cambridge, Gonville and Caius College, MS 76/43",part,,,,,,,,,,,,,,,,,,,,,,304.0,304.0,304.0,210.0,210.0,210.0,,,,mm,1.0,1.0,1.0,,,,,,,,,,,,33 40,40.0,33.0,246.0,248.0,226.0,120-175,175.0,120.0,mm,,,,,,,,,,,,
_measure_7,manuscript_11865,,,"Cambridge, Gonville and Caius College, MS 76/43",part,,,,,,,,,,,,,,,,,,,,,,304.0,304.0,304.0,210.0,210.0,210.0,,,,mm,1.0,1.0,1.0,,,,,,,,,,,,33.0,33.0,33.0,228.0,228.0,228.0,135.0,135.0,135.0,mm,,,,,,,,,,,,
_measure_8,manuscript_11865,,,"Cambridge, Gonville and Caius College, MS 76/43",part,,,,,,,,,,,,,,,,,,,,,,297.0,297.0,297.0,220.0,220.0,220.0,,,,mm,1.0,1.0,1.0,,,,,,,,,,,,29.0,29.0,29.0,208.0,208.0,208.0,110.0,110.0,110.0,mm,,,,,,,,,,,,
_measure_9,manuscript_11865,,,"Cambridge, Gonville and Caius College, MS 76/43",part,,,,,,,,,,,,,,,,,,,,,,292-296,296.0,292.0,195-210,210.0,195.0,,,,mm,1.0,1.0,1.0,,,,,,,,,,,,33 39,39.0,33.0,240-282,282.0,240.0,140-170,170.0,140.0,mm,,,,,,,,,,,,
_measure_10,manuscript_11865,,,"Cambridge, Gonville and Caius College, MS 76/43",part,,,,,,,,,,,,,,,,,,,,,,312.0,312.0,312.0,220.0,220.0,220.0,,,,mm,1.0,1.0,1.0,,,,,,,,,,,,20 22,22.0,20.0,203-222,222.0,203.0,120-140,140.0,120.0,mm,,,,,,,,,,,,
_measure_11,manuscript_11865,,,"Cambridge, Gonville and Caius College, MS 76/43",part,,,,,,,,,,,,,,,,,,,,,,312.0,312.0,312.0,220.0,220.0,220.0,,,,mm,1.0,1.0,1.0,,,,,,,,,,,,23.0,23.0,23.0,198.0,198.0,198.0,115.0,115.0,115.0,mm,,,,,,,,,,,,
_measure_1,manuscript_11866,,,"Cambridge, Gonville and Caius College, MS 77/44",manuscript,,MS-GONVILLE-AND-CAIUS-00077-00044,Codex 1 + 227 + 1 308 202,227.0,2.0,,,,,,,,,,,,,,,,,308.0,308.0,308.0,202.0,202.0,202.0,,,,mm,1.0,1.0,1.0,,,,,,,,,,,,30.0,30.0,30.0,197.0,197.0,197.0,115.0,115.0,115.0,mm,,,,,,,,,,,,
_measure_2,manuscript_11866,,,"Cambridge, Gonville and Caius College, MS 77/44",manuscript,,MS-GONVILLE-AND-CAIUS-00077-00044,,,,,,,,,,,,,,,,,,,,,,,,,,,,,,,,,,,,,,,,,,,,,,,,,,,,,,,,,,,,,,,,,
_measure_1,manuscript_1,,,"Cambridge, Gonville and Caius College, MS 84/166",manuscript-composite,,MS-GONVILLE-AND-CAIUS-00084-00166,Codex: 3 | 87 | 19 | 1 | 7 | 8 | 55 | 1 | 29 | 2 leaves.,207.0,5.0,,,,,,,,,,,,,,,,,,,,,,,,,,,,,,,,,,,,,,,,,,,,,,,,,,,,,,,,,,,,,,
_measure_2,manuscript_1,,,"Cambridge, Gonville and Caius College, MS 84/166",manuscript-composite,,MS-GONVILLE-AND-CAIUS-00084-00166,,,,,,,,,,,,,,,,,,,,,,,,,,,,,,,,,,,,,,,,,,,,,,,,,,,,,,,,,,,,,,,,,
_measure_3,manuscript_1,,,"Cambridge, Gonville and Caius College, MS 84/166",manuscript-composite,,MS-GONVILLE-AND-CAIUS-00084-00166,,,,,,,,,,,,,,,,,,,,,,,,,,,,,,,,,,,,,,,,,,,,,,,,,,,,,,,,,,,,,,,,,
_measure_4,manuscript_1,,,"Cambridge, Gonville and Caius College, MS 84/166",manuscript-composite,,MS-GONVILLE-AND-CAIUS-00084-00166,,,,,,,,,,,,,,,,,,,,,,,,,,,,,,,,,,,,,,,,,,,,,,,,,,,,,,,,,,,,,,,,,
_measure_5,manuscript_1,,,"Cambridge, Gonville and Caius College, MS 84/166",part,,,Fragments: pp. [i]-[vi] have been made from two leaves from another manuscript by turning them at a 90 degree angle and folding them vertically; this created a booklet of two bifolio from which the fourth leaf was cut off. 5 leaves. 300 200,5.0,,,,,,,,,,,,,,,,,,300.0,300.0,300.0,200.0,200.0,200.0,,,,mm,1.0,1.0,1.0,,,,,,,,,,,,,,,375.0,375.0,375.0,270.0,270.0,270.0,mm,,,,,,,,,,,ink,below
_measure_6,manuscript_1,,,"Cambridge, Gonville and Caius College, MS 84/166",part,,,Codex: 87 leaves. 300 190,87.0,,,,,,,,,,,,,,,,,,300.0,300.0,300.0,190.0,190.0,190.0,,,,mm,2.0,2.0,2.0,,,,,,,,,,,,48.0,48.0,48.0,220.0,220.0,220.0,130.0,130.0,130.0,mm,,,,,,,,,,,leadpoint,below
_measure_7,manuscript_1,,,"Cambridge, Gonville and Caius College, MS 84/166",part,,,Codex: 27 leaves. 295 210,27.0,,,,,,,,,,,,,,,,,,295.0,295.0,295.0,210.0,210.0,210.0,,,,mm,1 2,2.0,1.0,,,,,,,,,,,,32 46,46.0,32.0,250-255,255.0,250.0,150-180,180.0,150.0,mm,,,,,,,,,,,,
_measure_8,manuscript_1,,,"Cambridge, Gonville and Caius College, MS 84/166",part,,,1 leaf. 270 185,,,,,,,,,,,,,,,,,,,270.0,270.0,270.0,185.0,185.0,185.0,,,,mm,24.0,24.0,24.0,,,,,,,,,,,,28.0,28.0,28.0,165.0,165.0,165.0,145.0,145.0,145.0,mm,,,,,,,,,,,ink,
_measure_9,manuscript_1,,,"Cambridge, Gonville and Caius College, MS 84/166",part,,,Codex: 8 leaves. 235 170,8.0,,,,,,,,,,,,,,,,,,235.0,235.0,235.0,170.0,170.0,170.0,,,,mm,2.0,2.0,2.0,,,,,,,,,,,,50 57,57.0,50.0,200.0,200.0,200.0,140.0,140.0,140.0,mm,,,,,,,,,,,crayon,above
_measure_10,manuscript_1,,,"Cambridge, Gonville and Caius College, MS 84/166",part,,,Codex: 85 leaves. 280 200,85.0,,,,,,,,,,,,,,,,,,280.0,280.0,280.0,200.0,200.0,200.0,,,,mm,1.0,1.0,1.0,,,,,,,,,,,,34.0,34.0,34.0,195-200,200.0,195.0,140.0,140.0,140.0,mm,,,,,,,,,,,ink,below
_measure_1,manuscript_1,,,"Cambridge, Gonville and Caius College, MS 97/49",manuscript-composite,,MS-GONVILLE-AND-CAIUS-00097-00049,Codex: i + 128 | 16 + i leaves.,144.0,,2.0,,,,,,,,,,,,,,,,,,,,,,,,,,,,,,,,,,,,,,,,,,,,,,,,,,,,,,,,,,,,,
_measure_2,manuscript_1,,,"Cambridge, Gonville and Caius College, MS 97/49",part,,,Codex: 128 leaves. 280 200,128.0,,,,,,,,,,,,,,,,,,280.0,280.0,280.0,200.0,200.0,200.0,,,,mm,2.0,2.0,2.0,,,,,,,,,,,,42 56,56.0,42.0,195-205,205.0,195.0,145-150,150.0,145.0,mm,,,,,,,,,,,leadpoint,below
_measure_3,manuscript_1,,,"Cambridge, Gonville and Caius College, MS 97/49",part,,,Codex: 16 leaves. 280 200-210,16.0,,,,,,,,,,,,,,,,,,280.0,280.0,280.0,200-210,210.0,200.0,,,,mm,1.0,1.0,1.0,,,,,,,,,,,,44 50,50.0,44.0,230-235,235.0,230.0,150-155,155.0,150.0,mm,,,,,,,,,,,ink,below
_measure_1,manuscript_1,,,"Cambridge, Gonville and Caius College, MS 98/50",manuscript-composite,,MS-GONVILLE-AND-CAIUS-00098-00050,Codex: i + 1 | 3 | 62; 42 | 24 | 4 | 1 + i leaves.,135.0,2.0,2.0,,,,,,,,,,,,,,,,,,,,,,,,,,,,,,,,,,,,,,,,,,,,,,,,,,,,,,,,,,,,,
_measure_2,manuscript_1,,,"Cambridge, Gonville and Caius College, MS 98/50",part,,,Two parchment fragments that have been taken from the same manuscript and reused as flyleaves for this manuscript. 2 leaves. 270 190,2.0,,,,,,,,,,,,,,,,,,270.0,270.0,270.0,190.0,190.0,190.0,,,,mm,,,,,,,,,,,,,,,,,,,,,,,,,,,,,,,,,,,blind,
_measure_3,manuscript_1,,,"Cambridge, Gonville and Caius College, MS 98/50",part,,,Codex: 3 leaves. 275 185,3.0,,,,,,,,,,,,,,,,,,275.0,275.0,275.0,185.0,185.0,185.0,,,,mm,1.0,1.0,1.0,,,,,,,,,,,,47 50,50.0,47.0,215.0,215.0,215.0,140.0,140.0,140.0,mm,,,,,,,,,,,leadpoint,below
_measure_4,manuscript_1,,,"Cambridge, Gonville and Caius College, MS 98/50",part,,,Codex: 104 leaves. 275 195,104.0,,,,,,,,,,,,,,,,,,275.0,275.0,275.0,195.0,195.0,195.0,,,,mm,2.0,2.0,2.0,,,,,,,,,,,,49.0,49.0,49.0,190.0,190.0,190.0,135.0,135.0,135.0,mm,,,,,,,,,,,leadpoint,below
_measure_5,manuscript_1,,,"Cambridge, Gonville and Caius College, MS 98/50",part,,,Codex: 24 leaves. 280 190,24.0,,,,,,,,,,,,,,,,,,280.0,280.0,280.0,190.0,190.0,190.0,,,,mm,2.0,2.0,2.0,,,,,,,,,,,,49.0,49.0,49.0,210.0,210.0,210.0,160.0,160.0,160.0,mm,,,,,,,,,,,leadpoint,below
_measure_6,manuscript_1,,,"Cambridge, Gonville and Caius College, MS 98/50",part,,,Codex: 4 leaves. 275 190,4.0,,,,,,,,,,,,,,,,,,275.0,275.0,275.0,190.0,190.0,190.0,,,,mm,1.0,1.0,1.0,,,,,,,,,,,,34 35,35.0,34.0,215.0,215.0,215.0,145.0,145.0,145.0,mm,,,,,,,,,,,leadpoint,below
_measure_1,manuscript_1,,,"Cambridge, Gonville and Caius College, MS 147/197",manuscript-composite,,MS-GONVILLE-AND-CAIUS-00147-00197,Codex: i + 31 | 56 + i leaves.,87.0,,2.0,,,,,,,,,,,,,,,,,,,,,,,,,,,,,,,,,,,,,,,,,,,,,,,,,,,,,,,,,,,,,
_measure_2,manuscript_1,,,"Cambridge, Gonville and Caius College, MS 147/197",manuscript-composite,,MS-GONVILLE-AND-CAIUS-00147-00197,,,,,,,,,,,,,,,,,,,,,,,,,,,,,,,,,,,,,,,,,,,,,,,,,,,,,,,,,,,,,,,,,
_measure_3,manuscript_1,,,"Cambridge, Gonville and Caius College, MS 147/197",part,,,Codex: 31 leaves. 245 165,31.0,,,,,,,,,,,,,,,,,,245.0,245.0,245.0,165.0,165.0,165.0,,,,mm,2.0,2.0,2.0,,,,,,,,,,,,36.0,36.0,36.0,185.0,185.0,185.0,115.0,115.0,115.0,mm,,,,,,,,,,,leadpoint,below
_measure_4,manuscript_1,,,"Cambridge, Gonville and Caius College, MS 147/197",part,,,Codex: 56 leaves. 240 170,56.0,,,,,,,,,,,,,,,,,,240.0,240.0,240.0,170.0,170.0,170.0,,,,mm,1.0,1.0,1.0,,,,,,,,,,,,24.0,24.0,24.0,155.0,155.0,155.0,115.0,115.0,115.0,mm,,,,,,,,,,,leadpoint,below
_measure_1,manuscript_1,,,"Cambridge, Gonville and Caius College, MS 159/209",manuscript-composite,,MS-GONVILLE-AND-CAIUS-00159-00209,Codex: ii + 1 | 8 | 17 | 18 | 6 | 6 | 168 + ii leaves.,223.0,1.0,4.0,,,,,,,,,,,,,,,,,,,,,,,,,,,,,,,,,,,,,,,,,,,,,,,,,,,,,,,,,,,,,
_measure_2,manuscript_1,,,"Cambridge, Gonville and Caius College, MS 159/209",part,,,Codex: 1 leaf. 225 140,,1.0,,,,,,,,,,,,,,,,,225.0,225.0,225.0,140.0,140.0,140.0,,,,mm,,,,,,,,,,,,,,,,,,,,,,,,,,,,,,,,,,,,
_measure_3,manuscript_1,,,"Cambridge, Gonville and Caius College, MS 159/209",part,,,Codex: 8 leaves. 220 155,8.0,,,,,,,,,,,,,,,,,,220.0,220.0,220.0,155.0,155.0,155.0,,,,mm,2.0,2.0,2.0,,,,,,,,,,,,38 44,44.0,38.0,175.0,175.0,175.0,130.0,130.0,130.0,mm,,,,,,,,,,,ink,below
_measure_4,manuscript_1,,,"Cambridge, Gonville and Caius College, MS 159/209",part,,,Codex: 17 leaves.,17.0,,,,,,,,,,,,,,,,,,,,,,,,,,,,2.0,2.0,2.0,,,,,,,,,,,,52.0,52.0,52.0,170.0,170.0,170.0,115.0,115.0,115.0,mm,,,,,,,,,,,crayon,below
_measure_5,manuscript_1,,,"Cambridge, Gonville and Caius College, MS 159/209",part,,,Codex: 18 leaves. 220 155,18.0,,,,,,,,,,,,,,,,,,220.0,220.0,220.0,155.0,155.0,155.0,,,,mm,2.0,2.0,2.0,,,,,,,,,,,,52.0,52.0,52.0,170.0,170.0,170.0,115.0,115.0,115.0,mm,,,,,,,,,,,crayon,below
_measure_6,manuscript_1,,,"Cambridge, Gonville and Caius College, MS 159/209",part,,,Codex: 18 leaves. 220 155,18.0,,,,,,,,,,,,,,,,,,220.0,220.0,220.0,155.0,155.0,155.0,,,,mm,1.0,1.0,1.0,,,,,,,,,,,,45.0,45.0,45.0,185.0,185.0,185.0,145.0,145.0,145.0,mm,,,,,,,,,,,none,
_measure_7,manuscript_1,,,"Cambridge, Gonville and Caius College, MS 159/209",part,,,Codex: 6 leaves.,6.0,,,,,,,,,,,,,,,,,,,,,,,,,,,,2.0,2.0,2.0,,,,,,,,,,,,52.0,52.0,52.0,170.0,170.0,170.0,115.0,115.0,115.0,mm,,,,,,,,,,,crayon,below
_measure_8,manuscript_1,,,"Cambridge, Gonville and Caius College, MS 159/209",part,,,Codex: 8 leaves. 225 155,8.0,,,,,,,,,,,,,,,,,,225.0,225.0,225.0,155.0,155.0,155.0,,,,mm,1.0,1.0,1.0,,,,,,,,,,,,36.0,36.0,36.0,185.0,185.0,185.0,115.0,115.0,115.0,mm,,,,,,,,,,,leadpoint,below
_measure_9,manuscript_1,,,"Cambridge, Gonville and Caius College, MS 159/209",part,,,Codex: 168 leaves.,168.0,,,,,,,,,,,,,,,,,,,,,,,,,,,,2.0,2.0,2.0,,,,,,,,,,,,32.0,32.0,32.0,150.0,150.0,150.0,100.0,100.0,100.0,mm,,,,,,,,,,,ink,below
_measure_1,manuscript_1,,,"Cambridge, Gonville and Caius College, MS 176/97",manuscript-composite,,MS-GONVILLE-AND-CAIUS-00176-00097,Codex: ii + 18 | 96 + ii leaves.,,114.0,4.0,,,,,,,,,,,,,,,,,,,,,,,,,,,,,,,,,,,,,,,,,,,,,,,,,,,,,,,,,,,,,
_measure_2,manuscript_1,,,"Cambridge, Gonville and Caius College, MS 176/97",manuscript-composite,,MS-GONVILLE-AND-CAIUS-00176-00097,,,,,,,,,,,,,,,,,,,,,,,,,,,,,,,,,,,,,,,,,,,,,,,,,,,,,,,,,,,,,,,,,
_measure_3,manuscript_1,,,"Cambridge, Gonville and Caius College, MS 176/97",part,,,Codex: 18 leaves. 215 140,18.0,,,,,,,,,,,,,,,,,,215.0,215.0,215.0,140.0,140.0,140.0,,,,mm,1.0,1.0,1.0,,,,,,,,,,,,32.0,32.0,32.0,165-175,175.0,165.0,120-130,130.0,120.0,mm,,,,,,,,,,,ink,below
_measure_4,manuscript_1,,,"Cambridge, Gonville and Caius College, MS 176/97",part,,,Codex: 96 leaves. 215 145,96.0,,,,,,,,,,,,,,,,,,215.0,215.0,215.0,145.0,145.0,145.0,,,,mm,1.0,1.0,1.0,,,,,,,,,,,,30 31,31.0,30.0,185.0,185.0,185.0,100.0,100.0,100.0,mm,,,,,,,,,,,leadpoint,below
_measure_1,manuscript_1,,,"Cambridge, Gonville and Caius College, MS 178/211",manuscript-composite,,MS-GONVILLE-AND-CAIUS-00178-00211,Codex: ii + 4 | 288 | 4 + ii leaves.,288.0,8.0,4.0,,,,,,,,,,,,,,,,,,,,,,,,,,,,,,,,,,,,,,,,,,,,,,,,,,,,,,,,,,,,,
_measure_2,manuscript_1,,,"Cambridge, Gonville and Caius College, MS 178/211",part,,,Codex: 4 leaves. 210 140 The measurements pertain to the leaves as found in the manuscript (disregarding the fact that the leaves have been bound horizontally).,4.0,,,,,,,,,,,,,,,,,,210.0,210.0,210.0,140.0,140.0,140.0,,,,mm,2.0,2.0,2.0,,,,,,,,,,,,,,,,,,100.0,100.0,100.0,mm,,,,,,,,,,,leadpoint,
_measure_3,manuscript_1,,,"Cambridge, Gonville and Caius College, MS 178/211",part,,,Codex: 288 leaves. 220 150,288.0,,,,,,,,,,,,,,,,,,220.0,220.0,220.0,150.0,150.0,150.0,,,,mm,1.0,1.0,1.0,,,,,,,,,,,,38 45,45.0,38.0,180-200,200.0,180.0,100-105,105.0,100.0,mm,,,,,,,,,,,none,
_measure_4,manuscript_1,,,"Cambridge, Gonville and Caius College, MS 178/211",part,,,Codex: 4 leaves. 220 140 The measurements pertain to the leaves as found in the manuscript (and disregard the fact that the leaves have been bound horizontally).,4.0,,,,,,,,,,,,,,,,,,220.0,220.0,220.0,140.0,140.0,140.0,,,,mm,2.0,2.0,2.0,,,,,,,,,,,,,,,180.0,180.0,180.0,,,,mm,,,,,,,,,,,leadpoint,
_measure_1,manuscript_1,,,"Cambridge, Gonville and Caius College, MS 181/214",manuscript-composite,,MS-GONVILLE-AND-CAIUS-00181-00214,"Codex: 1 + 4 | 12 | 12 | 44 | 82 | 12 | 5 | 53 | 30 | 8 | 1 leaves, plus 1 loose fragment.",259.0,6.0,,,,,,,,,,,,,,,,,,,,,,,,,,,,,,,,,,,,,,,,,,,,,,,,,,,,,,,,,,,,,,
_measure_2,manuscript_1,,,"Cambridge, Gonville and Caius College, MS 181/214",part,,,"Fragment, comprising two parts of a leaf from an incunable, reused as the left and right pastedowns in Gonville and Caius MS 181/214. 2 fragments from a single leaf, cut into two and pasted down. 210 127",2.0,,,,,,,,,,,,,,,,,,210.0,210.0,210.0,127.0,127.0,127.0,,,,mm,,,,,,,,,,,,,,,,,,,,,,,,,,,,,,,,,,,,
_measure_3,manuscript_1,,,"Cambridge, Gonville and Caius College, MS 181/214",part,,,"Fragment, comprising two contiguous strips used to reinforce the hinges of Cambridge, Gonville and Caius College, MS 181/214. 2 leaves. 210 14-16",2.0,,,,,,,,,,,,,,,,,,210.0,210.0,210.0,14-16,16.0,14.0,,,,mm,1.0,1.0,1.0,,,,,,,,,,,,21 22,22.0,21.0,,,,,,,,,,,,,,,,,,,
_measure_4,manuscript_1,,,"Cambridge, Gonville and Caius College, MS 181/214",part,,,Codex: 2 leaves. 210 135,,2.0,,,,,,,,,,,,,,,,,210.0,210.0,210.0,135.0,135.0,135.0,,,,mm,1.0,1.0,1.0,,,,,,,,,,,,4.0,4.0,4.0,,,,,,,,,,,,,,,,,,none,
_measure_5,manuscript_1,,,"Cambridge, Gonville and Caius College, MS 181/214",part,,,Codex: 4 endleaves. 210 135,,4.0,,,,,,,,,,,,,,,,,210.0,210.0,210.0,135.0,135.0,135.0,,,,mm,2.0,2.0,2.0,,,,,,,,,,,,,,,,,,100.0,100.0,100.0,mm,,,,,,,,,,,ink,
_measure_6,manuscript_1,,,"Cambridge, Gonville and Caius College, MS 181/214",part,,,Codex: 12 leaves. 210 135,12.0,,,,,,,,,,,,,,,,,,210.0,210.0,210.0,135.0,135.0,135.0,,,,mm,1.0,1.0,1.0,,,,,,,,,,,,34.0,34.0,34.0,160.0,160.0,160.0,95.0,95.0,95.0,mm,,,,,,,,,,,ink,below
_measure_7,manuscript_1,,,"Cambridge, Gonville and Caius College, MS 181/214",part,,,Codex: 12 leaves. 210 135,12.0,,,,,,,,,,,,,,,,,,210.0,210.0,210.0,135.0,135.0,135.0,,,,mm,1.0,1.0,1.0,,,,,,,,,,,,42.0,42.0,42.0,155.0,155.0,155.0,105.0,105.0,105.0,mm,,,,,,,,,,,ink,below
_measure_8,manuscript_1,,,"Cambridge, Gonville and Caius College, MS 181/214",part,,,Codex: 44 leaves. 210 135,44.0,,,,,,,,,,,,,,,,,,210.0,210.0,210.0,135.0,135.0,135.0,,,,mm,1.0,1.0,1.0,,,,,,,,,,,,37.0,37.0,37.0,155.0,155.0,155.0,105.0,105.0,105.0,mm,,,,,,,,,,,ink,below
_measure_9,manuscript_1,,,"Cambridge, Gonville and Caius College, MS 181/214",part,,,Codex: 82 leaves. 210 135,82.0,,,,,,,,,,,,,,,,,,210.0,210.0,210.0,135.0,135.0,135.0,,,,mm,1.0,1.0,1.0,,,,,,,,,,,,42.0,42.0,42.0,180.0,180.0,180.0,100.0,100.0,100.0,mm,,,,,,,,,,,none,
_measure_10,manuscript_1,,,"Cambridge, Gonville and Caius College, MS 181/214",part,,,Codex: 12 leaves. 215 140,12.0,,,,,,,,,,,,,,,,,,215.0,215.0,215.0,140.0,140.0,140.0,,,,mm,1.0,1.0,1.0,,,,,,,,,,,,40.0,40.0,40.0,180.0,180.0,180.0,130.0,130.0,130.0,mm,,,,,,,,,,,none,
_measure_11,manuscript_1,,,"Cambridge, Gonville and Caius College, MS 181/214",part,,,Codex: 5 leaves. 215 140,5.0,,,,,,,,,,,,,,,,,,215.0,215.0,215.0,140.0,140.0,140.0,,,,mm,1.0,1.0,1.0,,,,,,,,,,,,50.0,50.0,50.0,170.0,170.0,170.0,105.0,105.0,105.0,mm,,,,,,,,,,,drypoint,below
_measure_12,manuscript_1,,,"Cambridge, Gonville and Caius College, MS 181/214",part,,,Codex: 53 leaves. 205-215 140,53.0,,,,,,,,,,,,,,,,,,205-215,215.0,205.0,140.0,140.0,140.0,,,,mm,1.0,1.0,1.0,,,,,,,,,,,,34.0,34.0,34.0,170.0,170.0,170.0,120.0,120.0,120.0,mm,,,,,,,,,,,ink,below
_measure_13,manuscript_1,,,"Cambridge, Gonville and Caius College, MS 181/214",part,,,Codex: 30 leaves. 215 140,30.0,,,,,,,,,,,,,,,,,,215.0,215.0,215.0,140.0,140.0,140.0,,,,mm,1.0,1.0,1.0,,,,,,,,,,,,,,,180.0,180.0,180.0,105.0,105.0,105.0,mm,,,,,,,,,,,,
_measure_14,manuscript_1,,,"Cambridge, Gonville and Caius College, MS 181/214",part,,,Codex: 8 leaves. 210-215 135,8.0,,,,,,,,,,,,,,,,,,210-215,215.0,210.0,135.0,135.0,135.0,,,,mm,1.0,1.0,1.0,,,,,,,,,,,,24.0,24.0,24.0,145.0,145.0,145.0,100.0,100.0,100.0,mm,,,,,,,,,,,crayon,below
_measure_15,manuscript_1,,,"Cambridge, Gonville and Caius College, MS 181/214",part,,,"Fragment, comprising a small piece of parchment cut from a larger leaf. 1 fragment. 17 62",1.0,,,,,,,,,,,,,,,,,,17.0,17.0,17.0,62.0,62.0,62.0,,,,mm,,,,,,,,,,,,,,,4.0,4.0,4.0,17.0,17.0,17.0,20.0,20.0,20.0,mm,,,,,,,,,,,ink,
_measure_1,manuscript_1,,,"Cambridge, Gonville and Caius College, MS 190/223",manuscript-composite,,MS-GONVILLE-AND-CAIUS-00190-00223,Codex: 6 | 96 (incl. 1 stub) | 10 (incl. 1 stub) leaves.,111.0,,,,,,,,,,,,,,,,,,,,,,,,,,,,,,,,,,,,,,,,,,,,,,,,,,,,,,,,,,,,,,,
_measure_2,manuscript_1,,,"Cambridge, Gonville and Caius College, MS 190/223",manuscript-composite,,MS-GONVILLE-AND-CAIUS-00190-00223,,,,,,,,,,,,,,,,,,,,,,,,,,,,,,,,,,,,,,,,,,,,,,,,,,,,,,,,,,,,,,,,,
_measure_3,manuscript_1,,,"Cambridge, Gonville and Caius College, MS 190/223",part,,,Codex: 6 leaves. 205 160,6.0,,,,,,,,,,,,,,,,,,205.0,205.0,205.0,160.0,160.0,160.0,,,,mm,2.0,2.0,2.0,,,,,,,,,,,,,,,,,,,,,,48.0,48.0,48.0,160.0,160.0,160.0,130.0,130.0,130.0,mm,,
_measure_4,manuscript_1,,,"Cambridge, Gonville and Caius College, MS 190/223",part,,,Codex: 96 leaves. 205-210 150,96.0,,,,,,,,,,,,,,,,,,205-210,210.0,205.0,150.0,150.0,150.0,,,,mm,1.0,1.0,1.0,,,,,,,,,,,,36 40,40.0,36.0,95-100,100.0,95.0,150-155,155.0,150.0,mm,,,,,,,,,,,ink,below
_measure_5,manuscript_1,,,"Cambridge, Gonville and Caius College, MS 190/223",part,,,Codex: 10 leaves. (first leaf is a stub) 210 150,10.0,,,,,,,,,,,,,,,,,,210.0,210.0,210.0,150.0,150.0,150.0,,,,mm,1.0,1.0,1.0,,,,,,,,,,,,39.0,39.0,39.0,170.0,170.0,170.0,115.0,115.0,115.0,mm,,,,,,,,,,,ink,below
_measure_1,manuscript_1,,,"Cambridge, Gonville and Caius College, MS 200/106",manuscript-composite,,MS-GONVILLE-AND-CAIUS-200-106,Codex: 1 | 83 | 23 | 2 leaves.,109.0,,,,,,,,,,,,,,,,,,,,,,,,,,,,,,,,,,,,,,,,,,,,,,,,,,,,,,,,,,,,,,,
_measure_2,manuscript_1,,,"Cambridge, Gonville and Caius College, MS 200/106",manuscript-composite,,MS-GONVILLE-AND-CAIUS-200-106,,,,,,,,,,,,,,,,,,,,,,,,,,,,,,,,,,,,,,,,,,,,,,,,,,,,,,,,,,,,,,,,,
_measure_3,manuscript_1,,,"Cambridge, Gonville and Caius College, MS 200/106",manuscript-composite,,MS-GONVILLE-AND-CAIUS-200-106,,,,,,,,,,,,,,,,,,,,,,,,,,,,,,,,,,,,,,,,,,,,,,,,,,,,,,,,,,,,,,,,,
_measure_4,manuscript_1,,,"Cambridge, Gonville and Caius College, MS 200/106",part,,,"Fragments, now comprising three endleaves. 3 leaves. 140 140 The flyleaves are made from leaves from another manuscript. These have been folded in half and bound into the manuscript at their fold. Two such leaves were folded to create four endleaves at the front of the manuscript; all but the first have been cut out. One leaf was folded to create two endleaves at the back of the manuscript; both remain. The measurements of the dimensions of the leaves given here are those of the leaves as they currently occur in the manuscript and not those of the original unfolded leaves. Since these leaves have probably been cropped it is not possible to reconstruct their original measurements.",3.0,,,,,,,,,,,,,,,,,,190.0,190.0,190.0,140.0,140.0,140.0,,,,mm,2.0,2.0,2.0,,,,,,,,,,,,38.0,38.0,38.0,185.0,185.0,185.0,140.0,140.0,140.0,mm,,,,,,,,,,,leadpoint,below
_measure_5,manuscript_1,,,"Cambridge, Gonville and Caius College, MS 200/106",part,,,Codex: 83 leaves 185 130,83.0,,,,,,,,,,,,,,,,,,185.0,185.0,185.0,130.0,130.0,130.0,,,,mm,1.0,1.0,1.0,,,,,,,,,,,,24.0,24.0,24.0,135.0,135.0,135.0,95.0,95.0,95.0,mm,,,,,,,,,,,leadpoint,below
_measure_6,manuscript_1,,,"Cambridge, Gonville and Caius College, MS 200/106",part,,,Codex: 23 leaves. 135 185-190,23.0,,,,,,,,,,,,,,,,,,135.0,135.0,135.0,185-190,190.0,185.0,,,,mm,1 2,2.0,1.0,,,,,,,,,,,,30 31,31.0,30.0,130.0,130.0,130.0,90.0,90.0,90.0,mm,,,,,,,,,,,hardpoint,below
_measure_1,manuscript_1,,,"Cambridge, Gonville and Caius College, MS 204/110",manuscript-composite,,MS-GONVILLE-AND-CAIUS-00204-00110,Codex: 2 + 1 | 63 | 5 | 45 + 2 leaves 175 120,113.0,1.0,4.0,,,,,,,,,,,,,,,,175.0,175.0,175.0,120.0,120.0,120.0,,,,mm,,,,,,,,,,,,,,,,,,,,,,,,,,,,,,,,,,,,
_measure_2,manuscript_1,,,"Cambridge, Gonville and Caius College, MS 204/110",part,,,"Fragment of a roll, now bound as an endleaf in Gonville and Caius MS 204/110. 1 leaf. 173 103",,1.0,,,,,,,,,,,173.0,173.0,103.0,103.0,103.0,mm,,,,,,,,,,,1.0,1.0,1.0,,,,,,,,,,,,,,,173.0,173.0,173.0,103.0,103.0,103.0,mm,,,,,,,,,,,none,
_measure_3,manuscript_1,,,"Cambridge, Gonville and Caius College, MS 204/110",part,,,Codex: 63 leaves,63.0,,,,,,,,,,,,,,,,,,,,,,,,,,,,1.0,1.0,1.0,,,,,,,,,,,,,,,,,,,,,,,,,,,,,,,,,
_measure_4,manuscript_1,,,"Cambridge, Gonville and Caius College, MS 204/110",part,,,Codex: 5 leaves,5.0,,,,,,,,,,,,,,,,,,,,,,,,,,,,,,,,,,,,,,,,,,,,,155.0,155.0,155.0,105.0,105.0,105.0,mm,,,,,,,,,,,,
_measure_5,manuscript_1,,,"Cambridge, Gonville and Caius College, MS 204/110",part,,,Codex: 45 leaves,45.0,,,,,,,,,,,,,,,,,,,,,,,,,,,,1.0,1.0,1.0,,,,,,,,,,,,,,,,,,,,,,,,,,,,,,,,,
_measure_1,manuscript_1,,,"Cambridge, Gonville and Caius College, MS 230/116",manuscript-composite,,MS-GONVILLE-AND-CAIUS-00230-00116,Codex: ii + 4 | 164 | 4 + ii leaves,164.0,8.0,4.0,,,,,,,,,,,,,,,,,,,,,,,,,,,,,,,,,,,,,,,,,,,,,,,,,,,,,,,,,,,,,
_measure_2,manuscript_1,,,"Cambridge, Gonville and Caius College, MS 230/116",manuscript-composite,,MS-GONVILLE-AND-CAIUS-00230-00116,,,,,,,,,,,,,,,,,,,,,,,,,,,,,,,,,,,,,,,,,,,,,,,,,,,,,,,,,,,,,,,,,
_measure_3,manuscript_1,,,"Cambridge, Gonville and Caius College, MS 230/116",manuscript-composite,,MS-GONVILLE-AND-CAIUS-00230-00116,,,,,,,,,,,,,,,,,,,,,,,,,,,,,,,,,,,,,,,,,,,,,,,,,,,,,,,,,,,,,,,,,
_measure_4,manuscript_1,,,"Cambridge, Gonville and Caius College, MS 230/116",manuscript-composite,,MS-GONVILLE-AND-CAIUS-00230-00116,,,,,,,,,,,,,,,,,,,,,,,,,,,,,,,,,,,,,,,,,,,,,,,,,,,,,,,,,,,,,,,,,
_measure_5,manuscript_1,,,"Cambridge, Gonville and Caius College, MS 230/116",manuscript-composite,,MS-GONVILLE-AND-CAIUS-00230-00116,,,,,,,,,,,,,,,,,,,,,,,,,,,,,,,,,,,,,,,,,,,,,,,,,,,,,,,,,,,,,,,,,
_measure_6,manuscript_1,,,"Cambridge, Gonville and Caius College, MS 230/116",part,,,Codex: 8 leaves. 135 100,8.0,,,,,,,,,,,,,,,,,,135.0,135.0,135.0,100.0,100.0,100.0,,,,mm,,,,,,,,,,,,,,,,,,,,,,,,,,,,,,,,,,,,
_measure_7,manuscript_1,,,"Cambridge, Gonville and Caius College, MS 230/116",part,,,Codex: 164 leaves. 140 100,164.0,,,,,,,,,,,,,,,,,,140.0,140.0,140.0,100.0,100.0,100.0,,,,mm,1 3,3.0,1.0,,,,,,,,,,,,21 24,24.0,21.0,85.0,85.0,85.0,65.0,65.0,65.0,mm,,,,,,,,,,,leadpoint,below
_measure_1,manuscript_1,,,"Cambridge, Gonville and Caius College, MS 328/715",manuscript-composite,,MS-GONVILLE-AND-CAIUS-00328-00715,Codex: 4 | 4 + 174 + 4 leaves.,182.0,4.0,,,,,,,,,,,,,,,,,,,,,,,,,,,,,,,,,,,,,,,,,,,,,,,,,,,,,,,,,,,,,,
_measure_2,manuscript_1,,,"Cambridge, Gonville and Caius College, MS 328/715",manuscript-composite,,MS-GONVILLE-AND-CAIUS-00328-00715,,,,,,,,,,,,,,,,,,,,,,,,,,,,,,,,,,,,,,,,,,,,,,,,,,,,,,,,,,,,,,,,,
_measure_3,manuscript_1,,,"Cambridge, Gonville and Caius College, MS 328/715",manuscript-composite,,MS-GONVILLE-AND-CAIUS-00328-00715,,,,,,,,,,,,,,,,,,,,,,,,,,,,,,,,,,,,,,,,,,,,,,,,,,,,,,,,,,,,,,,,,
_measure_4,manuscript_1,,,"Cambridge, Gonville and Caius College, MS 328/715",part,,,"Fragments, comprising two leaves of a manuscript, rotated 90 degrees and folded in half to form two bifolia. 4 leaves 280 195 These measurements are based on the current orientation of ff. [i] recto-[iv] verso and not on the original two larger leaves from which the first four folios were made; although the measurements of the textual layout (below) are based on the original (horizontal) orientation of the text, it is not possible to give accurate measurements of the height and width of the original leaves due to cropping.",4.0,,,,,,,,,,,,280.0,280.0,195.0,195.0,195.0,mm,,,,,,,,,,,2.0,2.0,2.0,,,,,,,,,,,,58.0,58.0,58.0,340.0,340.0,340.0,160.0,160.0,160.0,mm,,,,,,,,,,,leadpoint,below
_measure_5,manuscript_1,,,"Cambridge, Gonville and Caius College, MS 328/715",part,,,"Fragments, comprising two leaves of a manuscript, rotated 90 degrees and folded in half to form two bifolia. 4 leaves 280 195 These measurements are based on the current orientation of ff. [i] recto-[iv] verso and not on the original two larger leaves from which the first four folios were made; although the measurements of the textual layout (below) are based on the original (horizontal) orientation of the text, it is not possible to give accurate measurements of the height and width of the original leaves due to cropping.",4.0,,,,,,,,,,,,280.0,280.0,195.0,195.0,195.0,mm,,,,,,,,,,,,,,,,,,,,,,,,,,,,,,,,,,,,,,,,,,,,,,
_measure_6,manuscript_1,,,"Cambridge, Gonville and Caius College, MS 328/715",part,,,Codex: 182 leaves 285 200,182.0,,,,,,,,,,,,,,,,,,285.0,285.0,285.0,200.0,200.0,200.0,,,,mm,2.0,2.0,2.0,,,,,,,,,,,,49 50,50.0,49.0,220.0,220.0,220.0,125.0,125.0,125.0,mm,,,,,,,,,,,leadpoint,below
_measure_1,manuscript_1,,,"Cambridge, Gonville and Caius College, MS 336/725",manuscript-composite,,MS-GONVILLE-AND-CAIUS-00336-00725,Codex: ii + 107 | 65 + ii leaves.,172.0,,4.0,,,,,,,,,,,,,,,,,,,,,,,,,,,,,,,,,,,,,,,,,,,,,,,,,,,,,,,,,,,,,
_measure_2,manuscript_1,,,"Cambridge, Gonville and Caius College, MS 336/725",manuscript-composite,,MS-GONVILLE-AND-CAIUS-00336-00725,,,,,,,,,,,,,,,,,,,,,,,,,,,,,,,,,,,,,,,,,,,,,,,,,,,,,,,,,,,,,,,,,
_measure_3,manuscript_1,,,"Cambridge, Gonville and Caius College, MS 336/725",part,,,Codex: 107 leaves. 240 175,107.0,,,,,,,,,,,,,,,,,,240.0,240.0,240.0,175.0,175.0,175.0,,,,mm,1.0,1.0,1.0,,,,,,,,,,,,31 32,32.0,31.0,155.0,155.0,155.0,100.0,100.0,100.0,mm,,,,,,,,,,,ink,below
_measure_4,manuscript_1,,,"Cambridge, Gonville and Caius College, MS 336/725",part,,,Codex: 55 leaves. 240 180,55.0,,,,,,,,,,,,,,,,,,240.0,240.0,240.0,180.0,180.0,180.0,,,,mm,1.0,1.0,1.0,,,,,,,,,,,,33.0,33.0,33.0,165.0,165.0,165.0,100.0,100.0,100.0,mm,,,,,,,,,,,ink,below
_measure_1,manuscript_1,,,"Cambridge, Gonville and Caius College, MS 345/620",manuscript-composite,,MS-GONVILLE-AND-CAIUS-00345-00620,Codex: 2 + 77 | 12 | 4 | 6 | 8 leaves.,107.0,2.0,,,,,,,,,,,,,,,,,,,,,,,,,,,,,,,,,,,,,,,,,,,,,,,,,,,,,,,,,,,,,,
_measure_2,manuscript_1,,,"Cambridge, Gonville and Caius College, MS 345/620",part,,,Codex: 2 + 77 leaves. 235 165,77.0,2.0,,,,,,,,,,,,,,,,,235.0,235.0,235.0,165.0,165.0,165.0,,,,mm,2.0,2.0,2.0,,,,,,,,,,,,35.0,35.0,35.0,160.0,160.0,160.0,120.0,120.0,120.0,mm,,,,,,,,,,,ink,below
_measure_3,manuscript_1,,,"Cambridge, Gonville and Caius College, MS 345/620",part,,,Codex: 12 leaves. 150 90,12.0,,,,,,,,,,,,,,,,,,150.0,150.0,150.0,90.0,90.0,90.0,,,,mm,1.0,1.0,1.0,,,,,,,,,,,,25.0,25.0,25.0,165.0,165.0,165.0,85.0,85.0,85.0,mm,,,,,,,,,,,ink,below
_measure_4,manuscript_1,,,"Cambridge, Gonville and Caius College, MS 345/620",part,,,Codex: 4 leaves. 230 145,4.0,,,,,,,,,,,,,,,,,,230.0,230.0,230.0,145.0,145.0,145.0,,,,mm,2.0,2.0,2.0,,,,,,,,,,,,40.0,40.0,40.0,185.0,185.0,185.0,115.0,115.0,115.0,mm,,,,,,,,,,,crayon,below
_measure_5,manuscript_1,,,"Cambridge, Gonville and Caius College, MS 345/620",part,,,Codex: 6 leaves. 235 155,6.0,,,,,,,,,,,,,,,,,,235.0,235.0,235.0,155.0,155.0,155.0,,,,mm,2.0,2.0,2.0,,,,,,,,,,,,49.0,49.0,49.0,190.0,190.0,190.0,130.0,130.0,130.0,mm,,,,,,,,,,,crayon,above
_measure_6,manuscript_1,,,"Cambridge, Gonville and Caius College, MS 345/620",part,,,Codex: 8 leaves. 230 155,8.0,,,,,,,,,,,,,,,,,,230.0,230.0,230.0,155.0,155.0,155.0,,,,mm,1.0,1.0,1.0,,,,,,,,,,,,27.0,27.0,27.0,165.0,165.0,165.0,95.0,95.0,95.0,mm,,,,,,,,,,,ink,below
_measure_1,manuscript_11867,,,"Cambridge, Gonville and Caius College, MS 348/541",manuscript,,MS-GONVILLE-AND-CAIUS-00348-00541,Codex ii + 2 + 133 + ii 247 185,133.0,2.0,4.0,,,,,,,,,,,,,,,,247.0,247.0,247.0,185.0,185.0,185.0,,,,mm,1.0,1.0,1.0,,,,,,,,,,,,20 21,21.0,20.0,187-205,205.0,187.0,130-140,140.0,130.0,mm,,,,,,,,,,,,
_measure_2,manuscript_11867,,,"Cambridge, Gonville and Caius College, MS 348/541",manuscript,,MS-GONVILLE-AND-CAIUS-00348-00541,,,,,,,,,,,,,,,,,,,,,,,,,,,,,,,,,,,,,,,,,,,,,,,,,,,,,,,,,,,,,,,,,
_measure_1,manuscript_11868,,,"Cambridge, Gonville and Caius College, MS 355/582",manuscript-composite,,MS-GONVILLE-AND-CAIUS-00355-00582,Codex iii + 1 + 233 + 2 + ii 155-225 110-175,233.0,3.0,5.0,,,,,,,,,,,,,,,,155-225,225.0,155.0,110-175,175.0,110.0,,,,mm,,,,,,,,,,,,,,,,,,,,,,,,,,,,,,,,,,,,
_measure_2,manuscript_11868,,,"Cambridge, Gonville and Caius College, MS 355/582",part,,,Codex 1 + 97 ff. i-91 225 175 ff. 92-93 210 150 ff. 94-95 208 140,97.0,1.0,,,,,,,,,,,,,,,,,225 210 208,225 210 208,225 210 208,175 150 140,175 150 140,175 150 140,,,,mm,1.0,1.0,1.0,,,,,,,,,,,,25.0,25.0,25.0,160.0,160.0,160.0,95.0,95.0,95.0,mm,,,,,,,,,,,,
_measure_3,manuscript_11868,,,"Cambridge, Gonville and Caius College, MS 355/582",part,,,Codex 23 210 150,23.0,,,,,,,,,,,,,,,,,,210.0,210.0,210.0,150.0,150.0,150.0,,,,mm,1.0,1.0,1.0,,,,,,,,,,,,25.0,25.0,25.0,175.0,175.0,175.0,95.0,95.0,95.0,mm,,,,,,,,,,,,
_measure_4,manuscript_11868,,,"Cambridge, Gonville and Caius College, MS 355/582",part,,,Codex 15 210 150,15.0,,,,,,,,,,,,,,,,,,210.0,210.0,210.0,150.0,150.0,150.0,,,,mm,1.0,1.0,1.0,,,,,,,,,,,,29.0,29.0,29.0,160.0,160.0,160.0,80.0,80.0,80.0,mm,,,,,,,,,,,,
_measure_5,manuscript_11868,,,"Cambridge, Gonville and Caius College, MS 355/582",part,,,Codex 8 210 145,8.0,,,,,,,,,,,,,,,,,,210.0,210.0,210.0,145.0,145.0,145.0,,,,mm,1.0,1.0,1.0,,,,,,,,,,,,26.0,26.0,26.0,150.0,150.0,150.0,100.0,100.0,100.0,mm,,,,,,,,,,,,
_measure_6,manuscript_11868,,,"Cambridge, Gonville and Caius College, MS 355/582",part,,,Codex 8 220 140,8.0,,,,,,,,,,,,,,,,,,220.0,220.0,220.0,140.0,140.0,140.0,,,,mm,1.0,1.0,1.0,,,,,,,,,,,,26.0,26.0,26.0,150.0,150.0,150.0,95.0,95.0,95.0,mm,,,,,,,,,,,,
_measure_7,manuscript_11868,,,"Cambridge, Gonville and Caius College, MS 355/582",part,,,Codex 8 ca. 155 110,8.0,,,,,,,,,,,,,,,,,,155.0,155.0,155.0,110.0,110.0,110.0,,,,mm,1.0,1.0,1.0,,,,,,,,,,,,26.0,26.0,26.0,150.0,150.0,150.0,95.0,95.0,95.0,mm,,,,,,,,,,,,
_measure_8,manuscript_11868,,,"Cambridge, Gonville and Caius College, MS 355/582",part,,,Codex 28 225 155,28.0,,,,,,,,,,,,,,,,,,225.0,225.0,225.0,155.0,155.0,155.0,,,,mm,1.0,1.0,1.0,,,,,,,,,,,,24 29,29.0,24.0,155-160,160.0,155.0,100.0,100.0,100.0,mm,,,,,,,,,,,,
_measure_9,manuscript_11868,,,"Cambridge, Gonville and Caius College, MS 355/582",part,,,Codex 8 225 165,8.0,,,,,,,,,,,,,,,,,,225.0,225.0,225.0,165.0,165.0,165.0,,,,mm,1.0,1.0,1.0,,,,,,,,,,,,23.0,23.0,23.0,150.0,150.0,150.0,90.0,90.0,90.0,mm,,,,,,,,,,,,
_measure_10,manuscript_11868,,,"Cambridge, Gonville and Caius College, MS 355/582",part,,,Codex 32 225 165,32.0,,,,,,,,,,,,,,,,,,225.0,225.0,225.0,165.0,165.0,165.0,,,,mm,1.0,1.0,1.0,,,,,,,,,,,,18.0,18.0,18.0,150.0,150.0,150.0,90.0,90.0,90.0,mm,,,,,,,,,,,,
_measure_11,manuscript_11868,,,"Cambridge, Gonville and Caius College, MS 355/582",part,,,Codex 6 220 ca. 155,6.0,,,,,,,,,,,,,,,,,,220.0,220.0,220.0,155.0,155.0,155.0,,,,mm,1.0,1.0,1.0,,,,,,,,,,,,45 49,49.0,45.0,205.0,205.0,205.0,140.0,140.0,140.0,mm,,,,,,,,,,,,
_measure_1,manuscript_11869,,,"Cambridge, Gonville and Caius College, MS 360/587 ",manuscript-composite,,MS-GONVILLE-AND-CAIUS-00360-00587,Codex 1 + 312 + 1 210 145-150,312.0,2.0,,,,,,,,,,,,,,,,,210.0,210.0,210.0,145-150,150.0,145.0,,,,mm,,,,,,,,,,,,,,,,,,,,,,,,,,,,,,,,,,,,
_measure_2,manuscript_11869,,,"Cambridge, Gonville and Caius College, MS 360/587 ",part,,,,,,,,,,,,,,,,,,,,,,,,,,,,,,,,1.0,1.0,1.0,,,,,,,,,,,,20 25,25.0,20.0,155.0,155.0,155.0,100.0,100.0,100.0,mm,,,,,,,,,,,,
_measure_3,manuscript_11869,,,"Cambridge, Gonville and Caius College, MS 360/587 ",part,,,,,,,,,,,,,,,,,,,,,,,,,,,,,,,,1.0,1.0,1.0,,,,,,,,,,,,19.0,19.0,19.0,155.0,155.0,155.0,100.0,100.0,100.0,mm,,,,,,,,,,,,
_measure_4,manuscript_11869,,,"Cambridge, Gonville and Caius College, MS 360/587 ",part,,,,,,,,,,,,,,,,,,,,,,,,,,,,,,,,1.0,1.0,1.0,,,,,,,,,,,,24 25,25.0,24.0,160-170,170.0,160.0,110.0,110.0,110.0,mm,,,,,,,,,,,,
_measure_1,manuscript_1,,,"Cambridge, Gonville and Caius College, MS 366/588",manuscript-composite,,MS-GONVILLE-AND-CAIUS-00366-00588,Codex: 4 | 92 | 4 leaves. 235 155,92.0,8.0,,,,,,,,,,,,,,,,,235.0,235.0,235.0,155.0,155.0,155.0,,,,mm,,,,,,,,,,,,,,,,,,,,,,,,,,,,,,,,,,,,
_measure_2,manuscript_1,,,"Cambridge, Gonville and Caius College, MS 366/588",part,,,"Fragment, comprising two groups of four leaves, each formed of two bifolia: 8 leaves. 235 155",8.0,,,,,,,,,,,,,,,,,,235.0,235.0,235.0,155.0,155.0,155.0,,,,mm,2.0,2.0,2.0,,,,,,,,,,,,50.0,50.0,50.0,180.0,180.0,180.0,130.0,130.0,130.0,mm,,,,,,,,,,,mixed,above
_measure_3,manuscript_1,,,"Cambridge, Gonville and Caius College, MS 366/588",part,,,Codex: 92 leaves. 235 155,92.0,,,,,,,,,,,,,,,,,,235.0,235.0,235.0,155.0,155.0,155.0,,,,mm,1.0,1.0,1.0,,,,,,,,,,,,43.0,43.0,43.0,185.0,185.0,185.0,105.0,105.0,105.0,mm,,,,,,,,,,,leadpoint,above
_measure_1,manuscript_1,,,"Cambridge, Gonville and Caius College, MS 373/593",manuscript,,MS-GONVILLE-AND-CAIUS-00373-00593,Codex: ii + 4 + 104 + ii leaves. 220-225 135,104.0,4.0,4.0,,,,,,,,,,,,,,,,220-225,225.0,220.0,135.0,135.0,135.0,,,,mm,2.0,2.0,2.0,,,,,,,,,,,,40.0,40.0,40.0,190.0,190.0,190.0,115.0,115.0,115.0,mm,,,,,,,,,,,leadpoint,below
_measure_1,manuscript_1,,,"Cambridge, Gonville and Caius College, MS 379/599",manuscript-composite,,MS-GONVILLE-AND-CAIUS-00379-00599,Codex: 20 | 36 | 51 | 88 leaves.,195.0,,,,,,,,,,,,,,,,,,,,,,,,,,,,,,,,,,,,,,,,,,,,,,,,,,,,,,,,,,,,,,,
_measure_2,manuscript_1,,,"Cambridge, Gonville and Caius College, MS 379/599",part,,,,,,,,,,,,,,,,130.0,130.0,212.0,212.0,212.0,mm,,,,,,,,,,,1.0,1.0,1.0,,,,,,,,,,,,22.0,22.0,22.0,130.0,130.0,130.0,212.0,212.0,212.0,mm,,,,,,,,,,,leadpoint,
_measure_3,manuscript_1,,,"Cambridge, Gonville and Caius College, MS 379/599",part,,,Codex: 20 leaves 210 135-140,20.0,,,,,,,,,,,,,,,,,,210.0,210.0,210.0,135-140,140.0,135.0,,,,mm,1.0,1.0,1.0,,,,,,,,,,,,44.0,44.0,44.0,170.0,170.0,170.0,115.0,115.0,115.0,mm,,,,,,,,,,,ink,below
_measure_4,manuscript_1,,,"Cambridge, Gonville and Caius College, MS 379/599",part,,,Codex: 36 leaves. 210 140,36.0,,,,,,,,,,,,,,,,,,210.0,210.0,210.0,140.0,140.0,140.0,,,,mm,1.0,1.0,1.0,,,,,,,,,,,,36.0,36.0,36.0,160.0,160.0,160.0,75.0,75.0,75.0,mm,,,,,,,,,,,leadpoint,above
_measure_5,manuscript_1,,,"Cambridge, Gonville and Caius College, MS 379/599",part,,,Codex: 51 leaves. 210 140-145,51.0,,,,,,,,,,,,,,,,,,210.0,210.0,210.0,140-145,145.0,140.0,,,,mm,1.0,1.0,1.0,,,,,,,,,,,,35 45,45.0,35.0,150-155,155.0,150.0,80-85,85.0,80.0,mm,,,,,,,,,,,ink,above
_measure_6,manuscript_1,,,"Cambridge, Gonville and Caius College, MS 379/599",part,,,Codex: 88 leaves. 210 145,88.0,,,,,,,,,,,,,,,,,,210.0,210.0,210.0,145.0,145.0,145.0,,,,mm,2.0,2.0,2.0,,,,,,,,,,,,40.0,40.0,40.0,170.0,170.0,170.0,125.0,125.0,125.0,mm,,,,,,,,,,,ink,below
_measure_1,manuscript_1,,,"Cambridge, Gonville and Caius College, MS 400/729",manuscript-composite,,MS-GONVILLE-AND-CAIUS-00400-00729,Codex: i + 1 | 2 | 91 | 2 + i leaves.,91.0,5.0,2.0,,,,,,,,,,,,,,,,,,,,,,,,,,,,,,,,,,,,,,,,,,,,,,,,,,,,,,,,,,,,,
_measure_2,manuscript_1,,,"Cambridge, Gonville and Caius College, MS 400/729",part,,,"Fragment, a portion of a larger single leaf cut down for use as a pastedown in a binding. The leaf has been lifted and both sides of the leaf are accessible. 1 leaf. 165 235",,,,,,,,,,,,,165.0,165.0,235.0,235.0,235.0,mm,,,,,,,,,,,2.0,2.0,2.0,,,,,,,,,,,,40.0,40.0,40.0,150.0,150.0,150.0,180.0,180.0,180.0,mm,,,,,,,,,,,,
_measure_3,manuscript_1,,,"Cambridge, Gonville and Caius College, MS 400/729",part,,,"Fragment, two folded bifolia, one inserted at either end of the main Part of the manuscript (ff. 2-3 and 95-96). 4 leaves deriving from two folded bifolia. 225 170-175",,4.0,,,,,,,,,,,,,,,,,225.0,225.0,225.0,170-175,175.0,170.0,,,,mm,1.0,1.0,1.0,,,,,,,,,,,,44 57,57.0,44.0,225.0,225.0,225.0,170.0,170.0,170.0,mm,,,,,,,,,,,,
_measure_4,manuscript_1,,,"Cambridge, Gonville and Caius College, MS 400/729",part,,,Codex: 91 leaves. 235 170,91.0,,,,,,,,,,,,,,,,,,235.0,235.0,235.0,170.0,170.0,170.0,,,,mm,1 2,2.0,1.0,,,,,,,,,,,,36 37,37.0,36.0,180-185,185.0,180.0,125-135,135.0,125.0,mm,,,,,,,,,,,leadpoint,above
_measure_1,manuscript_1,,,"Cambridge, Gonville and Caius College, MS 401/623",manuscript-composite,,MS-GONVILLE-AND-CAIUS-00401-00623,Codex: i + 9 | 98 | 4 | 1 + i leaves.,112.0,,2.0,,,,,,,,,,,,,,,,,,,,,,,,,,,,,,,,,,,,,,,,,,,,,,,,,,,,,,,,,,,,,
_measure_2,manuscript_1,,,"Cambridge, Gonville and Caius College, MS 401/623",part,,,Codex: 9 + 4 leaves. 210 145,13.0,,,,,,,,,,,,,,,,,,210.0,210.0,210.0,145.0,145.0,145.0,,,,mm,2.0,2.0,2.0,,,,,,,,,,,,42.0,42.0,42.0,155.0,155.0,155.0,105.0,105.0,105.0,mm,,,,,,,,,,,ink,below
_measure_3,manuscript_1,,,"Cambridge, Gonville and Caius College, MS 401/623",part,,,Codex: 98 leaves. 215 145,98.0,,,,,,,,,,,,,,,,,,215.0,215.0,215.0,145.0,145.0,145.0,,,,mm,2.0,2.0,2.0,,,,,,,,,,,,75.0,75.0,75.0,165.0,165.0,165.0,110.0,110.0,110.0,mm,,,,,,,,,,,leadpoint,below
_measure_4,manuscript_1,,,"Cambridge, Gonville and Caius College, MS 401/623",part,,,Fragment: 1 leaf 215 145,1.0,,,,,,,,,,,,,,,,,,215.0,215.0,215.0,145.0,145.0,145.0,,,,mm,1.0,1.0,1.0,,,,,,,,,,,,45.0,45.0,45.0,165.0,165.0,165.0,135.0,135.0,135.0,mm,,,,,,,,,,,mixed,above
_measure_5,manuscript_1,,,"Cambridge, Gonville and Caius College, MS 401/623",part,,,Fragment: 1 leaf 215 145,1.0,,,,,,,,,,,,,,,,,,215.0,215.0,215.0,145.0,145.0,145.0,,,,mm,2.0,2.0,2.0,,,,,,,,,,,,37.0,37.0,37.0,185.0,185.0,185.0,130.0,130.0,130.0,mm,,,,,,,,,,,mixed,above
_measure_1,manuscript_11870,,,"Cambridge, Gonville and Caius College, MS 403/412",manuscript,,MS-GONVILLE-AND-CAIUS-00403-00412,Codex ii + 237 + ii ca. 195 ca. 140,237.0,,4.0,,,,,,,,,,,,,,,,195.0,195.0,195.0,140.0,140.0,140.0,,,,mm,1.0,1.0,1.0,,,,,,,,,,,,22 24,24.0,22.0,140-145,145.0,140.0,100.0,100.0,100.0,mm,,,,,,,,,,,hardpoint,
_measure_2,manuscript_11870,,,"Cambridge, Gonville and Caius College, MS 403/412",manuscript,,MS-GONVILLE-AND-CAIUS-00403-00412,,,,,,,,,,,,,,,,,,,,,,,,,,,,,,,,,,,,,,,,,,,,,,,,,,,,,,,,,,,,,,,,,
_measure_1,manuscript_1,,,"Cambridge, Gonville and Caius College, MS 407/413",manuscript-composite,,MS-GONVILLE-AND-CAIUS-00407-00413,Codex: 4 | 87 | 28 | 91 | 4 leaves.,206.0,8.0,,,,,,,,,,,,,,,,,,,,,,,,,,,,,,,,,,,,,,,,,,,,,,,,,,,,,,,,,,,,,,
_measure_2,manuscript_1,,,"Cambridge, Gonville and Caius College, MS 407/413",part,,,Codex: 8 leaves. 190 125,,8.0,,,,,,,,,,,,,,,,,190.0,190.0,190.0,125.0,125.0,125.0,,,,mm,2.0,2.0,2.0,,,,,,,,,,,,32.0,32.0,32.0,150.0,150.0,150.0,115.0,115.0,115.0,mm,,,,,,,,,,,leadpoint,above
_measure_3,manuscript_1,,,"Cambridge, Gonville and Caius College, MS 407/413",part,,,Codex: 87 leaves. 190 125,87.0,,,,,,,,,,,,,,,,,,190.0,190.0,190.0,125.0,125.0,125.0,,,,mm,1.0,1.0,1.0,,,,,,,,,,,,31.0,31.0,31.0,140.0,140.0,140.0,80.0,80.0,80.0,mm,,,,,,,,,,,ink,below
_measure_4,manuscript_1,,,"Cambridge, Gonville and Caius College, MS 407/413",part,,,Codex: 28 leaves. 190 125,28.0,,,,,,,,,,,,,,,,,,190.0,190.0,190.0,125.0,125.0,125.0,,,,mm,1.0,1.0,1.0,,,,,,,,,,,,26.0,26.0,26.0,125.0,125.0,125.0,85.0,85.0,85.0,mm,,,,,,,,,,,leadpoint,
_measure_5,manuscript_1,,,"Cambridge, Gonville and Caius College, MS 407/413",part,,,Codex: 91 leaves. 180 125,91.0,,,,,,,,,,,,,,,,,,180.0,180.0,180.0,125.0,125.0,125.0,,,,mm,1.0,1.0,1.0,,,,,,,,,,,,36.0,36.0,36.0,155.0,155.0,155.0,100.0,100.0,100.0,mm,,,,,,,,,,,leadpoint,below
_measure_1,manuscript_1,,,"Cambridge, Gonville and Caius College, MS 451/392",manuscript-composite,,MS-GONVILLE-AND-CAIUS-00451-00392,Codex: i + 8 | 5 | 11 | 16 | 8 + i leaves.,48.0,,2.0,,,,,,,,,,,,,,,,,,,,,,,,,,,,,,,,,,,,,,,,,,,,,,,,,,,,,,,,,,,,,
_measure_2,manuscript_1,,,"Cambridge, Gonville and Caius College, MS 451/392",manuscript-composite,,MS-GONVILLE-AND-CAIUS-00451-00392,,,,,,,,,,,,,,,,,,,,,,,,,,,,,,,,,,,,,,,,,,,,,,,,,,,,,,,,,,,,,,,,,
_measure_3,manuscript_1,,,"Cambridge, Gonville and Caius College, MS 451/392",part,,,Codex: 8 leaves. 260 165,8.0,,,,,,,,,,,,,,,,,,260.0,260.0,260.0,165.0,165.0,160.0,,,,mm,1.0,1.0,1.0,,,,,,,,,,,,38 43,43.0,38.0,185-190,190.0,185.0,130-140,140.0,130.0,mm,,,,,,,,,,,leadpoint,below
_measure_4,manuscript_1,,,"Cambridge, Gonville and Caius College, MS 451/392",part,,,Codex: 5 leaves. 285-295 200-205,5.0,,,,,,,,,,,,,,,,,,285-295,295.0,285.0,200-205,205.0,200.0,,,,mm,1.0,1.0,1.0,,,,,,,,,,,,39.0,39.0,39.0,235.0,235.0,235.0,145.0,145.0,145.0,mm,,,,,,,,,,,leadpoint,below
_measure_5,manuscript_1,,,"Cambridge, Gonville and Caius College, MS 451/392",part,,,Codex: 11 leaves. 290 210-215,11.0,,,,,,,,,,,,,,,,,,290.0,290.0,290.0,210-215,215.0,210.0,,,,mm,1.0,1.0,1.0,,,,,,,,,,,,32.0,32.0,32.0,210.0,210.0,210.0,140.0,140.0,140.0,mm,,,,,,,,,,,leadpoint,below
_measure_6,manuscript_1,,,"Cambridge, Gonville and Caius College, MS 451/392",part,,,Codex: 16 leaves. 290 220,16.0,,,,,,,,,,,,,,,,,,290.0,290.0,290.0,220.0,220.0,220.0,,,,mm,1.0,1.0,1.0,,,,,,,,,,,,38 41,41.0,38.0,215.0,215.0,215.0,130.0,130.0,130.0,mm,,,,,,,,,,,leadpoint,below
_measure_7,manuscript_1,,,"Cambridge, Gonville and Caius College, MS 451/392",part,,,Codex: 8 leaves. 300 205,8.0,,,,,,,,,,,,,,,,,,300.0,300.0,300.0,205.0,205.0,205.0,,,,mm,1.0,1.0,1.0,,,,,,,,,,,,46.0,46.0,46.0,210.0,210.0,210.0,130.0,130.0,130.0,mm,,,,,,,,,,,plummet,below
_measure_1,manusript_1,,,"Cambridge, Gonville and Caius College, MS 451a/750",manuscript,,MS-GONVILLE-AND-CAIUS-00451-A-00750,Codex: ii + 20 + ii leaves. 200 130-135,20.0,,4.0,,,,,,,,,,,,,,,,200.0,200.0,200.0,130-135,135.0,130.0,,,,mm,2.0,2.0,2.0,,,,,,,,,,,,23 25,25.0,23.0,165.0,165.0,165.0,120.0,120.0,120.0,mm,,,,,,,,,,,ink,below
_measure_1,manuscript_11871,,,"Cambridge, Gonville and Caius College, MS 495/264",manuscript-composite,,MS-GONVILLE-AND-CAIUS-00495-00264,Codex iii + 1 + 226 + ii 320 215,226.0,1.0,5.0,,,,,,,,,,,,,,,,320.0,320.0,320.0,215.0,215.0,215.0,,,,mm,,,,,,,,,,,,,,,,,,,,,,,,,,,,,,,,,,,,
_measure_2,manuscript_11871,,,"Cambridge, Gonville and Caius College, MS 495/264",part,,,,,,,,,,,,,,,,,,,,,,,,,,,,,,,,1.0,1.0,1.0,,,,,,,,,,,,31.0,31.0,31.0,215.0,215.0,215.0,120.0,120.0,120.0,mm,,,,,,,,,,,,
_measure_3,manuscript_11871,,,"Cambridge, Gonville and Caius College, MS 495/264",part,,,,,,,,,,,,,,,,,,,,,,,,,,,,,,,,1.0,1.0,1.0,,,,,,,,,,,,31.0,31.0,31.0,215.0,215.0,215.0,120.0,120.0,120.0,mm,,,,,,,,,,,,
_measure_1,manuscript_11872,,,"Cambridge, Gonville and Caius College, MS 500/382",manuscript,,MS-GONVILLE-AND-CAIUS-00500-00382,Codex ii + 493 + 1 + ii 304 205,493.0,1.0,4.0,,,,,,,,,,,,,,,,304.0,304.0,304.0,205.0,205.0,205.0,,,,mm,1.0,1.0,1.0,,,,,,,,,,,,30.0,30.0,30.0,200.0,200.0,200.0,120.0,120.0,120.0,mm,,,,,,,,,,,,
_measure_1,manuscript_11873,,,"Cambridge, Gonville and Caius College, MS 596/455",manuscript,,MS-GONVILLE-AND-CAIUS-00596-00455,Codex i + 2 + 130 + 6 + i ca. 215 ca. 145,130.0,6.0,4.0,,,,,,,,,,,,,,,,215.0,215.0,215.0,145.0,145.0,145.0,,,,mm,1.0,1.0,1.0,,,,,,,,,,,,26.0,26.0,26.0,145.0,145.0,145.0,85.0,85.0,85.0,mm,,,,,,,,,,,,
_measure_2,manuscript_11873,,,"Cambridge, Gonville and Caius College, MS 596/455",manuscript,,MS-GONVILLE-AND-CAIUS-00596-00455,Codex i + 2 + 130 + 6 + i ca. 215 ca. 145,130.0,6.0,4.0,,,,,,,,,,,,,,,,215.0,215.0,215.0,145.0,145.0,145.0,,,,mm,1.0,1.0,1.0,,,,,,,,,,,,28.0,28.0,28.0,150.0,150.0,150.0,90.0,90.0,90.0,mm,,,,,,,,,,,,
_measure_3,manuscript_11873,,,"Cambridge, Gonville and Caius College, MS 596/455",manuscript,,MS-GONVILLE-AND-CAIUS-00596-00455,Codex i + 2 + 130 + 6 + i ca. 215 ca. 145,130.0,6.0,4.0,,,,,,,,,,,,,,,,215.0,215.0,215.0,145.0,145.0,145.0,,,,mm,1.0,1.0,1.0,,,,,,,,,,,,35 38,38.0,35.0,190.0,190.0,190.0,ca. 105-115,115.0,105.0,mm,,,,,,,,,,,,
_measure_1,manuscript_77765,,,"Cambridge, Gonville and Caius College, MS 623/389",manuscript,,MS-GONVILLE-AND-CAIUS-00623-00389,Codex ii + 55 + ii 293 186,55.0,,4.0,,,,,,,,,,,,,,,,293.0,293.0,293.0,186.0,186.0,186.0,,,,mm,1.0,1.0,1.0,,,,,,,,,,,,1 62,62.0,1.0,3-284,284.0,3.0,90-170,170.0,90.0,mm,,,,,,,,,,,,
_measure_2,manuscript_77765,,,"Cambridge, Gonville and Caius College, MS 623/389",manuscript,,MS-GONVILLE-AND-CAIUS-00623-00389,Codex ii + 55 + ii 293 186,55.0,,4.0,,,,,,,,,,,,,,,,293.0,293.0,293.0,186.0,186.0,186.0,,,,mm,2.0,2.0,2.0,,,,,,,,,,,,1 49,49.0,1.0,3-270,270.0,3.0,175.0,175.0,175.0,mm,,,,,,,,,,,,
_measure_3,manuscript_77765,,,"Cambridge, Gonville and Caius College, MS 623/389",manuscript,,MS-GONVILLE-AND-CAIUS-00623-00389,Codex ii + 55 + ii 293 186,55.0,,4.0,,,,,,,,,,,,,,,,293.0,293.0,293.0,186.0,186.0,186.0,,,,mm,3.0,3.0,3.0,,,,,,,,,,,,48.0,48.0,48.0,172.0,172.0,172.0,165.0,165.0,165.0,mm,,,,,,,,,,,,
_measure_1,manuscript_11875,,,"Cambridge, Gonville and Caius College, MS 716/63",manuscript-composite,,MS-GONVILLE-AND-CAIUS-00716-00063,,,,,,,,,,,,,,,,,,,,310.0,310.0,310.0,245.0,245.0,245.0,,,,mm,,,,,,,,,,,,,,,,,,,,,,,,,,,,,,,,,,,,
_measure_2,manuscript_11875,,,"Cambridge, Gonville and Caius College, MS 716/63",manuscript-composite,,MS-GONVILLE-AND-CAIUS-00716-00063,,,,,,,,,,,,,,,,,,,,,,,,,,,,,,,,,,,,,,,,,,,,,,,,,,,,,,,,,,,,,,,,,
_measure_3,manuscript_11875,,,"Cambridge, Gonville and Caius College, MS 716/63",part,,,,,,,,,,,,,,,,,,,,,,,,,,,,,,,,1.0,1.0,1.0,,,,,,,,,,,,27.0,27.0,27.0,226.0,226.0,226.0,175.0,175.0,175.0,mm,,,,,,,,,,,,
_measure_4,manuscript_11875,,,"Cambridge, Gonville and Caius College, MS 716/63",part,,,,,,,,,,,,,,,,,,,,,,,,,,,,,,,,1.0,1.0,1.0,,,,,,,,,,,,31.0,31.0,31.0,231.0,231.0,231.0,170.0,170.0,170.0,mm,,,,,,,,,,,,
_measure_1,manuscript_11879,,,"Cambridge, Gonville and Caius College, MS 781/819",manuscript-composite,,MS-GONVILLE-AND-CAIUS-00781-00819,,,,,,,,,,,,,,,,,,,,159.0,159.0,159.0,130.0,130.0,130.0,,,,mm,,,,,,,,,,,,,,,,,,,,,,,,,,,,,,,,,,,,
_measure_2,manuscript_11879,,,"Cambridge, Gonville and Caius College, MS 781/819",part,,,,,,,,,,,,,,,,,,,,,,,,,,,,,,,,1.0,1.0,1.0,,,,,,,,,,,,24.0,24.0,24.0,122.0,122.0,122.0,85.0,85.0,85.0,mm,,,,,,,,,,,hardpoint,below
_measure_3,manuscript_11879,,,"Cambridge, Gonville and Caius College, MS 781/819",part,,,,,,,,,,,,,,,,,,,,,,,,,,,,,,,,1.0,1.0,1.0,,,,,,,,,,,,24.0,24.0,24.0,120-125,125.0,120.0,85.0,85.0,85.0,mm,,,,,,,,,,,,
_measure_1,manuscript_11880,,,"Cambridge, Gonville and Caius College, MS 788/791 ",manuscript,,MS-GONVILLE-AND-CAIUS-00788-00791,Codex 100 405 ca. 260,100.0,,,,,,,,,,,,,,,,,,405.0,405.0,405.0,260.0,260.0,260.0,,,,mm,1.0,1.0,1.0,,,,,,,,,,,,24 26,26.0,24.0,275.0,275.0,275.0,155.0,155.0,155.0,mm,,,,,,,,,,,,
_measure_2,manuscript_11880,,,"Cambridge, Gonville and Caius College, MS 788/791 ",manuscript,,MS-GONVILLE-AND-CAIUS-00788-00791,Codex 100 405 ca. 260,100.0,,,,,,,,,,,,,,,,,,405.0,405.0,405.0,260.0,260.0,260.0,,,,mm,1.0,1.0,1.0,,,,,,,,,,,,26 28,28.0,26.0,290.0,290.0,290.0,130.0,130.0,130.0,mm,,,,,,,,,,,,
_measure_3,manuscript_11880,,,"Cambridge, Gonville and Caius College, MS 788/791 ",manuscript,,MS-GONVILLE-AND-CAIUS-00788-00791,Codex 100 405 ca. 260,100.0,,,,,,,,,,,,,,,,,,405.0,405.0,405.0,260.0,260.0,260.0,,,,mm,1.0,1.0,1.0,,,,,,,,,,,,27 28,28.0,27.0,290.0,290.0,290.0,150.0,150.0,150.0,mm,,,,,,,,,,,,
_measure_1,manuscript_11881,,,"Cambridge, Gonville and Caius College, MS 790/812",manuscript,,MS-GONVILLE-AND-CAIUS-00790-00812,Codex 160 220 ca. 160-165,160.0,,,,,,,,,,,,,,,,,,220.0,220.0,220.0,ca. 160-165,165.0,160.0,,,,mm,1.0,1.0,1.0,,,,,,,,,,,,17.0,17.0,17.0,170.0,170.0,170.0,120.0,120.0,120.0,mm,,,,,,,,,,,,
_measure_1,manuscript_1,,,"Cambridge, Jesus College, MS Q.B.10",manuscript,,MS-JESUS-Q-B-00010,Codex: 4 + 140 leaves. 255 165,140.0,4.0,,,,,,,,,,,,,,,,,255.0,255.0,255.0,165.0,165.0,165.0,,,,mm,1.0,1.0,1.0,,,,,,,,,,,,33.0,33.0,33.0,190.0,190.0,190.0,105.0,105.0,105.0,mm,,,,,,,,,,,crayon,above
_measure_1,manuscript_1,,,"Cambridge, Jesus College, MS Q.D.1",manuscript-composite,,MS-JESUS-Q-D-00001,Codex: 4 | 65 | 55 | 36 | 4 leaves. 225 145,164.0,,,,,,,,,,,,,,,,,,225.0,225.0,225.0,145.0,145.0,145.0,,,,mm,,,,,,,,,,,,,,,,,,,,,,,,,,,,,,,,,,,,
_measure_2,manuscript_1,,,"Cambridge, Jesus College, MS Q.D.1",manuscript-composite,,MS-JESUS-Q-D-00001,,,,,,,,,,,,,,,,,,,,,,,,,,,,,,,,,,,,,,,,,,,,,,,,,,,,,,,,,,,,,,,,,
_measure_3,manuscript_1,,,"Cambridge, Jesus College, MS Q.D.1",manuscript-composite,,MS-JESUS-Q-D-00001,,,,,,,,,,,,,,,,,,,,,,,,,,,,,,,,,,,,,,,,,,,,,,,,,,,,,,,,,,,,,,,,,
_measure_4,manuscript_1,,,"Cambridge, Jesus College, MS Q.D.1",part,,,Codex: 8 leaves.,8.0,,,,,,,,,,,,,,,,,,,,,,,,,,,,1.0,1.0,1.0,,,,,,,,,,,,32 37,37.0,32.0,225.0,225.0,225.0,150.0,150.0,150.0,mm,,,,,,,,,,,leadpoint,below
_measure_5,manuscript_1,,,"Cambridge, Jesus College, MS Q.D.1",part,,,Codex: 65 leaves.,65.0,,,,,,,,,,,,,,,,,,,,,,,,,,,,1.0,1.0,1.0,,,,,,,,,,,,37 38,38.0,37.0,160-165,165.0,160.0,95-120,120.0,95.0,mm,,,,,,,,,,,hardpoint,below
_measure_6,manuscript_1,,,"Cambridge, Jesus College, MS Q.D.1",part,,,Codex: 65 leaves.,65.0,,,,,,,,,,,,,,,,,,,,,,,,,,,,1.0,1.0,1.0,,,,,,,,,,,,30 34,34.0,30.0,160-165,165.0,160.0,100-105,105.0,100.0,mm,,,,,,,,,,,ink,below
_measure_7,manuscript_1,,,"Cambridge, Jesus College, MS Q.D.1",part,,,Codex: 65 leaves.,65.0,,,,,,,,,,,,,,,,,,,,,,,,,,,,1.0,1.0,1.0,,,,,,,,,,,,32.0,32.0,32.0,160-165,165.0,160.0,95-105,105.0,95.0,mm,,,,,,,,,,,ink,below
_measure_8,manuscript_1,,,"Cambridge, Jesus College, MS Q.D.1",part,,,Codex: 65 leaves.,65.0,,,,,,,,,,,,,,,,,,,,,,,,,,,,1.0,1.0,1.0,,,,,,,,,,,,32 38,38.0,32.0,170.0,170.0,170.0,110.0,110.0,110.0,mm,,,,,,,,,,,ink,below
_measure_9,manuscript_1,,,"Cambridge, Jesus College, MS Q.D.1",part,,,Codex: 55 leaves.,55.0,,,,,,,,,,,,,,,,,,,,,,,,,,,,1.0,1.0,1.0,,,,,,,,,,,,34 37,37.0,34.0,170-190,190.0,170.0,110-115,115.0,110.0,mm,,,,,,,,,,,ink,below
_measure_10,manuscript_1,,,"Cambridge, Jesus College, MS Q.D.1",part,,,Codex: 36 leaves.,36.0,,,,,,,,,,,,,,,,,,,,,,,,,,,,1.0,1.0,1.0,,,,,,,,,,,,33 35,35.0,33.0,160-170,170.0,160.0,110.0,110.0,110.0,mm,,,,,,,,,,,hardpoint,below
_measure_1,manuscript_1,,,"Cambridge, Jesus College, MS Q.D.2",manuscript-composite,,MS-JESUS-Q-D-00002,Codex: 3 modern parchment endleaves + 1 stub + 1 leaf | 5 (4 leaves + a singleton) | 4 | 7 ; 132 (plus 2 post-medieval paper slip and stub) ; 13 + 3 leaves. The three leaves at the front (ff. [a]-[c])and the back (ff. [d]-[f]) of the manuscript are modern parchment endleaves and have not been digitised (2023). 205 150,161.0,2.0,6.0,,,,,,,,,,,,,,,,205.0,205.0,205.0,150.0,150.0,150.0,,,,mm,,,,,,,,,,,,,,,,,,,,,,,,,,,,,,,,,,,,
_measure_2,manuscript_1,,,"Cambridge, Jesus College, MS Q.D.2",part,,,"Fragment, comprising what was once a single large leaf, which has been rotated, folded in half horizontally and trimmed for use as a guard strip (f. [i]) and pastedown (f. [ii]) in a medieval binding. 2 leaves, formed from what was once a single large leaf.",,2.0,,,,,,,,,,,,,,,,,,,,,,,,,,,2.0,2.0,2.0,,,,,,,,,,,,,,,,,,,,,,,,,,,,,,,,ink,
_measure_3,manuscript_1,,,"Cambridge, Jesus College, MS Q.D.2",part,,,Codex: 5 leaves.,5.0,,,,,,,,,,,,,,,,,,,,,,,,,,,,1.0,1.0,1.0,,,,,,,,,,,,29.0,29.0,29.0,150.0,150.0,150.0,100.0,100.0,100.0,mm,,,,,,,,,,,leadpoint,above
_measure_4,manuscript_1,,,"Cambridge, Jesus College, MS Q.D.2",part,,,Codex: 4 leaves.,4.0,,,,,,,,,,,,,,,,,,,,,,,,,,,,2.0,2.0,2.0,,,,,,,,,,,,46.0,46.0,46.0,170.0,170.0,170.0,110.0,110.0,110.0,mm,,,,,,,,,,,crayon,above
_measure_5,manuscript_1,,,"Cambridge, Jesus College, MS Q.D.2",part,,,Codex: 7 ; 132 (plus 2 post-medieval paper slip and stub) ; 13 leaves.,152.0,,,,,,,,,,,,,,,,,,,,,,,,,,,,1.0,1.0,1.0,,,,,,,,,,,,32.0,32.0,32.0,155.0,155.0,155.0,100.0,100.0,100.0,mm,,,,,,,,,,,leadpoint,above
_measure_1,manuscript_1,,,"Cambridge, Jesus College, MS Q.D.4",manuscript-composite,,MS-JESUS-Q-D-00004,Codex: 2 + 144 | 44 | 81 | 4 leaves. 165 115-120,269.0,6.0,,,,,,,,,,,,,,,,,165.0,165.0,165.0,115-120,120.0,115.0,,,,mm,,,,,,,,,,,,,,,,,,,,,,,,,,,,,,,,,,,,
_measure_2,manuscript_1,,,"Cambridge, Jesus College, MS Q.D.4",part,,,Codex: 2 endleaves + 188 leaves.,188.0,2.0,,,,,,,,,,,,,,,,,,,,,,,,,,,1.0,1.0,1.0,,,,,,,,,,,,24.0,24.0,24.0,125.0,125.0,125.0,85.0,85.0,85.0,mm,,,,,,,,,,,ink,below
_measure_3,manuscript_1,,,"Cambridge, Jesus College, MS Q.D.4",part,,,Codex: 44 leaves.,44.0,,,,,,,,,,,,,,,,,,,,,,,,,,,,1.0,1.0,1.0,,,,,,,,,,,,28.0,28.0,28.0,125.0,125.0,125.0,75.0,75.0,75.0,mm,,,,,,,,,,,leadpoint,below
_measure_4,manuscript_1,,,"Cambridge, Jesus College, MS Q.D.4",part,,,Codex: 81 leaves.,81.0,,,,,,,,,,,,,,,,,,,,,,,,,,,,1.0,1.0,1.0,,,,,,,,,,,,34.0,34.0,34.0,140.0,140.0,140.0,90.0,90.0,90.0,mm,,,,,,,,,,,mixed,above
_measure_5,manuscript_1,,,"Cambridge, Jesus College, MS Q.D.4",part,,,Codex: 81 leaves.,81.0,,,,,,,,,,,,,,,,,,,,,,,,,,,,2.0,2.0,2.0,,,,,,,,,,,,33.0,33.0,33.0,130.0,130.0,130.0,100.0,100.0,100.0,mm,,,,,,,,,,,leadpoint,above
_measure_6,manuscript_1,,,"Cambridge, Jesus College, MS Q.D.4",part,,,Codex: 4 leaves.,,4.0,,,,,,,,,,,,,,,,,,,,,,,,,,,,,,,,,,,,,,,,,,,,,,,,,,,,,,,,,,,,,,
_measure_1,manuscript_1,,,"Cambridge, Jesus College, MS Q.G.12",manuscript,,MS-Q-G-00012,Codex: i + 313 + i leaves. 130 185-190,313.0,,2.0,,,,,,,,,,,,,,,,185-190,190.0,185.0,130.0,130.0,130.0,,,,mm,1 5,5.0,1.0,,,,,,,,,,,,33 41,41.0,33.0,135-140,140.0,135.0,85-90,90.0,85.0,mm,,,,,,,,,,,ink,below
_measure_1,manuscript_1,,,"Cambridge, Jesus College, MS Q.G.25",manuscript,,MS-JESUS-Q-G-00025,Codex: 206 leaves. 145-150 105-110,206.0,,,,,,,,,,,,,,,,,,145-150,150.0,145.0,105-110,110.0,105.0,,,,mm,1.0,1.0,1.0,,,,,,,,,,,,24 29,29.0,24.0,100-105,105.0,100.0,75-80,80.0,75.0,mm,,,,,,,,,,,leadpoint,below
_measure_1,manuscript_1,,,"Cambridge, Jesus College, Q.G.23",manuscript,,MS-JESUS-Q-B-00023,Codex: ii + 413 + ii leaves. 170 115,413.0,,4.0,,,,,,,,,,,,,,,,170.0,170.0,170.0,115.0,115.0,115.0,,,,mm,2.0,2.0,2.0,,,,,,,,,,,,26.0,26.0,26.0,120-125,125.0,120.0,75-80,80.0,75.0,mm,,,,,,,,,,,ink,below
_measure_1,manuscript_11882,,,"Cambridge, King's College, MS 10",manuscript-composite,,MS-KINGS-00010,Codex i + 129 + 1 + i 280 205,129.0,1.0,2.0,,,,,,,,,,,,,,,,280.0,280.0,280.0,205.0,205.0,205.0,,,,mm,,,,,,,,,,,,,,,,,,,,,,,,,,,,,,,,,,,,
_measure_2,manuscript_11882,,,"Cambridge, King's College, MS 10",part,,,,,,,,,,,,,,,,,,,,,,,,,,,,,,,,2.0,2.0,2.0,,,,,,,,,,,,27.0,27.0,27.0,140.0,140.0,140.0,205.0,205.0,205.0,mm,,,,,,,,,,,,
_measure_3,manuscript_11882,,,"Cambridge, King's College, MS 10",part,,,,,,,,,,,,,,,,,,,,,,,,,,,,,,,,1.0,1.0,1.0,,,,,,,,,,,,30.0,30.0,30.0,185.0,185.0,185.0,115.0,115.0,115.0,mm,,,,,,,,,,,,
_measure_4,manuscript_11882,,,"Cambridge, King's College, MS 10",part,,,,,,,,,,,,,,,,,,,,,,,,,,,,,,,,1.0,1.0,1.0,,,,,,,,,,,,37 40,40.0,37.0,215-225,225.0,215.0,105.0,105.0,105.0,mm,,,,,,,,,,,,
_measure_1,manuscript_1,,,"Cambridge, King's College, MS 16",manuscript-composite,,MS-KINGS-COLLEGE-00016,"Codex: ii + 3 + 146 (+ 45 added paper leaves) | 32 (+ 8 added paper leaves) + 2 + ii leaves. Paper leaves have been added at intervals throughout the first and second parts of the manuscript. Rather than count and list each group of parchment or paper leaves separately and in the sequence in which they appear in the manuscript, they have been described in this statement of extent as separate totals.",231.0,5.0,4.0,,,,,,,,,,,,,,,,,,,,,,,,,,,,,,,,,,,,,,,,,,,,,,,,,,,,,,,,,,,,,
_measure_2,manuscript_1,,,"Cambridge, King's College, MS 16",part,,,"Codex: 146 leaves (+ 45 added paper leaves). Paper leaves have been added at intervals throughout the first and second parts of the manuscript. Rather than count and list each group of parchment or paper leaves separately and in the sequence in which they appear in the manuscript, they have been described in this statement of extent as separate totals. 275 190",191.0,,,,,,,,,,,,,,,,,,275.0,275.0,275.0,190.0,190.0,190.0,,,,mm,2.0,2.0,2.0,,,,,,,,,,,,20.0,20.0,20.0,205.0,205.0,205.0,135.0,135.0,135.0,mm,,,,,,,,,,,leadpoint,below
_measure_3,manuscript_1,,,"Cambridge, King's College, MS 16",part,,,Fragment 1 fragment.,1.0,,,,,,,,,,,,,,,,,,,,,,,,,,,,1.0,1.0,1.0,,,,,,,,,,,,33.0,33.0,33.0,,,,,,,,,,,,,,,,,,,
_measure_4,manuscript_1,,,"Cambridge, King's College, MS 16",part,,,"Codex: 32 leaves (+ 8 added paper leaves). Paper leaves have been added at intervals throughout the first and second parts of the manuscript. Rather than count and list each group of parchment or paper leaves separately and in the sequence in which they appear in the manuscript, they have been described in this statement of extent as separate totals. 28 29",40.0,,,,,,,,,,,,,,,,,,280.0,280.0,280.0,190.0,190.0,190.0,,,,mm,2.0,2.0,2.0,,,,,,,,,,,,51.0,51.0,51.0,205.0,205.0,205.0,135.0,135.0,135.0,mm,,,,,,,,,,,leadpoint,below
_measure_1,manuscript_11883,,,"Cambridge, King's College, MS 20",manuscript,,MS-KINGS-00020,"Codex 3 + 127 + 4 , 265 200",127.0,7.0,,,,,,,,,,,,,,,,,265.0,265.0,265.0,200.0,200.0,200.0,,,,mm,1.0,1.0,1.0,,,,,,,,,,,,17.0,17.0,17.0,195.0,195.0,195.0,110.0,110.0,110.0,mm,,,,,,,,,,,,
_measure_1,manuscript_11884,,,"Cambridge, King's College, MS 23",manuscript,,MS-KINGS-00023,,,,,,,,,,,,,,,,,,,,270.0,270.0,270.0,205.0,205.0,205.0,,,,mm,1.0,1.0,1.0,,,,,,,,,,,,20.0,20.0,20.0,180.0,180.0,180.0,110.0,110.0,110.0,mm,,,,,,,,,,,,
_measure_1,manuscript_11885,,,"Cambridge, King's College, MS 45",manuscript,,MS-KINGS-00045,Codex iii + 193 + iii 230 177,193.0,,6.0,,,,,,,,,,,,,,,,230.0,230.0,230.0,177.0,177.0,177.0,,,,mm,1.0,1.0,1.0,,,,,,,,,,,,24.0,24.0,24.0,152.0,152.0,152.0,118.0,118.0,118.0,mm,,,,,,,,,,,hardpoint,below
_measure_1,manuscript_1,,,"Cambridge, Magdalene College, MS Pepys 911",manuscript-composite,,MS-MAGDALENE-PEPYS-00911,Codex: ii + 3 | 67 | 1 + i leaves.,67.0,4.0,3.0,,,,,,,,,,,,,,,,,,,,,,,,,,,,,,,,,,,,,,,,,,,,,,,,,,,,,,,,,,,,,
_measure_2,manuscript_1,,,"Cambridge, Magdalene College, MS Pepys 911",part,,,"Fragment deriving from the lower part of a bifolium, cut in half horizontally. The lower half of the original bifolium was folded to make four leaves at the beginning (ff. iv-vi, the final two leaves folded double and presented as a single leaf (f. vi)), and a portion of the upper part of the original bifolium was used for the leaf at the end of the volume (f. viii). The leaf at the back of the volume (f. viii) is inserted upside down relative to the rest of the volume. 4 leaves 160 110",,4.0,,,,,,,,,,,,,,,,,160.0,160.0,160.0,110.0,110.0,110.0,,,,mm,1.0,1.0,1.0,,,,,,,,,,,,11 12,12.0,11.0,40.0,40.0,40.0,40.0,40.0,40.0,mm,,,,,,,,,,,ink,
_measure_3,manuscript_1,,,"Cambridge, Magdalene College, MS Pepys 911",part,,,Codex: 67 leaves. 165 120,67.0,,,,,,,,,,,,,,,,,,165.0,165.0,165.0,120.0,120.0,120.0,,,,mm,1.0,1.0,1.0,,,,,,,,,,,,21 28,28.0,21.0,135.0,135.0,135.0,75.0,75.0,75.0,mm,,,,,,,,,,,leadpoint,below
_measure_1,manuscript_1,,,"Cambridge, Magdalene College, Pepys MS 878",manuscript,,MS-MAGDALENE-PEPYS-00878,Codex: ii + 96 + ii leaves. 170 125,96.0,,4.0,,,,,,,,,,,,,,,,170.0,170.0,170.0,125.0,125.0,125.0,,,,mm,1.0,1.0,1.0,,,,,,,,,,,,27 31,31.0,27.0,130-120,130.0,120.0,90.0,90.0,90.0,mm,,,,,,,,,,,ink,below
_measure_1,manuscript_1,,,"Cambridge, Magdalene College, Pepys MS 1047",manuscript,,MS-MAGDALENE-PEPYS-01047,Codex: i + 23 + i leaves. 180 135,23.0,,2.0,,,,,,,,,,,,,,,,180.0,180.0,180.0,135.0,135.0,135.0,,,,mm,1.0,1.0,1.0,,,,,,,,,,,,20.0,20.0,20.0,140.0,140.0,140.0,100.0,100.0,100.0,mm,,,,,,,,,,,pencil,above
_measure_2,manuscript_1,,,"Cambridge, Magdalene College, Pepys MS 1047",manuscript,,MS-MAGDALENE-PEPYS-01047,,,,,,,,,,,,,,,,,,,,,,,,,,,,,,,,,,,,,,,,,,,,,,,,,,,,,,,,,,,,,,,,,
_measure_1,manuscript_1,,,"Cambridge, Magdalene College, Pepys MS 1236",manuscript,,MS-MAGDALENE-PEPYS-01236,Codex: 2 + 128 + 2 leaves. 180 125,128.0,4.0,,,,,,,,,,,,,,,,,180.0,180.0,180.0,125.0,125.0,125.0,,,,mm,1.0,1.0,1.0,,,,,,,,,,,,25.0,25.0,25.0,140-155,155.0,140.0,105-110,110.0,105.0,mm,,,,,,,,,,,ink,below
_measure_2,manuscript_1,,,"Cambridge, Magdalene College, Pepys MS 1236",manuscript,,MS-MAGDALENE-PEPYS-01236,,,,,,,,,,,,,,,,,,,,,,,,,,,,,,,,,,,,,,,,,,,,,,,,,,,,,,,,,,,,,,,,,
_measure_3,manuscript_1,,,"Cambridge, Magdalene College, Pepys MS 1236",manuscript,,MS-MAGDALENE-PEPYS-01236,,,,,,,,,,,,,,,,,,,,,,,,,,,,,,,,,,,,,,,,,,,,,,,,,,,,,,,,,,,,,,,,,
_measure_4,manuscript_1,,,"Cambridge, Magdalene College, Pepys MS 1236",manuscript,,MS-MAGDALENE-PEPYS-01236,,,,,,,,,,,,,,,,,,,,,,,,,,,,,,,,,,,,,,,,,,,,,,,,,,,,,,,,,,,,,,,,,
_measure_5,manuscript_1,,,"Cambridge, Magdalene College, Pepys MS 1236",manuscript,,MS-MAGDALENE-PEPYS-01236,,,,,,,,,,,,,,,,,,,,,,,,,,,,,,,,,,,,,,,,,,,,,,,,,,,,,,,,,,,,,,,,,
_measure_6,manuscript_1,,,"Cambridge, Magdalene College, Pepys MS 1236",manuscript,,MS-MAGDALENE-PEPYS-01236,,,,,,,,,,,,,,,,,,,,,,,,,,,,,,,,,,,,,,,,,,,,,,,,,,,,,,,,,,,,,,,,,
_measure_1,manuscript_1,,,"Cambridge, Magdalene College, Pepys MS 1307",manuscript,,MS-MAGDALENE-PEPYS-01307,Codex: 1 + 64 + 1 leaves. 185 125,64.0,2.0,,,,,,,,,,,,,,,,,185.0,185.0,185.0,125.0,125.0,125.0,,,,mm,1.0,1.0,1.0,,,,,,,,,,,,24.0,24.0,24.0,150.0,150.0,150.0,105.0,105.0,105.0,mm,,,,,,,,,,,none,
_measure_1,manuscript_1,,,"Cambridge, Magdalene College, Pepys MS 1661",manuscript-composite,,MS-MAGDALENE-PEPYS-01661,Codex: ii + 17 | 90 | 16 | 40 | 13 + ii leaves.,176.0,,4.0,,,,,,,,,,,,,,,,,,,,,,,,,,,,,,,,,,,,,,,,,,,,,,,,,,,,,,,,,,,,,
_measure_2,manuscript_1,,,"Cambridge, Magdalene College, Pepys MS 1661",part,,,Codex: 17 leaves. 215 140,17.0,,,,,,,,,,,,,,,,,,215.0,215.0,215.0,140.0,140.0,140.0,,,,mm,1.0,1.0,1.0,,,,,,,,,,,,29 33,33.0,29.0,165.0,165.0,165.0,110.0,110.0,110.0,mm,,,,,,,,,,,crayon,below
_measure_3,manuscript_1,,,"Cambridge, Magdalene College, Pepys MS 1661",part,,,Codex: 90 leaves. 215 140,90.0,,,,,,,,,,,,,,,,,,215.0,215.0,215.0,140.0,140.0,140.0,,,,mm,1.0,1.0,1.0,,,,,,,,,,,,29 30,30.0,29.0,175.0,175.0,175.0,120.0,120.0,120.0,mm,,,,,,,,,,,crayon,below
_measure_4,manuscript_1,,,"Cambridge, Magdalene College, Pepys MS 1661",part,,,Codex: 90 leaves. 215 140,90.0,,,,,,,,,,,,,,,,,,215.0,215.0,215.0,140.0,140.0,140.0,,,,mm,1.0,1.0,1.0,,,,,,,,,,,,30 33,33.0,30.0,165-180,180.0,165.0,100-115,115.0,100.0,mm,,,,,,,,,,,ink,below
_measure_5,manuscript_1,,,"Cambridge, Magdalene College, Pepys MS 1661",part,,,Codex: 90 leaves. 215 140,90.0,,,,,,,,,,,,,,,,,,215.0,215.0,215.0,140.0,140.0,140.0,,,,mm,1.0,1.0,1.0,,,,,,,,,,,,33.0,33.0,33.0,165-170,170.0,165.0,100.0,100.0,100.0,mm,,,,,,,,,,,crayon,below
_measure_6,manuscript_1,,,"Cambridge, Magdalene College, Pepys MS 1661",part,,,Codex: 16 leaves. 215 145,16.0,,,,,,,,,,,,,,,,,,215.0,215.0,215.0,145.0,145.0,145.0,,,,mm,1.0,1.0,1.0,,,,,,,,,,,,33.0,33.0,33.0,170.0,170.0,170.0,105.0,105.0,105.0,mm,,,,,,,,,,,ink,below
_measure_7,manuscript_1,,,"Cambridge, Magdalene College, Pepys MS 1661",part,,,Codex: 40 leaves. 215 145,40.0,,,,,,,,,,,,,,,,,,215.0,215.0,215.0,145.0,145.0,145.0,,,,mm,1.0,1.0,1.0,,,,,,,,,,,,30.0,30.0,30.0,160.0,160.0,160.0,105-110,110.0,105.0,mm,,,,,,,,,,,hardpoint,
_measure_8,manuscript_1,,,"Cambridge, Magdalene College, Pepys MS 1661",part,,,Codex: 13 leaves. 215 145,13.0,,,,,,,,,,,,,,,,,,215.0,215.0,215.0,145.0,145.0,145.0,,,,mm,1.0,1.0,1.0,,,,,,,,,,,,33.0,33.0,33.0,170.0,170.0,170.0,100.0,100.0,100.0,mm,,,,,,,,,,,ink,below
_measure_1,manuscript_1,,,"Cambridge, Newnham College, MS 4",manuscript,,MS-NEWNHAM-00004,Codex: ii + 109 + ii leaves. 295 185 ff. 1-106 measure 295 x 185mm and ff. 107-109 measure 285 x 180mm.,109.0,,4.0,,,,,,,,,,,,,,,,295.0,295.0,285.0,185.0,185.0,180.0,,,,mm,1.0,1.0,1.0,,,,,,,,,,,,40.0,40.0,40.0,215-220,220.0,215.0,130.0,130.0,130.0,mm,,,,,,,,,,,ink,below
_measure_2,manuscript_1,,,"Cambridge, Newnham College, MS 4",manuscript,,MS-NEWNHAM-00004,Codex: ii + 109 + ii leaves. 295 185 ff. 1-106 measure 295 x 185mm and ff. 107-109 measure 285 x 180mm.,109.0,,4.0,,,,,,,,,,,,,,,,295.0,295.0,285.0,185.0,185.0,180.0,,,,mm,1.0,1.0,1.0,,,,,,,,,,,,43 47,47.0,43.0,220.0,220.0,220.0,130.0,130.0,130.0,mm,,,,,,,,,,,leadpoint,below
_measure_3,manuscript_1,,,"Cambridge, Newnham College, MS 4",manuscript,,MS-NEWNHAM-00004,Codex: ii + 109 + ii leaves. 295 185 ff. 1-106 measure 295 x 185mm and ff. 107-109 measure 285 x 180mm.,109.0,,4.0,,,,,,,,,,,,,,,,295.0,295.0,285.0,185.0,185.0,180.0,,,,mm,1.0,1.0,1.0,,,,,,,,,,,,35 36,36.0,35.0,220-230,230.0,220.0,125-130,130.0,125.0,mm,,,,,,,,,,,leadpoint,below
_measure_4,manuscript_1,,,"Cambridge, Newnham College, MS 4",manuscript,,MS-NEWNHAM-00004,,,,,,,,,,,,,,,,,,,,,,,,,,,,,,,,,,,,,,,,,,,,,,,,,,,,,,,,,,,,,,,,,
_measure_5,manuscript_1,,,"Cambridge, Newnham College, MS 4",manuscript,,MS-NEWNHAM-00004,,,,,,,,,,,,,,,,,,,,,,,,,,,,,,,,,,,,,,,,,,,,,,,,,,,,,,,,,,,,,,,,,
_measure_6,manuscript_1,,,"Cambridge, Newnham College, MS 4",manuscript,,MS-NEWNHAM-00004,,,,,,,,,,,,,,,,,,,,,,,,,,,,,,,,,,,,,,,,,,,,,,,,,,,,,,,,,,,,,,,,,
_measure_7,manuscript_1,,,"Cambridge, Newnham College, MS 4",manuscript,,MS-NEWNHAM-00004,,,,,,,,,,,,,,,,,,,,,,,,,,,,,,,,,,,,,,,,,,,,,,,,,,,,,,,,,,,,,,,,,
_measure_1,manuscript_1,,,"Cambridge, Pembroke College, MS 15",manuscript,,MS-PEMBROKE-00015,Codex: 2 + 101 leaves. 355 250,101.0,2.0,,,,,,,,,,,,,,,,,355.0,355.0,355.0,250.0,250.0,250.0,,,,mm,2.0,2.0,2.0,,,,,,,,,,,,39 40,40.0,39.0,245.0,245.0,245.0,155.0,155.0,155.0,mm,,,,,,,,,,,leadpoint,above
_measure_2,manuscript_1,,,"Cambridge, Pembroke College, MS 15",manuscript,,MS-PEMBROKE-00015,Codex: 2 + 101 leaves. 355 250,101.0,2.0,,,,,,,,,,,,,,,,,355.0,355.0,355.0,250.0,250.0,250.0,,,,mm,,,,,,,,,,,,,,,,,,,,,,,,,,,,,,,,,,,,
_measure_1,manuscript_1,,,"Cambridge, Pembroke College, MS 16",manuscript,,MS-PEMBROKE-00016,Codex: 128 leaves. 335 230,128.0,,,,,,,,,,,,,,,,,,335.0,335.0,335.0,230.0,230.0,230.0,,,,mm,2.0,2.0,2.0,,,,,,,,,,,,32.0,32.0,32.0,225.0,225.0,225.0,160.0,160.0,160.0,mm,,,,,,,,,,,leadpoint,above
_measure_2,manuscript_1,,,"Cambridge, Pembroke College, MS 16",manuscript,,MS-PEMBROKE-00016,Codex: 128 leaves. 335 230,128.0,,,,,,,,,,,,,,,,,,335.0,335.0,335.0,230.0,230.0,230.0,,,,mm,,,,,,,,,,,,,,,,,,,,,,,,,,,,,,,,,,,,
_measure_1,manuscript_1,,,"Cambridge, Pembroke College, MS 28",manuscript,,MS-PEMBROKE-00028,Codex: iii + 3 + 216 + 2 + iii leaves. 385 260 Leaves have been retrimmed.,216.0,5.0,6.0,,,,,,,,,,,,,,,,385.0,385.0,385.0,260.0,260.0,260.0,,,,mm,2.0,2.0,2.0,,,,,,,,,,,,40.0,40.0,40.0,245.0,245.0,245.0,145.0,145.0,145.0,mm,,,,,,,,,,,leadpoint,above
_measure_2,manuscript_1,,,"Cambridge, Pembroke College, MS 28",manuscript,,MS-PEMBROKE-00028,Codex: iii + 3 + 216 + 2 + iii leaves. 385 260 Leaves have been retrimmed.,216.0,5.0,6.0,,,,,,,,,,,,,,,,385.0,385.0,385.0,260.0,260.0,260.0,,,,mm,,,,,,,,,,,,,,,,,,,,,,,,,,,,,,,,,,,leadpoint,
_measure_1,manuscript_1,,,"Cambridge, Pembroke College, MS 54",manuscript,,MS-PEMBROKE-00054,Codex: iv + 1 + 116 + iii leaves. 275 185,117.0,,7.0,,,,,,,,,,,,,,,,275.0,275.0,275.0,185.0,185.0,185.0,,,,mm,2.0,2.0,2.0,,,,,,,,,,,,30.0,30.0,30.0,180.0,180.0,180.0,140.0,140.0,140.0,mm,,,,,,,,,,,crayon,above
_measure_2,manuscript_1,,,"Cambridge, Pembroke College, MS 54",manuscript,,MS-PEMBROKE-00054,Codex: iv + 1 + 116 + iii leaves. 275 185,117.0,,7.0,,,,,,,,,,,,,,,,275.0,275.0,275.0,185.0,185.0,185.0,,,,mm,1.0,1.0,1.0,,,,,,,,,,,,16.0,16.0,16.0,170-180,180.0,170.0,25-80,80.0,25.0,mm,,,,,,,,,,,crayon,above
_measure_3,manuscript_1,,,"Cambridge, Pembroke College, MS 54",manuscript,,MS-PEMBROKE-00054,Codex: iv + 1 + 116 + iii leaves. 275 185,117.0,,7.0,,,,,,,,,,,,,,,,275.0,275.0,275.0,185.0,185.0,185.0,,,,mm,1 3,3.0,1.0,,,,,,,,,,,,32.0,32.0,32.0,,,,,,,,,,,,,,,,,,crayon,above
_measure_1,manuscript_1,,,"Cambridge, Pembroke College, MS 56",manuscript,,MS-PEMBROKE-00056,Codex: ii + 132 + ii leaves. 340 225,132.0,,4.0,,,,,,,,,,,,,,,,340.0,340.0,340.0,225.0,225.0,225.0,,,,mm,1.0,1.0,1.0,,,,,,,,,,,,28.0,28.0,28.0,210-230,230.0,210.0,up to 165,165.0,up to 165,mm,,,,,,,,,,,leadpoint,above
_measure_2,manuscript_1,,,"Cambridge, Pembroke College, MS 56",manuscript,,MS-PEMBROKE-00056,Codex: ii + 132 + ii leaves. 340 225,132.0,,4.0,,,,,,,,,,,,,,,,340.0,340.0,340.0,225.0,225.0,225.0,,,,mm,1 3,3.0,1.0,,,,,,,,,,,,39 55,55.0,39.0,,,,,,,,,,,,,,,,,,leadpoint,above
_measure_3,manuscript_1,,,"Cambridge, Pembroke College, MS 56",manuscript,,MS-PEMBROKE-00056,Codex: ii + 132 + ii leaves. 340 225,132.0,,4.0,,,,,,,,,,,,,,,,340.0,340.0,340.0,225.0,225.0,225.0,,,,mm,,,,,,,,,,,,,,,,,,,,,,,,,,,,,,,,,,,,
_measure_1,manuscript_1,,,"Cambridge, Pembroke College, MS 67",manuscript-composite,,MS-PEMBROKE-00067,Codex: 88 | 29 leaves.,117.0,,,,,,,,,,,,,,,,,,,,,,,,,,,,,,,,,,,,,,,,,,,,,,,,,,,,,,,,,,,,,,,
_measure_2,manuscript_1,,,"Cambridge, Pembroke College, MS 67",part,,,Codex: 88 leaves.,88.0,,,,,,,,,,,,,,,,,,,,,,,,,,,,2.0,2.0,2.0,,,,,,,,,,,,49.0,49.0,49.0,265.0,265.0,265.0,210.0,210.0,210.0,mm,,,,,,,,,,,crayon,above
_measure_3,manuscript_1,,,"Cambridge, Pembroke College, MS 67",part,,,Codex: 88 leaves.,88.0,,,,,,,,,,,,,,,,,,,,,,,,,,,,1.0,1.0,1.0,,,,,,,,,,,,17 18,18.0,17.0,215-240,240.0,215.0,65-110,110.0,65.0,mm,,,,,,,,,,,crayon,above
_measure_4,manuscript_1,,,"Cambridge, Pembroke College, MS 67",part,,,Codex: 88 leaves.,88.0,,,,,,,,,,,,,,,,,,,,,,,,,,,,2.0,2.0,2.0,,,,,,,,,,,,39 46,46.0,39.0,,,,,,,,,,,,,,,,,,crayon,above
_measure_5,manuscript_1,,,"Cambridge, Pembroke College, MS 67",part,,,,,,,,,,,,,,,,,,,,,,,,,,,,,,,,,,,,,,,,,,,,,,,,,,,,,,,,,,,,,,,,,,,
_measure_6,manuscript_1,,,"Cambridge, Pembroke College, MS 67",part,,,Codex: 29 leaves.,29.0,,,,,,,,,,,,,,,,,,,,,,,,,,,,1.0,1.0,1.0,,,,,,,,,,,,19.0,19.0,19.0,215-240,240.0,215.0,95-100,100.0,95.0,mm,,,,,,,,,,,crayon,above
_measure_7,manuscript_1,,,"Cambridge, Pembroke College, MS 67",part,,,Codex: 29 leaves.,29.0,,,,,,,,,,,,,,,,,,,,,,,,,,,,2.0,2.0,2.0,,,,,,,,,,,,42 49,49.0,42.0,,,,,,,,,,,,,,,,,,crayon,above
_measure_1,manuscript_1,,,"Cambridge, Pembroke College, MS 70",manuscript-composite,,MS-PEMBROKE-00070,Codex: 4 + 70 | 57 + 5 leaves.,127.0,9.0,,,,,,,,,,,,,,,,,,,,,,,,,,,,,,,,,,,,,,,,,,,,,,,,,,,,,,,,,,,,,,
_measure_2,manuscript_1,,,"Cambridge, Pembroke College, MS 70",part,,,Codex: 70 leaves.,70.0,,,,,,,,,,,,,,,,,,,,,,,,,,,,1.0,1.0,1.0,,,,,,,,,,,,11 22,22.0,11.0,140-170,170.0,140.0,55.0,55.0,55.0,mm,,,,,,,,,,,hardpoint,above
_measure_3,manuscript_1,,,"Cambridge, Pembroke College, MS 70",part,,,Codex: 70 leaves.,70.0,,,,,,,,,,,,,,,,,,,,,,,,,,,,2.0,2.0,2.0,,,,,,,,,,,,,,,,,,30.0,55.0,30.0,mm,,,,,,,,,,,hardpoint,
_measure_4,manuscript_1,,,"Cambridge, Pembroke College, MS 70",part,,,Codex: 57 leaves.,57.0,,,,,,,,,,,,,,,,,,,,,,,,,,,,2.0,2.0,2.0,,,,,,,,,,,,46 61,61.0,46.0,190-200,200.0,190.0,125-140,140.0,125.0,mm,,,,,,,,,,,hardpoint,above
_measure_1,manuscript_1,,,"Cambridge, Pembroke College, MS 72",manuscript-composite,,MS-PEMBROKE-00072,Codex: iii + 67 | 42 | 6 | 44 | 20 + iii leaves. 340 240,179.0,,6.0,,,,,,,,,,,,,,,,340.0,340.0,340.0,240.0,240.0,240.0,,,,mm,,,,,,,,,,,,,,,,,,,,,,,,,,,,,,,,,,,,
_measure_2,manuscript_1,,,"Cambridge, Pembroke College, MS 72",part,,,Codex: 67 leaves.,67.0,,,,,,,,,,,,,,,,,,,,,,,,,,,,1.0,1.0,1.0,,,,,,,,,,,,17.0,17.0,17.0,220-235,235.0,220.0,85.0,85.0,85.0,mm,,,,,,,,,,,leadpoint,above
_measure_3,manuscript_1,,,"Cambridge, Pembroke College, MS 72",part,,,Codex: 67 leaves.,67.0,,,,,,,,,,,,,,,,,,,,,,,,,,,,2.0,2.0,2.0,,,,,,,,,,,,43 47,47.0,43.0,,,,50-55,55.0,50.0,mm,,,,,,,,,,,crayon,above
_measure_4,manuscript_1,,,"Cambridge, Pembroke College, MS 72",part,,,Codex: 42 leaves.,42.0,,,,,,,,,,,,,,,,,,,,,,,,,,,,2.0,2.0,2.0,,,,,,,,,,,,60 70,70.0,60.0,275-295,295.0,275.0,210.0,210.0,210.0,mm,,,,,,,,,,,crayon,above
_measure_5,manuscript_1,,,"Cambridge, Pembroke College, MS 72",part,,,Codex: 6 leaves.,6.0,,,,,,,,,,,,,,,,,,,,,,,,,,,,2.0,2.0,2.0,,,,,,,,,,,,65.0,65.0,65.0,240.0,240.0,240.0,130.0,130.0,130.0,mm,,,,,,,,,,,crayon,above
_measure_6,manuscript_1,,,"Cambridge, Pembroke College, MS 72",part,,,Codex: 44 leaves.,44.0,,,,,,,,,,,,,,,,,,,,,,,,,,,,2.0,2.0,2.0,,,,,,,,,,,,80.0,80.0,80.0,260.0,260.0,260.0,145-165,165.0,145.0,mm,,,,,,,,,,,crayon,above
_measure_7,manuscript_1,,,"Cambridge, Pembroke College, MS 72",part,,,Codex: 20 leaves.,20.0,,,,,,,,,,,,,,,,,,,,,,,,,,,,4.0,4.0,4.0,,,,,,,,,,,,82.0,82.0,82.0,260.0,260.0,260.0,165.0,165.0,165.0,mm,,,,,,,,,,,crayon,above
_measure_1,manuscript_1,,,"Cambridge, Pembroke College, MS 120",manuscript-composite,,MS-PEMBROKE-00120,Codex: 6 | 176 leaves. 410 270,182.0,,,,,,,,,,,,,,,,,,410.0,410.0,410.0,270.0,270.0,270.0,,,,mm,,,,,,,,,,,,,,,,,,,,,,,,,,,,,,,,,,,,
_measure_2,manuscript_1,,,"Cambridge, Pembroke College, MS 120",part,,,Codex: 6 leaves.,6.0,,,,,,,,,,,,,,,,,,,,,,,,,,,,,,,,,,,,,,,,,,,,,325.0,325.0,325.0,215.0,215.0,215.0,mm,,,,,,,,,,,,
_measure_3,manuscript_1,,,"Cambridge, Pembroke College, MS 120",part,,,Codex: 176 leaves.,176.0,,,,,,,,,,,,,,,,,,,,,,,,,,,,2.0,2.0,2.0,,,,,,,,,,,,35.0,35.0,35.0,300.0,300.0,300.0,185.0,185.0,185.0,mm,,,,,,,,,,,leadpoint,above
_measure_1,manuscript_1,,,"Cambridge, Pembroke College, MS 237",manuscript,,MS-PEMBROKE-00237,Codex: iii + 1 + 4 + 224 (incl. f. 202a) + 1 + iii leaves. 295 215,228.0,2.0,6.0,,,,,,,,,,,,,,,,295.0,295.0,295.0,215.0,215.0,215.0,,,,mm,2.0,2.0,2.0,,,,,,,,,,,,37 45,45.0,37.0,215-220,220.0,215.0,160.0,160.0,160.0,mm,,,,,,,,,,,crayon,below
_measure_2,manuscript_1,,,"Cambridge, Pembroke College, MS 237",manuscript,,MS-PEMBROKE-00237,Codex: iii + 1 + 4 + 224 (incl. f. 202a) + 1 + iii leaves. 295 215,228.0,2.0,6.0,,,,,,,,,,,,,,,,295.0,295.0,295.0,215.0,215.0,215.0,,,,mm,,,,,,,,,,,,,,,,,,,,,,,,,,,,,,,,,,,,
_measure_3,manuscript_1,,,"Cambridge, Pembroke College, MS 237",manuscript,,MS-PEMBROKE-00237,,,,,,,,,,,,,,,,,,,,,,,,,,,,,,,,,,,,,,,,,,,,,,,,,,,,,,,,,,,,,,,,,
_measure_1,manuscript_1,,,"Cambridge, Pembroke College, MS 243",manuscript,,MS-PEMBROKE-00243,Codex: ii + 56 + ii leaves. 240 165,56.0,,4.0,,,,,,,,,,,,,,,,240.0,240.0,240.0,165.0,165.0,165.0,,,,mm,1.0,1.0,1.0,,,,,,,,,,,,28.0,28.0,28.0,165.0,165.0,165.0,95.0,95.0,95.0,mm,,,,,,,,,,,ink,below
_measure_2,manuscript_1,,,"Cambridge, Pembroke College, MS 243",manuscript,,MS-PEMBROKE-00243,Codex: ii + 56 + ii leaves. 240 165,56.0,,4.0,,,,,,,,,,,,,,,,240.0,240.0,240.0,165.0,165.0,165.0,,,,mm,,,,,,,,,,,,,,,,,,,,,,,,,,,,,,,,,,,,
_measure_3,manuscript_1,,,"Cambridge, Pembroke College, MS 243",manuscript,,MS-PEMBROKE-00243,,,,,,,,,,,,,,,,,,,,,,,,,,,,,,,,,,,,,,,,,,,,,,,,,,,,,,,,,,,,,,,,,
_measure_1,manuscript_1,,,"Cambridge, Pembroke College, MS 258",manuscript-composite,,MS-PEMBROKE-COLLEGE-00258,Codex: 20 | 23 | 8 | 6 | 34 | 31 | 19 | 3 leaves. 230-245 150-195,141.0,3.0,,,,,,,,,,,,,,,,,230-245,245.0,230.0,150-195,195.0,150.0,,,,mm,,,,,,,,,,,,,,,,,,,,,,,,,,,,,,,,,,,,
_measure_2,manuscript_1,,,"Cambridge, Pembroke College, MS 258",manuscript-composite,,MS-PEMBROKE-COLLEGE-00258,,,,,,,,,,,,,,,,,,,,,,,,,,,,,,,,,,,,,,,,,,,,,,,,,,,,,,,,,,,,,,,,,
_measure_3,manuscript_1,,,"Cambridge, Pembroke College, MS 258",part,,,Codex: 20 leaves. 210 160,20.0,,,,,,,,,,,,,,,,,,210.0,210.0,210.0,160.0,160.0,160.0,,,,mm,1.0,1.0,1.0,,,,,,,,,,,,31.0,31.0,31.0,170.0,170.0,170.0,135.0,135.0,135.0,mm,,,,,,,,,,,leadpoint,mixed
_measure_4,manuscript_1,,,"Cambridge, Pembroke College, MS 258",part,,,Codex: 23 leaves. 240 170,23.0,,,,,,,,,,,,,,,,,,240.0,240.0,240.0,170.0,170.0,170.0,,,,mm,1.0,1.0,1.0,,,,,,,,,,,,39.0,39.0,39.0,165.0,165.0,165.0,95.0,95.0,95.0,mm,,,,,,,,,,,crayon,above
_measure_5,manuscript_1,,,"Cambridge, Pembroke College, MS 258",part,,,Codex: 8 leaves. 240 185,8.0,,,,,,,,,,,,,,,,,,240.0,240.0,240.0,185.0,185.0,185.0,,,,mm,2.0,2.0,2.0,,,,,,,,,,,,38.0,38.0,38.0,170.0,170.0,170.0,120.0,120.0,120.0,mm,,,,,,,,,,,crayon,above
_measure_6,manuscript_1,,,"Cambridge, Pembroke College, MS 258",part,,,Codex: 6 leaves. 240 165,6.0,,,,,,,,,,,,,,,,,,240.0,240.0,240.0,165.0,165.0,165.0,,,,mm,2.0,2.0,2.0,,,,,,,,,,,,50.0,50.0,50.0,225.0,225.0,225.0,130.0,130.0,130.0,mm,,,,,,,,,,,leadpoint,above
_measure_7,manuscript_1,,,"Cambridge, Pembroke College, MS 258",part,,,Codex: 34 leaves. 240 180,34.0,,,,,,,,,,,,,,,,,,240.0,240.0,240.0,180.0,180.0,180.0,,,,mm,2.0,2.0,2.0,,,,,,,,,,,,55.0,55.0,55.0,190.0,190.0,190.0,140.0,140.0,140.0,mm,,,,,,,,,,,leadpoint,below
_measure_8,manuscript_1,,,"Cambridge, Pembroke College, MS 258",part,,,Codex: 31 leaves. 185 175,31.0,,,,,,,,,,,,,,,,,,185.0,185.0,185.0,175.0,175.0,175.0,,,,mm,1.0,1.0,1.0,,,,,,,,,,,,25 26,26.0,25.0,180-185,185.0,180.0,65-110,110.0,65.0,mm,,,,,,,,,,,leadpoint,above
_measure_9,manuscript_1,,,"Cambridge, Pembroke College, MS 258",part,,,Codex: 31 leaves. 185 175,31.0,,,,,,,,,,,,,,,,,,185.0,185.0,185.0,175.0,175.0,175.0,,,,mm,2.0,2.0,2.0,,,,,,,,,,,,50 60,60.0,50.0,185-190,190.0,185.0,30-70,70.0,30.0,mm,,,,,,,,,,,leadpoint,above
_measure_10,manuscript_1,,,"Cambridge, Pembroke College, MS 258",part,,,Codex: 19 leaves. 235 185,19.0,,,,,,,,,,,,,,,,,,235.0,235.0,235.0,185.0,185.0,185.0,,,,mm,1.0,1.0,1.0,,,,,,,,,,,,30 50,50.0,30.0,200.0,200.0,200.0,160.0,160.0,160.0,mm,,,,,,,,,,,leadpoint,below
_measure_11,manuscript_1,,,"Cambridge, Pembroke College, MS 258",part,,,,,,,,,,,,,,,,,,,,,,,,,,,,,,,,,,,,,,,,,,,,,,,,,,,,,,,,,,,,,,,,,,,
_measure_1,manuscript_11888,,,"Cambridge, Pembroke College, MS 288",manuscript,,MS-PEMBROKE-00288,,,,,,,,,,,,,,,,,,,,210.0,210.0,210.0,137.0,137.0,137.0,,,,mm,1.0,1.0,1.0,,,,,,,,,,,,30.0,30.0,30.0,141.0,141.0,141.0,92.0,92.0,92.0,mm,,,,,,,,,,,hardpoint,above
_measure_1,manuscript_11889,,,"Cambridge, Pembroke College, MS 291",manuscript,,MS-PEMBROKE-00291,,,,,,,,,,,,,,,,,,,,305.0,305.0,305.0,195.0,195.0,195.0,,,,mm,1.0,1.0,1.0,,,,,,,,,,,,20 26,26.0,20.0,237.0,237.0,237.0,145.0,145.0,145.0,mm,,,,,,,,,,,mixed,mixed
_measure_1,manuscript_11890,,,"Cambridge, Pembroke College, MS 292",part,,,,,,,,,,,,,,,,,,,,,,399.0,399.0,399.0,265.0,265.0,265.0,,,,mm,1.0,1.0,1.0,,,,,,,,,,,,29.0,29.0,29.0,291.0,291.0,291.0,160.0,160.0,160.0,mm,,,,,,,,,,,,
_measure_2,manuscript_11890,,,"Cambridge, Pembroke College, MS 292",part,,,,,,,,,,,,,,,,,,,,,,315-331,331.0,315.0,200-210,210.0,200.0,,,,mm,1.0,1.0,1.0,,,,,,,,,,,,25 44,44.0,25.0,234-247,247.0,234.0,130-160,160.0,130.0,mm,,,,,,,,,,,,
_measure_3,manuscript_11890,,,"Cambridge, Pembroke College, MS 292",part,,,,,,,,,,,,,,,,,,,,,,329.0,329.0,329.0,227.0,227.0,227.0,,,,mm,1.0,1.0,1.0,,,,,,,,,,,,32 40,40.0,32.0,218-229,229.0,218.0,145-155,155.0,145.0,mm,,,,,,,,,,,,
_measure_4,manuscript_11890,,,"Cambridge, Pembroke College, MS 292",part,,,,,,,,,,,,,,,,,,,,,,308.0,308.0,308.0,197.0,197.0,197.0,,,,mm,1.0,1.0,1.0,,,,,,,,,,,,28.0,28.0,28.0,235.0,235.0,235.0,140.0,140.0,140.0,mm,,,,,,,,,,,,
_measure_5,manuscript_11890,,,"Cambridge, Pembroke College, MS 292",part,,,,,,,,,,,,,,,,,,,,,,305.0,305.0,305.0,197.0,197.0,197.0,,,,mm,1.0,1.0,1.0,,,,,,,,,,,,27 29,29.0,27.0,245-262,262.0,245.0,125-130,130.0,125.0,mm,,,,,,,,,,,,
_measure_6,manuscript_11890,,,"Cambridge, Pembroke College, MS 292",part,,,,,,,,,,,,,,,,,,,,,,329.0,329.0,329.0,227.0,227.0,227.0,,,,mm,1.0,1.0,1.0,,,,,,,,,,,,32 40,40.0,32.0,218-229,229.0,218.0,145-155,155.0,145.0,mm,,,,,,,,,,,,
_measure_1,manuscript_11891,,,"Cambridge, Pembroke College, MS 293",part,,,,,,,,,,,,,,,,,,,,,,399.0,399.0,399.0,265.0,265.0,265.0,,,,mm,1.0,1.0,1.0,,,,,,,,,,,,29.0,29.0,29.0,291.0,291.0,291.0,160.0,160.0,160.0,mm,,,,,,,,,,,,
_measure_2,manuscript_11891,,,"Cambridge, Pembroke College, MS 293",part,,,,,,,,,,,,,,,,,,,,,,302.0,302.0,302.0,200.0,200.0,200.0,,,,mm,1.0,1.0,1.0,,,,,,,,,,,,44 46,46.0,44.0,271-283,283.0,271.0,140-160,160.0,140.0,mm,,,,,,,,,,,,
_measure_1,manuscript_11892,,,"Cambridge, Pembroke College, MS 294",manuscript,,MS-PEMBROKE-00294,,,,,,,,,,,,,,,,,,,,399.0,399.0,399.0,265.0,265.0,265.0,,,,mm,1.0,1.0,1.0,,,,,,,,,,,,29.0,29.0,29.0,291.0,291.0,291.0,160.0,160.0,160.0,mm,,,,,,,,,,,,
_measure_1,manuscript_11893,,,"Cambridge, Pembroke College, MS 295",part,,,,,,,,,,,,,,,,,,,,,,399.0,399.0,399.0,265.0,265.0,265.0,,,,mm,1.0,1.0,1.0,,,,,,,,,,,,29.0,29.0,29.0,291.0,291.0,291.0,160.0,160.0,160.0,mm,,,,,,,,,,,,
_measure_2,manuscript_11893,,,"Cambridge, Pembroke College, MS 295",part,,,,,,,,,,,,,,,,,,,,,,316.0,316.0,316.0,198.0,198.0,198.0,,,,mm,1.0,1.0,1.0,,,,,,,,,,,,28.0,28.0,28.0,268.0,268.0,268.0,140-160,160.0,140.0,mm,,,,,,,,,,,,
_measure_1,manuscript_1,,,"Cambridge, Pembroke College, MS 301",manuscript,,MS-PEMBROKE-00301,Codex: 2 + 135 leaves. 295 220,135.0,2.0,,,,,,,,,,,,,,,,,295.0,295.0,295.0,220.0,220.0,220.0,,,,mm,1.0,1.0,1.0,,,,,,,,,,,,28.0,28.0,28.0,195.0,195.0,195.0,150.0,150.0,150.0,mm,,,,,,,,,,,hardpoint,above
_measure_1,manuscript_1,,,"Cambridge, Pembroke College, MS 308",manuscript,,PEMBROKE-MS-00308,Codex: v + 1 + 256 + v leaves. 295 210,256.0,1.0,10.0,,,,,,,,,,,,,,,,295.0,295.0,295.0,210.0,210.0,210.0,,,,mm,1.0,1.0,1.0,,,,,,,,,,,,35.0,35.0,35.0,230.0,230.0,230.0,150.0,150.0,150.0,mm,,,,,,,,,,,hardpoint,above
_measure_2,manuscript_1,,,"Cambridge, Pembroke College, MS 308",manuscript,,PEMBROKE-MS-00308,,,,,,,,,,,,,,,,,,,,,,,,,,,,,,,,,,,,,,,,,,,,,,,,,,,,,,,,,,,,,,,,,
_measure_3,manuscript_1,,,"Cambridge, Pembroke College, MS 308",manuscript,,PEMBROKE-MS-00308,,,,,,,,,,,,,,,,,,,,,,,,,,,,,,,,,,,,,,,,,,,,,,,,,,,,,,,,,,,,,,,,,
_measure_4,manuscript_1,,,"Cambridge, Pembroke College, MS 308",manuscript,,PEMBROKE-MS-00308,,,,,,,,,,,,,,,,,,,,,,,,,,,,,,,,,,,,,,,,,,,,,,,,,,,,,,,,,,,,,,,,,
_measure_5,manuscript_1,,,"Cambridge, Pembroke College, MS 308",manuscript,,PEMBROKE-MS-00308,,,,,,,,,,,,,,,,,,,,,,,,,,,,,,,,,,,,,,,,,,,,,,,,,,,,,,,,,,,,,,,,,
_measure_1,manuscript_11894,,,"Cambridge, Pembroke College, MS 310",manuscript,,MS-PEMBROKE-00310,,,,,,,,,,,,,,,,,,,,310.0,310.0,310.0,213.0,213.0,213.0,,,,mm,1.0,1.0,1.0,,,,,,,,,,,,12.0,12.0,12.0,151.0,151.0,151.0,135.0,135.0,135.0,mm,,,,,,,,,,,hardpoint,below
_measure_1,manuscript_77213,,,"Cambridge, Pembroke College, MS LC II.174",manuscript,,MS-PEMBROKE-LC-II-00174,"Codex iii + 4 + 87 + iii , 155 95",87.0,4.0,6.0,,,,,,,,,,,,,,,,155.0,155.0,155.0,95.0,95.0,95.0,,,,mm,1.0,1.0,1.0,,,,,,,,,,,,27 33,33.0,27.0,120-130,130.0,120.0,65.0,65.0,65.0,mm,,,,,,,,,,,,
_measure_1,manuscript_77214,,,"Cambridge, Pembroke College, MS LC II.232",manuscript,,MS-PEMBROKE-LC-II-00232,,,,,,,,,,,,,,,,,,,,300.0,300.0,300.0,190-200,200.0,190.0,,,,mm,1.0,1.0,1.0,,,,,,,,,,,,42.0,42.0,42.0,250.0,250.0,250.0,145.0,145.0,145.0,mm,,,,,,,,,,,,
_measure_1,manuscript_77214,,,"Cambridge, Pembroke College, MS LC II.233.1",manuscript,,MS-PEMBROKE-LC-II-00233-00001,Codex 2 + 34 + 2 314 200,34.0,4.0,,,,,,,,,,,,,,,,,314.0,314.0,314.0,200.0,200.0,200.0,,,,mm,1.0,1.0,1.0,,,,,,,,,,,,31 37,37.0,31.0,280-290,290.0,280.0,160.0,160.0,160.0,mm,,,,,,,,,,,hardpoint,
_measure_1,manuscript_77215,,,"Cambridge, Pembroke College, MS LC II.233.2",manuscript,,MS-PEMBROKE-LC-II-00233-00002,Codex 2 + 24 334 210,24.0,2.0,,,,,,,,,,,,,,,,,334.0,334.0,334.0,210.0,210.0,210.0,,,,mm,1.0,1.0,1.0,,,,,,,,,,,,41 46,46.0,41.0,252-268,268.0,252.0,150.0,150.0,150.0,mm,,,,,,,,,,,hardpoint,
_measure_1,manuscript_1,,,"Cambridge, Peterhouse, MS 87",manuscript,,MS-PETERHOUSE-00087,Codex: 185 leaves. 335 240,185.0,,,,,,,,,,,,,,,,,,335.0,335.0,335.0,240.0,240.0,240.0,,,,mm,2.0,2.0,2.0,,,,,,,,,,,,50 52,52.0,50.0,210.0,210.0,210.0,155.0,155.0,155.0,mm,,,,,,,,,,,leadpoint,above
_measure_2,manuscript_1,,,"Cambridge, Peterhouse, MS 87",manuscript,,MS-PETERHOUSE-00087,,,,,,,,,,,,,,,,,,,,,,,,,,,,,,,,,,,,,,,,,,,,,,,,,,,,,,,,,,,,,,,,,
_measure_3,manuscript_1,,,"Cambridge, Peterhouse, MS 87",manuscript,,MS-PETERHOUSE-00087,,,,,,,,,,,,,,,,,,,,,,,,,,,,,,,,,,,,,,,,,,,,,,,,,,,,,,,,,,,,,,,,,
_measure_1,manuscript_1,,,"Cambridge, Peterhouse, MS 95",manuscript-composite,,MS-PETERHOUSE-00095,Codex: 127 | 8 leaves.,135.0,,,,,,,,,,,,,,,,,,,,,,,,,,,,,,,,,,,,,,,,,,,,,,,,,,,,,,,,,,,,,,,
_measure_2,manuscript_1,,,"Cambridge, Peterhouse, MS 95",part,,,Codex: 127 leaves. 330 240,127.0,,,,,,,,,,,,,,,,,,330.0,330.0,330.0,240.0,240.0,240.0,,,,mm,1.0,1.0,1.0,,,,,,,,,,,,49 53,53.0,49.0,280-290,290.0,280.0,200.0,200.0,200.0,mm,,,,,,,,,,,,
_measure_3,manuscript_1,,,"Cambridge, Peterhouse, MS 95",part,,,Codex: 127 leaves. 330 240,127.0,,,,,,,,,,,,,,,,,,330.0,330.0,330.0,240.0,240.0,240.0,,,,mm,2.0,2.0,2.0,,,,,,,,,,,,65 70,70.0,65.0,260.0,260.0,260.0,170.0,170.0,170.0,mm,,,,,,,,,,,crayon,below
_measure_4,manuscript_1,,,"Cambridge, Peterhouse, MS 95",part,,,Codex: 8 leaves. 330 240,8.0,,,,,,,,,,,,,,,,,,330.0,330.0,330.0,240.0,240.0,240.0,,,,mm,2.0,2.0,2.0,,,,,,,,,,,,40 60,60.0,40.0,260.0,260.0,260.0,170.0,170.0,170.0,mm,,,,,,,,,,,leadpoint,below
_measure_1,manuscript_1,,,"Cambridge, Peterhouse, MS 106",manuscript,,MS-PETERHOUSE-00106,Codex: 173 leaves. 345 220,173.0,,,,,,,,,,,,,,,,,,345.0,345.0,345.0,220.0,220.0,220.0,,,,mm,2.0,2.0,2.0,,,,,,,,,,,,44.0,44.0,44.0,250.0,250.0,250.0,155.0,155.0,155.0,mm,,,,,,,,,,,crayon,below
_measure_2,manuscript_1,,,"Cambridge, Peterhouse, MS 106",manuscript,,MS-PETERHOUSE-00106,,,,,,,,,,,,,,,,,,,,,,,,,,,,,,,,,,,,,,,,,,,,,,,,,,,,,,,,,,,,,,,,,
_measure_1,manuscript_1,,,"Cambridge, Peterhouse, MS 118",manuscript,,MS-PETERHOUSE-00118,Codex: i + 346 + i leaves. 280 200,346.0,2.0,,,,,,,,,,,,,,,,,280.0,280.0,280.0,200.0,200.0,200.0,,,,mm,2.0,2.0,2.0,,,,,,,,,,,,33.0,33.0,33.0,215.0,215.0,215.0,130.0,130.0,130.0,mm,,,,,,,,,,,pencil,above
_measure_1,manuscript_1,,,"Cambridge, Peterhouse, MS 139",manuscript-composite,,MS-PETERHOUSE-00139,Codex: i + 2 + 108 | 8 + 3 + i,116.0,5.0,2.0,,,,,,,,,,,,,,,,,,,,,,,,,,,,,,,,,,,,,,,,,,,,,,,,,,,,,,,,,,,,,
_measure_2,manuscript_1,,,"Cambridge, Peterhouse, MS 139",part,,,Codex: 108 leaves. 335 235,108.0,,,,,,,,,,,,,,,,,,335.0,335.0,335.0,235.0,235.0,235.0,,,,mm,2.0,2.0,2.0,,,,,,,,,,,,58.0,58.0,58.0,245.0,245.0,245.0,170.0,170.0,170.0,mm,,,,,,,,,,,crayon,below
_measure_3,manuscript_1,,,"Cambridge, Peterhouse, MS 139",part,,,Codex: 8 leaves. 335 235,8.0,,,,,,,,,,,,,,,,,,335.0,335.0,335.0,235.0,235.0,235.0,,,,mm,2.0,2.0,2.0,,,,,,,,,,,,64 66,66.0,64.0,260.0,260.0,260.0,165.0,165.0,165.0,mm,,,,,,,,,,,leadpoint,below
_measure_1,manuscript_1,,,"Cambridge, Peterhouse, MS 168",manuscript,,MS-PETERHOUSE-00168,Codex: 332 + 1 leaves. The second endleaf has been pasted on the inside of the rear cover. 285 200,332.0,1.0,,,,,,,,,,,,,,,,,285.0,285.0,285.0,200.0,200.0,200.0,,,,mm,2.0,2.0,2.0,,,,,,,,,,,,41.0,41.0,41.0,195.0,195.0,195.0,130.0,130.0,130.0,mm,,,,,,,,,,,ink,below
_measure_1,manuscript_1,,,"Cambridge, Peterhouse, MS 178",manuscript,,MS-PETERHOUSE-00178,Codex: 310 leaves. 275 205,310.0,,,,,,,,,,,,,,,,,,275.0,275.0,275.0,205.0,205.0,205.0,,,,mm,3.0,3.0,3.0,,,,,,,,,,,,33.0,33.0,33.0,210.0,210.0,210.0,155.0,155.0,155.0,mm,,,,,,,,,,,crayon,below
_measure_2,manuscript_1,,,"Cambridge, Peterhouse, MS 178",manuscript,,MS-PETERHOUSE-00178,Codex: 310 leaves. 275 205,310.0,,,,,,,,,,,,,,,,,,275.0,275.0,275.0,205.0,205.0,205.0,,,,mm,1.0,1.0,1.0,,,,,,,,,,,,33.0,33.0,33.0,210.0,210.0,210.0,155.0,155.0,155.0,mm,,,,,,,,,,,crayon,below
_measure_3,manuscript_1,,,"Cambridge, Peterhouse, MS 178",manuscript,,MS-PETERHOUSE-00178,Codex: 310 leaves. 275 205,310.0,,,,,,,,,,,,,,,,,,275.0,275.0,275.0,205.0,205.0,205.0,,,,mm,2.0,2.0,2.0,,,,,,,,,,,,33.0,33.0,33.0,210.0,210.0,210.0,155.0,155.0,155.0,mm,,,,,,,,,,,crayon,below
_measure_1,manuscript_1,,,"Cambridge, Peterhouse, MS 182",manuscript,,MS-PETERHOUSE-00182,Codex: i + 173 leaves. The first endleaf at the beginning has been pasted on the inside of the upper cover and the last leaf has been pasted on the inside of the lower cover. 280 215,173.0,1.0,,,,,,,,,,,,,,,,,280.0,280.0,280.0,215.0,215.0,215.0,,,,mm,2.0,2.0,2.0,,,,,,,,,,,,45 46,46.0,45.0,200.0,200.0,200.0,140.0,140.0,140.0,mm,,,,,,,,,,,ink,below
_measure_2,manuscript_1,,,"Cambridge, Peterhouse, MS 182",manuscript,,MS-PETERHOUSE-00182,Codex: i + 173 leaves. The first endleaf at the beginning has been pasted on the inside of the upper cover and the last leaf has been pasted on the inside of the lower cover. 280 215,173.0,1.0,,,,,,,,,,,,,,,,,280.0,280.0,280.0,215.0,215.0,215.0,,,,mm,2.0,2.0,2.0,,,,,,,,,,,,45 46,46.0,45.0,200.0,200.0,200.0,140.0,140.0,140.0,mm,,,,,,,,,,,leadpoint,below
_measure_3,manuscript_1,,,"Cambridge, Peterhouse, MS 182",manuscript,,MS-PETERHOUSE-00182,,,,,,,,,,,,,,,,,,,,,,,,,,,,,,,,,,,,,,,,,,,,,,,,,,,,,,,,,,,,,,,,,
_measure_4,manuscript_1,,,"Cambridge, Peterhouse, MS 182",manuscript,,MS-PETERHOUSE-00182,,,,,,,,,,,,,,,,,,,,,,,,,,,,,,,,,,,,,,,,,,,,,,,,,,,,,,,,,,,,,,,,,
_measure_1,manuscript_1,,,"Cambridge, Peterhouse, MS 222",manuscript-composite,,PETERHOUSE-MS-00222,Codex: 8 | 8 | 86 | 31 | 22 | 6 | 4 | 5 | 12 leaves.,182.0,,,,,,,,,,,,,,,,,,,,,,,,,,,,,,,,,,,,,,,,,,,,,,,,,,,,,,,,,,,,,,,
_measure_2,manuscript_1,,,"Cambridge, Peterhouse, MS 222",part,,,Codex: 8 leaves. 225 160,8.0,,,,,,,,,,,,,,,,,,225.0,225.0,225.0,160.0,160.0,160.0,,,,mm,1.0,1.0,1.0,,,,,,,,,,,,27.0,27.0,27.0,185.0,185.0,185.0,110.0,110.0,110.0,mm,,,,,,,,,,,ink,below
_measure_3,manuscript_1,,,"Cambridge, Peterhouse, MS 222",part,,,Codex: 8 leaves. 225 160,8.0,,,,,,,,,,,,,,,,,,225.0,225.0,225.0,160.0,160.0,160.0,,,,mm,1.0,1.0,1.0,,,,,,,,,,,,24.0,24.0,24.0,185.0,185.0,185.0,120.0,120.0,120.0,mm,,,,,,,,,,,ink,below
_measure_4,manuscript_1,,,"Cambridge, Peterhouse, MS 222",part,,,Codex: 86 leaves. 225 160,86.0,,,,,,,,,,,,,,,,,,225.0,225.0,225.0,160.0,160.0,160.0,,,,mm,2.0,2.0,2.0,,,,,,,,,,,,30.0,30.0,30.0,160.0,160.0,160.0,110.0,110.0,110.0,mm,,,,,,,,,,,leadpoint,above
_measure_5,manuscript_1,,,"Cambridge, Peterhouse, MS 222",part,,,Codex: 32 leaves. 225 160,32.0,,,,,,,,,,,,,,,,,,225.0,225.0,225.0,160.0,160.0,160.0,,,,mm,2.0,2.0,2.0,,,,,,,,,,,,46 50,50.0,46.0,175.0,175.0,175.0,105.0,105.0,105.0,mm,,,,,,,,,,,leadpoint,below
_measure_6,manuscript_1,,,"Cambridge, Peterhouse, MS 222",part,,,Codex: 22 leaves. 225 160,22.0,,,,,,,,,,,,,,,,,,225.0,225.0,225.0,160.0,160.0,160.0,,,,mm,2.0,2.0,2.0,,,,,,,,,,,,45 55,55.0,45.0,195.0,195.0,195.0,140.0,140.0,140.0,mm,,,,,,,,,,,leadpoint,above
_measure_7,manuscript_1,,,"Cambridge, Peterhouse, MS 222",part,,,Codex: 6 leaves. 225 160,6.0,,,,,,,,,,,,,,,,,,225.0,225.0,225.0,160.0,160.0,160.0,,,,mm,3.0,3.0,3.0,,,,,,,,,,,,64 66,66.0,64.0,190.0,190.0,190.0,130.0,130.0,130.0,mm,,,,,,,,,,,leadpoint,above
_measure_8,manuscript_1,,,"Cambridge, Peterhouse, MS 222",part,,,Codex: 4 leaves. 225 160,4.0,,,,,,,,,,,,,,,,,,225.0,225.0,225.0,160.0,160.0,160.0,,,,mm,2.0,2.0,2.0,,,,,,,,,,,,61.0,61.0,61.0,205.0,205.0,205.0,160.0,160.0,160.0,mm,,,,,,,,,,,leadpoint,below
_measure_9,manuscript_1,,,"Cambridge, Peterhouse, MS 222",part,,,Codex: 5 leaves. 230 160,5.0,,,,,,,,,,,,,,,,,,230.0,230.0,230.0,160.0,160.0,160.0,,,,mm,2.0,2.0,2.0,,,,,,,,,,,,65.0,65.0,65.0,210.0,210.0,210.0,140.0,140.0,140.0,mm,,,,,,,,,,,leadpoint,below
_measure_10,manuscript_1,,,"Cambridge, Peterhouse, MS 222",part,,,Codex: 12 leaves. 225 160,12.0,,,,,,,,,,,,,,,,,,225.0,225.0,225.0,160.0,160.0,160.0,,,,mm,2.0,2.0,2.0,,,,,,,,,,,,51.0,51.0,51.0,180.0,180.0,180.0,110.0,110.0,110.0,mm,,,,,,,,,,,leadpoint,below
_measure_1,manuscript_1,,,"Cambridge, Peterhouse, MS 247",manuscript-composite,,MS-PETERHOUSE-00247,Codex: ii + 3 | 45 | 34 | 77 | 6 | 8 | 4 | 1 | 1 | 4 + ii leaves.,176.0,7.0,4.0,,,,,,,,,,,,,,,,,,,,,,,,,,,,,,,,,,,,,,,,,,,,,,,,,,,,,,,,,,,,,
_measure_2,manuscript_1,,,"Cambridge, Peterhouse, MS 247",part,,,Codex: 2 + 3 leaves. 215 163,,5.0,,,,,,,,,,,,,,,,,215.0,215.0,215.0,163.0,163.0,163.0,,,,mm,1.0,1.0,1.0,,,,,,,,,,,,30.0,30.0,30.0,200.0,200.0,200.0,140.0,140.0,140.0,mm,,,,,,,,,,,leadpoint,mixed
_measure_3,manuscript_1,,,"Cambridge, Peterhouse, MS 247",part,,,Codex: 45 leaves. 220 160,45.0,,,,,,,,,,,,,,,,,,220.0,220.0,220.0,160.0,160.0,160.0,,,,mm,1.0,1.0,1.0,,,,,,,,,,,,31.0,31.0,31.0,145.0,145.0,145.0,80.0,80.0,80.0,mm,,,,,,,,,,,leadpoint,below
_measure_4,manuscript_1,,,"Cambridge, Peterhouse, MS 247",part,,,Codex: 34 leaves. 215 165,34.0,,,,,,,,,,,,,,,,,,215.0,215.0,215.0,165.0,165.0,165.0,,,,mm,4.0,4.0,4.0,,,,,,,,,,,,46.0,46.0,46.0,170.0,170.0,170.0,110.0,110.0,110.0,mm,,,,,,,,,,,leadpoint,below
_measure_5,manuscript_1,,,"Cambridge, Peterhouse, MS 247",part,,,Codex: 34 leaves. 215 165,34.0,,,,,,,,,,,,,,,,,,215.0,215.0,215.0,165.0,165.0,165.0,,,,mm,2.0,2.0,2.0,,,,,,,,,,,,42.0,42.0,42.0,170.0,170.0,170.0,110.0,110.0,110.0,mm,,,,,,,,,,,leadpoint,below
_measure_6,manuscript_1,,,"Cambridge, Peterhouse, MS 247",part,,,Codex: 34 leaves. 215 165,34.0,,,,,,,,,,,,,,,,,,215.0,215.0,215.0,165.0,165.0,165.0,,,,mm,3.0,3.0,3.0,,,,,,,,,,,,42.0,42.0,42.0,170.0,170.0,170.0,115.0,115.0,115.0,mm,,,,,,,,,,,leadpoint,below
_measure_7,manuscript_1,,,"Cambridge, Peterhouse, MS 247",part,,,Codex: 77 leaves. 215 165,77.0,,,,,,,,,,,,,,,,,,215.0,215.0,215.0,165.0,165.0,165.0,,,,mm,1.0,1.0,1.0,,,,,,,,,,,,22.0,22.0,22.0,105.0,105.0,105.0,70.0,70.0,70.0,mm,,,,,,,,,,,mixed,below
_measure_8,manuscript_1,,,"Cambridge, Peterhouse, MS 247",part,,,Codex: 6 leaves. 215 150,6.0,,,,,,,,,,,,,,,,,,215.0,215.0,215.0,150.0,150.0,150.0,,,,mm,1.0,1.0,1.0,,,,,,,,,,,,46.0,46.0,46.0,140.0,140.0,140.0,85.0,85.0,85.0,mm,,,,,,,,,,,leadpoint,below
_measure_9,manuscript_1,,,"Cambridge, Peterhouse, MS 247",part,,,Codex: 8 leaves. 160 160,8.0,,,,,,,,,,,,,,,,,,215.0,215.0,215.0,160.0,160.0,160.0,,,,mm,1.0,1.0,1.0,,,,,,,,,,,,25 27,27.0,25.0,170.0,170.0,170.0,95.0,95.0,95.0,mm,,,,,,,,,,,hardpoint,below
_measure_10,manuscript_1,,,"Cambridge, Peterhouse, MS 247",part,,,Codex: 4 leaves. 165-220 145,4.0,,,,,,,,,,,,,,,,,,165-220,220.0,165.0,145.0,145.0,145.0,,,,mm,1.0,1.0,1.0,,,,,,,,,,,,,,,,,,,,,,,,,,,,,,,,unruled,
_measure_11,manuscript_1,,,"Cambridge, Peterhouse, MS 247",part,,,Fragment: 1 leaf. 215 160,1.0,,,,,,,,,,,,,,,,,,215.0,215.0,215.0,160.0,160.0,160.0,,,,mm,2.0,2.0,2.0,,,,,,,,,,,,49.0,49.0,49.0,185.0,185.0,185.0,140.0,140.0,140.0,mm,,,,,,,,,,,mixed,above
_measure_12,manuscript_1,,,"Cambridge, Peterhouse, MS 247",part,,,Fragment: 1 leaf. 218 147,1.0,,,,,,,,,,,,,,,,,,218.0,218.0,218.0,147.0,147.0,147.0,,,,mm,1.0,1.0,1.0,,,,,,,,,,,,35.0,35.0,35.0,208.0,208.0,208.0,87.0,87.0,87.0,mm,,,,,,,,,,,none,mixed
_measure_1,manuscript_1,,,"Cambridge, Peterhouse, MS 251",manuscript-composite,,MS-PETERHOUSE-00251,Codex: ii + 2 | 6 | 5 | 15 | 22 | 43 | 14 | 86 + 2 + ii leaves.,191.0,4.0,4.0,,,,,,,,,,,,,,,,,,,,,,,,,,,,,,,,,,,,,,,,,,,,,,,,,,,,,,,,,,,,,
_measure_2,manuscript_1,,,"Cambridge, Peterhouse, MS 251",part,,,Codex: 22 parchment endleaves.,,2.0,,,,,,,,,,,,,,,,,,,,,,,,,,,,,,,,,,,,,,,,,,,,,,,,,,,,,,,,,,,,,,
_measure_3,manuscript_1,,,"Cambridge, Peterhouse, MS 251",part,,,Codex: 6 leaves. 240 170,6.0,,,,,,,,,,,,,,,,,,240.0,240.0,240.0,160.0,160.0,160.0,,,,mm,2.0,2.0,2.0,,,,,,,,,,,,53.0,53.0,53.0,195.0,195.0,195.0,120.0,120.0,120.0,mm,,,,,,,,,,,leadpoint,above
_measure_4,manuscript_1,,,"Cambridge, Peterhouse, MS 251",part,,,Codex: 5 leaves. 240 170,5.0,,,,,,,,,,,,,,,,,,240.0,240.0,240.0,160.0,160.0,160.0,,,,mm,1.0,1.0,1.0,,,,,,,,,,,,36.0,36.0,36.0,165.0,165.0,165.0,60.0,60.0,60.0,mm,,,,,,,,,,,leadpoint,above
_measure_5,manuscript_1,,,"Cambridge, Peterhouse, MS 251",part,,,Codex: 15 leaves. 240 165-170,15.0,,,,,,,,,,,,,,,,,,240.0,240.0,240.0,165-170,170.0,165.0,,,,mm,1.0,1.0,1.0,,,,,,,,,,,,42.0,42.0,42.0,200.0,200.0,200.0,120.0,120.0,120.0,mm,,,,,,,,,,,leadpoint,above
_measure_6,manuscript_1,,,"Cambridge, Peterhouse, MS 251",part,,,Codex: 22 leaves. 240 165-170,22.0,,,,,,,,,,,,,,,,,,240.0,240.0,240.0,165-170,170.0,165.0,,,,mm,2.0,2.0,2.0,,,,,,,,,,,,38.0,38.0,38.0,170.0,170.0,170.0,110-115,115.0,110.0,mm,,,,,,,,,,,leadpoint,mixed
_measure_7,manuscript_1,,,"Cambridge, Peterhouse, MS 251",part,,,Codex: 43 leaves. 240 170,43.0,,,,,,,,,,,,,,,,,,240.0,240.0,240.0,170.0,170.0,170.0,,,,mm,2.0,2.0,2.0,,,,,,,,,,,,50.0,50.0,50.0,185.0,185.0,185.0,115.0,115.0,115.0,mm,,,,,,,,,,,leadpoint,mixed
_measure_8,manuscript_1,,,"Cambridge, Peterhouse, MS 251",part,,,Codex: 14 leaves. 240 170,14.0,,,,,,,,,,,,,,,,,,240.0,240.0,240.0,170.0,170.0,170.0,,,,mm,2.0,2.0,2.0,,,,,,,,,,,,35.0,35.0,35.0,180.0,180.0,180.0,120.0,120.0,120.0,mm,,,,,,,,,,,leadpoint,below
_measure_9,manuscript_1,,,"Cambridge, Peterhouse, MS 251",part,,,Codex: 14 leaves. 240 170,14.0,,,,,,,,,,,,,,,,,,240.0,240.0,240.0,170.0,170.0,170.0,,,,mm,2.0,2.0,2.0,,,,,,,,,,,,46.0,46.0,46.0,180.0,180.0,180.0,120.0,120.0,120.0,mm,,,,,,,,,,,leadpoint,below
_measure_10,manuscript_1,,,"Cambridge, Peterhouse, MS 251",part,,,Codex: 86 leaves. 240 150-160,86.0,,,,,,,,,,,,,,,,,,240.0,240.0,240.0,150-160,160.0,150.0,,,,mm,1.0,1.0,1.0,,,,,,,,,,,,37.0,37.0,37.0,175.0,175.0,175.0,105.0,105.0,105.0,mm,,,,,,,,,,,drypoint,above
_measure_11,manuscript_1,,,"Cambridge, Peterhouse, MS 251",part,,,Codex: 2 endleaves.,,2.0,,,,,,,,,,,,,,,,,,,,,,,,,,,1.0,1.0,1.0,,,,,,,,,,,,12.0,12.0,12.0,130.0,130.0,130.0,135.0,135.0,135.0,mm,,,,,,,,,,,leadpoint,below
_measure_1,,,,"Cambridge, Queens' College, MS 14",manuscript,,MS-QUEENS-00014,2 + 288 + 1 leaves. 400 280,288.0,,3.0,,,,,,,,,,,,,,,,400.0,400.0,400.0,280.0,280.0,280.0,,,,mm,2.0,2.0,2.0,,,,,,,,,,,,40.0,40.0,40.0,298.0,298.0,298.0,190.0,190.0,190.0,mm,,,,,,,,,,,leadpoint,above
_measure_1,,,,"Cambridge, Queens'
                                          College, MS 15",manuscript,,MS-QUEENS-00015,126 leaves. 304 213,125.0,,,,,,,,,,,,,,,,,,304.0,304.0,304.0,213.0,213.0,213.0,,,,mm,2.0,2.0,2.0,,,,,,,,,,,,36.0,36.0,36.0,240.0,240.0,240.0,160.0,160.0,160.0,mm,,,,,,,,,,,leadpoint,above
_measure_1,,,,"Cambridge, Queens' College, MS 16",manuscript,,MS-QUEENS-00016,iii + 101 + iii leaves. 245 175,101.0,,6.0,,,,,,,,,,,,,,,,249.0,249.0,249.0,175.0,175.0,175.0,,,,mm,2.0,2.0,2.0,,,,,,,,,,,,30.0,30.0,30.0,175.0,175.0,175.0,125.0,125.0,125.0,mm,,,,,,,,,,,crayon,above
_measure_1,,,,"Cambridge, Queens' College, MS
                            18",manuscript,,MS-QUEENS-00018,2 + 169 + 2 leaves. 340 240,169.0,4.0,,,,,,,,,,,,,,,,,340.0,340.0,340.0,240.0,240.0,240.0,,,,mm,2.0,2.0,2.0,,,,,,,,,,,,34.0,34.0,34.0,250.0,250.0,250.0,160.0,160.0,160.0,mm,,,,,,,,,,,leadpoint,above
_measure_2,,,,"Cambridge, Queens' College, MS
                            18",manuscript,,MS-QUEENS-00018,2 + 169 + 2 leaves. 340 240,169.0,4.0,,,,,,,,,,,,,,,,,340.0,340.0,340.0,240.0,240.0,240.0,,,,mm,,,,,,,,,,,,,,,,,,,,,,,,,,,,,,,,,,,,
_measure_1,,,,"Cambridge, Queens' College, MS
                            18*",manuscript,,MS-QUEENS-00018*,183 + 1 leaves. 345 230,183.0,1.0,,,,,,,,,,,,,,,,,345.0,345.0,345.0,230.0,230.0,230.0,,,,mm,2.0,2.0,2.0,,,,,,,,,,,,32 34,34.0,32.0,240.0,240.0,240.0,155.0,155.0,155.0,mm,,,,,,,,,,,leadpoint,above
_measure_2,,,,"Cambridge, Queens' College, MS
                            18*",manuscript,,MS-QUEENS-00018*,183 + 1 leaves. 345 230,183.0,1.0,,,,,,,,,,,,,,,,,345.0,345.0,345.0,230.0,230.0,230.0,,,,mm,,,,,,,,,,,,,,,,,,,,,,,,,,,,,,,,,,,,
_measure_1,,,,"Cambridge, Queens' College, MS 19",manuscript,,MS-QUEENS-00019,144 leaves. 276 197,144.0,,,,,,,,,,,,,,,,,,276.0,276.0,276.0,197.0,197.0,197.0,,,,mm,2.0,2.0,2.0,,,,,,,,,,,,27.0,27.0,27.0,191.0,191.0,191.0,130.0,130.0,130.0,mm,,,,,,,,,,,leadpoint,above
_measure_1,,,,"Cambridge, Queens' College, MS
                            20",manuscript-composite,,MS-QUEENS-00020,3 + 162 + 4 leaves.,169.0,,,,,,,,,,,,,,,,,,,,,,,,,,,,,,,,,,,,,,,,,,,,,,,,,,,,,,,,,,,,,,,
_measure_2,,,,"Cambridge, Queens' College, MS
                            20",part,,,7 leaves. 250 177,7.0,,,,,,,,,,,,,,,,,,250.0,250.0,250.0,177.0,177.0,177.0,,,,mm,2.0,2.0,2.0,,,,,,,,,,,,37.0,37.0,37.0,188.0,188.0,188.0,143.0,143.0,143.0,mm,,,,,,,,,,,leadpoint,above
_measure_3,,,,"Cambridge, Queens' College, MS
                            20",part,,,162 leaves. 257 184,162.0,,,,,,,,,,,,,,,,,,257.0,257.0,257.0,184.0,184.0,184.0,,,,mm,2.0,2.0,2.0,,,,,,,,,,,,35.0,35.0,35.0,209.0,209.0,209.0,124.0,124.0,124.0,mm,,,,,,,,,,,leadpoint,above
_measure_1,,,,"Cambridge, Queens' College, MS
                            21",manuscript,,MS-QUEENS-00021,102 leaves. 292 207,102.0,,,,,,,,,,,,,,,,,,292.0,292.0,292.0,207.0,207.0,207.0,,,,mm,2.0,2.0,2.0,,,,,,,,,,,,30 34,34.0,30.0,220.0,220.0,220.0,150.0,150.0,150.0,mm,,,,,,,,,,,ink,above
_measure_1,,,,"Cambridge, Queens' College, MS
                            22",manuscript,,MS-QUEENS-00022,i + 130 + iii + i leaves. 170 110,130.0,,5.0,,,,,,,,,,,,,,,,170.0,170.0,170.0,110.0,110.0,110.0,,,,mm,1.0,1.0,1.0,,,,,,,,,,,,36 47,47.0,36.0,130-140,140.0,130.0,36-47,47.0,36.0,mm,,,,,,,,,,,leadpoint,
_measure_1,,,,"Cambridge, Queens' College, MS 23",manuscript,,MS-QUEENS-00023,5 + 136 + 1 leaves. 175 135,135.0,1.0,,,,,,,,,,,,,,,,,175.0,175.0,175.0,135.0,135.0,135.0,,,,mm,1.0,1.0,1.0,,,,,,,,,,,,39.0,39.0,39.0,153.0,153.0,153.0,97.0,97.0,97.0,mm,,,,,,,,,,,ink,below
_measure_1,,,,"Cambridge, Queens' College, MS
                            24",manuscript,,MS-QUEENS-00024,2 parchment stubs (one waste from Latin manuscript) + 1 (printed waste) + 70 + 3 parchment stubs (one waste from Latin manuscript) + 1 (printed waste). 310 212-217,70.0,7.0,,,,,,,,,,,,,,,,,310.0,310.0,310.0,212-217,217.0,212.0,,,,mm,1.0,1.0,1.0,,,,,,,,,,,,39 40,40.0,39.0,218.0,218.0,218.0,114-170,170.0,114.0,mm,,,,,,,,,,,ink,below
_measure_1,manuscript_1,,,"Cambridge, Queens' College, MS 25",manuscript,,,iii + 65 leaves. 290 200,65.0,3.0,,,,,,,,,,,,,,,,,290.0,290.0,290.0,200.0,200.0,200.0,,,,mm,1.0,1.0,1.0,,,,,,,,,,,,21.0,21.0,21.0,175.0,175.0,175.0,120.0,120.0,120.0,mm,,,,,,,,,,,ink,below
_measure_1,,,,"Cambridge, Queens' College, MS 26",manuscript,,MS-QUEENS-00026,ii + 1 (former pastedown) + 208 + 1 (former pastedown) + ii leaves. 316 227,208.0,2.0,4.0,,,,,,,,,,,,,,,,316.0,316.0,316.0,227.0,227.0,227.0,,,,mm,2.0,2.0,2.0,,,,,,,,,,,,16 19,19.0,16.0,198.0,198.0,198.0,69.0,69.0,69.0,mm,,,,,,,,,,,leadpoint,below
_measure_2,,,,"Cambridge, Queens' College, MS 26",manuscript,,MS-QUEENS-00026,ii + 1 (former pastedown) + 208 + 1 (former pastedown) + ii leaves. 316 227,208.0,2.0,4.0,,,,,,,,,,,,,,,,316.0,316.0,316.0,227.0,227.0,227.0,,,,mm,2.0,2.0,2.0,,,,,,,,,,,,31 37,37.0,31.0,,,,,,,,,,,,,,,,,,leadpoint,below
_measure_1,,,,"Cambridge, Queens' College, MS
                            27",manuscript,,MS-QUEENS-00027,ii + 1 + 194 + iii leaves. 224 163,194.0,,6.0,,,,,,,,,,,,,,,,224.0,224.0,224.0,163.0,163.0,163.0,,,,mm,1.0,1.0,1.0,,,,,,,,,,,,38 43,43.0,38.0,169-175,175.0,169.0,100-109,109.0,100.0,mm,,,,,,,,,,,leadpoint,above
_measure_1,manuscript_1,,,"Cambridge, Queens' College, MS 28",manuscript,,,ii + 268 leaves.,268.0,2.0,,,,,,,,,,,,,,,,,387.0,387.0,387.0,266.0,266.0,266.0,,,,mm,1.0,1.0,1.0,,,,,,,,,,,,24.0,24.0,24.0,275.0,275.0,275.0,180.0,180.0,180.0,mm,,,,,,,,,,,ink,
_measure_1,,,,"Cambridge, Queens' College, MS
                            29",manuscript,,MS-QUEENS-00029,2 + vi + 217 + 2 leaves. 196 131,223.0,2.0,2.0,,,,,,,,,,,,,,,,196.0,196.0,196.0,131.0,131.0,131.0,,,,mm,1.0,1.0,1.0,,,,,,,,,,,,17.0,17.0,17.0,127.0,127.0,127.0,83.0,83.0,83.0,mm,,,,,,,,,,,leadpoint,below
_measure_1,,,,"Cambridge, Queens' College, MS 30",manuscript,,MS-QUEENS-00030,2 + 32 + 2 leaves. 210 144,32.0,3.0,,,,,,,,,,,,,,,,,210.0,210.0,210.0,144.0,144.0,144.0,,,,mm,1.0,1.0,1.0,,,,,,,,,,,,6 35,35.0,6.0,,,,,,,,,,,,,,,,,,crayon,
_measure_1,,,,"Cambridge, Queens' College, MS 31",manuscript,,MS-QUEENS-00031,2 + 1 + 206 + 1 leaves. 271 185,206.0,4.0,,,,,,,,,,,,,,,,,271.0,271.0,271.0,185.0,185.0,185.0,,,,mm,2.0,2.0,2.0,,,,,,,,,,,,25.0,25.0,25.0,192.0,192.0,192.0,121.0,121.0,121.0,mm,,,,,,,,,,,ink,below
_measure_1,manuscript_11895,,,"Cambridge, Queens' College, MS 32",manuscript-composite,,MS-QUEENS-00032,,,,,,,,,,,,,,,,,,,,285.0,285.0,285.0,195.0,195.0,195.0,,,,mm,,,,,,,,,,,,,,,,,,,,,,,,,,,,,,,,,,,,
_measure_2,manuscript_11895,,,"Cambridge, Queens' College, MS 32",part,,,,,,,,,,,,,,,,,,,,,,,,,,,,,,,,1.0,1.0,1.0,,,,,,,,,,,,28 30,30.0,28.0,200-210,210.0,200.0,130.0,130.0,130.0,mm,,,,,,,,,,,,
_measure_3,manuscript_11895,,,"Cambridge, Queens' College, MS 32",part,,,,,,,,,,,,,,,,,,,,,,,,,,,,,,,,1.0,1.0,1.0,,,,,,,,,,,,34 51,51.0,34.0,220-260,260.0,220.0,130-150,150.0,130.0,mm,,,,,,,,,,,,
_measure_4,manuscript_11895,,,"Cambridge, Queens' College, MS 32",part,,,,,,,,,,,,,,,,,,,,,,,,,,,,,,,,1.0,1.0,1.0,,,,,,,,,,,,28.0,28.0,28.0,200.0,200.0,200.0,120.0,120.0,120.0,mm,,,,,,,,,,,,
_measure_1,manuscript_11896,,,"Cambridge, Queens' College, MS 33",manuscript,,MS-QUEENS-00033,Codex 4 + 177 + 3. 345 250,177.0,7.0,,,,,,,,,,,,,,,,,345.0,345.0,345.0,250.0,250.0,250.0,,,,mm,1.0,1.0,1.0,,,,,,,,,,,,30.0,30.0,30.0,220-230,230.0,220.0,135.0,135.0,135.0,mm,,,,,,,,,,,,
_measure_1,,,,"Cambridge, Queens' College, MS
                            35",manuscript,,MS-QUEENS-00035,Fifteen membranes folded into 20 folios (recto and verso are face of membrane).,20.0,,,13160 mm,13160.0,13160.0,510 mm,510.0,510.0,mm,False,,,,,,,,510.0,510.0,510.0,330.0,330.0,330.0,,,,mm,2 5,5.0,2.0,,,,,,,,,,,,66.0,66.0,66.0,450.0,450.0,450.0,300.0,300.0,300.0,mm,,,,,,,,,,,ink,below
_measure_1,manuscript_1,,,"Cambridge, Queens' College, MS 50",manuscript,,,208 leaves 155 110,208.0,,,,,,,,,,,,,,,,,,155.0,155.0,155.0,110.0,110.0,110.0,,,,mm,1.0,1.0,1.0,,,,,,,,,,,,18.0,18.0,18.0,80.0,80.0,80.0,55-60,60.0,55.0,mm,,,,,,,,,,,ink,below
_measure_1,manuscript_1,,,"Cambridge, Sidney Sussex College, MS 51",manuscript-composite,,MS-SIDNEYSUSSEX-00051,Codex: i + 3 16 | 10 | 20 | 58 + i leaves. 225 130,104.0,3.0,1.0,,,,,,,,,,,,,,,,225.0,225.0,225.0,130.0,130.0,130.0,,,,mm,,,,,,,,,,,,,,,,,,,,,,,,,,,,,,,,,,,,
_measure_2,manuscript_1,,,"Cambridge, Sidney Sussex College, MS 51",part,,,Codex: 3 + 16 leaves.,16.0,3.0,,,,,,,,,,,,,,,,,,,,,,,,,,,,,,,,,,,,,,,,,,,,,,,,,,,,,,,,,,,,,,
_measure_3,manuscript_1,,,"Cambridge, Sidney Sussex College, MS 51",part,,,Codex: 3 + 16 leaves.,16.0,3.0,,,,,,,,,,,,,,,,,,,,,,,,,,,1.0,1.0,1.0,,,,,,,,,,,,26.0,26.0,26.0,170.0,170.0,170.0,80.0,80.0,80.0,mm,,,,,,,,,,,crayon,above
_measure_4,manuscript_1,,,"Cambridge, Sidney Sussex College, MS 51",part,,,Codex: 10 leaves.,10.0,,,,,,,,,,,,,,,,,,,,,,,,,,,,1.0,1.0,1.0,,,,,,,,,,,,26.0,26.0,26.0,170.0,170.0,170.0,85.0,85.0,85.0,mm,,,,,,,,,,,leadpoint,above
_measure_5,manuscript_1,,,"Cambridge, Sidney Sussex College, MS 51",part,,,Codex: 20 leaves.,20.0,,,,,,,,,,,,,,,,,,,,,,,,,,,,1.0,1.0,1.0,,,,,,,,,,,,26.0,26.0,26.0,180.0,180.0,180.0,85.0,85.0,85.0,mm,,,,,,,,,,,leadpoint,above
_measure_6,manuscript_1,,,"Cambridge, Sidney Sussex College, MS 51",part,,,Codex: 58 leaves.,58.0,,,,,,,,,,,,,,,,,,,,,,,,,,,,2.0,2.0,2.0,,,,,,,,,,,,39 40,40.0,39.0,175.0,175.0,175.0,90.0,90.0,90.0,mm,,,,,,,,,,,hardpoint,above
_measure_1,manuscript_1,,,"Cambridge, Sidney Sussex College, MS 58",manuscript,,MS-SIDNEYSUSSEX-00058,Codex: i + 4 + 80 + 2 + i leaves. ff. i-ii may be cancelled or unused leaves that were originally ruled for this unfinished Book of Hours. 210 145,80.0,6.0,2.0,,,,,,,,,,,,,,,,210.0,210.0,210.0,145.0,145.0,145.0,,,,mm,1.0,1.0,1.0,,,,,,,,,,,,14.0,14.0,14.0,110-115,115.0,110.0,80-85,85.0,80.0,mm,,,,,,,,,,,ink,below
_measure_1,manuscript_11897,,,"Cambridge, Sidney Sussex College, MS 61",manuscript,,MS-SIDNEY-00061,Codex 129 102 77,129.0,,,,,,,,,,,,,,,,,,102.0,102.0,102.0,77.0,77.0,77.0,,,,mm,1.0,1.0,1.0,,,,,,,,,,,,11 14,14.0,11.0,70-75,75.0,70.0,45-57,57.0,45.0,mm,,,,,,,,,,,,
_measure_1,manuscript_77290,,,"Cambridge, Sidney Sussex College, MS 65",manuscript-composite,,MS-SIDNEY-00065,Codex i + 131 + i 283 210,131.0,,2.0,,,,,,,,,,,,,,,,283.0,283.0,283.0,210.0,210.0,210.0,,,,mm,,,,,,,,,,,,,,,,,,,,,,,,,,,,,,,,,,,,
_measure_2,manuscript_77290,,,"Cambridge, Sidney Sussex College, MS 65",part,,,,,,,,,,,,,,,,,,,,,,,,,,,,,,,,1.0,1.0,1.0,,,,,,,,,,,,29.0,29.0,29.0,215.0,215.0,215.0,145.0,145.0,145.0,mm,,,,,,,,,,,hardpoint,mixed
_measure_1,manuscript_1,,,"Cambridge, Sidney Sussex College, MS 85",manuscript,,MS-SIDNEYSUSSEX-00085,Codex: iv + 4 + 222 (+ 1 leaf attached to f. 145) + 2 + iv leaves. 230 160,223.0,,8.0,,,,,,,,,,,,,,,,230.0,230.0,230.0,160.0,160.0,160.0,,,,mm,1.0,1.0,1.0,,,,,,,,,,,,33 45,45.0,33.0,175-185,185.0,175.0,125-135,135.0,125.0,mm,,,,,,,,,,,leadpoint,below
_measure_2,manuscript_1,,,"Cambridge, Sidney Sussex College, MS 85",manuscript,,MS-SIDNEYSUSSEX-00085,,,,,,,,,,,,,,,,,,,,,,,,,,,,,,,,,,,,,,,,,,,,,,,,,,,,,,,,,,,,,,,,,
_measure_1,manuscript_77339,,,"Cambridge, Sidney Sussex College, MS 105",manuscript,,MS-SIDNEY-00105,Codex i + 274 + i 402 268,274.0,,2.0,,,,,,,,,,,,,,,,402.0,402.0,402.0,268.0,268.0,268.0,,,,mm,1 2,2.0,1.0,,,,,,,,,,,,56 75,75.0,56.0,255.0,255.0,255.0,400.0,400.0,400.0,mm,,,,,,,,,,,,
_measure_1,manuscript_11901,,,"Cambridge, St John's College, MS A.6",manuscript,,MS-SJC-A-00006,Codex iii + 246 + iii 332 230,246.0,,6.0,,,,,,,,,,,,,,,,332.0,332.0,332.0,230.0,230.0,230.0,,,,mm,1.0,1.0,1.0,,,,,,,,,,,,33.0,33.0,33.0,225.0,225.0,225.0,150.0,150.0,150.0,mm,,,,,,,,,,,,
_measure_1,manuscript_1,,,"Cambridge, St John's College, MS B.15",manuscript-composite,,MS-SJC-B-00015,Codex: iii + 2 + 57 | 51 | 52 + iii leaves.,160.0,2.0,6.0,,,,,,,,,,,,,,,,,,,,,,,,,,,,,,,,,,,,,,,,,,,,,,,,,,,,,,,,,,,,,
_measure_2,manuscript_1,,,"Cambridge, St John's College, MS B.15",part,,,Codex: 57 leaves 200 140,,,,,,,,,,,,,,,,,,,200.0,200.0,200.0,140.0,140.0,140.0,,,,mm,1.0,1.0,1.0,,,,,,,,,,,,34 36,36.0,34.0,170.0,170.0,170.0,120.0,120.0,120.0,mm,,,,,,,,,,,ink,below
_measure_3,manuscript_1,,,"Cambridge, St John's College, MS B.15",part,,,Codex: 51 leaves. 165-170 125-130,51.0,,,,,,,,,,,,,,,,,,165-170,170.0,165.0,125-130,130.0,125.0,,,,mm,1.0,1.0,1.0,,,,,,,,,,,,28 31,31.0,28.0,160-170,170.0,160.0,105-120,120.0,105.0,mm,,,,,,,,,,,drypoint,below
_measure_4,manuscript_1,,,"Cambridge, St John's College, MS B.15",part,,,Codex: 52 leaves. 195 145,52.0,,,,,,,,,,,,,,,,,,195.0,195.0,195.0,145.0,145.0,145.0,,,,mm,1.0,1.0,1.0,,,,,,,,,,,,20.0,20.0,20.0,145.0,145.0,145.0,105.0,105.0,105.0,mm,,,,,,,,,,,leadpoint,below
_measure_1,manuscript_1,,,"Cambridge, St John's College, MS D.3",manuscript-composite,,MS-SJC-D-00003,"Codex: 1 | 1 + 31, 38, 66 | 1 leaves.",135.0,3.0,,,,,,,,,,,,,,,,,,,,,,,,,,,,,,,,,,,,,,,,,,,,,,,,,,,,,,,,,,,,,,
_measure_2,manuscript_1,,,"Cambridge, St John's College, MS D.3",manuscript-composite,,MS-SJC-D-00003,,,,,,,,,,,,,,,,,,,,,,,,,,,,,,,,,,,,,,,,,,,,,,,,,,,,,,,,,,,,,,,,,
_measure_3,manuscript_1,,,"Cambridge, St John's College, MS D.3",part,,,"Fragment, comprising two separate leaves from another manuscript used as pastedown and binding liner (now lifted): 2 leaves. 245 120-170",,2.0,,,,,,,,,,,,,,,,,245.0,245.0,245.0,120-170,170.0,120.0,,,,mm,2.0,2.0,2.0,,,,,,,,,,,,,,,85.0,85.0,85.0,110.0,110.0,110.0,mm,,,,,,,,,,,leadpoint,mixed
_measure_4,manuscript_1,,,"Cambridge, St John's College, MS D.3",part,,,Codex: 136 leaves. 260 180,136.0,,,,,,,,,,,,,,,,,,260.0,260.0,260.0,180.0,180.0,180.0,,,,mm,2.0,2.0,2.0,,,,,,,,,,,,47.0,47.0,47.0,185.0,185.0,185.0,135.0,135.0,135.0,mm,,,,,,,,,,,leadpoint,mixed
_measure_1,manuscript_1,,,"Cambridge, St John's College, MS D.4",manuscript-composite,,MS-SJC-D-00004,Codex: ii + 104 | 44 | 4 | 29 + ii leaves.,181.0,,4.0,,,,,,,,,,,,,,,,,,,,,,,,,,,,,,,,,,,,,,,,,,,,,,,,,,,,,,,,,,,,,
_measure_2,manuscript_1,,,"Cambridge, St John's College, MS D.4",part,,,Codex: 104 leaves. 245 140,104.0,,,,,,,,,,,,,,,,,,245.0,245.0,245.0,140.0,140.0,140.0,,,,mm,2.0,2.0,2.0,,,,,,,,,,,,40 41,41.0,40.0,180.0,180.0,180.0,105.0,105.0,105.0,mm,,,,,,,,,,,mixed,below
_measure_3,manuscript_1,,,"Cambridge, St John's College, MS D.4",part,,,Codex: 44 leaves. 245 140,44.0,,,,,,,,,,,,,,,,,,245.0,245.0,245.0,140.0,140.0,140.0,,,,mm,2.0,2.0,2.0,,,,,,,,,,,,43.0,43.0,43.0,180.0,180.0,180.0,100.0,100.0,100.0,mm,,,,,,,,,,,crayon,above
_measure_4,manuscript_1,,,"Cambridge, St John's College, MS D.4",part,,,Codex: 4 leaves. 235 140,4.0,,,,,,,,,,,,,,,,,,235.0,235.0,235.0,140.0,140.0,140.0,,,,mm,2.0,2.0,2.0,,,,,,,,,,,,41.0,41.0,41.0,175.0,175.0,175.0,100.0,100.0,100.0,mm,,,,,,,,,,,leadpoint,below
_measure_5,manuscript_1,,,"Cambridge, St John's College, MS D.4",part,,,Codex: 29 leaves. 250 140,29.0,,,,,,,,,,,,,,,,,,250.0,250.0,250.0,140.0,140.0,140.0,,,,mm,1.0,1.0,1.0,,,,,,,,,,,,45.0,45.0,45.0,190.0,190.0,190.0,95.0,95.0,95.0,mm,,,,,,,,,,,mixed,above
_measure_1,manuscript_1,,,"Cambridge, St John's College, MS E.6",manuscript-composite,,MS-SJC-E-00006,Codex: 4 | 124 | 4 leaves.,124.0,6.0,,,,,,,,,,,,,,,,,,,,,,,,,,,,,,,,,,,,,,,,,,,,,,,,,,,,,,,,,,,,,,
_measure_2,manuscript_1,,,"Cambridge, St John's College, MS E.6",part,,,Fragments: 8 leaves. 145 100-105 These measures are the dimensions of the leaves as they are currently presented in the manuscript (the eight leaves have been bound into the manuscript in such a way that the text is vertically oriented) and do not attempt to give an estimate of the size of the original larger leaves from which these fragments were taken.,8.0,,,,,,,,,,,,,,,,,,145.0,145.0,145.0,100-105,105.0,100.0,,,,mm,1.0,1.0,1.0,,,,,,,,,,,,,,,,,,,,,,,,,,,,,,,,leadpoint,
_measure_3,manuscript_1,,,"Cambridge, St John's College, MS E.6",part,,,Codex: 124 leaves. 145 105,124.0,,,,,,,,,,,,,,,,,,145.0,145.0,145.0,105.0,105.0,105.0,,,,mm,1.0,1.0,1.0,,,,,,,,,,,,27 34,34.0,27.0,110.0,110.0,110.0,70.0,70.0,70.0,mm,,,,,,,,,,,ink,below
_measure_4,manuscript_1,,,"Cambridge, St John's College, MS E.6",part,,,Codex: 124 leaves. 145 105,124.0,,,,,,,,,,,,,,,,,,145.0,145.0,145.0,105.0,105.0,105.0,,,,mm,1.0,1.0,1.0,,,,,,,,,,,,29 34,34.0,29.0,90.0,90.0,90.0,60.0,60.0,60.0,mm,,,,,,,,,,,hardpoint,below
_measure_1,manuscript_11898,,,"Cambridge, St John's College, MS F.15",manuscript,,MS-SJC-F-00015,,,,,,,,,,,,,,,,,,,,286.0,286.0,286.0,200.0,200.0,200.0,,,,mm,1.0,1.0,1.0,,,,,,,,,,,,40 46,46.0,40.0,205-210,210.0,205.0,120.0,120.0,120.0,mm,,,,,,,,,,,hardpoint,
_measure_1,manuscript_1,,,"Cambridge, St John's College, MS G.4",manuscript,,MS-SJC-G-00004,Codex: ii + 159 + ii leaves. 240 145,159.0,,4.0,,,,,,,,,,,,,,,,240.0,240.0,240.0,145.0,145.0,145.0,,,,mm,1.0,1.0,1.0,,,,,,,,,,,,32.0,32.0,32.0,175.0,175.0,175.0,85.0,85.0,85.0,mm,,,,,,,,,,,leadpoint,above
_measure_1,manuscript_77291,,,"Cambridge, St John's College, MS H.19",manuscript,,MS-SJC-H-00019,Codex iii + 60 + iii 162 112,60.0,,6.0,,,,,,,,,,,,,,,,162.0,162.0,162.0,112.0,112.0,112.0,,,,mm,1.0,1.0,1.0,,,,,,,,,,,,14.0,14.0,14.0,95.0,95.0,95.0,80.0,80.0,80.0,mm,,,,,,,,,,,,
_measure_1,manuscript_1,,,"Cambridge, St John's College, MS K.49",manuscript,,MS-SJC-K-00049,Codex: 84 leaves. 210 140,84.0,,,,,,,,,,,,,,,,,,210.0,210.0,210.0,140.0,140.0,140.0,,,,mm,1.0,1.0,1.0,,,,,,,,,,,,19 24,24.0,19.0,135-140,140.0,135.0,100-110,110.0,100.0,mm,,,,,,,,,,,leadpoint,below
_measure_1,manuscript_77292,,,"Cambridge, St John's College, MS M.8",manuscript,,MS-ST-JOHNS-M-00008,Codex 48 185 127,48.0,,,,,,,,,,,,,,,,,,185.0,185.0,185.0,127.0,127.0,127.0,,,,mm,1.0,1.0,1.0,,,,,,,,,,,,12 16,16.0,12.0,121-158,158.0,121.0,85.0,85.0,85.0,mm,,,,,,,,,,,,
_measure_1,manuscript_11899,,,"Cambridge, St John's College, MS O.79",manuscript-composite,,MS-ST-JOHNS-O-00079,Codex i + 82 + i,131.0,,2.0,,,,,,,,,,,,,,,,,,,,,,,,,,,,,,,,,,,,,,,,,,,,,,,,,,,,,,,,,,,,,
_measure_2,manuscript_11899,,,"Cambridge, St John's College, MS O.79",part,,,,,,,,,,,,,,,,221.0,221.0,305.0,305.0,305.0,mm,,,,305.0,305.0,305.0,,,,mm,1.0,1.0,1.0,,,,,,,,,,,,,,,,,,,,,,,,,,,,,,,,hardpoint,
_measure_3,manuscript_11899,,,"Cambridge, St John's College, MS O.79",part,,,,,,,,,,,,,,,,,,,,,,222.0,222.0,222.0,145.0,145.0,145.0,,,,mm,1.0,1.0,1.0,,,,,,,,,,,,23.0,23.0,23.0,147.0,147.0,147.0,100.0,100.0,100.0,mm,,,,,,,,,,,,
_measure_1,manuscript_11907,,,"Cambridge, Trinity College, MS B.3.18",manuscript-composite,,MS-TRINITY-B-00003-00018,Codex vii + 144 + iii 315 217,144.0,,10.0,,,,,,,,,,,,,,,,315.0,315.0,315.0,217.0,217.0,217.0,,,,mm,,,,,,,,,,,,,,,,,,,,,,,,,,,,,,,,,,,,
_measure_2,manuscript_11907,,,"Cambridge, Trinity College, MS B.3.18",part,,,,,,,,,,,,,,,,,,,,,,,,,,,,,,,,1.0,1.0,1.0,,,,,,,,,,,,30.0,30.0,30.0,220.0,220.0,220.0,130.0,130.0,130.0,mm,,,,,,,,,,,,
_measure_3,manuscript_11907,,,"Cambridge, Trinity College, MS B.3.18",part,,,,,,,,,,,,,,,,,,,,,,,,,,,,,,,,1.0,1.0,1.0,,,,,,,,,,,,27.0,27.0,27.0,220.0,220.0,220.0,130.0,130.0,130.0,mm,,,,,,,,,,,,
_measure_1,manuscript_11908,,,"Cambridge, Trinity College, MS B.4.10",manuscript,,MS-TRINITY-B-00004-00010,Codex iv + 314 + i 360 245,314.0,,5.0,,,,,,,,,,,,,,,,360.0,360.0,360.0,245.0,245.0,245.0,,,,mm,1.0,1.0,1.0,,,,,,,,,,,,30.0,30.0,30.0,230.0,230.0,230.0,130.0,130.0,130.0,mm,,,,,,,,,,,,
_measure_1,manuscript_11910,,,"Cambridge, Trinity College, MS B.7.1",manuscript,,MS-TRINITY-B-00007-00001,Codex iv + 296 + iv ca. 233 ca. 155,296.0,,8.0,,,,,,,,,,,,,,,,233.0,233.0,233.0,155.0,155.0,155.0,,,,mm,1.0,1.0,1.0,,,,,,,,,,,,30.0,30.0,30.0,165.0,165.0,165.0,110.0,110.0,110.0,mm,,,,,,,,,,,hardpoint,
_measure_1,manuscript_11911,,,"Cambridge, Trinity College, MS B.7.2",manuscript,,MS-TRINITY-B-00007-00002,Codex iii + 2 + 475 + i 237 170,475.0,2.0,4.0,,,,,,,,,,,,,,,,237.0,237.0,237.0,170.0,170.0,170.0,,,,mm,1.0,1.0,1.0,,,,,,,,,,,,25.0,25.0,25.0,165.0,165.0,165.0,105.0,105.0,105.0,mm,,,,,,,,,,,hardpoint,
_measure_2,manuscript_11911,,,"Cambridge, Trinity College, MS B.7.2",manuscript,,MS-TRINITY-B-00007-00002,,,,,,,,,,,,,,,,,,,,,,,,,,,,,,,,,,,,,,,,,,,,,,,,,,,,,,,,,,,,,,,,,
_measure_1,manuscript_11912,,,"Cambridge, Trinity College, MS B.7.3",manuscript-composite,,MS-TRINITY-B-00007-00003,Codex iii + 239 + ii 220 156,239.0,5.0,,,,,,,,,,,,,,,,,220.0,220.0,220.0,156.0,156.0,156.0,,,,mm,,,,,,,,,,,,,,,,,,,,,,,,,,,,,,,,,,,,
_measure_2,manuscript_11912,,,"Cambridge, Trinity College, MS B.7.3",manuscript-composite,,MS-TRINITY-B-00007-00003,,,,,,,,,,,,,,,,,,,,,,,,,,,,,,,,,,,,,,,,,,,,,,,,,,,,,,,,,,,,,,,,,
_measure_3,manuscript_11912,,,"Cambridge, Trinity College, MS B.7.3",part,,,,,,,,,,,,,,,,,,,,,,,,,,,,,,,,1.0,1.0,1.0,,,,,,,,,,,,27 28,28.0,27.0,160-165,165.0,160.0,110.0,110.0,110.0,mm,,,,,,,,,,,hardpoint,
_measure_4,manuscript_11912,,,"Cambridge, Trinity College, MS B.7.3",part,,,,,,,,,,,,,,,,,,,,,,,,,,,,,,,,1.0,1.0,1.0,,,,,,,,,,,,27.0,27.0,27.0,160.0,160.0,160.0,105.0,105.0,105.0,mm,,,,,,,,,,,hardpoint,
_measure_5,manuscript_11912,,,"Cambridge, Trinity College, MS B.7.3",part,,,,,,,,,,,,,,,,,,,,,,,,,,,,,,,,1.0,1.0,1.0,,,,,,,,,,,,26 27,27.0,26.0,160.0,160.0,160.0,110.0,110.0,110.0,mm,,,,,,,,,,,hardpoint,
_measure_6,manuscript_11912,,,"Cambridge, Trinity College, MS B.7.3",part,,,,,,,,,,,,,,,,,,,,,,,,,,,,,,,,1.0,1.0,1.0,,,,,,,,,,,,26 27,27.0,26.0,160.0,160.0,160.0,110.0,110.0,110.0,mm,,,,,,,,,,,hardpoint,
_measure_7,manuscript_11912,,,"Cambridge, Trinity College, MS B.7.3",part,,,,,,,,,,,,,,,,,,,,,,,,,,,,,,,,1.0,1.0,1.0,,,,,,,,,,,,28.0,28.0,28.0,170.0,170.0,170.0,110.0,110.0,110.0,mm,,,,,,,,,,,hardpoint,
_measure_1,manuscript_11913,,,"Cambridge, Trinity College, MS B.7.4",manuscript,,MS-TRINITY-B-00007-00004,Codex 13 ca. 190 ca. 145,13.0,,,,,,,,,,,,,,,,,,190.0,190.0,190.0,145.0,145.0,145.0,,,,mm,1.0,1.0,1.0,,,,,,,,,,,,24 29,29.0,24.0,ca. 165-175,175.0,165.0,ca. 120-130,130.0,120.0,mm,,,,,,,,,,,,
_measure_1,manuscript_11914,,,"Cambridge, Trinity College, MS B.7.7",manuscript,,MS-TRINITY-B-00007-00007,Codex iv + iii + 84 + iii + iv 200 130,84.0,6.0,8.0,,,,,,,,,,,,,,,,200.0,200.0,200.0,130.0,130.0,130.0,,,,mm,1.0,1.0,1.0,,,,,,,,,,,,36.0,36.0,36.0,160.0,160.0,160.0,105.0,105.0,105.0,mm,,,,,,,,,,,,
_measure_2,manuscript_11914,,,"Cambridge, Trinity College, MS B.7.7",manuscript,,MS-TRINITY-B-00007-00007,,,,,,,,,,,,,,,,,,,,,,,,,,,,,,,,,,,,,,,,,,,,,,,,,,,,,,,,,,,,,,,,,
_measure_1,manuscript_11915,,,"Cambridge, Trinity College, MS B.8.1",manuscript-composite,,MS-TRINITY-B-00008-00001,,,,,,,,,,,,,,,,,,,,310.0,310.0,310.0,250.0,250.0,250.0,,,,mm,,,,,,,,,,,,,,,,,,,,,,,,,,,,,,,,,,,,
_measure_2,manuscript_11915,,,"Cambridge, Trinity College, MS B.8.1",part,,,,,,,,,,,,,,,,,,,,,,,,,,,,,,,,2.0,2.0,2.0,,,,,,,,,,,,30.0,30.0,30.0,234.0,234.0,234.0,157.0,157.0,157.0,mm,,,,,,,,,,,hardpoint,below
_measure_3,manuscript_11915,,,"Cambridge, Trinity College, MS B.8.1",part,,,,,,,,,,,,,,,,,,,,,,,,,,,,,,,,2.0,2.0,2.0,,,,,,,,,,,,24 29,29.0,24.0,208-222,222.0,208.0,140.0,140.0,140.0,mm,25.0,25.0,25.0,,,,,,,,hardpoint,mixed
_measure_1,manuscript_11916,,,"Cambridge, Trinity College, MS B.8.2",manuscript,,MS-TRINITY-B-00008-00002,Codex i + 269 + 2 + i 313 240,271.0,,2.0,,,,,,,,,,,,,,,,313.0,313.0,313.0,240.0,240.0,240.0,,,,mm,2.0,2.0,2.0,,,,,,,,,,,,32.0,32.0,32.0,220.0,220.0,220.0,173.0,173.0,173.0,mm,,,,,,,,,,,hardpoint,
_measure_2,manuscript_11916,,,"Cambridge, Trinity College, MS B.8.2",manuscript,,MS-TRINITY-B-00008-00002,Codex i + 269 + 2 + i 313 240,271.0,,2.0,,,,,,,,,,,,,,,,313.0,313.0,313.0,240.0,240.0,240.0,,,,mm,2.0,2.0,2.0,,,,,,,,,,,,32.0,32.0,32.0,220.0,220.0,220.0,135.0,135.0,135.0,mm,,,,,,,,,,,,
_measure_3,manuscript_11916,,,"Cambridge, Trinity College, MS B.8.2",manuscript,,MS-TRINITY-B-00008-00002,,,,,,,,,,,,,,,,,,,,,,,,,,,,,,,,,,,,,,,,,,,,,,,,,,,,,,,,,,,,,,,,,
_measure_1,manuscript_11917,,,"Cambridge, Trinity College, MS B.8.3",manuscript-composite,,MS-TRINITY-B-00008-00003,Codex i + 2 + 197 + i 310 250,197.0,2.0,2.0,,,,,,,,,,,,,,,,310.0,310.0,310.0,250.0,250.0,250.0,,,,mm,,,,,,,,,,,,,,,,,,,,,,,,,,,,,,,,,,,,
_measure_2,manuscript_11917,,,"Cambridge, Trinity College, MS B.8.3",manuscript-composite,,MS-TRINITY-B-00008-00003,,,,,,,,,,,,,,,,,,,,,,,,,,,,,,,,,,,,,,,,,,,,,,,,,,,,,,,,,,,,,,,,,
_measure_3,manuscript_11917,,,"Cambridge, Trinity College, MS B.8.3",part,,,,,,,,,,,,,,,,,,,,,,,,,,,,,,,,2.0,2.0,2.0,,,,,,,,,,,,33.0,33.0,33.0,214.0,214.0,214.0,170.0,170.0,170.0,mm,,,,,,,,,,,hardpoint,below
_measure_4,manuscript_11917,,,"Cambridge, Trinity College, MS B.8.3",part,,,,,,,,,,,,,,,,,,,,,,,,,,,,,,,,2.0,2.0,2.0,,,,,,,,,,,,34.0,34.0,34.0,210.0,210.0,210.0,160.0,160.0,160.0,mm,,,,,,,,,,,hardpoint,below
_measure_1,manuscript_11918,,,"Cambridge, Trinity College, MS B.8.4",manuscript,,MS-TRINITY-B-00008-00004,"Codex i + i + 408 + i + i 298 227 f. 1 is fragmentary: height 230 mm, width 123 mm",408.0,2.0,2.0,,,,,,,,,,,,,,,,298.0,298.0,298.0,227.0,227.0,227.0,,,,mm,2.0,2.0,2.0,,,,,,,,,,,,28 32,32.0,28.0,227.0,227.0,227.0,170.0,170.0,170.0,mm,,,,,,,,,,,hardpoint,
_measure_2,manuscript_11918,,,"Cambridge, Trinity College, MS B.8.4",manuscript,,MS-TRINITY-B-00008-00004,"Codex i + i + 408 + i + i 298 227 f. 1 is fragmentary: height 230 mm, width 123 mm",408.0,2.0,2.0,,,,,,,,,,,,,,,,298.0,298.0,298.0,227.0,227.0,227.0,,,,mm,2.0,2.0,2.0,,,,,,,,,,,,36.0,36.0,36.0,210.0,210.0,210.0,140.0,140.0,140.0,mm,,,,,,,,,,,hardpoint,
_measure_3,manuscript_11918,,,"Cambridge, Trinity College, MS B.8.4",manuscript,,MS-TRINITY-B-00008-00004,,,,,,,,,,,,,,,,,,,,,,,,,,,,,,,,,,,,,,,,,,,,,,,,,,,,,,,,,,,,,,,,,
_measure_1,manuscript_11919,,,"Cambridge, Trinity College, MS B.8.5",manuscript-composite,,MS-TRINITY-B-00008-00005,Codex iv + 2 + 255 + 4 + iv,255.0,6.0,8.0,,,,,,,,,,,,,,,,,,,,,,,,,,,,,,,,,,,,,,,,,,,,,,,,,,,,,,,,,,,,,
_measure_2,manuscript_11919,,,"Cambridge, Trinity College, MS B.8.5",part,,,,,,,,,,,,,,,,,,,,,,294.0,294.0,294.0,225.0,225.0,225.0,,,,mm,2.0,2.0,2.0,,,,,,,,,,,,24.0,24.0,24.0,195.0,195.0,195.0,150.0,150.0,150.0,mm,,,,,,,,,,,,
_measure_3,manuscript_11919,,,"Cambridge, Trinity College, MS B.8.5",part,,,,,,,,,,,,,,,,,,,,,,,,,,,,,,,,2.0,2.0,2.0,,,,,,,,,,,,28.0,28.0,28.0,220.0,220.0,220.0,160.0,160.0,160.0,mm,,,,,,,,,,,hardpoint,below
_measure_1,manuscript_11927,,,"Cambridge, Trinity College, MS B.8.5A",manuscript,,MS-TRINITY-B-00008-00005-A,,,,,,,,,,,,,,,,,,,,230.0,230.0,230.0,170.0,170.0,170.0,,,,mm,1.0,1.0,1.0,,,,,,,,,,,,24.0,24.0,24.0,150.0,150.0,150.0,90.0,90.0,90.0,mm,,,,,,,,,,,hardpoint,above
_measure_2,manuscript_11927,,,"Cambridge, Trinity College, MS B.8.5A",manuscript,,MS-TRINITY-B-00008-00005-A,,,,,,,,,,,,,,,,,,,,,,,,,,,,,,,,,,,,,,,,,,,,,,,,,,,,,,,,,,,,,,,,,
_measure_1,manuscript_11920,,,"Cambridge, Trinity College, MS B.8.6",manuscript-composite,,MS-TRINITY-B-00008-00006,Codex i + 1 | 183 + i 284 195,183.0,1.0,2.0,,,,,,,,,,,,,,,,284.0,284.0,284.0,195.0,195.0,195.0,,,,mm,,,,,,,,,,,,,,,,,,,,,,,,,,,,,,,,,,,,
_measure_2,manuscript_11920,,,"Cambridge, Trinity College, MS B.8.6",part,,,,,,,,,,,,,,,,,,,,,,,,,,,,,,,,2.0,2.0,2.0,,,,,,,,,,,,30.0,30.0,30.0,225.0,225.0,225.0,140.0,140.0,140.0,mm,,,,,,,,,,,hardpoint,below
_measure_3,manuscript_11920,,,"Cambridge, Trinity College, MS B.8.6",part,,,,,,,,,,,,,,,,,,,,,,,,,,,,,,,,2.0,2.0,2.0,,,,,,,,,,,,36.0,36.0,36.0,220.0,220.0,220.0,140.0,140.0,140.0,mm,,,,,,,,,,,hardpoint,below
_measure_1,manuscript_11921,,,"Cambridge, Trinity College, MS B.8.7",manuscript-composite,,MS-TRINITY-B-00008-00007,,,,,,,,,,,,,,,,,,,,,,,,,,,,,,,,,,,,,,,,,,,,,,,,,,,,,,,,,,,,,,,,,
_measure_2,manuscript_11921,,,"Cambridge, Trinity College, MS B.8.7",manuscript-composite,,MS-TRINITY-B-00008-00007,,,,,,,,,,,,,,,,,,,,,,,,,,,,,,,,,,,,,,,,,,,,,,,,,,,,,,,,,,,,,,,,,
_measure_3,manuscript_11921,,,"Cambridge, Trinity College, MS B.8.7",manuscript-composite,,MS-TRINITY-B-00008-00007,,,,,,,,,,,,,,,,,,,,,,,,,,,,,,,,,,,,,,,,,,,,,,,,,,,,,,,,,,,,,,,,,
_measure_4,manuscript_11921,,,"Cambridge, Trinity College, MS B.8.7",part,,,,,,,,,,,,,,,,,,,,,,283.0,283.0,283.0,208.0,208.0,208.0,,,,mm,2.0,2.0,2.0,,,,,,,,,,,,31.0,31.0,31.0,205.0,205.0,205.0,150.0,150.0,150.0,mm,,,,,,,,,,,hardpoint,below
_measure_5,manuscript_11921,,,"Cambridge, Trinity College, MS B.8.7",part,,,,,,,,,,,,,,,,,,,,,,240.0,240.0,240.0,150.0,150.0,150.0,,,,mm,1.0,1.0,1.0,,,,,,,,,,,,26.0,26.0,26.0,165.0,165.0,165.0,105.0,105.0,105.0,mm,,,,,,,,,,,,
_measure_1,manuscript_11922,,,"Cambridge, Trinity College, MS B.8.8",manuscript,,MS-TRINITY-B-00008-00008,Codex i + 322 + i 278 180-200,322.0,2.0,,,,,,,,,,,,,,,,,278.0,278.0,278.0,180-200,200.0,180.0,,,,mm,1.0,1.0,1.0,,,,,,,,,,,,28.0,28.0,28.0,220.0,220.0,220.0,140.0,140.0,140.0,mm,,,,,,,,,,,hardpoint,
_measure_2,manuscript_11922,,,"Cambridge, Trinity College, MS B.8.8",manuscript,,MS-TRINITY-B-00008-00008,Codex i + 322 + i 278 180-200,322.0,2.0,,,,,,,,,,,,,,,,,278.0,278.0,278.0,180-200,200.0,180.0,,,,mm,1.0,1.0,1.0,,,,,,,,,,,,36 39,39.0,36.0,230.0,230.0,230.0,145.0,145.0,145.0,mm,,,,,,,,,,,hardpoint,
_measure_1,manuscript_11923,,,"Cambridge, Trinity College, MS B.8.9",manuscript,,MS-TRINITY-B-00008-00009,Codex i + 351 + i 269 204,351.0,,2.0,,,,,,,,,,,,,,,,269.0,269.0,269.0,204.0,204.0,204.0,,,,mm,1.0,1.0,1.0,,,,,,,,,,,,30.0,30.0,30.0,193.0,193.0,193.0,135.0,135.0,135.0,mm,,,,,,,,,,,hardpoint,
_measure_1,manuscript_11924,,,"Cambridge, Trinity College, MS B.8.10",manuscript-composite,,MS-TRINITY-B-00008-00010,Codex i + 1 + 252 + 1 + i 240-268 170-185,252.0,2.0,2.0,,,,,,,,,,,,,,,,240-268,268.0,240.0,170-185,185.0,170.0,,,,mm,,,,,,,,,,,,,,,,,,,,,,,,,,,,,,,,,,,,
_measure_2,manuscript_11924,,,"Cambridge, Trinity College, MS B.8.10",manuscript-composite,,MS-TRINITY-B-00008-00010,,,,,,,,,,,,,,,,,,,,,,,,,,,,,,,,,,,,,,,,,,,,,,,,,,,,,,,,,,,,,,,,,
_measure_3,manuscript_11924,,,"Cambridge, Trinity College, MS B.8.10",part,,,,,,,,,,,,,,,,,,,,,,,,,,,,,,,,1.0,1.0,1.0,,,,,,,,,,,,26.0,26.0,26.0,185.0,185.0,185.0,135.0,135.0,135.0,mm,,,,,,,,,,,,
_measure_4,manuscript_11924,,,"Cambridge, Trinity College, MS B.8.10",part,,,,,,,,,,,,,,,,,,,,,,,,,,,,,,,,1.0,1.0,1.0,,,,,,,,,,,,29 31,31.0,29.0,200.0,200.0,200.0,135.0,135.0,135.0,mm,,,,,,,,,,,,
_measure_1,manuscript_11925,,,"Cambridge, Trinity College, MS B.8.11",manuscript,,MS-TRINITY-B-00008-00011,,,,,,,,,,,,,,,,,,,,277.0,277.0,277.0,201.0,201.0,201.0,,,,mm,1.0,1.0,1.0,,,,,,,,,,,,30.0,30.0,30.0,192.0,192.0,192.0,138.0,138.0,138.0,mm,,,,,,,,,,,hardpoint,
_measure_2,manuscript_11925,,,"Cambridge, Trinity College, MS B.8.11",manuscript,,MS-TRINITY-B-00008-00011,,,,,,,,,,,,,,,,,,,,,,,,,,,,,,,,,,,,,,,,,,,,,,,,,,,,,,,,,,,,,,,,,
_measure_1,manuscript_11926,,,"Cambridge, Trinity College, MS B.8.12",manuscript,,MS-TRINITY-B-00008-00012,Codex i + 303 + i 260 190,303.0,2.0,,,,,,,,,,,,,,,,,260.0,260.0,260.0,190.0,190.0,190.0,,,,mm,2.0,2.0,2.0,,,,,,,,,,,,24.0,24.0,24.0,160-180,180.0,160.0,120-130,130.0,120.0,mm,,,,,,,,,,,hardpoint,
_measure_2,manuscript_11926,,,"Cambridge, Trinity College, MS B.8.12",manuscript,,MS-TRINITY-B-00008-00012,Codex i + 303 + i 260 190,303.0,2.0,,,,,,,,,,,,,,,,,260.0,260.0,260.0,190.0,190.0,190.0,,,,mm,1.0,1.0,1.0,,,,,,,,,,,,23 26,26.0,23.0,170-185,185.0,170.0,125-130,130.0,125.0,mm,,,,,,,,,,,hardpoint,
_measure_3,manuscript_11926,,,"Cambridge, Trinity College, MS B.8.12",manuscript,,MS-TRINITY-B-00008-00012,,,,,,,,,,,,,,,,,,,,,,,,,,,,,,,,,,,,,,,,,,,,,,,,,,,,,,,,,,,,,,,,,
_measure_1,manuscript_11928,,,"Cambridge, Trinity College, MS B.9.1",manuscript-composite,,MS-TRINITY-B-00009-00001,Codex i + 214 + i 370 277,214.0,,2.0,,,,,,,,,,,,,,,,370.0,370.0,370.0,277.0,277.0,277.0,,,,mm,,,,,,,,,,,,,,,,,,,,,,,,,,,,,,,,,,,,
_measure_2,manuscript_11928,,,"Cambridge, Trinity College, MS B.9.1",part,,,,,,,,,,,,,,,,,,,,,,,,,,,,,,,,2.0,2.0,2.0,,,,,,,,,,,,30.0,30.0,30.0,250.0,250.0,250.0,170.0,170.0,170.0,mm,,,,,,,,,,,hardpoint,below
_measure_3,manuscript_11928,,,"Cambridge, Trinity College, MS B.9.1",part,,,,,,,,,,,,,,,,,,,,,,,,,,,,,,,,2.0,2.0,2.0,,,,,,,,,,,,37.0,37.0,37.0,292.0,292.0,292.0,190.0,190.0,190.0,mm,,,,,,,,,,,hardpoint,mixed
_measure_1,manuscript_11929,,,"Cambridge, Trinity College, MS B.9.2",manuscript,,MS-TRINITY-B-00009-00002,Codex i + 281 + i 360 275,281.0,,2.0,,,,,,,,,,,,,,,,360.0,360.0,360.0,275.0,275.0,275.0,,,,mm,2.0,2.0,2.0,,,,,,,,,,,,31.0,31.0,31.0,242.0,242.0,242.0,185.0,185.0,185.0,mm,,,,,,,,,,,hardpoint,below
_measure_2,manuscript_11929,,,"Cambridge, Trinity College, MS B.9.2",manuscript,,MS-TRINITY-B-00009-00002,,,,,,,,,,,,,,,,,,,,,,,,,,,,,,,,,,,,,,,,,,,,,,,,,,,,,,,,,,,,,,,,,
_measure_1,manuscript_11930,,,"Cambridge, Trinity College, MS B.9.3",manuscript-composite,,MS-TRINITY-B-00009-00003,Codex i + 136 + 2 + i,136.0,2.0,2.0,,,,,,,,,,,,,,,,,,,,,,,,,,,,,,,,,,,,,,,,,,,,,,,,,,,,,,,,,,,,,
_measure_2,manuscript_11930,,,"Cambridge, Trinity College, MS B.9.3",manuscript-composite,,MS-TRINITY-B-00009-00003,,,,,,,,,,,,,,,,,,,,,,,,,,,,,,,,,,,,,,,,,,,,,,,,,,,,,,,,,,,,,,,,,
_measure_3,manuscript_11930,,,"Cambridge, Trinity College, MS B.9.3",manuscript-composite,,MS-TRINITY-B-00009-00003,,,,,,,,,,,,,,,,,,,,,,,,,,,,,,,,,,,,,,,,,,,,,,,,,,,,,,,,,,,,,,,,,
_measure_4,manuscript_11930,,,"Cambridge, Trinity College, MS B.9.3",manuscript-composite,,MS-TRINITY-B-00009-00003,,,,,,,,,,,,,,,,,,,,,,,,,,,,,,,,,,,,,,,,,,,,,,,,,,,,,,,,,,,,,,,,,
_measure_5,manuscript_11930,,,"Cambridge, Trinity College, MS B.9.3",part,,,,,,,,,,,,,,,,,,,,,,356.0,356.0,356.0,257.0,257.0,257.0,,,,mm,2.0,2.0,2.0,,,,,,,,,,,,36.0,36.0,36.0,230-240,240.0,230.0,150.0,150.0,150.0,mm,,,,,,,,,,,hardpoint,below
_measure_6,manuscript_11930,,,"Cambridge, Trinity College, MS B.9.3",part,,,,,,,,,,,,,,,,,,,,,,356.0,356.0,356.0,257.0,257.0,257.0,,,,mm,2.0,2.0,2.0,,,,,,,,,,,,36.0,36.0,36.0,250-257,257.0,250.0,170.0,170.0,170.0,mm,,,,,,,,,,,hardpoint,below
_measure_7,manuscript_11930,,,"Cambridge, Trinity College, MS B.9.3",part,,,,,,,,,,,,,,,,,,,,,,356.0,356.0,356.0,257.0,257.0,257.0,,,,mm,2.0,2.0,2.0,,,,,,,,,,,,46.0,46.0,46.0,276.0,276.0,276.0,210.0,210.0,210.0,mm,37.0,37.0,37.0,,,,,,,,hardpoint,mixed
_measure_8,manuscript_11930,,,"Cambridge, Trinity College, MS B.9.3",part,,,,,,,,,,,,,,,,,,,,,,330.0,330.0,330.0,220-232,232.0,220.0,,,,mm,1.0,1.0,1.0,,,,,,,,,,,,47 54,54.0,47.0,258-271,271.0,258.0,178.0,178.0,178.0,mm,41.0,41.0,41.0,,,,,,,,hardpoint,mixed
_measure_1,manuscript_11931,,,"Cambridge, Trinity College, MS B.9.4",manuscript-composite,,MS-TRINITY-B-00009-00004,Codex i + 292 + i 355 265,292.0,,2.0,,,,,,,,,,,,,,,,355.0,355.0,355.0,265.0,265.0,265.0,,,,mm,,,,,,,,,,,,,,,,,,,,,,,,,,,,,,,,,,,,
_measure_2,manuscript_11931,,,"Cambridge, Trinity College, MS B.9.4",part,,,,,,,,,,,,,,,,,,,,,,,,,,,,,,,,2.0,2.0,2.0,,,,,,,,,,,,26.0,26.0,26.0,240.0,240.0,240.0,150.0,150.0,150.0,mm,,,,,,,,,,,,
_measure_3,manuscript_11931,,,"Cambridge, Trinity College, MS B.9.4",part,,,,,,,,,,,,,,,,,,,,,,,,,,,,,,,,2.0,2.0,2.0,,,,,,,,,,,,30.0,30.0,30.0,255.0,255.0,255.0,190.0,190.0,190.0,mm,,,,,,,,,,,hardpoint,below
_measure_1,manuscript_11932,,,"Cambridge, Trinity College, MS B.9.5",manuscript,,MS-TRINITY-B-00009-00005,Codex i + 138 + i 360 247,138.0,,2.0,,,,,,,,,,,,,,,,360.0,360.0,360.0,247.0,247.0,247.0,,,,mm,1.0,1.0,1.0,,,,,,,,,,,,30.0,30.0,30.0,220.0,220.0,220.0,120.0,120.0,120.0,mm,,,,,,,,,,,,
_measure_1,manuscript_11933,,,"Cambridge, Trinity College, MS B.9.6",manuscript,,MS-TRINITY-B-00009-00006,,,,,,,,,,,,,,,,,,,,347.0,347.0,347.0,245.0,245.0,245.0,,,,mm,1.0,1.0,1.0,,,,,,,,,,,,33.0,33.0,33.0,234.0,234.0,234.0,145.0,145.0,145.0,mm,,,,,,,,,,,,
_measure_2,manuscript_11933,,,"Cambridge, Trinity College, MS B.9.6",manuscript,,MS-TRINITY-B-00009-00006,,,,,,,,,,,,,,,,,,,,,,,,,,,,,,,,,,,,,,,,,,,,,,,,,,,,,,,,,,,,,,,,,
_measure_1,manuscript_11934,,,"Cambridge, Trinity College, MS B.9.7",manuscript-composite,,MS-TRINITY-B-00009-00007,Codex i + 439 | 20 + i 345 240,458.0,2.0,,,,,,,,,,,,,,,,,345.0,345.0,345.0,240.0,240.0,240.0,,,,mm,,,,,,,,,,,,,,,,,,,,,,,,,,,,,,,,,,,,
_measure_2,manuscript_11934,,,"Cambridge, Trinity College, MS B.9.7",part,,,,,,,,,,,,,,,,,,,,,,,,,,,,,,,,1.0,1.0,1.0,,,,,,,,,,,,30.0,30.0,30.0,250.0,250.0,250.0,135.0,135.0,135.0,mm,,,,,,,,,,,,
_measure_3,manuscript_11934,,,"Cambridge, Trinity College, MS B.9.7",part,,,,,,,,,,,,,,,,,,,,,,,,,,,,,,,,1.0,1.0,1.0,,,,,,,,,,,,35 44,44.0,35.0,ca. 300-315,315.0,300.0,260.0,260.0,260.0,mm,,,,,,,,,,,,
_measure_1,manuscript_11935,,,"Cambridge, Trinity College, MS B.9.8",manuscript,,MS-TRINITY-B-00009-00008,Codex i + 1 + 367 + i 335 237,367.0,1.0,2.0,,,,,,,,,,,,,,,,335.0,335.0,335.0,237.0,237.0,237.0,,,,mm,1.0,1.0,1.0,,,,,,,,,,,,30.0,30.0,30.0,220.0,220.0,220.0,120.0,120.0,120.0,mm,,,,,,,,,,,,
_measure_1,manuscript_11936,,,"Cambridge, Trinity College, MS B.9.9",manuscript,,MS-TRINITY-B-00009-00009,Codex i + 1 + 246 + i 340 235,246.0,1.0,2.0,,,,,,,,,,,,,,,,340.0,340.0,340.0,235.0,235.0,235.0,,,,mm,1.0,1.0,1.0,,,,,,,,,,,,30.0,30.0,30.0,220.0,220.0,220.0,125.0,125.0,125.0,mm,,,,,,,,,,,,
_measure_1,manuscript_11937,,,"Cambridge, Trinity College, MS B.9.10",manuscript,,MS-TRINITY-B-00009-00010,Codex i + 4 + 58 + i ca. 350 ca. 230,58.0,4.0,2.0,,,,,,,,,,,,,,,,350.0,350.0,350.0,230.0,230.0,230.0,,,,mm,1.0,1.0,1.0,,,,,,,,,,,,29.0,29.0,29.0,275.0,275.0,275.0,160.0,160.0,160.0,mm,,,,,,,,,,,,
_measure_2,manuscript_11937,,,"Cambridge, Trinity College, MS B.9.10",manuscript,,MS-TRINITY-B-00009-00010,Codex i + 4 + 58 + i ca. 350 ca. 230,58.0,4.0,2.0,,,,,,,,,,,,,,,,350.0,350.0,350.0,230.0,230.0,230.0,,,,mm,1.0,1.0,1.0,,,,,,,,,,,,39 43,43.0,39.0,270-280,280.0,270.0,165.0,165.0,165.0,mm,,,,,,,,,,,,
_measure_1,manuscript_11938,,,"Cambridge, Trinity College, MS B.9.11",manuscript,,MS-TRINITY-B-00009-00011,Codex i + 5 + 128 + 7 i + 290 185,128.0,12.0,2.0,,,,,,,,,,,,,,,,290.0,290.0,290.0,185.0,185.0,185.0,,,,mm,1.0,1.0,1.0,,,,,,,,,,,,41 54,54.0,41.0,270-285,285.0,270.0,140.0,140.0,140.0,mm,,,,,,,,,,,ink,
_measure_1,manuscript_11939,,,"Cambridge, Trinity College, MS B.9.12",manuscript,,MS-TRINITY-B-00009-00012,Codex i + 294 + i 347 260,294.0,2.0,,,,,,,,,,,,,,,,,347.0,347.0,347.0,260.0,260.0,260.0,,,,mm,2.0,2.0,2.0,,,,,,,,,,,,28 30,30.0,28.0,238.0,238.0,238.0,180.0,180.0,180.0,mm,,,,,,,,,,,hardpoint,
_measure_2,manuscript_11939,,,"Cambridge, Trinity College, MS B.9.12",manuscript,,MS-TRINITY-B-00009-00012,,,,,,,,,,,,,,,,,,,,,,,,,,,,,,,,,,,,,,,,,,,,,,,,,,,,,,,,,,,,,,,,,
_measure_1,manuscript_11940,,,"Cambridge, Trinity College, MS B.9.13",manuscript,,MS-TRINITY-B-00009-00013,Codex i + 358 + i 330 247,358.0,2.0,,,,,,,,,,,,,,,,,330.0,330.0,330.0,247.0,247.0,247.0,,,,mm,2.0,2.0,2.0,,,,,,,,,,,,27.0,27.0,27.0,215.0,215.0,215.0,150.0,150.0,150.0,mm,,,,,,,,,,,hardpoint,
_measure_2,manuscript_11940,,,"Cambridge, Trinity College, MS B.9.13",manuscript,,MS-TRINITY-B-00009-00013,Codex i + 358 + i 330 247,358.0,2.0,,,,,,,,,,,,,,,,,330.0,330.0,330.0,247.0,247.0,247.0,,,,mm,1.0,1.0,1.0,,,,,,,,,,,,27.0,27.0,27.0,215.0,215.0,215.0,150.0,150.0,150.0,mm,,,,,,,,,,,hardpoint,
_measure_3,manuscript_11940,,,"Cambridge, Trinity College, MS B.9.13",manuscript,,MS-TRINITY-B-00009-00013,,,,,,,,,,,,,,,,,,,,,,,,,,,,,,,,,,,,,,,,,,,,,,,,,,,,,,,,,,,,,,,,,
_measure_4,manuscript_11940,,,"Cambridge, Trinity College, MS B.9.13",manuscript,,MS-TRINITY-B-00009-00013,,,,,,,,,,,,,,,,,,,,,,,,,,,,,,,,,,,,,,,,,,,,,,,,,,,,,,,,,,,,,,,,,
_measure_1,manuscript_11941,,,"Cambridge, Trinity College, MS B.9.14",manuscript-composite,,MS-TRINITY-B-00009-00014,Codex i + 1 | 209 + i,209.0,1.0,2.0,,,,,,,,,,,,,,,,,,,,,,,,,,,,,,,,,,,,,,,,,,,,,,,,,,,,,,,,,,,,,
_measure_2,manuscript_11941,,,"Cambridge, Trinity College, MS B.9.14",manuscript-composite,,MS-TRINITY-B-00009-00014,,,,,,,,,,,,,,,,,,,,,,,,,,,,,,,,,,,,,,,,,,,,,,,,,,,,,,,,,,,,,,,,,
_measure_3,manuscript_11941,,,"Cambridge, Trinity College, MS B.9.14",part,,,,,,,,,,,,,,,,,,,,,,296.0,296.0,296.0,210.0,210.0,210.0,,,,mm,1.0,1.0,1.0,,,,,,,,,,,,21.0,21.0,21.0,202.0,202.0,202.0,180.0,180.0,180.0,mm,,,,,,,,,,,,
_measure_4,manuscript_11941,,,"Cambridge, Trinity College, MS B.9.14",part,,,,,,,,,,,,,,,,,,,,,,326.0,326.0,326.0,254.0,254.0,254.0,,,,mm,1.0,1.0,1.0,,,,,,,,,,,,29.0,29.0,29.0,247-254,254.0,247.0,175.0,175.0,175.0,mm,,,,,,,,,,,hardpoint,below
_measure_1,manuscript_11942,,,"Cambridge, Trinity College, MS B.9.15",manuscript-composite,,MS-TRINITY-B-00009-00015,Codex i + 343 + i 323 237,343.0,,2.0,,,,,,,,,,,,,,,,323.0,323.0,323.0,237.0,237.0,237.0,,,,mm,,,,,,,,,,,,,,,,,,,,,,,,,,,,,,,,,,,,
_measure_2,manuscript_11942,,,"Cambridge, Trinity College, MS B.9.15",manuscript-composite,,MS-TRINITY-B-00009-00015,,,,,,,,,,,,,,,,,,,,,,,,,,,,,,,,,,,,,,,,,,,,,,,,,,,,,,,,,,,,,,,,,
_measure_3,manuscript_11942,,,"Cambridge, Trinity College, MS B.9.15",part,,,,,,,,,,,,,,,,,,,,,,,,,,,,,,,,1.0,1.0,1.0,,,,,,,,,,,,27.0,27.0,27.0,215.0,215.0,215.0,175.0,175.0,175.0,mm,,,,,,,,,,,hardpoint,below
_measure_4,manuscript_11942,,,"Cambridge, Trinity College, MS B.9.15",part,,,,,,,,,,,,,,,,,,,,,,,,,,,,,,,,1.0,1.0,1.0,,,,,,,,,,,,34 35,35.0,34.0,215.0,215.0,215.0,150.0,150.0,150.0,mm,,,,,,,,,,,,
_measure_1,manuscript_11943,,,"Cambridge, Trinity College, MS B.10.3",manuscript,,MS-TRINITY-B-00010-00003,Codex i + 260 + i 323 256,260.0,2.0,,,,,,,,,,,,,,,,,323.0,323.0,323.0,256.0,256.0,256.0,,,,mm,1.0,1.0,1.0,,,,,,,,,,,,30.0,30.0,30.0,222.0,222.0,222.0,138.0,138.0,138.0,mm,,,,,,,,,,,ink,
_measure_1,manuscript_11944,,,"Cambridge, Trinity College, MS B.10.11",manuscript,,MS-TRINITY-B-00010-00011,Codex iv + 167 + i 202 138,167.0,5.0,,,,,,,,,,,,,,,,,202.0,202.0,202.0,138.0,138.0,138.0,,,,mm,1.0,1.0,1.0,,,,,,,,,,,,22.0,22.0,22.0,139.0,139.0,139.0,80.0,80.0,80.0,mm,,,,,,,,,,,,
_measure_1,manuscript_11945,,,"Cambridge, Trinity College, MS B.10.16",manuscript,,MS-TRINITY-B-00010-00016,Codex ii + 366 + ii 184 130,363.0,,4.0,,,,,,,,,,,,,,,,184.0,184.0,184.0,130.0,130.0,130.0,,,,mm,1.0,1.0,1.0,,,,,,,,,,,,28.0,28.0,28.0,128.0,128.0,128.0,85.0,85.0,85.0,mm,,,,,,,,,,,,
_measure_2,manuscript_11945,,,"Cambridge, Trinity College, MS B.10.16",manuscript,,MS-TRINITY-B-00010-00016,,,,,,,,,,,,,,,,,,,,,,,,,,,,,,,,,,,,,,,,,,,,,,,,,,,,,,,,,,,,,,,,,
_measure_3,manuscript_11945,,,"Cambridge, Trinity College, MS B.10.16",manuscript,,MS-TRINITY-B-00010-00016,,,,,,,,,,,,,,,,,,,,,,,,,,,,,,,,,,,,,,,,,,,,,,,,,,,,,,,,,,,,,,,,,
_measure_1,manuscript_11946,,,"Cambridge, Trinity College, MS B.10.17",manuscript-composite,,MS-TRINITY-B-00010-00017,Codex i + 1 | 6 | 317 + i,323.0,1.0,2.0,,,,,,,,,,,,,,,,,,,,,,,,,,,,,,,,,,,,,,,,,,,,,,,,,,,,,,,,,,,,,
_measure_2,manuscript_11946,,,"Cambridge, Trinity College, MS B.10.17",part,,,,,,,,,,,,,,,,,,,,,,206.0,206.0,206.0,150.0,150.0,150.0,,,,mm,1.0,1.0,1.0,,,,,,,,,,,,,,,,,,,,,,20.0,20.0,20.0,130.0,130.0,130.0,90.0,90.0,90.0,mm,hardpoint,
_measure_3,manuscript_11946,,,"Cambridge, Trinity College, MS B.10.17",part,,,,,,,,,,,,,,,,,,,,,,192.0,192.0,192.0,133.0,133.0,133.0,,,,mm,1.0,1.0,1.0,,,,,,,,,,,,28.0,28.0,28.0,131.0,131.0,131.0,97.0,97.0,97.0,mm,,,,,,,,,,,,below
_measure_4,manuscript_11946,,,"Cambridge, Trinity College, MS B.10.17",part,,,,,,,,,,,,,,,,,,,,,,208.0,208.0,208.0,150.0,150.0,150.0,,,,mm,2.0,2.0,2.0,,,,,,,,,,,,20.0,20.0,20.0,141.0,141.0,141.0,88.0,88.0,88.0,mm,,,,,,,,,,,hardpoint,below
_measure_5,manuscript_11946,,,"Cambridge, Trinity College, MS B.10.17",part,,,,,,,,,,,,,,,,,,,,,,208.0,208.0,208.0,150.0,150.0,150.0,,,,mm,1.0,1.0,1.0,,,,,,,,,,,,20.0,20.0,20.0,141.0,141.0,141.0,88.0,88.0,88.0,mm,,,,,,,,,,,hardpoint,below
_measure_1,manuscript_11947,,,"Cambridge, Trinity College, MS B.11.17",manuscript-composite,,MS-TRINITY-B-00011-00017,Codex ii + 1 | 297 | 2 + ii 218 140,297.0,3.0,4.0,,,,,,,,,,,,,,,,218.0,218.0,218.0,140.0,140.0,140.0,,,,mm,,,,,,,,,,,,,,,,,,,,,,,,,,,,,,,,,,,,
_measure_2,manuscript_11947,,,"Cambridge, Trinity College, MS B.11.17",part,,,,,,,,,,,,,,,,,,,,,,,,,,,,,,,,1.0,1.0,1.0,,,,,,,,,,,,17.0,17.0,17.0,152.0,152.0,152.0,100.0,100.0,100.0,mm,,,,,,,,,,,,
_measure_3,manuscript_11947,,,"Cambridge, Trinity College, MS B.11.17",part,,,,,,,,,,,,,,,,,,,,,,,,,,,,,,,,1.0,1.0,1.0,,,,,,,,,,,,17.0,17.0,17.0,150-160,160.0,150.0,100.0,100.0,100.0,mm,,,,,,,,,,,,
_measure_4,manuscript_11947,,,"Cambridge, Trinity College, MS B.11.17",part,,,,,,,,,,,,,,,,,,,,,,,,,,,,,,,,1.0,1.0,1.0,,,,,,,,,,,,15.0,15.0,15.0,139.0,139.0,139.0,95.0,95.0,95.0,mm,,,,,,,,,,,,
_measure_5,manuscript_11947,,,"Cambridge, Trinity College, MS B.11.17",part,,,,,,,,,,,,,,,,,,,,,,,,,,,,,,,,1.0,1.0,1.0,,,,,,,,,,,,15 17,17.0,15.0,138-159,159.0,138.0,100.0,100.0,100.0,mm,,,,,,,,,,,,
_measure_1,manuscript_1,,,"Cambridge, Trinity College, MS B.14.19",manuscript-composite,,MS-TRINITY-COLLEGE-B-00014-00019,Codex: ii + 2 | 1 + 158 + 1 | 2 | 4 + 24 | 49 | 1 | 16 | 1 + 1 leaves. 205 145,253.0,6.0,3.0,,,,,,,,,,,,,,,,205.0,205.0,205.0,145.0,145.0,145.0,,,,mm,,,,,,,,,,,,,,,,,,,,,,,,,,,,,,,,,,,,
_measure_2,manuscript_1,,,"Cambridge, Trinity College, MS B.14.19",manuscript-composite,,MS-TRINITY-COLLEGE-B-00014-00019,,,,,,,,,,,,,,,,,,,,,,,,,,,,,,,,,,,,,,,,,,,,,,,,,,,,,,,,,,,,,,,,,
_measure_3,manuscript_1,,,"Cambridge, Trinity College, MS B.14.19",manuscript-composite,,MS-TRINITY-COLLEGE-B-00014-00019,,,,,,,,,,,,,,,,,,,,,,,,,,,,,,,,,,,,,,,,,,,,,,,,,,,,,,,,,,,,,,,,,
_measure_4,manuscript_1,,,"Cambridge, Trinity College, MS B.14.19",part,,,Codex: 4 leaves.,4.0,,,,,,,,,,,,,,,,,,,,,,,,,,,,2.0,2.0,2.0,,,,,,,,,,,,44.0,44.0,44.0,185.0,185.0,185.0,125.0,125.0,125.0,mm,,,,,,,,,,,leadpoint,below
_measure_5,manuscript_1,,,"Cambridge, Trinity College, MS B.14.19",part,,,Codex: 159 leaves.,159.0,,,,,,,,,,,,,,,,,,,,,,,,,,,,1.0,1.0,1.0,,,,,,,,,,,,31 32,32.0,31.0,150.0,150.0,150.0,105.0,105.0,105.0,mm,,,,,,,,,,,leadpoint,below
_measure_6,manuscript_1,,,"Cambridge, Trinity College, MS B.14.19",part,,,Codex: 4 leaves.,4.0,,,,,,,,,,,,,,,,,,,,,,,,,,,,2.0,2.0,2.0,,,,,,,,,,,,44.0,44.0,44.0,185.0,185.0,185.0,125.0,125.0,125.0,mm,,,,,,,,,,,leadpoint,below
_measure_7,manuscript_1,,,"Cambridge, Trinity College, MS B.14.19",part,,,Codex: 4 + 24 leaves.,24.0,,,,,,,,,,,,,,,,,,,,,,,,,,,,1.0,1.0,1.0,,,,,,,,,,,,31 39,39.0,31.0,150.0,150.0,150.0,90.0,90.0,90.0,mm,,,,,,,,,,,leadpoint,below
_measure_8,manuscript_1,,,"Cambridge, Trinity College, MS B.14.19",part,,,Codex: 49 leaves.,49.0,,,,,,,,,,,,,,,,,,,,,,,,,,,,1.0,1.0,1.0,,,,,,,,,,,,31.0,31.0,31.0,150.0,150.0,150.0,90.0,90.0,90.0,mm,,,,,,,,,,,ink,below
_measure_9,manuscript_1,,,"Cambridge, Trinity College, MS B.14.19",part,,,Fragments: 2 leaves.,2.0,,,,,,,,,,,,,,,,,,,,,,,,,,,,1.0,1.0,1.0,,,,,,,,,,,,,,,,,,,,,,,,,,,,,,,,leadpoint,
_measure_10,manuscript_1,,,"Cambridge, Trinity College, MS B.14.19",part,,,Codex: 16 leaves.,16.0,,,,,,,,,,,,,,,,,,,,,,,,,,,,1.0,1.0,1.0,,,,,,,,,,,,29 35,35.0,29.0,165.0,165.0,165.0,110.0,110.0,110.0,mm,,,,,,,,,,,leadpoint,
_measure_1,manuscript_11948,,,"Cambridge, Trinity College, MS B.17.1",manuscript,,MS-TRINITY-B-00017-00001,Codex 136 226 187,136.0,,,,,,,,,,,,,,,,,,226.0,226.0,226.0,187.0,187.0,187.0,,,,mm,1.0,1.0,1.0,,,,,,,,,,,,28.0,28.0,28.0,162.0,162.0,162.0,130.0,130.0,130.0,mm,,,,,,,,,,,hardpoint,above
_measure_2,manuscript_11948,,,"Cambridge, Trinity College, MS B.17.1",manuscript,,MS-TRINITY-B-00017-00001,,,,,,,,,,,,,,,,,,,,,,,,,,,,,,,,,,,,,,,,,,,,,,,,,,,,,,,,,,,,,,,,,
_measure_3,manuscript_11948,,,"Cambridge, Trinity College, MS B.17.1",manuscript,,MS-TRINITY-B-00017-00001,,,,,,,,,,,,,,,,,,,,,,,,,,,,,,,,,,,,,,,,,,,,,,,,,,,,,,,,,,,,,,,,,
_measure_4,manuscript_11948,,,"Cambridge, Trinity College, MS B.17.1",manuscript,,MS-TRINITY-B-00017-00001,,,,,,,,,,,,,,,,,,,,,,,,,,,,,,,,,,,,,,,,,,,,,,,,,,,,,,,,,,,,,,,,,
_measure_5,manuscript_11948,,,"Cambridge, Trinity College, MS B.17.1",manuscript,,MS-TRINITY-B-00017-00001,,,,,,,,,,,,,,,,,,,,,,,,,,,,,,,,,,,,,,,,,,,,,,,,,,,,,,,,,,,,,,,,,
_measure_1,manuscript_11949,,,"Cambridge, Trinity College, MS B.17.2",manuscript,,MS-TRINITY-B-00017-00002,Codex iii + 99 + i 247 199,99.0,4.0,,,,,,,,,,,,,,,,,247.0,247.0,247.0,199.0,199.0,199.0,,,,mm,1.0,1.0,1.0,,,,,,,,,,,,21 24,24.0,21.0,180.0,180.0,180.0,135.0,135.0,135.0,mm,,,,,,,,,,,,
_measure_1,manuscript_11950,,,"Cambridge, Trinity College, MS B.17.20",manuscript-composite,,MS-TRINITY-B-00017-00020,,,,,,,,,,,,,,,,,,,,,,,,,,,,,,,,,,,,,,,,,,,,,,,,,,,,,,,,,,,,,,,,,
_measure_2,manuscript_11950,,,"Cambridge, Trinity College, MS B.17.20",part,,,Fragment (scrap) 1 249 90,1.0,,,,,,,,,,,,,,,,,,249.0,249.0,249.0,90.0,90.0,90.0,,,,mm,2.0,2.0,2.0,,,,,,,,,,,,22.0,22.0,22.0,171.0,171.0,171.0,120.0,120.0,120.0,mm,,,,,,,,,,,hardpoint,above
_measure_3,manuscript_11950,,,"Cambridge, Trinity College, MS B.17.20",part,,,Fragment (scrap) 1 105 83,1.0,,,,,,,,,,,,105.0,105.0,83.0,83.0,83.0,mm,,,,,,,,,,,,,,,,,,,,,,,,,,,,,,,,,,,,,,,,,,,,,hardpoint,above
_measure_4,manuscript_11950,,,"Cambridge, Trinity College, MS B.17.20",part,,,Fragment (bifolio) 2 308 270,2.0,,,,,,,,,,,,,,,,,,308.0,308.0,308.0,270.0,270.0,270.0,,,,mm,2.0,2.0,2.0,,,,,,,,,,,,23.0,23.0,23.0,230.0,230.0,230.0,197.0,197.0,197.0,mm,,,,,,,,,,,hardpoint,below
_measure_1,manuscript_11951,,,"Cambridge, Trinity College, MS O.1.2",manuscript,,MS-TRINITY-O-00001-00002,Codex v + 46 + vii 206 147,46.0,,12.0,,,,,,,,,,,,,,,,206.0,206.0,206.0,147.0,147.0,147.0,,,,mm,1.0,1.0,1.0,,,,,,,,,,,,27 33,33.0,27.0,154-159,159.0,154.0,102.0,102.0,102.0,mm,,,,,,,,,,,,
_measure_1,manuscript_11952,,,"Cambridge, Trinity College, MS O.1.4",manuscript,,MS-TRINITY-O-00001-00004,,,,,,,,,,,,,,,,,,,,207.0,207.0,207.0,150.0,150.0,150.0,,,,mm,1.0,1.0,1.0,,,,,,,,,,,,20.0,20.0,20.0,150.0,150.0,150.0,100.0,100.0,100.0,mm,,,,,,,,,,,,
_measure_1,manuscript_11953,,,"Cambridge, Trinity College, MS O.1.5",manuscript,,MS-TRINITY-O-00001-00005,Codex v + 56 + vii 206 147,56.0,,12.0,,,,,,,,,,,,,,,,206.0,206.0,206.0,147.0,147.0,147.0,,,,mm,1.0,1.0,1.0,,,,,,,,,,,,29 30,30.0,29.0,159.0,159.0,159.0,105.0,105.0,105.0,mm,,,,,,,,,,,,
_measure_1,manuscript_11954,,,"Cambridge, Trinity College, MS O.1.8",manuscript,,MS-TRINITY-O-00001-00008,Codex i + 108 + i 205 140,108.0,,3.0,,,,,,,,,,,,,,,,205.0,205.0,205.0,140.0,140.0,140.0,,,,mm,1.0,1.0,1.0,,,,,,,,,,,,11 13,13.0,11.0,140-150,150.0,140.0,95-105,105.0,95.0,mm,,,,,,,,,,,hardpoint,
_measure_2,manuscript_11954,,,"Cambridge, Trinity College, MS O.1.8",manuscript,,MS-TRINITY-O-00001-00008,Codex i + 108 + i 205 140,108.0,,3.0,,,,,,,,,,,,,,,,205.0,205.0,205.0,140.0,140.0,140.0,,,,mm,1.0,1.0,1.0,,,,,,,,,,,,14 16,16.0,14.0,140-150,150.0,140.0,90-110,110.0,90.0,mm,,,,,,,,,,,hardpoint,
_measure_3,manuscript_11954,,,"Cambridge, Trinity College, MS O.1.8",manuscript,,MS-TRINITY-O-00001-00008,Codex i + 108 + i 205 140,108.0,,3.0,,,,,,,,,,,,,,,,205.0,205.0,205.0,140.0,140.0,140.0,,,,mm,1.0,1.0,1.0,,,,,,,,,,,,17 19,19.0,17.0,150-165,165.0,150.0,80-105,105.0,80.0,mm,,,,,,,,,,,hardpoint,
_measure_4,manuscript_11954,,,"Cambridge, Trinity College, MS O.1.8",manuscript,,MS-TRINITY-O-00001-00008,Codex i + 108 + i 205 140,108.0,,3.0,,,,,,,,,,,,,,,,205.0,205.0,205.0,140.0,140.0,140.0,,,,mm,2.0,2.0,2.0,,,,,,,,,,,,43 48,48.0,43.0,205.0,205.0,205.0,130.0,130.0,130.0,mm,,,,,,,,,,,hardpoint,
_measure_5,manuscript_11954,,,"Cambridge, Trinity College, MS O.1.8",manuscript,,MS-TRINITY-O-00001-00008,,,,,,,,,,,,,,,,,,,,,,,,,,,,,,,,,,,,,,,,,,,,,,,,,,,,,,,,,,,,,,,,,
_measure_1,manuscript_11955,,,"Cambridge, Trinity College, MS O.1.10",manuscript,,MS-TRINITY-O-00001-00010,Codex iii + 8 + 295 + 3 + 5 + iii 200 155,300.0,11.0,6.0,,,,,,,,,,,,,,,,200.0,200.0,200.0,155.0,155.0,155.0,,,,mm,1.0,1.0,1.0,,,,,,,,,,,,16 19,19.0,16.0,160.0,160.0,160.0,115.0,115.0,115.0,mm,,,,,,,,,,,,
_measure_1,manuscript_1,,,"Cambridge, Trinity College, MS O.1.13",manuscript-composite,,MS-TRINITY-COLLEGE-O-00001-00013,Codex: ii + 1 + 78 (= Part 1) | 66 (= Part 2) | 14 (= Part 3) | 12 (= Part 4) | 8 (= Part 5) | 56 (= Part 6) | 17 (= Part 7) | 49 (= Part 8) | 8 (= Part 9) | 11 (= Part 10) + ii leaves. 195-200 135-145,319.0,,,,,,,,,,,,,,,,,,195-200,200.0,195.0,135-145,145.0,135.0,,,,mm,,,,,,,,,,,,,,,,,,,,,,,,,,,,,,,,,,,,
_measure_2,manuscript_1,,,"Cambridge, Trinity College, MS O.1.13",manuscript-composite,,MS-TRINITY-COLLEGE-O-00001-00013,,,,,,,,,,,,,,,,,,,,,,,,,,,,,,,,,,,,,,,,,,,,,,,,,,,,,,,,,,,,,,,,,
_measure_3,manuscript_1,,,"Cambridge, Trinity College, MS O.1.13",part,,,Codex: 78 leaves. 195 135,78.0,,,,,,,,,,,,,,,,,,195.0,195.0,195.0,135.0,135.0,135.0,,,,mm,1 2,2.0,1.0,,,,,,,,,,,,25 36,36.0,25.0,140-150,150.0,140.0,90-100,100.0,90.0,mm,,,,,,,,,,,,
_measure_4,manuscript_1,,,"Cambridge, Trinity College, MS O.1.13",part,,,Codex: 66 leaves. 200 145,66.0,,,,,,,,,,,,,,,,,,200.0,200.0,200.0,145.0,145.0,145.0,,,,mm,1.0,1.0,1.0,,,,,,,,,,,,25 50,50.0,25.0,170-195,195.0,170.0,125-145,145.0,125.0,mm,,,,,,,,,,,,
_measure_5,manuscript_1,,,"Cambridge, Trinity College, MS O.1.13",part,,,Codex: 14 leaves. 195 140,14.0,,,,,,,,,,,,,,,,,,195.0,195.0,195.0,140.0,140.0,140.0,,,,mm,1.0,1.0,1.0,,,,,,,,,,,,24.0,24.0,24.0,140-145,145.0,140.0,105-110,110.0,105.0,mm,,,,,,,,,,,hardpoint,
_measure_6,manuscript_1,,,"Cambridge, Trinity College, MS O.1.13",part,,,Codex: 12 leaves. 195 140,12.0,,,,,,,,,,,,,,,,,,195.0,195.0,195.0,140.0,140.0,140.0,,,,mm,1.0,1.0,1.0,,,,,,,,,,,,30 35,35.0,30.0,150-155,155.0,150.0,110-115,115.0,110.0,mm,,,,,,,,,,,mixed,below
_measure_7,manuscript_1,,,"Cambridge, Trinity College, MS O.1.13",part,,,Codex: 8 leaves. 195 135,8.0,,,,,,,,,,,,,,,,,,195.0,195.0,195.0,135.0,135.0,135.0,,,,mm,1.0,1.0,1.0,,,,,,,,,,,,26 27,27.0,26.0,160.0,160.0,160.0,115.0,115.0,115.0,mm,,,,,,,,,,,ink,below
_measure_8,manuscript_1,,,"Cambridge, Trinity College, MS O.1.13",part,,,Codex: 56 leaves. 195 140,56.0,,,,,,,,,,,,,,,,,,195.0,195.0,195.0,140.0,140.0,140.0,,,,mm,1 2,2.0,1.0,,,,,,,,,,,,30 35,35.0,30.0,180-185,185.0,180.0,100-120,120.0,110.0,mm,,,,,,,,,,,mixed,
_measure_9,manuscript_1,,,"Cambridge, Trinity College, MS O.1.13",part,,,Codex: 17 leaves. 195 145,17.0,,,,,,,,,,,,,,,,,,195.0,195.0,195.0,145.0,145.0,145.0,,,,mm,1.0,1.0,1.0,,,,,,,,,,,,30 40,40.0,30.0,130-180,180.0,130.0,110.0,110.0,110.0,mm,,,,,,,,,,,blindpoint,
_measure_10,manuscript_1,,,"Cambridge, Trinity College, MS O.1.13",part,,,Codex: 49 leaves. 195 145,49.0,,,,,,,,,,,,,,,,,,195.0,195.0,195.0,145.0,145.0,145.0,,,,mm,1.0,1.0,1.0,,,,,,,,,,,,35 45,45.0,35.0,180-190,190.0,180.0,105-135,135.0,105.0,mm,,,,,,,,,,,,
_measure_11,manuscript_1,,,"Cambridge, Trinity College, MS O.1.13",part,,,Codex: 8 leaves. 195 145,8.0,,,,,,,,,,,,,,,,,,195.0,195.0,195.0,145.0,145.0,145.0,,,,mm,1.0,1.0,1.0,,,,,,,,,,,,30 45,45.0,30.0,155-185,185.0,155.0,105-120,120.0,105.0,mm,,,,,,,,,,,,
_measure_12,manuscript_1,,,"Cambridge, Trinity College, MS O.1.13",part,,,Codex: 11 leaves. 200 140,11.0,,,,,,,,,,,,,,,,,,200.0,200.0,200.0,140.0,140.0,140.0,,,,mm,1 2,2.0,1.0,,,,,,,,,,,,30 40,40.0,30.0,170.0,170.0,170.0,130.0,130.0,130.0,mm,,,,,,,,,,,mixed,below
_measure_1,manuscript_11956,,,"Cambridge, Trinity College, MS O.1.14",manuscript,,MS-TRINITY-O-00001-00014,Codex iii + 2 + 129 + 2 200 145,129.0,4.0,3.0,,,,,,,,,,,,,,,,200.0,200.0,200.0,145.0,145.0,145.0,,,,mm,1.0,1.0,1.0,,,,,,,,,,,,13.0,13.0,13.0,135.0,135.0,135.0,90.0,90.0,90.0,mm,,,,,,,,,,,ink,
_measure_2,manuscript_11956,,,"Cambridge, Trinity College, MS O.1.14",manuscript,,MS-TRINITY-O-00001-00014,,,,,,,,,,,,,,,,,,,,,,,,,,,,,,,,,,,,,,,,,,,,,,,,,,,,,,,,,,,,,,,,,
_measure_1,manuscript_11957,,,"Cambridge, Trinity College, MS O.1.15",manuscript,,MS-TRINITY-O-00001-00015,Codex v + 1 + + 29 + iv 200 ca. 140,29.0,1.0,9.0,,,,,,,,,,,,,,,,200.0,200.0,200.0,140.0,140.0,140.0,,,,mm,1.0,1.0,1.0,,,,,,,,,,,,22.0,22.0,22.0,155.0,155.0,155.0,90.0,90.0,90.0,mm,,,,,,,,,,,ink,
_measure_1,manuscript_11958,,,"Cambridge, Trinity College, MS O.1.19",manuscript,,MS-TRINITY-O-00001-00019,Codex ii + 69 + 2 + 1 + ii 200 155,72.0,,4.0,,,,,,,,,,,,,,,,200.0,200.0,200.0,155.0,155.0,155.0,,,,mm,1.0,1.0,1.0,,,,,,,,,,,,29 37,37.0,29.0,ca. 165-180,180.0,165.0,130.0,130.0,130.0,mm,,,,,,,,,,,pencil,
_measure_1,manuscript_11959,,,"Cambridge, Trinity College, MS O.1.23",manuscript,,MS-TRINITY-O-00001-00023,,,,,,,,,,,,,,,,,,,,199.0,199.0,199.0,145.0,145.0,145.0,,,,mm,1.0,1.0,1.0,,,,,,,,,,,,24.0,24.0,24.0,135.0,135.0,135.0,85.0,85.0,85.0,mm,,,,,,,,,,,,
_measure_1,manuscript_11960,,,"Cambridge, Trinity College, MS O.1.32",manuscript,,MS-TRINITY-O-00001-00032,,,,,,,,,,,,,,,,,,,,195.0,195.0,195.0,135.0,135.0,135.0,,,,mm,1.0,1.0,1.0,,,,,,,,,,,,13.0,13.0,13.0,130-140,140.0,130.0,90.0,90.0,90.0,mm,,,,,,,,,,,,
_measure_1,manuscript_11961,,,"Cambridge, Trinity College, MS O.1.36",manuscript,,MS-TRINITY-O-00001-00036,Codex v + 94 + i 190 140,,94.0,6.0,,,,,,,,,,,,,,,,190.0,190.0,190.0,140.0,140.0,140.0,,,,mm,1.0,1.0,1.0,,,,,,,,,,,,28 30,30.0,28.0,180.0,180.0,180.0,105.0,105.0,105.0,mm,,,,,,,,,,,,
_measure_1,manuscript_11962,,,"Cambridge, Trinity College, MS O.1.37",manuscript,,MS-TRINITY-O-00001-00037,Codex 61 195 145,61.0,,,,,,,,,,,,,,,,,,195.0,195.0,195.0,145.0,145.0,145.0,,,,mm,1.0,1.0,1.0,,,,,,,,,,,,14.0,14.0,14.0,95.0,95.0,95.0,80.0,80.0,80.0,mm,,,,,,,,,,,,
_measure_2,manuscript_11962,,,"Cambridge, Trinity College, MS O.1.37",manuscript,,MS-TRINITY-O-00001-00037,,,,,,,,,,,,,,,,,,,,,,,,,,,,,,,,,,,,,,,,,,,,,,,,,,,,,,,,,,,,,,,,,
_measure_1,manuscript_11963,,,"Cambridge, Trinity College, MS O.1.53",manuscript,,MS-TRINITY-O-00001-00053,Codex ii + 8 + 39 + 4 + vi c. 180 c. 130,39.0,12.0,8.0,,,,,,,,,,,,,,,,180.0,180.0,180.0,130.0,130.0,130.0,,,,mm,1.0,1.0,1.0,,,,,,,,,,,,20.0,20.0,20.0,117-127,127.0,117.0,80.0,80.0,80.0,mm,,,,,,,,,,,hardpoint,
_measure_1,manuscript_11964,,,"Cambridge, Trinity College, MS O.1.54",manuscript,,MS-TRINITY-O-00001-00054,Codex iii + 1 + 79 + ii 190 145,79.0,1.0,5.0,,,,,,,,,,,,,,,,190.0,190.0,190.0,145.0,145.0,145.0,,,,mm,1.0,1.0,1.0,,,,,,,,,,,,29.0,29.0,29.0,140.0,140.0,140.0,90.0,90.0,90.0,mm,,,,,,,,,,,hard-point,
_measure_1,manuscript_11965,,,"Cambridge, Trinity College, MS O.1.55",manuscript-composite,,MS-TRINITY-O-00001-00055,Codex iii + 79 + 1 + v 180 132,79.0,1.0,8.0,,,,,,,,,,,,,,,,180.0,180.0,180.0,132.0,132.0,132.0,,,,mm,,,,,,,,,,,,,,,,,,,,,,,,,,,,,,,,,,,,
_measure_2,manuscript_11965,,,"Cambridge, Trinity College, MS O.1.55",part,,,Codex 4 ca. 255 ca. 180,4.0,,,,,,,,,,,,,,,,,,255.0,255.0,255.0,180.0,180.0,180.0,,,,mm,2.0,2.0,2.0,,,,,,,,,,,,31.0,31.0,31.0,,,,,,,,,,,,,,,,,,hardpoint,
_measure_3,manuscript_11965,,,"Cambridge, Trinity College, MS O.1.55",part,,,,,,,,,,,,,,,,,,,,,,,,,,,,,,,,1.0,1.0,1.0,,,,,,,,,,,,19 21,21.0,19.0,125-145,145.0,125.0,ca. 95-100,100.0,95.0,mm,,,,,,,,,,,,
_measure_4,manuscript_11965,,,"Cambridge, Trinity College, MS O.1.55",part,,,,,,,,,,,,,,,,,,,,,,,,,,,,,,,,1.0,1.0,1.0,,,,,,,,,,,,29.0,29.0,29.0,140.0,140.0,140.0,90.0,90.0,90.0,mm,,,,,,,,,,,hardpoint,
_measure_1,manuscript_1,,,"Cambridge, Trinity College, MS O.1.57",manuscript-composite,,MS-TRINITY-COLLEGE-O-00001-00057,Codex: iii + 4 | 32 | 63 leaves.,99.0,,,,,,,,,,,,,,,,,,,,,,,,,,,,,,,,,,,,,,,,,,,,,,,,,,,,,,,,,,,,,,,
_measure_2,manuscript_1,,,"Cambridge, Trinity College, MS O.1.57",manuscript-composite,,MS-TRINITY-COLLEGE-O-00001-00057,,,,,,,,,,,,,,,,,,,,,,,,,,,,,,,,,,,,,,,,,,,,,,,,,,,,,,,,,,,,,,,,,
_measure_3,manuscript_1,,,"Cambridge, Trinity College, MS O.1.57",manuscript-composite,,MS-TRINITY-COLLEGE-O-00001-00057,,,,,,,,,,,,,,,,,,,,,,,,,,,,,,,,,,,,,,,,,,,,,,,,,,,,,,,,,,,,,,,,,
_measure_4,manuscript_1,,,"Cambridge, Trinity College, MS O.1.57",part,,,Codex: 4 leaves.,4.0,,,,,,,,,,,,,,,,,,,,,,,,,,,,1.0,1.0,1.0,,,,,,,,,,,,16 23,23.0,16.0,110-135,135.0,110.0,80-105,105.0,80.0,mm,,,,,,,,,,,,
_measure_5,manuscript_1,,,"Cambridge, Trinity College, MS O.1.57",part,,,Codex: 95 leaves.,95.0,,,,,,,,,,,,,,,,,,,,,,,,,,,,1.0,1.0,1.0,,,,,,,,,,,,29 30,30.0,29.0,105.0,105.0,105.0,75.0,75.0,75.0,mm,,,,,,,,,,,leadpoint,below
_measure_1,manuscript_11966,,,"Cambridge, Trinity College, MS O.1.61",manuscript,,MS-TRINITY-O-00001-00061,Codex ii + 294 + ii 159-170 125,294.0,,4.0,,,,,,,,,,,,,,,,159-170,170.0,159.0,125.0,125.0,125.0,,,,mm,1.0,1.0,1.0,,,,,,,,,,,,24 34,34.0,24.0,114-130,130.0,114.0,70-85,85.0,70.0,mm,,,,,,,,,,,,
_measure_2,manuscript_11966,,,"Cambridge, Trinity College, MS O.1.61",manuscript,,MS-TRINITY-O-00001-00061,Codex ii + 294 + ii 159-170 125,294.0,,4.0,,,,,,,,,,,,,,,,159-170,170.0,159.0,125.0,125.0,125.0,,,,mm,1.0,1.0,1.0,,,,,,,,,,,,18 19,19.0,18.0,127.0,127.0,127.0,80.0,80.0,80.0,mm,,,,,,,,,,,,
_measure_1,manuscript_1,,,"Cambridge, Trinity College, MS O.1.65",manuscript-composite,,MS-TRINITY-COLLEGE-O-00001-00065,Codex: ii + 59 | 76 | 127 | 28 + ii leaves. 95-170 105-130,290.0,,,,,,,,,,,,,,,,,,95-170,170.0,95.0,105-130,130.0,105.0,,,,mm,,,,,,,,,,,,,,,,,,,,,,,,,,,,,,,,,,,,
_measure_2,manuscript_1,,,"Cambridge, Trinity College, MS O.1.65",manuscript-composite,,MS-TRINITY-COLLEGE-O-00001-00065,,,,,,,,,,,,,,,,,,,,,,,,,,,,,,,,,,,,,,,,,,,,,,,,,,,,,,,,,,,,,,,,,
_measure_3,manuscript_1,,,"Cambridge, Trinity College, MS O.1.65",manuscript-composite,,MS-TRINITY-COLLEGE-O-00001-00065,,,,,,,,,,,,,,,,,,,,,,,,,,,,,,,,,,,,,,,,,,,,,,,,,,,,,,,,,,,,,,,,,
_measure_4,manuscript_1,,,"Cambridge, Trinity College, MS O.1.65",part,,,Codex: 59 leaves. 170 115,59.0,,,,,,,,,,,,,,,,,,170.0,170.0,170.0,115.0,115.0,115.0,,,,mm,1.0,1.0,1.0,,,,,,,,,,,,20 34,34.0,20.0,145-170,170.0,145.0,90-115,115.0,90.0,mm,,,,,,,,,,,,
_measure_5,manuscript_1,,,"Cambridge, Trinity College, MS O.1.65",part,,,Codex: 76 leaves. 95 130,76.0,,,,,,,,,,,,,,,,,,95.0,95.0,95.0,130.0,130.0,130.0,,,,mm,1.0,1.0,1.0,,,,,,,,,,,,14 18,18.0,14.0,75-85,85.0,75.0,115-125,125.0,115.0,mm,,,,,,,,,,,,
_measure_6,manuscript_1,,,"Cambridge, Trinity College, MS O.1.65",part,,,Codex: 127 leaves. 150 110 ff. 3:i-3:viii is a set of small paper leaves (115 x 85mm).,127.0,,,,,,,,,,,,,,,,,,150.0,150.0,150.0,110.0,110.0,110.0,,,,mm,1.0,1.0,1.0,,,,,,,,,,,,20 25,25.0,20.0,120-135,135.0,120.0,80-95,95.0,80.0,mm,,,,,,,,,,,,
_measure_7,manuscript_1,,,"Cambridge, Trinity College, MS O.1.65",part,,,Codex: 28 leaves. 155 105,28.0,,,,,,,,,,,,,,,,,,155.0,155.0,155.0,105.0,105.0,105.0,,,,mm,1.0,1.0,1.0,,,,,,,,,,,,19 23,23.0,19.0,120-125,125.0,120.0,80-85,85.0,80.0,mm,,,,,,,,,,,,
_measure_1,manuscript_11967,,,"Cambridge, Trinity College, MS O.1.66",manuscript,,MS-TRINITY-O-00001-00066,Codex iii + 204 + ii 150 105,204.0,5.0,,,,,,,,,,,,,,,,,150.0,150.0,150.0,105.0,105.0,105.0,,,,mm,1.0,1.0,1.0,,,,,,,,,,,,13 19,19.0,13.0,105.0,105.0,105.0,75.0,75.0,75.0,mm,,,,,,,,,,,,
_measure_2,manuscript_11967,,,"Cambridge, Trinity College, MS O.1.66",manuscript,,MS-TRINITY-O-00001-00066,,,,,,,,,,,,,,,,,,,,,,,,,,,,,,,,,,,,,,,,,,,,,,,,,,,,,,,,,,,,,,,,,
_measure_1,manuscript_11968,,,"Cambridge, Trinity College, MS O.1.68",manuscript,,MS-TRINITY-O-00001-00068,,,,,,,,,,,,,,,,,,,,145.0,145.0,145.0,80.0,80.0,80.0,,,,mm,1.0,1.0,1.0,,,,,,,,,,,,8 12,12.0,8.0,55-63,63.0,55.0,110-120,120.0,110.0,mm,,,,,,,,,,,,
_measure_1,manuscript_1,,,"Cambridge, Trinity College, MS O.1.71",manuscript,,MS-TRINITY-COLLEGE-O-00001-00071,Codex: ii + 4 + 175 + ii leaves. 120 90,179.0,,4.0,,,,,,,,,,,,,,,,120.0,120.0,120.0,90.0,90.0,90.0,,,,mm,1.0,1.0,1.0,,,,,,,,,,,,26.0,26.0,26.0,90.0,90.0,90.0,60.0,60.0,60.0,mm,,,,,,,,,,,leadpoint,below
_measure_2,manuscript_1,,,"Cambridge, Trinity College, MS O.1.71",manuscript,,MS-TRINITY-COLLEGE-O-00001-00071,,,,,,,,,,,,,,,,,,,,,,,,,,,,,,,,,,,,,,,,,,,,,,,,,,,,,,,,,,,,,,,,,
_measure_1,manuscript_11969,,,"Cambridge, Trinity College, MS O.1.73",manuscript,,MS-TRINITY-O-00001-00073,Codex iii + 2 + 222 + i 180 110,222.0,2.0,4.0,,,,,,,,,,,,,,,,180.0,180.0,180.0,110.0,110.0,110.0,,,,mm,1.0,1.0,1.0,,,,,,,,,,,,6 12,12.0,6.0,50-90,90.0,50.0,50.0,50.0,50.0,mm,,,,,,,,,,,hardpoint,
_measure_2,manuscript_11969,,,"Cambridge, Trinity College, MS O.1.73",manuscript,,MS-TRINITY-O-00001-00073,Codex iii + 2 + 222 + i 180 110,222.0,2.0,4.0,,,,,,,,,,,,,,,,180.0,180.0,180.0,110.0,110.0,110.0,,,,mm,1.0,1.0,1.0,,,,,,,,,,,,5 9,9.0,5.0,46-71,71.0,46.0,45.0,45.0,45.0,mm,,,,,,,,,,,,
_measure_3,manuscript_11969,,,"Cambridge, Trinity College, MS O.1.73",manuscript,,MS-TRINITY-O-00001-00073,,,,,,,,,,,,,,,,,,,,,,,,,,,,,,,,,,,,,,,,,,,,,,,,,,,,,,,,,,,,,,,,,
_measure_1,manuscript_1,,,"Cambridge, Trinity College, MS O.1.77",manuscript,,MS-TRINITY-COLLEGE-O-00001-00077,Codex: ii + 3 + 204 + ii leaves. 105 75,204.0,3.0,4.0,,,,,,,,,,,,,,,,105.0,105.0,105.0,75.0,75.0,75.0,,,,mm,1.0,1.0,1.0,,,,,,,,,,,,18.0,18.0,18.0,80.0,80.0,80.0,60.0,60.0,60.0,mm,,,,,,,,,,,,below
_measure_2,manuscript_1,,,"Cambridge, Trinity College, MS O.1.77",manuscript,,MS-TRINITY-COLLEGE-O-00001-00077,Codex: ii + 3 + 204 + ii leaves. 105 75,204.0,3.0,4.0,,,,,,,,,,,,,,,,105.0,105.0,105.0,75.0,75.0,75.0,,,,mm,1.0,1.0,1.0,,,,,,,,,,,,14.0,14.0,14.0,70.0,70.0,70.0,45.0,45.0,45.0,mm,,,,,,,,,,,mixed,mixed
_measure_1,manuscript_11970,,,"Cambridge, Trinity College, MS O.2.3",manuscript,,MS-TRINITY-O-00002-00003,Codex i + 5 + 33 + 4 + i 230 180,33.0,9.0,2.0,,,,,,,,,,,,,,,,230.0,230.0,230.0,180.0,180.0,180.0,,,,mm,1.0,1.0,1.0,,,,,,,,,,,,22 25,25.0,22.0,170.0,170.0,170.0,120-140,140.0,120.0,mm,,,,,,,,,,,ink,
_measure_1,manuscript_11971,,,"Cambridge, Trinity College, MS O.2.12",manuscript-composite,,MS-TRINITY-O-00002-00012,,,,,,,,,,,,,,,,,,,,,,,,,,,,,,,,,,,,,,,,,,,,,,,,,,,,,,,,,,,,,,,,,
_measure_2,manuscript_11971,,,"Cambridge, Trinity College, MS O.2.12",part,,,,,,,,,,,,,,,,,,,,,mm,220.0,220.0,220.0,165.0,165.0,165.0,,,,mm,1.0,1.0,1.0,,,,,,,,,,,,16.0,16.0,16.0,,,,,,,,,,,,,,,,,,,
_measure_3,manuscript_11971,,,"Cambridge, Trinity College, MS O.2.12",part,,,,,,,,,,,,,,,,,,,,,,220-230,230.0,220.0,165-175,175.0,165.0,,,,mm,1.0,1.0,1.0,,,,,,,,,,,,31.0,31.0,31.0,205.0,205.0,205.0,135.0,135.0,135.0,mm,,,,,,,,,,,,
_measure_4,manuscript_11971,,,"Cambridge, Trinity College, MS O.2.12",part,,,,,,,,,,,,,,,,,,,,,,230.0,230.0,230.0,175.0,175.0,175.0,,,,mm,1.0,1.0,1.0,,,,,,,,,,,,31 49,49.0,31.0,205-210,210.0,205.0,145.0,145.0,145.0,mm,,,,,,,,,,,,
_measure_5,manuscript_11971,,,"Cambridge, Trinity College, MS O.2.12",part,,,,,,,,,,,,,,,,,,,,,,225-230,230.0,225.0,165-170,170.0,165.0,,,,mm,1.0,1.0,1.0,,,,,,,,,,,,14.0,14.0,14.0,165-170,170.0,165.0,100-115,115.0,100.0,mm,,,,,,,,,,,hardpoint,
_measure_6,manuscript_11971,,,"Cambridge, Trinity College, MS O.2.12",part,,,,,,,,,,,,,,,,,,,,,,210.0,210.0,210.0,130-150,150.0,135.0,,,,mm,1.0,1.0,1.0,,,,,,,,,,,,24 28,28.0,24.0,150-165,165.0,150.0,100-115,115.0,100.0,mm,,,,,,,,,,,,
_measure_1,manuscript_1,,,"Cambridge, Trinity College, MS O.2.13",manuscript-composite,,MS-TRINITY-COLLEGE-00002-00013,"Codex: ii + 2, 35, 3, 10, 1 | 14 | 8 | 16 | 33 | 4 | 12 | 15 | 53 | 32 + ii leaves. 205-235 130-165 Part 1: 205-210 x 155-160mm. Part 2: 210 x 145mm. Part 3: 210 x 145mm. Part 4: 225 x 150mm. Part 5: 215 x 145mm. Part 6: 215 x 130mm [but leaves are mounted onto paper guards to extend their width to 145mm]. Part 7: 210 x 135mm. Part 8: 215 x 145mm. Part 9: 235 x 165mm. Part 10: 210 x 160mm.",232.0,6.0,4.0,,,,,,,,,,,,,,,,205-235,235.0,205.0,130-165,165.0,130.0,,,,mm,,,,,,,,,,,,,,,,,,,,,,,,,,,,,,,,,,,,
_measure_2,manuscript_1,,,"Cambridge, Trinity College, MS O.2.13",manuscript-composite,,MS-TRINITY-COLLEGE-00002-00013,,,,,,,,,,,,,,,,,,,,,,,,,,,,,,,,,,,,,,,,,,,,,,,,,,,,,,,,,,,,,,,,,
_measure_3,manuscript_1,,,"Cambridge, Trinity College, MS O.2.13",manuscript-composite,,MS-TRINITY-COLLEGE-00002-00013,,,,,,,,,,,,,,,,,,,,,,,,,,,,,,,,,,,,,,,,,,,,,,,,,,,,,,,,,,,,,,,,,
_measure_4,manuscript_1,,,"Cambridge, Trinity College, MS O.2.13",manuscript-composite,,MS-TRINITY-COLLEGE-00002-00013,,,,,,,,,,,,,,,,,,,,,,,,,,,,,,,,,,,,,,,,,,,,,,,,,,,,,,,,,,,,,,,,,
_measure_5,manuscript_1,,,"Cambridge, Trinity College, MS O.2.13",part,,,"Codex: 2, 35, 2, 10, 1 leaves.",45.0,4.0,,,,,,,,,,,,,,,,,,,,,,,,,,,1.0,1.0,1.0,,,,,,,,,,,,28 30,30.0,28.0,170-180,180.0,170.0,110-120,120.0,110.0,mm,,,,,,,,,,,hardpoint,below
_measure_6,manuscript_1,,,"Cambridge, Trinity College, MS O.2.13",part,,,Codex: 14 leaves.,14.0,,,,,,,,,,,,,,,,,,,,,,,,,,,,1.0,1.0,1.0,,,,,,,,,,,,35 45,45.0,35.0,150-160,160.0,150.0,110-115,115.0,110.0,mm,,,,,,,,,,,,
_measure_7,manuscript_1,,,"Cambridge, Trinity College, MS O.2.13",part,,,Codex: 8 leaves.,8.0,,,,,,,,,,,,,,,,,,,,,,,,,,,,1.0,1.0,1.0,,,,,,,,,,,,30.0,30.0,30.0,150.0,150.0,150.0,125.0,125.0,125.0,mm,,,,,,,,,,,,
_measure_8,manuscript_1,,,"Cambridge, Trinity College, MS O.2.13",part,,,Codex: 16 leaves.,16.0,,,,,,,,,,,,,,,,,,,,,,,,,,,,1.0,1.0,1.0,,,,,,,,,,,,41 43,43.0,41.0,190.0,190.0,190.0,110.0,110.0,110.0,mm,,,,,,,,,,,ink,below
_measure_9,manuscript_1,,,"Cambridge, Trinity College, MS O.2.13",part,,,Codex: 33 leaves.,33.0,,,,,,,,,,,,,,,,,,,,,,,,,,,,1.0,1.0,1.0,,,,,,,,,,,,30 36,36.0,30.0,165.0,165.0,165.0,110-115,115.0,110.0,mm,,,,,,,,,,,blindpoint,
_measure_10,manuscript_1,,,"Cambridge, Trinity College, MS O.2.13",part,,,Codex: 4 leaves.,4.0,,,,,,,,,,,,,,,,,,,,,,,,,,,,1.0,1.0,1.0,,,,,,,,,,,,36 41,41.0,36.0,185-195,195.0,185.0,80.0,80.0,80.0,mm,,,,,,,,,,,,
_measure_11,manuscript_1,,,"Cambridge, Trinity College, MS O.2.13",part,,,Codex: 12 leaves.,12.0,,,,,,,,,,,,,,,,,,,,,,,,,,,,1.0,1.0,1.0,,,,,,,,,,,,26 28,28.0,26.0,150-160,160.0,150.0,100-110,110.0,100.0,mm,,,,,,,,,,,leadpoint,
_measure_12,manuscript_1,,,"Cambridge, Trinity College, MS O.2.13",part,,,Codex: 15 leaves.,15.0,,,,,,,,,,,,,,,,,,,,,,,,,,,,1.0,1.0,1.0,,,,,,,,,,,,34 36,36.0,34.0,175-180,180.0,175.0,120.0,120.0,120.0,mm,,,,,,,,,,,,
_measure_13,manuscript_1,,,"Cambridge, Trinity College, MS O.2.13",part,,,Codex: 53 leaves.,53.0,,,,,,,,,,,,,,,,,,,,,,,,,,,,1.0,1.0,1.0,,,,,,,,,,,,30 35,35.0,30.0,195.0,195.0,195.0,125.0,125.0,125.0,mm,,,,,,,,,,,ink,below
_measure_14,manuscript_1,,,"Cambridge, Trinity College, MS O.2.13",part,,,Codex: 32 leaves.,32.0,,,,,,,,,,,,,,,,,,,,,,,,,,,,1.0,1.0,1.0,,,,,,,,,,,,26 38,38.0,26.0,185-190,190.0,185.0,140-145,145.0,140.0,mm,,,,,,,,,,,,
_measure_1,manuscript_1,,,"Cambridge, Trinity College, MS O.2.21",manuscript-composite,,MS-TRINITY-COLLEGE-O-00002-00021,Codex: iii + 4 | 115 | 21 + iii leaves. 220 145,140.0,,6.0,,,,,,,,,,,,,,,,220.0,220.0,220.0,145.0,145.0,145.0,,,,mm,,,,,,,,,,,,,,,,,,,,,,,,,,,,,,,,,,,,
_measure_2,manuscript_1,,,"Cambridge, Trinity College, MS O.2.21",part,,,Codex: 4 leaves. 210 140,4.0,,,,,,,,,,,,,,,,,,210.0,210.0,210.0,140.0,140.0,140.0,,,,mm,2.0,2.0,2.0,,,,,,,,,,,,32.0,32.0,32.0,170.0,170.0,170.0,120.0,120.0,120.0,mm,,,,,,,,,,,,
_measure_3,manuscript_1,,,"Cambridge, Trinity College, MS O.2.21",part,,,Codex: 4 leaves. 210 140,4.0,,,,,,,,,,,,,,,,,,210.0,210.0,210.0,140.0,140.0,140.0,,,,mm,1.0,1.0,1.0,,,,,,,,,,,,32 37,37.0,32.0,165.0,165.0,165.0,100.0,100.0,100.0,mm,,,,,,,,,,,,
_measure_4,manuscript_1,,,"Cambridge, Trinity College, MS O.2.21",part,,,Codex: 115 leaves. 220 145,115.0,,,,,,,,,,,,,,,,,,220.0,220.0,220.0,145.0,145.0,145.0,,,,mm,1.0,1.0,1.0,,,,,,,,,,,,30 31,31.0,30.0,155-160,160.0,155.0,95-110,110.0,95.0,mm,,,,,,,,,,,mixed,below
_measure_5,manuscript_1,,,"Cambridge, Trinity College, MS O.2.21",part,,,Codex: 21 leaves. 220 140,21.0,,,,,,,,,,,,,,,,,,220.0,220.0,220.0,140.0,140.0,140.0,,,,mm,1.0,1.0,1.0,,,,,,,,,,,,30.0,30.0,30.0,160.0,160.0,160.0,95-100,100.0,95.0,mm,,,,,,,,,,,ink,below
_measure_6,manuscript_1,,,"Cambridge, Trinity College, MS O.2.21",part,,,Codex: 21 leaves. 220 140,21.0,,,,,,,,,,,,,,,,,,220.0,220.0,220.0,140.0,140.0,140.0,,,,mm,1.0,1.0,1.0,,,,,,,,,,,,36.0,36.0,36.0,160-170,170.0,160.0,100.0,100.0,100.0,mm,,,,,,,,,,,ink,below
_measure_7,manuscript_1,,,"Cambridge, Trinity College, MS O.2.21",part,,,Codex: 21 leaves. 220 140,21.0,,,,,,,,,,,,,,,,,,220.0,220.0,220.0,140.0,140.0,140.0,,,,mm,1.0,1.0,1.0,,,,,,,,,,,,43.0,43.0,43.0,180.0,180.0,180.0,110.0,110.0,110.0,mm,,,,,,,,,,,leadpoint,below
_measure_8,manuscript_1,,,"Cambridge, Trinity College, MS O.2.21",part,,,Codex: 21 leaves. 220 140,21.0,,,,,,,,,,,,,,,,,,220.0,220.0,220.0,140.0,140.0,140.0,,,,mm,1.0,1.0,1.0,,,,,,,,,,,,,,,,,,,,,,,,,,,,,,,,,
_measure_1,manuscript_11972,,,"Cambridge, Trinity College, MS O.2.34",manuscript-composite,,MS-TRINITY-O-00002-00034,Codex ii + 1 + 46 + ii 205-215 140-155,46.0,1.0,4.0,,,,,,,,,,,,,,,,205-215,215.0,205.0,140-155,155.0,140.0,,,,mm,,,,,,,,,,,,,,,,,,,,,,,,,,,,,,,,,,,,
_measure_2,manuscript_11972,,,"Cambridge, Trinity College, MS O.2.34",part,,,,,,,,,,,,,,,,,,,,,,,,,,,,,,,,1.0,1.0,1.0,,,,,,,,,,,,27.0,27.0,27.0,175.0,175.0,175.0,120.0,120.0,120.0,mm,,,,,,,,,,,,
_measure_3,manuscript_11972,,,"Cambridge, Trinity College, MS O.2.34",part,,,,,,,,,,,,,,,,,,,,,,,,,,,,,,,,1.0,1.0,1.0,,,,,,,,,,,,28.0,28.0,28.0,160.0,160.0,160.0,100.0,100.0,100.0,mm,,,,,,,,,,,,
_measure_1,manuscript_11973,,,"Cambridge, Trinity College, MS O.2.36",manuscript-composite,,MS-TRINITY-O-00002-00036,,,,,,,,,,,,,,,,,,,,,,,,,,,,,,,,,,,,,,,,,,,,,,,,,,,,,,,,,,,,,,,,,
_measure_2,manuscript_11973,,,"Cambridge, Trinity College, MS O.2.36",manuscript-composite,,MS-TRINITY-O-00002-00036,,,,,,,,,,,,,,,,,,,,,,,,,,,,,,,,,,,,,,,,,,,,,,,,,,,,,,,,,,,,,,,,,
_measure_3,manuscript_11973,,,"Cambridge, Trinity College, MS O.2.36",part,,,,,,,,,,,,,,,172-184,184.0,172.0,130-140,140.0,130.0,mm,190-196,196.0,190.0,147-152,152.0,147.0,,,,mm,1.0,1.0,1.0,,,,,,,,,,,,15 20,20.0,15.0,,,,,,,,,,,,,,,,,,,
_measure_4,manuscript_11973,,,"Cambridge, Trinity College, MS O.2.36",part,,,,,,,,,,,,,,,166-174,174.0,166.0,125-135,135.0,125.0,mm,190-196,196.0,190.0,147-152,152.0,147.0,,,,mm,1.0,1.0,1.0,,,,,,,,,,,,27 33,33.0,27.0,,,,,,,,,,,,,,,,,,,
_measure_5,manuscript_11973,,,"Cambridge, Trinity College, MS O.2.36",part,,,,,,,,,,,,,,,165-184,184.0,165.0,120.0,120.0,120.0,mm,188-195,195.0,188.0,153.0,153.0,153.0,,,,mm,1.0,1.0,1.0,,,,,,,,,,,,31 37,37.0,31.0,,,,,,,,,,,,,,,,,,,
_measure_6,manuscript_11973,,,"Cambridge, Trinity College, MS O.2.36",part,,,,,,,,,,,,,,,,,,,,,,213.0,213.0,213.0,153.0,153.0,153.0,,,,mm,1.0,1.0,1.0,,,,,,,,,,,,39 40,40.0,39.0,196-202,202.0,196.0,100-125,125.0,100.0,mm,,,,,,,,,,,,
_measure_7,manuscript_11973,,,"Cambridge, Trinity College, MS O.2.36",part,,,,,,,,,,,,,,,,,,,,,,187.0,187.0,187.0,150.0,150.0,150.0,,,,mm,1.0,1.0,1.0,,,,,,,,,,,,30 38,38.0,30.0,163-173,173.0,163.0,115.0,115.0,115.0,mm,,,,,,,,,,,,
_measure_8,manuscript_11973,,,"Cambridge, Trinity College, MS O.2.36",part,,,,,,,,,,,,,,,,,,,,,,213.0,213.0,213.0,157.0,157.0,157.0,,,,mm,1.0,1.0,1.0,,,,,,,,,,,,37 40,40.0,37.0,196.0,196.0,196.0,125.0,125.0,125.0,mm,,,,,,,,,,,,
_measure_9,manuscript_11973,,,"Cambridge, Trinity College, MS O.2.36",part,,,,,,,,,,,,,,,,,,,,,,200.0,200.0,200.0,156.0,156.0,156.0,,,,mm,1.0,1.0,1.0,,,,,,,,,,,,31 36,36.0,31.0,177.0,177.0,177.0,120.0,120.0,120.0,mm,,,,,,,,,,,,
_measure_10,manuscript_11973,,,"Cambridge, Trinity College, MS O.2.36",part,,,,,,,,,,,,,,,,,,,,,,215.0,215.0,215.0,155.0,155.0,155.0,,,,mm,1.0,1.0,1.0,,,,,,,,,,,,31 32,32.0,31.0,193.0,193.0,193.0,125.0,125.0,125.0,mm,,,,,,,,,,,,
_measure_11,manuscript_11973,,,"Cambridge, Trinity College, MS O.2.36",part,,,,,,,,,,,,,,,,,,,,,,200.0,200.0,200.0,153.0,153.0,153.0,,,,mm,,,,,,,,,,,,,,,,,,,,,,,,,,,,,,,,,,,,
_measure_12,manuscript_11973,,,"Cambridge, Trinity College, MS O.2.36",part,,,,,,,,,,,,,,,,,,,,,,215.0,215.0,215.0,157.0,157.0,157.0,,,,mm,1.0,1.0,1.0,,,,,,,,,,,,40 43,43.0,40.0,200.0,200.0,200.0,125.0,125.0,125.0,mm,,,,,,,,,,,,
_measure_13,manuscript_11973,,,"Cambridge, Trinity College, MS O.2.36",part,,,,,,,,,,,,,,,,,,,,,,215.0,215.0,215.0,157.0,157.0,157.0,,,,mm,1.0,1.0,1.0,,,,,,,,,,,,38.0,38.0,38.0,195.0,195.0,195.0,90.0,90.0,90.0,mm,,,,,,,,,,,,
_measure_14,manuscript_11973,,,"Cambridge, Trinity College, MS O.2.36",part,,,,,,,,,,,,,,,,,,,,,,198.0,198.0,198.0,151.0,151.0,151.0,,,,mm,1.0,1.0,1.0,,,,,,,,,,,,34 35,35.0,34.0,175-180,180.0,175.0,115.0,115.0,115.0,mm,,,,,,,,,,,,
_measure_15,manuscript_11973,,,"Cambridge, Trinity College, MS O.2.36",part,,,,,,,,,,,,,,,,,,,,,,198.0,198.0,198.0,151.0,151.0,151.0,,,,mm,1.0,1.0,1.0,,,,,,,,,,,,35.0,35.0,35.0,165.0,165.0,165.0,100-110,110.0,100.0,mm,,,,,,,,,,,,
_measure_16,manuscript_11973,,,"Cambridge, Trinity College, MS O.2.36",part,,,,,,,,,,,,,,,,,,,,,,212.0,212.0,212.0,157.0,157.0,157.0,,,,mm,1.0,1.0,1.0,,,,,,,,,,,,37 44,44.0,37.0,186-202,202.0,183.0,125-135,135.0,125.0,mm,,,,,,,,,,,,
_measure_17,manuscript_11973,,,"Cambridge, Trinity College, MS O.2.36",part,,,,,,,,,,,,,,,,,,,,,,213.0,213.0,205.0,157.0,157.0,157.0,,,,mm,1.0,1.0,1.0,,,,,,,,,,,,18 19,19.0,18.0,141-147,147.0,141.0,100.0,100.0,100.0,mm,,,,,,,,,,,,
_measure_18,manuscript_11973,,,"Cambridge, Trinity College, MS O.2.36",part,,,,,,,,,,,,,,,,,,,,,,220.0,220.0,220.0,159.0,159.0,159.0,,,,mm,1.0,1.0,1.0,,,,,,,,,,,,13 23,23.0,13.0,147-160,160.0,147.0,95-120,120.0,95.0,mm,,,,,,,,,,,,
_measure_19,manuscript_11973,,,"Cambridge, Trinity College, MS O.2.36",part,,,,,,,,,,,,,,,,,,,,,,210.0,210.0,210.0,159.0,159.0,159.0,,,,mm,1.0,1.0,1.0,,,,,,,,,,,,30.0,30.0,30.0,161.0,161.0,161.0,120.0,120.0,120.0,mm,,,,,,,,,,,,
_measure_20,manuscript_11973,,,"Cambridge, Trinity College, MS O.2.36",part,,,,,,,,,,,,,,,,,,,,,,212.0,212.0,212.0,155.0,155.0,155.0,,,,mm,1.0,1.0,1.0,,,,,,,,,,,,17 18,18.0,17.0,146.0,146.0,146.0,110.0,110.0,110.0,mm,,,,,,,,,,,,
_measure_21,manuscript_11973,,,"Cambridge, Trinity College, MS O.2.36",part,,,,,,,,,,,,,,,,,,,,,,189.0,189.0,189.0,152.0,152.0,152.0,,,,mm,,,,,,,,,,,,,,,,,,,,,,,,,,,,,,,,,,,,
_measure_22,manuscript_11973,,,"Cambridge, Trinity College, MS O.2.36",part,,,,,,,,,,,,,,,,,,,,,,218.0,218.0,218.0,160.0,160.0,160.0,,,,mm,1.0,1.0,1.0,,,,,,,,,,,,25 27,27.0,25.0,183-196,196.0,183.0,140-150,150.0,140.0,mm,,,,,,,,,,,,
_measure_1,manuscript_11974,,,"Cambridge, Trinity College, MS O.2.38",manuscript,,MS-TRINITY-O-00002-00038,Codex iii + 342 + i 210 145,342.0,,4.0,,,,,,,,,,,,,,,,210.0,210.0,210.0,145.0,145.0,145.0,,,,mm,1.0,1.0,1.0,,,,,,,,,,,,18.0,18.0,18.0,132-144,144.0,132.0,90.0,90.0,90.0,mm,,,,,,,,,,,hardpoint,below
_measure_1,manuscript_11975,,,"Cambridge, Trinity College, MS O.2.39",manuscript-composite,,MS-TRINITY-O-00002-00039,Codex iii + 2 + 96 + iii 210-215 150-170,96.0,2.0,5.0,,,,,,,,,,,,,,,,210-215,215.0,210.0,150-170,170.0,150.0,,,,mm,,,,,,,,,,,,,,,,,,,,,,,,,,,,,,,,,,,,
_measure_2,manuscript_11975,,,"Cambridge, Trinity College, MS O.2.39",part,,,,,,,,,,,,,,,,,,,,,,210-215,215.0,210.0,160-170,170.0,160.0,,,,mm,1.0,1.0,1.0,,,,,,,,,,,,26 32,32.0,26.0,170-175,175.0,170.0,110-120,120.0,110.0,mm,,,,,,,,,,,,
_measure_3,manuscript_11975,,,"Cambridge, Trinity College, MS O.2.39",part,,,,,,,,,,,,,,,,,,,,,,215.0,215.0,215.0,150.0,150.0,150.0,,,,mm,1.0,1.0,1.0,,,,,,,,,,,,20.0,20.0,20.0,150.0,150.0,150.0,85.0,85.0,85.0,mm,,,,,,,,,,,,
_measure_1,manuscript_1,,,"Cambridge, Trinity College, MS O.2.47",manuscript,,MS-TRINITY-COLLEGE-O-00002-00047,Codex: iii + 52 + i leaves. 220 155,52.0,,4.0,,,,,,,,,,,,,,,,220.0,220.0,220.0,155.0,155.0,155.0,,,,mm,1.0,1.0,1.0,,,,,,,,,,,,32.0,32.0,32.0,165.0,165.0,165.0,105.0,105.0,105.0,mm,,,,,,,,,,,,
_measure_2,manuscript_1,,,"Cambridge, Trinity College, MS O.2.47",manuscript,,MS-TRINITY-COLLEGE-O-00002-00047,,,,,,,,,,,,,,,,,,,,,,,,,,,,,,,,,,,,,,,,,,,,,,,,,,,,,,,,,,,,,,,,,
_measure_1,manuscript_1,,,"Cambridge, Trinity College, MS O.2.49",manuscript,,MS-TRINITY-COLLEGE-O-00002-00049,Codex: ii + 3 + 99 + 6 + ii leaves. 205-210 145,105.0,3.0,4.0,,,,,,,,,,,,,,,,205-210,210.0,205.0,145.0,145.0,145.0,,,,mm,1.0,1.0,1.0,,,,,,,,,,,,33 40,40.0,33.0,175.0,175.0,175.0,100.0,100.0,100.0,mm,,,,,,,,,,,blindpoint,above
_measure_2,manuscript_1,,,"Cambridge, Trinity College, MS O.2.49",manuscript,,MS-TRINITY-COLLEGE-O-00002-00049,,,,,,,,,,,,,,,,,,,,,,,,,,,,,,,,,,,,,,,,,,,,,,,,,,,,,,,,,,,,,,,,,
_measure_3,manuscript_1,,,"Cambridge, Trinity College, MS O.2.49",manuscript,,MS-TRINITY-COLLEGE-O-00002-00049,,,,,,,,,,,,,,,,,,,,,,,,,,,,,,,,,,,,,,,,,,,,,,,,,,,,,,,,,,,,,,,,,
_measure_1,manuscript_1,,,"Cambridge, Trinity College, MS O.2.53",manuscript,,MS-TRINITY-COLLEGE-O-00002-00053,Codex: iii + 74 + i leaves. 205 140,74.0,,4.0,,,,,,,,,,,,,,,,205.0,205.0,205.0,140.0,140.0,140.0,,,,mm,1.0,1.0,1.0,,,,,,,,,,,,20 34,34.0,20.0,155-180,180.0,155.0,90-115,115.0,90.0,mm,,,,,,,,,,,mixed,below
_measure_2,manuscript_1,,,"Cambridge, Trinity College, MS O.2.53",manuscript,,MS-TRINITY-COLLEGE-O-00002-00053,,,,,,,,,,,,,,,,,,,,,,,,,,,,,,,,,,,,,,,,,,,,,,,,,,,,,,,,,,,,,,,,,
_measure_1,manuscript_11976,,,"Cambridge, Trinity College, MS O.2.54",manuscript-composite,,MS-TRINITY-O-00002-00054,ii + 113 | 14 | 16 | 12 | 4 + i,161.0,3.0,,,,,,,,,,,,,,,,,,,,,,,,,,,,,,,,,,,,,,,,,,,,,,,,,,,,,,,,,,,,,,
_measure_2,manuscript_11976,,,"Cambridge, Trinity College, MS O.2.54",manuscript-composite,,MS-TRINITY-O-00002-00054,,,,,,,,,,,,,,,,,,,,,,,,,,,,,,,,,,,,,,,,,,,,,,,,,,,,,,,,,,,,,,,,,
_measure_3,manuscript_11976,,,"Cambridge, Trinity College, MS O.2.54",part,,,,,,,,,,,,,,,,,,,,,,210-214,214.0,210.0,150-155,155.0,150.0,,,,mm,1.0,1.0,1.0,,,,,,,,,,,,40.0,40.0,40.0,190.0,190.0,190.0,115.0,115.0,115.0,mm,,,,,,,,,,,,
_measure_4,manuscript_11976,,,"Cambridge, Trinity College, MS O.2.54",part,,,,,,,,,,,,,,,,,,,,,,195.0,195.0,195.0,154.0,154.0,154.0,,,,mm,1.0,1.0,1.0,,,,,,,,,,,,20 23,23.0,20.0,170.0,170.0,170.0,117.0,117.0,117.0,mm,,,,,,,,,,,,
_measure_5,manuscript_11976,,,"Cambridge, Trinity College, MS O.2.54",part,,,,,,,,,,,,,,,,,,,,,,200.0,200.0,200.0,153.0,153.0,153.0,,,,mm,1.0,1.0,1.0,,,,,,,,,,,,34.0,34.0,34.0,185.0,185.0,185.0,115.0,115.0,115.0,mm,,,,,,,,,,,,
_measure_6,manuscript_11976,,,"Cambridge, Trinity College, MS O.2.54",part,,,,,,,,,,,,,,,,,,,,,,204.0,204.0,204.0,158.0,158.0,158.0,,,,mm,1.0,1.0,1.0,,,,,,,,,,,,32.0,32.0,32.0,180.0,180.0,180.0,65.0,65.0,65.0,mm,,,,,,,,,,,,
_measure_7,manuscript_11976,,,"Cambridge, Trinity College, MS O.2.54",part,,,,,,,,,,,,,,,,,,,,,,200.0,200.0,200.0,153.0,153.0,153.0,,,,mm,1.0,1.0,1.0,,,,,,,,,,,,35.0,35.0,35.0,180.0,180.0,180.0,120.0,120.0,120.0,mm,,,,,,,,,,,,
_measure_1,manuscript_11977,,,"Cambridge, Trinity College, MS O.2.61",manuscript-composite,,MS-TRINITY-O-00002-00061,Codex ii + 3 + 171 + ii,171.0,3.0,4.0,,,,,,,,,,,,,,,,,,,,,,,,,,,,,,,,,,,,,,,,,,,,,,,,,,,,,,,,,,,,,
_measure_2,manuscript_11977,,,"Cambridge, Trinity College, MS O.2.61",manuscript-composite,,MS-TRINITY-O-00002-00061,,,,,,,,,,,,,,,,,,,,,,,,,,,,,,,,,,,,,,,,,,,,,,,,,,,,,,,,,,,,,,,,,
_measure_3,manuscript_11977,,,"Cambridge, Trinity College, MS O.2.61",part,,,,,,,,,,,,,,,,,,,,,,200.0,200.0,200.0,130.0,130.0,130.0,,,,mm,1.0,1.0,1.0,,,,,,,,,,,,27.0,27.0,27.0,142.0,142.0,142.0,100.0,100.0,100.0,mm,,,,,,,,,,,hardpoint,below
_measure_4,manuscript_11977,,,"Cambridge, Trinity College, MS O.2.61",part,,,,,,,,,,,,,,,,,,,,,,205.0,205.0,205.0,145.0,145.0,145.0,,,,mm,1.0,1.0,1.0,,,,,,,,,,,,15.0,15.0,15.0,155.0,155.0,155.0,105.0,105.0,105.0,mm,,,,,,,,,,,,
_measure_5,manuscript_11977,,,"Cambridge, Trinity College, MS O.2.61",part,,,,,,,,,,,,,,,,,,,,,,205.0,205.0,205.0,145.0,145.0,145.0,,,,mm,1.0,1.0,1.0,,,,,,,,,,,,13 26,26.0,13.0,138-183,183.0,138.0,105.0,105.0,105.0,mm,,,,,,,,,,,,
_measure_6,manuscript_11977,,,"Cambridge, Trinity College, MS O.2.61",part,,,,,,,,,,,,,,,,,,,,,,205.0,205.0,205.0,145.0,145.0,145.0,,,,mm,1.0,1.0,1.0,,,,,,,,,,,,26 30,30.0,26.0,149-158,158.0,149.0,105-110,110.0,105.0,mm,,,,,,,,,,,,
_measure_7,manuscript_11977,,,"Cambridge, Trinity College, MS O.2.61",part,,,,,,,,,,,,,,,,,,,,,,205.0,205.0,205.0,145.0,145.0,145.0,,,,mm,1.0,1.0,1.0,,,,,,,,,,,,16.0,16.0,16.0,133.0,133.0,133.0,105.0,105.0,105.0,mm,,,,,,,,,,,,
_measure_1,manuscript_11978,,,"Cambridge, Trinity College, MS O.3.1",manuscript-composite,,MS-TRINITY-O-00003-00001,Codex vii + 529 + ii 306 210,529.0,,9.0,,,,,,,,,,,,,,,,306.0,306.0,306.0,210.0,210.0,210.0,,,,mm,,,,,,,,,,,,,,,,,,,,,,,,,,,,,,,,,,,,
_measure_2,manuscript_11978,,,"Cambridge, Trinity College, MS O.3.1",part,,,,,,,,,,,,,,,,,,,,,,,,,,,,,,,,1.0,1.0,1.0,,,,,,,,,,,,27.0,27.0,27.0,205.0,205.0,205.0,110.0,110.0,110.0,mm,,,,,,,,,,,,
_measure_3,manuscript_11978,,,"Cambridge, Trinity College, MS O.3.1",part,,,,,,,,,,,,,,,,,,,,,,,,,,,,,,,,1.0,1.0,1.0,,,,,,,,,,,,30.0,30.0,30.0,240.0,240.0,240.0,130.0,130.0,130.0,mm,,,,,,,,,,,,
_measure_1,manuscript_11979,,,"Cambridge, Trinity College, MS O.3.8",manuscript,,MS-TRINITY-O-00003-00008,Codex ii + 222 + ii 290 210,222.0,,4.0,,,,,,,,,,,,,,,,290.0,290.0,290.0,210.0,210.0,210.0,,,,mm,1.0,1.0,1.0,,,,,,,,,,,,30.0,30.0,30.0,210.0,210.0,210.0,110.0,110.0,110.0,mm,,,,,,,,,,,ink,
_measure_2,manuscript_11979,,,"Cambridge, Trinity College, MS O.3.8",manuscript,,MS-TRINITY-O-00003-00008,,,,,,,,,,,,,,,,,,,,,,,,,,,,,,,,,,,,,,,,,,,,,,,,,,,,,,,,,,,,,,,,,
_measure_1,manuscript_11980,,,"Cambridge, Trinity College, MS O.3.9",manuscript,,MS-TRINITY-O-00003-00009,,,,,,,,,,,,,,,,,,,,285.0,285.0,285.0,225.0,225.0,225.0,,,,mm,2.0,2.0,2.0,,,,,,,,,,,,35 39,39.0,35.0,232-242,242.0,232.0,162.0,162.0,162.0,mm,,,,,,,,,,,hardpoint,mixed
_measure_1,manuscript_1,,,"Cambridge, Trinity College, MS O.3.11",manuscript,,MS-TRINITY-COLLEGE-O-00003-00011,Codex: iv + 1 + 180 + ii leaves. 295 210,180.0,,6.0,,,,,,,,,,,,,,,,295.0,295.0,295.0,210.0,210.0,210.0,,,,mm,1.0,1.0,1.0,,,,,,,,,,,,35.0,35.0,35.0,185.0,185.0,185.0,120.0,120.0,120.0,mm,,,,,,,,,,,ink,below
_measure_2,manuscript_1,,,"Cambridge, Trinity College, MS O.3.11",manuscript,,MS-TRINITY-COLLEGE-O-00003-00011,,,,,,,,,,,,,,,,,,,,,,,,,,,,,,,,,,,,,,,,,,,,,,,,,,,,,,,,,,,,,,,,,
_measure_1,manuscript_11981,,,"Cambridge, Trinity College, MS O.3.14",manuscript,,MS-TRINITY-O-00003-00014,Codex 3 + 151 + 2 285 218,151.0,5.0,,,,,,,,,,,,,,,,,285.0,285.0,285.0,218.0,218.0,218.0,,,,mm,1.0,1.0,1.0,,,,,,,,,,,,19.0,19.0,19.0,195.0,195.0,195.0,145.0,145.0,145.0,mm,,,,,,,,,,,,
_measure_1,manuscript_11982,,,"Cambridge, Trinity College, MS O.3.15",manuscript-composite,,MS-TRINITY-O-00003-00015,Codex ii + 8 | 625 + i,633.0,,3.0,,,,,,,,,,,,,,,,,,,,,,,,,,,,,,,,,,,,,,,,,,,,,,,,,,,,,,,,,,,,,
_measure_2,manuscript_11982,,,"Cambridge, Trinity College, MS O.3.15",manuscript-composite,,MS-TRINITY-O-00003-00015,,,,,,,,,,,,,,,,,,,,,,,,,,,,,,,,,,,,,,,,,,,,,,,,,,,,,,,,,,,,,,,,,
_measure_3,manuscript_11982,,,"Cambridge, Trinity College, MS O.3.15",part,,,,,,,,,,,,,,,,,,,,,,285-328,328.0,285.0,195.0,195.0,195.0,,,,mm,1.0,1.0,1.0,,,,,,,,,,,,48 58,58.0,48.0,260-300,300.0,260.0,160.0,160.0,160.0,mm,,,,,,,,,,,,
_measure_4,manuscript_11982,,,"Cambridge, Trinity College, MS O.3.15",part,,,,,,,,,,,,,,,,,,,,,,294.0,294.0,294.0,200.0,200.0,200.0,,,,mm,1.0,1.0,1.0,,,,,,,,,,,,23.0,23.0,23.0,292.0,292.0,292.0,140.0,140.0,140.0,mm,,,,,,,,,,,,
_measure_1,manuscript_11984,,,"Cambridge, Trinity College, MS O.3.18",manuscript,,MS-TRINITY-O-00003-00018,Codex i + 183 + i 295 185,183.0,2.0,,,,,,,,,,,,,,,,,295.0,295.0,295.0,185.0,185.0,185.0,,,,mm,1.0,1.0,1.0,,,,,,,,,,,,20 24,24.0,20.0,130.0,130.0,130.0,157.0,157.0,157.0,mm,,,,,,,,,,,,
_measure_2,manuscript_11984,,,"Cambridge, Trinity College, MS O.3.18",manuscript,,MS-TRINITY-O-00003-00018,,,,,,,,,,,,,,,,,,,,,,,,,,,,,,,,,,,,,,,,,,,,,,,,,,,,,,,,,,,,,,,,,
_measure_1,manuscript_11985,,,"Cambridge, Trinity College, MS O.3.23",manuscript,,MS-TRINITY-O-00003-00023,Codex i + 256 + i 284 198,256.0,2.0,,,,,,,,,,,,,,,,,284.0,284.0,284.0,198.0,198.0,198.0,,,,mm,1.0,1.0,1.0,,,,,,,,,,,,20.0,20.0,20.0,212.0,212.0,212.0,90.0,90.0,90.0,mm,,,,,,,,,,,,
_measure_1,manuscript_11986,,,"Cambridge, Trinity College, MS O.3.48",manuscript-composite,,MS-TRINITY-O-00003-00048,Codex iii + 169 + i 230-235 160-170,169.0,,4.0,,,,,,,,,,,,,,,,230-235,235.0,230.0,160-170,170.0,160.0,,,,mm,,,,,,,,,,,,,,,,,,,,,,,,,,,,,,,,,,,,
_measure_2,manuscript_11986,,,"Cambridge, Trinity College, MS O.3.48",manuscript-composite,,MS-TRINITY-O-00003-00048,,,,,,,,,,,,,,,,,,,,,,,,,,,,,,,,,,,,,,,,,,,,,,,,,,,,,,,,,,,,,,,,,
_measure_3,manuscript_11986,,,"Cambridge, Trinity College, MS O.3.48",part,,,,,,,,,,,,,,,,,,,,,,,,,,,,,,,,1.0,1.0,1.0,,,,,,,,,,,,41.0,41.0,41.0,210.0,210.0,210.0,135.0,135.0,135.0,mm,,,,,,,,,,,,
_measure_4,manuscript_11986,,,"Cambridge, Trinity College, MS O.3.48",part,,,,,,,,,,,,,,,,,,,,,,,,,,,,,,,,1.0,1.0,1.0,,,,,,,,,,,,15 35,35.0,15.0,109-189,189.0,109.0,80-90,90.0,80.0,mm,,,,,,,,,,,,
_measure_5,manuscript_11986,,,"Cambridge, Trinity College, MS O.3.48",part,,,,,,,,,,,,,,,,,,,,,,,,,,,,,,,,1.0,1.0,1.0,,,,,,,,,,,,25 27,27.0,25.0,157-170,170.0,157.0,105.0,105.0,105.0,mm,,,,,,,,,,,hardpoint,mixed
_measure_6,manuscript_11986,,,"Cambridge, Trinity College, MS O.3.48",part,,,,,,,,,,,,,,,,,,,,,,,,,,,,,,,,1.0,1.0,1.0,,,,,,,,,,,,20.0,20.0,20.0,155.0,155.0,155.0,100.0,100.0,100.0,mm,,,,,,,,,,,hardpoint,mixed
_measure_1,manuscript_11987,,,"Cambridge, Trinity College, MS O.3.51",manuscript-composite,,MS-TRINITY-O-00003-00051,Codex iii + 1 + 351 + i,351.0,1.0,4.0,,,,,,,,,,,,,,,,,,,,,,,,,,,,,,,,,,,,,,,,,,,,,,,,,,,,,,,,,,,,,
_measure_2,manuscript_11987,,,"Cambridge, Trinity College, MS O.3.51",part,,,,,,,,,,,,,,,,,,,,,,235.0,235.0,235.0,170.0,170.0,170.0,,,,mm,1.0,1.0,1.0,,,,,,,,,,,,21.0,21.0,21.0,,,,,,,,,,,165.0,165.0,165.0,120.0,120.0,120.0,mm,hardpoint,below
_measure_3,manuscript_11987,,,"Cambridge, Trinity College, MS O.3.51",part,,,,,,,,,,,,,,,,,,,,,,235.0,235.0,235.0,170.0,170.0,170.0,,,,mm,1.0,1.0,1.0,,,,,,,,,,,,21.0,21.0,21.0,,,,,,,,,,,165.0,165.0,165.0,110.0,110.0,110.0,mm,hardpoint,below
_measure_4,manuscript_11987,,,"Cambridge, Trinity College, MS O.3.51",part,,,,,,,,,,,,,,,,,,,,,,235.0,235.0,235.0,170.0,170.0,170.0,,,,mm,1.0,1.0,1.0,,,,,,,,,,,,21.0,21.0,21.0,,,,,,,,,,,165.0,165.0,165.0,110.0,110.0,110.0,mm,hardpoint,below
_measure_5,manuscript_11987,,,"Cambridge, Trinity College, MS O.3.51",part,,,,,,,,,,,,,,,,,,,,,,235.0,235.0,235.0,170.0,170.0,170.0,,,,mm,1.0,1.0,1.0,,,,,,,,,,,,23 25,25.0,23.0,,,,,,,,,,,155.0,155.0,155.0,90.0,90.0,90.0,mm,,
_measure_6,manuscript_11987,,,"Cambridge, Trinity College, MS O.3.51",part,,,,,,,,,,,,,,,,,,,,,,200.0,200.0,200.0,148.0,148.0,148.0,,,,mm,1.0,1.0,1.0,,,,,,,,,,,,,,,,,,,,,,,,,,,,130.0,130.0,130.0,mm,,
_measure_1,manuscript_11989,,,"Cambridge, Trinity College, MS O.4.3",manuscript,,MS-TRINITY-O-00004-00003,,,,,,,,,,,,,,,,,,,,330.0,330.0,330.0,224.0,224.0,224.0,,,,mm,1.0,1.0,1.0,,,,,,,,,,,,38.0,38.0,38.0,230.0,230.0,230.0,130.0,130.0,130.0,mm,,,,,,,,,,,,
_measure_1,manuscript_11991,,,"Cambridge, Trinity College,  MS O.4.9",manuscript,,MS-TRINITY-O-00004-00009,Codex 90 335 220,90.0,,,,,,,,,,,,,,,,,,335.0,335.0,335.0,220.0,220.0,220.0,,,,mm,1.0,1.0,1.0,,,,,,,,,,,,29.0,29.0,29.0,210.0,210.0,210.0,120.0,120.0,120.0,mm,,,,,,,,,,,,
_measure_1,manuscript_11992,,,"Cambridge, Trinity College, MS O.4.17",manuscript-composite,,MS-TRINITY-O-00004-00017,,,,,,,,,,,,,,,,,,,,,,,,,,,,,,,,,,,,,,,,,,,,,,,,,,,,,,,,,,,,,,,,,
_measure_2,manuscript_11992,,,"Cambridge, Trinity College, MS O.4.17",part,,,,,,,,,,,,,,,,,,,,,,315.0,315.0,315.0,205.0,205.0,205.0,,,,mm,1.0,1.0,1.0,,,,,,,,,,,,47 50,50.0,47.0,305.0,305.0,305.0,150.0,150.0,150.0,mm,,,,,,,,,,,,
_measure_3,manuscript_11992,,,"Cambridge, Trinity College, MS O.4.17",part,,,,,,,,,,,,,,,,,,,,,,303.0,303.0,303.0,190.0,190.0,190.0,,,,mm,1.0,1.0,1.0,,,,,,,,,,,,42 53,53.0,42.0,260.0,260.0,260.0,135.0,135.0,135.0,mm,,,,,,,,,,,,
_measure_4,manuscript_11992,,,"Cambridge, Trinity College, MS O.4.17",part,,,,,,,,,,,,,,,,,,,,,,316 301,316 301,316 301,197 193,197 193,197 193,,,,mm,1.0,1.0,1.0,,,,,,,,,,,,34 39,39.0,34.0,290.0,290.0,290.0,185.0,185.0,185.0,mm,,,,,,,,,,,,
_measure_5,manuscript_11992,,,"Cambridge, Trinity College, MS O.4.17",part,,,,,,,,,,,,,,,,,,,,,,305 305,305 305,305 305,190 197,190 197,190 197,,,,mm,2.0,2.0,2.0,,,,,,,,,,,,13 47,47.0,13.0,270-290,290.0,270.0,140-180,180.0,140.0,mm,,,,,,,,,,,,
_measure_6,manuscript_11992,,,"Cambridge, Trinity College, MS O.4.17",part,,,,,,,,,,,,,,,,,,,,,,313.0,313.0,313.0,197.0,197.0,197.0,,,,mm,1.0,1.0,1.0,,,,,,,,,,,,30 35,35.0,30.0,260.0,260.0,260.0,135.0,135.0,135.0,mm,,,,,,,,,,,,
_measure_7,manuscript_11992,,,"Cambridge, Trinity College, MS O.4.17",part,,,,,,,,,,,,,,,,,,,,,,302.0,302.0,302.0,192.0,192.0,192.0,,,,mm,1.0,1.0,1.0,,,,,,,,,,,,39 51,51.0,39.0,285-295,295.0,285.0,160-180,180.0,160.0,mm,,,,,,,,,,,,
_measure_8,manuscript_11992,,,"Cambridge, Trinity College, MS O.4.17",part,,,,,,,,,,,,,,,,,,,,,,313.0,313.0,313.0,197.0,197.0,197.0,,,,mm,2.0,2.0,2.0,,,,,,,,,,,,45.0,45.0,45.0,295.0,295.0,295.0,165.0,165.0,165.0,mm,,,,,,,,,,,,
_measure_9,manuscript_11992,,,"Cambridge, Trinity College, MS O.4.17",part,,,,,,,,,,,,,,,,,,,,,,313.0,313.0,313.0,197.0,197.0,197.0,,,,mm,1.0,1.0,1.0,,,,,,,,,,,,31 35,35.0,31.0,265.0,265.0,265.0,115-130,130.0,115.0,mm,,,,,,,,,,,,
_measure_1,manuscript_11993,,,"Cambridge, Trinity College, MS O.4.21",manuscript,,MS-TRINITY-O-00004-00021,,,,,,,,,,,,,,,,,,,,310.0,310.0,310.0,210.0,210.0,210.0,,,,mm,1.0,1.0,1.0,,,,,,,,,,,,36.0,36.0,36.0,225.0,225.0,225.0,130.0,130.0,130.0,mm,,,,,,,,,,,,
_measure_1,manuscript_11994,,,"Cambridge, Trinity College, MS O.4.22",manuscript,,MS-TRINITY-O-00004-00022,,,,,,,,,,,,,,,,,,,,313.0,313.0,313.0,220.0,220.0,220.0,,,,mm,2.0,2.0,2.0,,,,,,,,,,,,20.0,20.0,20.0,215.0,215.0,215.0,145.0,145.0,145.0,mm,,,,,,,,,,,hardpoint,below
_measure_1,manuscript_11996,,,"Cambridge, Trinity College, MS O.4.24",manuscript-composite,,MS-TRINITY-O-00004-00024,Codex 1 + 197 + 1 ca. 310 ca. 200-205,197.0,1.0,,,,,,,,,,,,,,,,,310.0,310.0,310.0,ca. 200-205,205.0,200.0,,,,mm,,,,,,,,,,,,,,,,,,,,,,,,,,,,,,,,,,,,
_measure_2,manuscript_11996,,,"Cambridge, Trinity College, MS O.4.24",part,,,,,,,,,,,,,,,,,,,,,,,,,,,,,,,,1.0,1.0,1.0,,,,,,,,,,,,28.0,28.0,28.0,295.0,295.0,295.0,297 40,297 40,297 40,mm,,,,,,,,,,,,
_measure_3,manuscript_11996,,,"Cambridge, Trinity College, MS O.4.24",part,,,Codex 50 ca. 310 ca. 190-200,50.0,,,,,,,,,,,,,,,,,,310.0,310.0,310.0,ca. 190-200,200.0,190.0,,,,mm,1.0,1.0,1.0,,,,,,,,,,,,36 41,41.0,36.0,230.0,230.0,230.0,110.0,110.0,110.0,mm,,,,,,,,,,,,
_measure_4,manuscript_11996,,,"Cambridge, Trinity College, MS O.4.24",part,,,Codex 6 240-310 190,6.0,,,,,,,,,,,,,,,,,,240-310,310.0,240.0,190.0,190.0,190.0,,,,mm,1.0,1.0,1.0,,,,,,,,,,,,23 42,42.0,23.0,,,,,,,,,,,,,,,,,,,
_measure_5,manuscript_11996,,,"Cambridge, Trinity College, MS O.4.24",part,,,Codex 5 300 200,5.0,,,,,,,,,,,,,,,,,,300.0,300.0,300.0,200.0,200.0,200.0,,,,mm,2.0,2.0,2.0,,,,,,,,,,,,,,,,,,,,,,,,,,,,,,,,,
_measure_6,manuscript_11996,,,"Cambridge, Trinity College, MS O.4.24",part,,,Codex 7 295 195,7.0,,,,,,,,,,,,,,,,,,295.0,295.0,295.0,195.0,195.0,195.0,,,,mm,1.0,1.0,1.0,,,,,,,,,,,,36.0,36.0,36.0,220.0,220.0,220.0,105.0,105.0,105.0,mm,,,,,,,,,,,,
_measure_7,manuscript_11996,,,"Cambridge, Trinity College, MS O.4.24",part,,,Codex 17 310 195,17.0,,,,,,,,,,,,,,,,,,310.0,310.0,310.0,195.0,195.0,195.0,,,,mm,1.0,1.0,1.0,,,,,,,,,,,,50 54,54.0,50.0,280.0,280.0,280.0,155.0,155.0,155.0,mm,,,,,,,,,,,,
_measure_8,manuscript_11996,,,"Cambridge, Trinity College, MS O.4.24",part,,,Codex 72 310 200,72.0,,,,,,,,,,,,,,,,,,310.0,310.0,310.0,200.0,200.0,200.0,,,,mm,1.0,1.0,1.0,,,,,,,,,,,,53.0,53.0,53.0,290.0,290.0,290.0,160.0,160.0,160.0,mm,,,,,,,,,,,,
_measure_9,manuscript_11996,,,"Cambridge, Trinity College, MS O.4.24",part,,,Codex 72 310 200,72.0,,,,,,,,,,,,,,,,,,310.0,310.0,310.0,200.0,200.0,200.0,,,,mm,2.0,2.0,2.0,,,,,,,,,,,,53 62,62.0,53.0,300.0,300.0,300.0,160.0,160.0,160.0,mm,,,,,,,,,,,,
_measure_10,manuscript_11996,,,"Cambridge, Trinity College, MS O.4.24",part,,,Codex 14 305-310 195-200,14.0,,,,,,,,,,,,,,,,,,305-310,310.0,305.0,195-200,200.0,195.0,,,,mm,1.0,1.0,1.0,,,,,,,,,,,,30 34,34.0,30.0,245.0,245.0,245.0,155.0,155.0,155.0,mm,,,,,,,,,,,,
_measure_11,manuscript_11996,,,"Cambridge, Trinity College, MS O.4.24",part,,,Codex 14 305-310 195-200,14.0,,,,,,,,,,,,,,,,,,305-310,310.0,305.0,195-200,200.0,195.0,,,,mm,2.0,2.0,2.0,,,,,,,,,,,,57.0,57.0,57.0,285.0,285.0,285.0,160.0,160.0,160.0,mm,,,,,,,,,,,,
_measure_1,manuscript_11997,,,"Cambridge, Trinity College, MS O.4.41",manuscript-composite,,MS-TRINITY-O-00004-00041,,,,,,,,,,,,,,,,,,,,310.0,310.0,310.0,197.0,197.0,197.0,,,,mm,,,,,,,,,,,,,,,,,,,,,,,,,,,,,,,,,,,,
_measure_2,manuscript_11997,,,"Cambridge, Trinity College, MS O.4.41",part,,,,,,,,,,,,,,,,,,,,,,,,,,,,,,,,1.0,1.0,1.0,,,,,,,,,,,,31 34,34.0,31.0,236.0,236.0,236.0,135.0,135.0,135.0,mm,,,,,,,,,,,ink,
_measure_3,manuscript_11997,,,"Cambridge, Trinity College, MS O.4.41",part,,,,,,,,,,,,,,,,,,,,,,,,,,,,,,,,1.0,1.0,1.0,,,,,,,,,,,,42 44,44.0,42.0,237.0,237.0,237.0,130.0,130.0,130.0,mm,,,,,,,,,,,ink,
_measure_4,manuscript_11997,,,"Cambridge, Trinity College, MS O.4.41",part,,,,,,,,,,,,,,,,,,,,,,,,,,,,,,,,1.0,1.0,1.0,,,,,,,,,,,,44 54,54.0,44.0,259-274,274.0,259.0,150.0,150.0,150.0,mm,,,,,,,,,,,ink,
_measure_5,manuscript_11997,,,"Cambridge, Trinity College, MS O.4.41",part,,,,,,,,,,,,,,,,,,,,,,,,,,,,,,,,1.0,1.0,1.0,,,,,,,,,,,,22.0,22.0,22.0,,,,193.0,193.0,193.0,mm,,,,,,,,,,,,
_measure_6,manuscript_11997,,,"Cambridge, Trinity College, MS O.4.41",part,,,,,,,,,,,,,,,,,,,,,,,,,,,,,,,,1.0,1.0,1.0,,,,,,,,,,,,25 41,41.0,25.0,247-289,289.0,247.0,150.0,150.0,150.0,mm,,,,,,,,,,,,
_measure_1,manuscript_11998,,,"Cambridge, Trinity College, MS O.5.10",manuscript,,MS-TRINITY-O-00005-00010,Codex iii + 3 + 5 + 156 + 5 + ii ca. 325 ca. 210,156.0,10.0,5.0,,,,,,,,,,,,,,,,325.0,325.0,325.0,210.0,210.0,210.0,,,,mm,1.0,1.0,1.0,,,,,,,,,,,,26.0,26.0,26.0,255.0,255.0,255.0,155.0,155.0,155.0,mm,,,,,,,,,,,pencil,
_measure_1,manuscript_11999,,,"Cambridge, Trinity College, MS O.5.11",manuscript,,MS-TRINITY-O-00005-00011,Codex iv + 114 + 2 + ii 390 250,114.0,2.0,8.0,,,,,,,,,,,,,,,,390.0,390.0,390.0,250.0,250.0,250.0,,,,mm,1.0,1.0,1.0,,,,,,,,,,,,30.0,30.0,30.0,250.0,250.0,250.0,155.0,155.0,155.0,mm,,,,,,,,,,,,
_measure_1,manuscript_12000,,,"Cambridge, Trinity College, MS O.5.15",manuscript-composite,,MS-TRINITY-O-00005-00015,Codex 6 + 154 + 3,154.0,6.0,3.0,,,,,,,,,,,,,,,,,,,,,,,,,,,,,,,,,,,,,,,,,,,,,,,,,,,,,,,,,,,,,
_measure_2,manuscript_12000,,,"Cambridge, Trinity College, MS O.5.15",part,,,,,,,,,,,,,,,,,,,,,,297.0,297.0,297.0,193.0,193.0,193.0,,,,mm,1.0,1.0,1.0,,,,,,,,,,,,31 32,32.0,31.0,231-258,258.0,231.0,132.0,132.0,132.0,mm,,,,,,,,,,,,
_measure_3,manuscript_12000,,,"Cambridge, Trinity College, MS O.5.15",part,,,,,,,,,,,,,,,,,,,,,,315.0,315.0,315.0,203.0,203.0,203.0,,,,mm,1.0,1.0,1.0,,,,,,,,,,,,35 46,46.0,35.0,240-283,283.0,240.0,145-150,150.0,145.0,mm,,,,,,,,,,,,
_measure_4,manuscript_12000,,,"Cambridge, Trinity College, MS O.5.15",part,,,,,,,,,,,,,,,,,,,,,,365.0,365.0,365.0,235.0,235.0,235.0,,,,mm,1.0,1.0,1.0,,,,,,,,,,,,30.0,30.0,30.0,215.0,215.0,215.0,130.0,130.0,130.0,mm,,,,,,,,,,,,
_measure_5,manuscript_12000,,,"Cambridge, Trinity College, MS O.5.15",part,,,,,,,,,,,,,,,,,,,,,,310.0,310.0,310.0,198.0,198.0,198.0,,,,mm,1.0,1.0,1.0,,,,,,,,,,,,30.0,30.0,30.0,189-242,242.0,189.0,120.0,120.0,120.0,mm,,,,,,,,,,,,
_measure_6,manuscript_12000,,,"Cambridge, Trinity College, MS O.5.15",part,,,,,,,,,,,,,,,,,,,,,,310.0,310.0,310.0,198.0,198.0,198.0,,,,mm,6.0,6.0,6.0,,,,,,,,,,,,31 32,32.0,31.0,220-253,255.0,220.0,120-140,140.0,120.0,mm,,,,,,,,,,,,
_measure_7,manuscript_12000,,,"Cambridge, Trinity College, MS O.5.15",part,,,,,,,,,,,,,,,,,,,,,,310.0,310.0,310.0,198.0,198.0,198.0,,,,mm,1.0,1.0,1.0,,,,,,,,,,,,23.0,23.0,23.0,183.0,183.0,183.0,120.0,120.0,120.0,mm,,,,,,,,,,,,
_measure_8,manuscript_12000,,,"Cambridge, Trinity College, MS O.5.15",part,,,,,,,,,,,,,,,,,,,,,,315.0,315.0,315.0,217.0,217.0,217.0,,,,mm,1.0,1.0,1.0,,,,,,,,,,,,30.0,30.0,30.0,217.0,217.0,217.0,120.0,120.0,120.0,mm,,,,,,,,,,,,
_measure_9,manuscript_12000,,,"Cambridge, Trinity College, MS O.5.15",part,,,,,,,,,,,,,,,,,,,,,,326.0,326.0,326.0,214.0,214.0,214.0,,,,mm,1.0,1.0,1.0,,,,,,,,,,,,30.0,30.0,30.0,220.0,220.0,220.0,120.0,120.0,120.0,mm,,,,,,,,,,,,
_measure_1,manuscript_12001,,,"Cambridge, Trinity College, MS O.5.16",manuscript,,MS-TRINITY-O-00005-00016,Codex 3 + 62 + 3 ca. 380 245,,68.0,,,,,,,,,,,,,,,,,380.0,380.0,380.0,245.0,245.0,245.0,,,,mm,1.0,1.0,1.0,,,,,,,,,,,,38.0,38.0,38.0,230.0,230.0,230.0,145.0,145.0,145.0,mm,,,,,,,,,,,ink,
_measure_1,manuscript_12002,,,"Cambridge, Trinity College, MS O.5.18",manuscript-composite,,MS-TRINITY-O-00005-00018,Codex i + 1 + 108 + i,108.0,1.0,2.0,,,,,,,,,,,,,,,,,,,,,,,,,,,,,,,,,,,,,,,,,,,,,,,,,,,,,,,,,,,,,
_measure_2,manuscript_12002,,,"Cambridge, Trinity College, MS O.5.18",part,,,,,,,,,,,,,,,,,,,,,,372.0,372.0,372.0,231.0,231.0,231.0,,,,mm,1.0,1.0,1.0,,,,,,,,,,,,26.0,26.0,26.0,292.0,292.0,292.0,163.0,163.0,163.0,mm,,,,,,,,,,,crayon,
_measure_3,manuscript_12002,,,"Cambridge, Trinity College, MS O.5.18",part,,,,,,,,,,,,,,,,,,,,,,372.0,372.0,372.0,231.0,231.0,231.0,,,,mm,1.0,1.0,1.0,,,,,,,,,,,,52.0,52.0,52.0,292.0,292.0,292.0,164.0,164.0,164.0,mm,,,,,,,,,,,,
_measure_4,manuscript_12002,,,"Cambridge, Trinity College, MS O.5.18",part,,,,,,,,,,,,,,,,,,,,,,372.0,372.0,372.0,231.0,231.0,231.0,,,,mm,2.0,2.0,2.0,,,,,,,,,,,,62 70,70.0,62.0,306.0,306.0,306.0,164.0,164.0,164.0,mm,,,,,,,,,,,,
_measure_5,manuscript_12002,,,"Cambridge, Trinity College, MS O.5.18",part,,,,,,,,,,,,,,,,,,,,,,320.0,320.0,320.0,196.0,196.0,196.0,,,,mm,1 4,4.0,1.0,,,,,,,,,,,,48 62,62.0,48.0,302.0,302.0,302.0,160.0,160.0,160.0,mm,,,,,,,,,,,crayon,
_measure_1,manuscript_12003,,,"Cambridge, Trinity College, MS O.5.19",manuscript-composite,,MS-TRINITY-O-00005-00019,Codex 4 + 257 + 3,257.0,4.0,3.0,,,,,,,,,,,,,,,,,,,,,,,,,,,,,,,,,,,,,,,,,,,,,,,,,,,,,,,,,,,,,
_measure_2,manuscript_12003,,,"Cambridge, Trinity College, MS O.5.19",part,,,,,,,,,,,,,,,,,,,,,,364.0,364.0,364.0,230.0,230.0,230.0,,,,mm,1.0,1.0,1.0,,,,,,,,,,,,52 53,53.0,52.0,279-290,290.0,279.0,155.0,155.0,155.0,mm,,,,,,,,,,,,
_measure_3,manuscript_12003,,,"Cambridge, Trinity College, MS O.5.19",part,,,,,,,,,,,,,,,,,,,,,,364.0,364.0,364.0,230.0,230.0,230.0,,,,mm,1.0,1.0,1.0,,,,,,,,,,,,38 39,39.0,38.0,282.0,282.0,282.0,155.0,155.0,155.0,mm,,,,,,,,,,,,
_measure_4,manuscript_12003,,,"Cambridge, Trinity College, MS O.5.19",part,,,,,,,,,,,,,,,,,,,,,,348.0,348.0,348.0,235.0,235.0,235.0,,,,mm,1.0,1.0,1.0,,,,,,,,,,,,26 30,30.0,26.0,210-238,238.0,210.0,140.0,140.0,140.0,mm,,,,,,,,,,,,
_measure_5,manuscript_12003,,,"Cambridge, Trinity College, MS O.5.19",part,,,,,,,,,,,,,,,,,,,,,,348.0,348.0,348.0,235.0,235.0,235.0,,,,mm,1.0,1.0,1.0,,,,,,,,,,,,41 44,44.0,41.0,223.0,223.0,223.0,135-140,140.0,135.0,mm,,,,,,,,,,,,
_measure_6,manuscript_12003,,,"Cambridge, Trinity College, MS O.5.19",part,,,,,,,,,,,,,,,,,,,,,,348.0,348.0,348.0,235.0,235.0,235.0,,,,mm,1.0,1.0,1.0,,,,,,,,,,,,36 55,55.0,36.0,277-307,307.0,277.0,150-170,170.0,150.0,mm,,,,,,,,,,,,
_measure_7,manuscript_12003,,,"Cambridge, Trinity College, MS O.5.19",part,,,,,,,,,,,,,,,,,,,,,,348.0,348.0,348.0,235.0,235.0,235.0,,,,mm,1.0,1.0,1.0,,,,,,,,,,,,57 59,59.0,57.0,279-290,290.0,279.0,150.0,150.0,150.0,mm,,,,,,,,,,,,
_measure_8,manuscript_12003,,,"Cambridge, Trinity College, MS O.5.19",part,,,,,,,,,,,,,,,,,,,,,,348.0,348.0,348.0,235.0,235.0,235.0,,,,mm,1.0,1.0,1.0,,,,,,,,,,,,30 35,35.0,30.0,234-264,264.0,234.0,130-140,140.0,130.0,mm,,,,,,,,,,,,
_measure_9,manuscript_12003,,,"Cambridge, Trinity College, MS O.5.19",part,,,,,,,,,,,,,,,,,,,,,,348.0,348.0,348.0,235.0,235.0,235.0,,,,mm,1.0,1.0,1.0,,,,,,,,,,,,49 57,57.0,49.0,303-317,317.0,303.0,140-150,150.0,140.0,mm,,,,,,,,,,,,
_measure_1,manuscript_12004,,,"Cambridge, Trinity College, MS O.5.23",manuscript,,MS-TRINITY-O-00005-00023,Codex ii + 76 + iii 360-365 220-230,76.0,,5.0,,,,,,,,,,,,,,,,360-365,365.0,360.0,220-230,230.0,220.0,,,,mm,1.0,1.0,1.0,,,,,,,,,,,,,,,,,,,,,,,,,,,,,,,,,
_measure_1,manuscript_12005,,,"Cambridge, Trinity College, MS O.5.27",manuscript,,MS-TRINITY-O-00005-00027,Codex ii + 86 358 224-233,86.0,1.0,,,,,,,,,,,,,,,,,358.0,358.0,358.0,224-233,233.0,224.0,,,,mm,1.0,1.0,1.0,,,,,,,,,,,,30 33,33.0,30.0,350.0,350.0,350.0,185.0,185.0,185.0,mm,,,,,,,,,,,hardpoint,
_measure_2,manuscript_12005,,,"Cambridge, Trinity College, MS O.5.27",manuscript,,MS-TRINITY-O-00005-00027,Codex ii + 86 358 224-233,86.0,1.0,,,,,,,,,,,,,,,,,358.0,358.0,358.0,224-233,233.0,224.0,,,,mm,1.0,1.0,1.0,,,,,,,,,,,,32.0,32.0,32.0,320.0,320.0,320.0,185.0,185.0,185.0,mm,,,,,,,,,,,hardpoint,
_measure_3,manuscript_12005,,,"Cambridge, Trinity College, MS O.5.27",manuscript,,MS-TRINITY-O-00005-00027,Codex ii + 86 358 224-233,86.0,1.0,,,,,,,,,,,,,,,,,358.0,358.0,358.0,224-233,233.0,224.0,,,,mm,1.0,1.0,1.0,,,,,,,,,,,,41.0,41.0,41.0,315.0,315.0,315.0,177.0,177.0,177.0,mm,,,,,,,,,,,hardpoint,
_measure_4,manuscript_12005,,,"Cambridge, Trinity College, MS O.5.27",manuscript,,MS-TRINITY-O-00005-00027,Codex ii + 86 358 224-233,86.0,1.0,,,,,,,,,,,,,,,,,358.0,358.0,358.0,224-233,233.0,224.0,,,,mm,1.0,1.0,1.0,,,,,,,,,,,,50 56,56.0,50.0,330.0,330.0,330.0,170.0,170.0,170.0,mm,,,,,,,,,,,hardpoint,
_measure_5,manuscript_12005,,,"Cambridge, Trinity College, MS O.5.27",manuscript,,MS-TRINITY-O-00005-00027,Codex ii + 86 358 224-233,86.0,1.0,,,,,,,,,,,,,,,,,358.0,358.0,358.0,224-233,233.0,224.0,,,,mm,1.0,1.0,1.0,,,,,,,,,,,,32 37,37.0,32.0,310.0,310.0,310.0,183.0,183.0,183.0,mm,,,,,,,,,,,hardpoint,
_measure_6,manuscript_12005,,,"Cambridge, Trinity College, MS O.5.27",manuscript,,MS-TRINITY-O-00005-00027,,,,,,,,,,,,,,,,,,,,,,,,,,,,,,,,,,,,,,,,,,,,,,,,,,,,,,,,,,,,,,,,,
_measure_1,manuscript_12008,,,"Cambridge, Trinity College, MS O.7.4",manuscript-composite,,MS-TRINITY-O-00007-00004,Codex iv + 10 + 351 + 3 + iii,351.0,13.0,7.0,,,,,,,,,,,,,,,,,,,,,,,,,,,,,,,,,,,,,,,,,,,,,,,,,,,,,,,,,,,,,
_measure_2,manuscript_12008,,,"Cambridge, Trinity College, MS O.7.4",part,,,,,,,,,,,,,,,,,,,,,,168.0,168.0,168.0,119.0,119.0,119.0,,,,mm,1.0,1.0,1.0,,,,,,,,,,,,16.0,16.0,16.0,120.0,120.0,120.0,110.0,110.0,110.0,mm,,,,,,,,,,,,
_measure_3,manuscript_12008,,,"Cambridge, Trinity College, MS O.7.4",part,,,,,,,,,,,,,,,,,,,,,,168.0,168.0,168.0,119.0,119.0,119.0,,,,mm,1.0,1.0,1.0,,,,,,,,,,,,18 19,19.0,18.0,113.0,113.0,113.0,95.0,95.0,95.0,mm,,,,,,,,,,,,
_measure_4,manuscript_12008,,,"Cambridge, Trinity College, MS O.7.4",part,,,,,,,,,,,,,,,,,,,,,,,,,,,,,,,,1.0,1.0,1.0,,,,,,,,,,,,20.0,20.0,20.0,115.0,115.0,115.0,75.0,75.0,75.0,mm,,,,,,,,,,,,
_measure_5,manuscript_12008,,,"Cambridge, Trinity College, MS O.7.4",part,,,,,,,,,,,,,,,,,,,,,,175.0,175.0,175.0,125-136,136.0,125.0,,,,mm,1.0,1.0,1.0,,,,,,,,,,,,19.0,19.0,19.0,123.0,123.0,123.0,80.0,80.0,80.0,mm,,,,,,,,,,,,
_measure_6,manuscript_12008,,,"Cambridge, Trinity College, MS O.7.4",part,,,,,,,,,,,,,,,,,,,,,,175.0,175.0,175.0,125-136,136.0,125.0,,,,mm,1.0,1.0,1.0,,,,,,,,,,,,21 23,23.0,21.0,139.0,139.0,139.0,90.0,90.0,90.0,mm,,,,,,,,,,,,
_measure_7,manuscript_12008,,,"Cambridge, Trinity College, MS O.7.4",part,,,,,,,,,,,,,,,,,,,,,,176.0,176.0,176.0,125.0,125.0,125.0,,,,mm,1.0,1.0,1.0,,,,,,,,,,,,22 23,23.0,22.0,142.0,142.0,142.0,90.0,90.0,90.0,mm,,,,,,,,,,,hardpoint,below
_measure_8,manuscript_12008,,,"Cambridge, Trinity College, MS O.7.4",part,,,,,,,,,,,,,,,,,,,,,,163.0,163.0,163.0,120.0,120.0,120.0,,,,mm,1.0,1.0,1.0,,,,,,,,,,,,20.0,20.0,20.0,142.0,142.0,142.0,100.0,100.0,100.0,mm,,,,,,,,,,,,
_measure_9,manuscript_12008,,,"Cambridge, Trinity College, MS O.7.4",part,,,,,,,,,,,,,,,,,,,,,,168.0,168.0,168.0,123.0,123.0,123.0,,,,mm,1.0,1.0,1.0,,,,,,,,,,,,27.0,27.0,27.0,147.0,147.0,147.0,105.0,105.0,105.0,mm,,,,,,,,,,,,
_measure_1,manuscript_1,,,"Cambridge, Trinity College, MS O.7.20",manuscript-composite,,MS-TRINITY-COLLEGE-O-00007-00020,Codex: iii + 36 | 52 | 34 | 10 | 86 | 22 + i leaves. 130-155 100-105,240.0,,,,,,,,,,,,,,,,,,130-155,155.0,130.0,100-105,105.0,100.0,,,,mm,,,,,,,,,,,,,,,,,,,,,,,,,,,,,,,,,,,,
_measure_2,manuscript_1,,,"Cambridge, Trinity College, MS O.7.20",manuscript-composite,,MS-TRINITY-COLLEGE-O-00007-00020,,,,,,,,,,,,,,,,,,,,,,,,,,,,,,,,,,,,,,,,,,,,,,,,,,,,,,,,,,,,,,,,,
_measure_3,manuscript_1,,,"Cambridge, Trinity College, MS O.7.20",part,,,Codex: 36 leaves. 135 100,36.0,,,,,,,,,,,,,,,,,,135.0,135.0,135.0,100.0,100.0,100.0,,,,mm,1.0,1.0,1.0,,,,,,,,,,,,30 34,34.0,30.0,85-95,95.0,85.0,70.0,70.0,70.0,mm,,,,,,,,,,,leadpoint,above
_measure_4,manuscript_1,,,"Cambridge, Trinity College, MS O.7.20",part,,,Codex: 36 leaves. 135 100,36.0,,,,,,,,,,,,,,,,,,135.0,135.0,135.0,100.0,100.0,100.0,,,,mm,1.0,1.0,1.0,,,,,,,,,,,,25 27,27.0,25.0,90-95,95.0,90.0,70-75,75.0,70.0,mm,,,,,,,,,,,leadpoint,
_measure_5,manuscript_1,,,"Cambridge, Trinity College, MS O.7.20",part,,,Codex: 52 leaves. 150 105,51.0,,,,,,,,,,,,,,,,,,150.0,150.0,150.0,105.0,105.0,105.0,,,,mm,1.0,1.0,1.0,,,,,,,,,,,,17 20,20.0,17.0,85-90,90.0,85.0,75.0,75.0,75.0,mm,,,,,,,,,,,blindpoint,
_measure_6,manuscript_1,,,"Cambridge, Trinity College, MS O.7.20",part,,,Codex: 34 leaves. 145 100,34.0,,,,,,,,,,,,,,,,,,145.0,145.0,145.0,100.0,100.0,100.0,,,,mm,1.0,1.0,1.0,,,,,,,,,,,,25 35,35.0,25.0,130-140,140.0,130.0,85-90,90.0,85.0,mm,,,,,,,,,,,,
_measure_7,manuscript_1,,,"Cambridge, Trinity College, MS O.7.20",part,,,Codex: 10 leaves. 155 100,10.0,,,,,,,,,,,,,,,,,,155.0,155.0,155.0,100.0,100.0,100.0,,,,mm,1.0,1.0,1.0,,,,,,,,,,,,14 18,18.0,14.0,130-140,140.0,130.0,85-90,90.0,85.0,mm,,,,,,,,,,,,
_measure_8,manuscript_1,,,"Cambridge, Trinity College, MS O.7.20",part,,,Codex: 86 leaves. 130 100,86.0,,,,,,,,,,,,,,,,,,130.0,130.0,130.0,100.0,100.0,100.0,,,,mm,1.0,1.0,1.0,,,,,,,,,,,,18 32,32.0,18.0,120-125,125.0,120.0,85-90,90.0,85.0,mm,,,,,,,,,,,,
_measure_9,manuscript_1,,,"Cambridge, Trinity College, MS O.7.20",part,,,Codex: 22 leaves. 145 100,22.0,,,,,,,,,,,,,,,,,,145.0,145.0,145.0,100.0,100.0,100.0,,,,mm,1 2,2.0,1.0,,,,,,,,,,,,16 20,20.0,16.0,90-110,110.0,90.0,70-75,75.0,70.0,mm,,,,,,,,,,,,
_measure_1,manuscript_1,,,"Cambridge, Trinity College, MS O.7.23",manuscript,,MS-TRINITY-COLLEGE-O-00007-00023,Codex: ii + 83 + i leaves. 150 110,83.0,,3.0,,,,,,,,,,,,,,,,150.0,150.0,150.0,110.0,110.0,110.0,,,,mm,1.0,1.0,1.0,,,,,,,,,,,,19 23,23.0,19.0,95-100,100.0,95.0,70.0,70.0,70.0,mm,,,,,,,,,,,ink,below
_measure_2,manuscript_1,,,"Cambridge, Trinity College, MS O.7.23",manuscript,,MS-TRINITY-COLLEGE-O-00007-00023,,,,,,,,,,,,,,,,,,,,,,,,,,,,,,,,,,,,,,,,,,,,,,,,,,,,,,,,,,,,,,,,,
_measure_1,manuscript_12010,,,"Cambridge, Trinity College, MS O.7.29",manuscript,,MS-TRINITY-O-00007-00029,,,,,,,,,,,,,,,,,,,,143.0,143.0,143.0,97.0,97.0,97.0,,,,mm,1.0,1.0,1.0,,,,,,,,,,,,14 16,16.0,14.0,92.0,92.0,92.0,50.0,50.0,50.0,mm,,,,,,,,,,,,
_measure_1,manuscript_1,,,"Cambridge, Trinity College, MS O.7.31",manuscript,,MS-TRINITY-COLLEGE-O-00007-00031,Codex: iii + 206 + i leaves. 145 95,206.0,,4.0,,,,,,,,,,,,,,,,145.0,145.0,145.0,95.0,95.0,95.0,,,,mm,1.0,1.0,1.0,,,,,,,,,,,,35 48,48.0,35.0,120.0,120.0,120.0,80.0,80.0,80.0,mm,,,,,,,,,,,leadpoint,below
_measure_2,manuscript_1,,,"Cambridge, Trinity College, MS O.7.31",manuscript,,MS-TRINITY-COLLEGE-O-00007-00031,,,,,,,,,,,,,,,,,,,,,,,,,,,,,,,,,,,,,,,,,,,,,,,,,,,,,,,,,,,,,,,,,
_measure_3,manuscript_1,,,"Cambridge, Trinity College, MS O.7.31",manuscript,,MS-TRINITY-COLLEGE-O-00007-00031,,,,,,,,,,,,,,,,,,,,,,,,,,,,,,,,,,,,,,,,,,,,,,,,,,,,,,,,,,,,,,,,,
_measure_1,manuscript_12011,,,"Cambridge, Trinity College, MS O.7.32",manuscript,,MS-TRINITY-O-00007-00032,Codex iii + 1 + 182 + i 147 105,182.0,1.0,4.0,,,,,,,,,,,,,,,,147.0,147.0,147.0,105.0,105.0,105.0,,,,mm,1.0,1.0,1.0,,,,,,,,,,,,13.0,13.0,13.0,102.0,102.0,102.0,60.0,60.0,60.0,mm,,,,,,,,,,,,
_measure_2,manuscript_12011,,,"Cambridge, Trinity College, MS O.7.32",manuscript,,MS-TRINITY-O-00007-00032,Codex iii + 1 + 182 + i 147 105,182.0,1.0,4.0,,,,,,,,,,,,,,,,147.0,147.0,147.0,105.0,105.0,105.0,,,,mm,1.0,1.0,1.0,,,,,,,,,,,,13 15,15.0,13.0,102-117,117.0,102.0,60-80,80.0,60.0,mm,,,,,,,,,,,,
_measure_3,manuscript_12011,,,"Cambridge, Trinity College, MS O.7.32",manuscript,,MS-TRINITY-O-00007-00032,,,,,,,,,,,,,,,,,,,,,,,,,,,,,,,,,,,,,,,,,,,,,,,,,,,,,,,,,,,,,,,,,
_measure_1,manuscript_12014,,,"Cambridge, Trinity College, MS O.7.45",manuscript,,MS-TRINITY-O-00007-00045,,,,,,,,,,,,,,,,,,,,180.0,180.0,180.0,152.0,152.0,152.0,,,,mm,1.0,1.0,1.0,,,,,,,,,,,,18 30,30.0,18.0,159-173,173.0,159.0,100-130,130.0,100.0,mm,,,,,,,,,,,,
_measure_2,manuscript_12014,,,"Cambridge, Trinity College, MS O.7.45",manuscript,,MS-TRINITY-O-00007-00045,,,,,,,,,,,,,,,,,,,,,,,,,,,,,,,,,,,,,,,,,,,,,,,,,,,,,,,,,,,,,,,,,
_measure_1,manuscript_1,,,"Cambridge, Trinity College, MS O.8.2",manuscript-composite,,MS-TRINITY-COLLEGE-O-00008-00002,Codex: iii + 3 | 82 + 1 leaves. 205-210 135-150,85.0,,,,,,,,,,,,,,,,,,205-210,215.0,205.0,135-150,150.0,135.0,,,,mm,,,,,,,,,,,,,,,,,,,,,,,,,,,,,,,,,,,,
_measure_2,manuscript_1,,,"Cambridge, Trinity College, MS O.8.2",manuscript-composite,,MS-TRINITY-COLLEGE-O-00008-00002,,,,,,,,,,,,,,,,,,,,,,,,,,,,,,,,,,,,,,,,,,,,,,,,,,,,,,,,,,,,,,,,,
_measure_3,manuscript_1,,,"Cambridge, Trinity College, MS O.8.2",part,,,Codex: 1 leaf. 210 140,1.0,,,,,,,,,,,,,,,,,,210.0,210.0,210.0,140.0,140.0,140.0,,,,mm,1.0,1.0,1.0,,,,,,,,,,,,14.0,14.0,14.0,190.0,190.0,190.0,105.0,105.0,105.0,mm,,,,,,,,,,,,
_measure_4,manuscript_1,,,"Cambridge, Trinity College, MS O.8.2",part,,,Codex: 3 leaves. 205 135,3.0,,,,,,,,,,,,,,,,,,205.0,205.0,205.0,135.0,135.0,135.0,,,,mm,1 3,3.0,1.0,,,,,,,,,,,,45 50,50.0,45.0,160-165,165.0,160.0,100-105,105.0,100.0,mm,,,,,,,,,,,leadpoint,below
_measure_5,manuscript_1,,,"Cambridge, Trinity College, MS O.8.2",part,,,Codex: 82 leaves. 205-215 150,82.0,,,,,,,,,,,,,,,,,,205-215,215.0,205.0,150.0,150.0,150.0,,,,mm,1 2,2.0,1.0,,,,,,,,,,,,50 64,64.0,50.0,170-195,195.0,170.0,110-115,115.0,110.0,mm,,,,,,,,,,,ink,below
_measure_1,manuscript_12015,,,"Cambridge, Trinity College, MS O.8.3",manuscript,,MS-TRINITY-O-00008-00003,Codex i + 1 + 297 + i 215 145,297.0,1.0,2.0,,,,,,,,,,,,,,,,215.0,215.0,215.0,145.0,145.0,145.0,,,,mm,1.0,1.0,1.0,,,,,,,,,,,,21.0,21.0,21.0,155.0,155.0,155.0,85.0,85.0,85.0,mm,,,,,,,,,,,,
_measure_1,manuscript_12016,,,"Cambridge, Trinity College, MS O.8.7",manuscript,,MS-TRINITY-O-00008-00007,Codex iii + 74 + 9 + i 217 150,74.0,9.0,4.0,,,,,,,,,,,,,,,,217.0,217.0,217.0,150.0,150.0,150.0,,,,mm,1.0,1.0,1.0,,,,,,,,,,,,13.0,13.0,13.0,135.0,135.0,135.0,90.0,90.0,90.0,mm,,,,,,,,,,,ink,
_measure_1,manuscript_12017,,,"Cambridge, Trinity College, MS O.8.8",manuscript,,MS-TRINITY-O-00008-00008,Codex 2 + 42 + 1 211 155,42.0,3.0,,,,,,,,,,,,,,,,,211.0,211.0,211.0,155.0,155.0,155.0,,,,mm,1.0,1.0,1.0,,,,,,,,,,,,16 38,38.0,16.0,172-182,182.0,172.0,120-140,140.0,120.0,mm,,,,,,,,,,,,
_measure_1,manuscript_12018,,,"Cambridge, Trinity College, MS O.8.10",manuscript-composite,,MS-TRINITY-O-00008-00010,,,,,,,,,,,,,,,,,,,,,,,,,,,,,,,,,,,,,,,,,,,,,,,,,,,,,,,,,,,,,,,,,
_measure_2,manuscript_12018,,,"Cambridge, Trinity College, MS O.8.10",manuscript-composite,,MS-TRINITY-O-00008-00010,,,,,,,,,,,,,,,,,,,,,,,,,,,,,,,,,,,,,,,,,,,,,,,,,,,,,,,,,,,,,,,,,
_measure_3,manuscript_12018,,,"Cambridge, Trinity College, MS O.8.10",part,,,,,,,,,,,,,,,,,,,,,,200.0,200.0,200.0,160.0,160.0,160.0,,,,mm,1.0,1.0,1.0,,,,,,,,,,,,29.0,29.0,29.0,166.0,166.0,166.0,125.0,125.0,125.0,mm,,,,,,,,,,,,
_measure_4,manuscript_12018,,,"Cambridge, Trinity College, MS O.8.10",part,,,,,,,,,,,,,,,,,,,,,,200.0,200.0,200.0,160.0,160.0,160.0,,,,mm,1.0,1.0,1.0,,,,,,,,,,,,21 25,25.0,21.0,154-179,179.0,154.0,120.0,120.0,120.0,mm,,,,,,,,,,,,
_measure_5,manuscript_12018,,,"Cambridge, Trinity College, MS O.8.10",part,,,,,,,,,,,,,,,,,,,,,,200.0,200.0,200.0,160.0,160.0,160.0,,,,mm,1.0,1.0,1.0,,,,,,,,,,,,32 36,36.0,32.0,177-182,182.0,177.0,115.0,115.0,115.0,mm,,,,,,,,,,,,
_measure_6,manuscript_12018,,,"Cambridge, Trinity College, MS O.8.10",part,,,,,,,,,,,,,,,,,,,,,,211.0,211.0,211.0,158.0,158.0,158.0,,,,mm,1.0,1.0,1.0,,,,,,,,,,,,32 43,43.0,32.0,187-200,200.0,187.0,125.0,125.0,125.0,mm,,,,,,,,,,,,
_measure_7,manuscript_12018,,,"Cambridge, Trinity College, MS O.8.10",part,,,,,,,,,,,,,,,,,,,,,,203.0,203.0,203.0,158.0,158.0,158.0,,,,mm,1.0,1.0,1.0,,,,,,,,,,,,31 50,50.0,31.0,167-192,192.0,167.0,120-130,130.0,120.0,mm,,,,,,,,,,,,
_measure_8,manuscript_12018,,,"Cambridge, Trinity College, MS O.8.10",part,,,,,,,,,,,,,,,,,,,,,,203.0,203.0,203.0,158.0,158.0,158.0,,,,mm,1.0,1.0,1.0,,,,,,,,,,,,27 34,34.0,27.0,170-182,182.0,170.0,130.0,130.0,130.0,mm,,,,,,,,,,,,
_measure_1,manuscript_12019,,,"Cambridge, Trinity College, MS O.8.11",manuscript,,MS-TRINITY-O-00008-00011,Codex iii + 99 + i 205 145,99.0,,4.0,,,,,,,,,,,,,,,,205.0,205.0,205.0,145.0,145.0,145.0,,,,mm,1.0,1.0,1.0,,,,,,,,,,,,31 32,32.0,31.0,133.0,133.0,133.0,85.0,85.0,85.0,mm,,,,,,,,,,,,
_measure_1,manuscript_12020,,,"Cambridge, Trinity College, MS O.8.12",manuscript-composite,,MS-TRINITY-O-00008-00012,,,,,,,,,,,,,,,,,,,,,,,,,,,,,,,,,,,,,,,,,,,,,,,,,,,,,,,,,,,,,,,,,
_measure_2,manuscript_12020,,,"Cambridge, Trinity College, MS O.8.12",manuscript-composite,,MS-TRINITY-O-00008-00012,,,,,,,,,,,,,,,,,,,,,,,,,,,,,,,,,,,,,,,,,,,,,,,,,,,,,,,,,,,,,,,,,
_measure_3,manuscript_12020,,,"Cambridge, Trinity College, MS O.8.12",part,,,,,,,,,,,,,,,,,,,,,,216.0,216.0,216.0,163.0,163.0,163.0,,,,mm,1.0,1.0,1.0,,,,,,,,,,,,18 23,23.0,18.0,178-190,190.0,178.0,135.0,135.0,135.0,mm,,,,,,,,,,,,
_measure_4,manuscript_12020,,,"Cambridge, Trinity College, MS O.8.12",part,,,,,,,,,,,,,,,,,,,,,,199.0,199.0,199.0,153.0,153.0,153.0,,,,mm,1.0,1.0,1.0,,,,,,,,,,,,31 39,39.0,31.0,166-183,183.0,166.0,100-125,125.0,100.0,mm,,,,,,,,,,,,
_measure_5,manuscript_12020,,,"Cambridge, Trinity College, MS O.8.12",part,,,,,,,,,,,,,,,,,,,,,,198.0,198.0,198.0,151.0,151.0,151.0,,,,mm,2.0,2.0,2.0,,,,,,,,,,,,46.0,46.0,46.0,177.0,177.0,177.0,110.0,110.0,110.0,mm,,,,,,,,,,,,
_measure_1,manuscript_1,,,"Cambridge, Trinity College, MS O.8.31",manuscript-composite,,MS-TRINITY-COLLEGE-O-00008-00031,Codex: ii + 3 | 112 | 14 | 36 | 14 | 21 | 2 + i leaves. 210 145,197.0,5.0,3.0,,,,,,,,,,,,,,,,210.0,210.0,210.0,145.0,145.0,145.0,,,,mm,,,,,,,,,,,,,,,,,,,,,,,,,,,,,,,,,,,,
_measure_2,manuscript_1,,,"Cambridge, Trinity College, MS O.8.31",part,,,Codex: 3 leaves. 200 145,,3.0,,,,,,,,,,,,,,,,,200.0,200.0,200.0,145.0,145.0,145.0,,,,mm,,,,,,,,,,,,,,,,,,,,,,,,,,,,,,,,,,,,
_measure_3,manuscript_1,,,"Cambridge, Trinity College, MS O.8.31",part,,,Codex: 112 leaves. 210 145,112.0,,,,,,,,,,,,,,,,,,210.0,210.0,210.0,145.0,145.0,145.0,,,,mm,1.0,1.0,1.0,,,,,,,,,,,,42.0,42.0,42.0,160-165,165.0,160.0,100-105,105.0,100.0,mm,,,,,,,,,,,leadpoint,below
_measure_4,manuscript_1,,,"Cambridge, Trinity College, MS O.8.31",part,,,Codex: 14 leaves. 215 140,14.0,,,,,,,,,,,,,,,,,,215.0,215.0,215.0,140.0,140.0,140.0,,,,mm,1.0,1.0,1.0,,,,,,,,,,,,37.0,37.0,37.0,145.0,145.0,145.0,90.0,90.0,90.0,mm,,,,,,,,,,,ink,below
_measure_5,manuscript_1,,,"Cambridge, Trinity College, MS O.8.31",part,,,Codex: 36 leaves. 215 145,36.0,,,,,,,,,,,,,,,,,,215.0,215.0,215.0,145.0,145.0,145.0,,,,mm,1.0,1.0,1.0,,,,,,,,,,,,31.0,31.0,31.0,150-155,155.0,150.0,105.0,105.0,105.0,mm,,,,,,,,,,,ink,below
_measure_6,manuscript_1,,,"Cambridge, Trinity College, MS O.8.31",part,,,Codex: 14 leaves. 215 145S,14.0,,,,,,,,,,,,,,,,,,215.0,215.0,215.0,145.0,145.0,145.0,,,,mm,1.0,1.0,1.0,,,,,,,,,,,,52.0,52.0,52.0,185.0,185.0,185.0,105-110,110.0,105.0,mm,,,,,,,,,,,ink,below
_measure_7,manuscript_1,,,"Cambridge, Trinity College, MS O.8.31",part,,,Codex: 21 leaves. 215 145,21.0,,,,,,,,,,,,,,,,,,215.0,215.0,215.0,145.0,145.0,145.0,,,,mm,1.0,1.0,1.0,,,,,,,,,,,,34.0,34.0,34.0,160.0,160.0,160.0,110.0,110.0,105.0,mm,,,,,,,,,,,ink,below
_measure_8,manuscript_1,,,"Cambridge, Trinity College, MS O.8.31",part,,,Codex: 2 leaves. 200 145,,2.0,,,,,,,,,,,,,,,,,200.0,200.0,200.0,145.0,145.0,145.0,,,,mm,,,,,,,,,,,,,,,,,,,,,,,,,,,,,,,,,,,,
_measure_1,manuscript_1,,,"Cambridge, Trinity College, MS O.8.35",manuscript,,MS-TRINITY-COLLEGE-O-00008-00035,Codex: iii + 4 + 127 + i leaves. 210 150,127.0,,8.0,,,,,,,,,,,,,,,,210.0,210.0,210.0,150.0,150.0,150.0,,,,mm,1.0,1.0,1.0,,,,,,,,,,,,22 23,23.0,22.0,140.0,140.0,140.0,95.0,95.0,95.0,mm,,,,,,,,,,,leadpoint,above
_measure_2,manuscript_1,,,"Cambridge, Trinity College, MS O.8.35",manuscript,,MS-TRINITY-COLLEGE-O-00008-00035,,,,,,,,,,,,,,,,,,,,,,,,,,,,,,,,,,,,,,,,,,,,,,,,,,,,,,,,,,,,,,,,,
_measure_1,manuscript_1,,,"Cambridge, Trinity College, MS O.8.36",manuscript,,MS-TRINITY-COLLEGE-00008-00036,Codex: ii + 139 + ii leaves. 215 150,139.0,,4.0,,,,,,,,,,,,,,,,215.0,215.0,215.0,150.0,150.0,150.0,,,,mm,1.0,1.0,1.0,,,,,,,,,,,,28 50,50.0,28.0,160-180,180.0,160.0,110-120,120.0,110.0,mm,,,,,,,,,,,hardpoint,below
_measure_2,manuscript_1,,,"Cambridge, Trinity College, MS O.8.36",manuscript,,MS-TRINITY-COLLEGE-00008-00036,,,,,,,,,,,,,,,,,,,,,,,,,,,,,,,,,,,,,,,,,,,,,,,,,,,,,,,,,,,,,,,,,
_measure_1,manuscript_12023,,,"Cambridge, Trinity College, MS O.9.4",manuscript,,MS-TRINITY-O-00009-00004,Codex vi + 110 + vi 296 184,110.0,12.0,,,,,,,,,,,,,,,,,296.0,296.0,296.0,184.0,184.0,184.0,,,,mm,1.0,1.0,1.0,,,,,,,,,,,,29 30,30.0,29.0,253.0,253.0,253.0,130.0,130.0,130.0,mm,,,,,,,,,,,,
_measure_2,manuscript_12023,,,"Cambridge, Trinity College, MS O.9.4",manuscript,,MS-TRINITY-O-00009-00004,,,,,,,,,,,,,,,,,,,,,,,,,,,,,,,,,,,,,,,,,,,,,,,,,,,,,,,,,,,,,,,,,
_measure_1,manuscript_1,,,"Cambridge, Trinity College, MS O.9.10",manuscript,,MS-TRINITY-COLLEGE-O-00009-00010,iii + 4 + 144 + i leaves. 275 205,144.0,4.0,4.0,,,,,,,,,,,,,,,,275.0,275.0,275.0,205.0,205.0,205.0,,,,mm,2.0,2.0,2.0,,,,,,,,,,,,35 37,37.0,35.0,190.0,190.0,190.0,145.0,145.0,145.0,mm,,,,,,,,,,,leadpoint,below
_measure_2,manuscript_1,,,"Cambridge, Trinity College, MS O.9.10",manuscript,,MS-TRINITY-COLLEGE-O-00009-00010,,,,,,,,,,,,,,,,,,,,,,,,,,,,,,,,,,,,,,,,,,,,,,,,,,,,,,,,,,,,,,,,,
_measure_3,manuscript_1,,,"Cambridge, Trinity College, MS O.9.10",manuscript,,MS-TRINITY-COLLEGE-O-00009-00010,,,,,,,,,,,,,,,,,,,,,,,,,,,,,,,,,,,,,,,,,,,,,,,,,,,,,,,,,,,,,,,,,
_measure_1,manuscript_12025,,,"Cambridge, Trinity College, MS O.9.17",manuscript-composite,,MS-TRINITY-O-00009-00017,,,,,,,,,,,,,,,,,,,,,,,,,,,,,,,,,,,,,,,,,,,,,,,,,,,,,,,,,,,,,,,,,
_measure_2,manuscript_12025,,,"Cambridge, Trinity College, MS O.9.17",manuscript-composite,,MS-TRINITY-O-00009-00017,,,,,,,,,,,,,,,,,,,,,,,,,,,,,,,,,,,,,,,,,,,,,,,,,,,,,,,,,,,,,,,,,
_measure_3,manuscript_12025,,,"Cambridge, Trinity College, MS O.9.17",part,,,,,,,,,,,,,,,,,,,,,,,,,,,,,,,,2.0,2.0,2.0,,,,,,,,,,,,23 25,25.0,23.0,204.0,204.0,204.0,135.0,135.0,135.0,mm,13.0,13.0,13.0,,,,,,,,hardpoint,mixed
_measure_4,manuscript_12025,,,"Cambridge, Trinity College, MS O.9.17",part,,,,,,,,,,,,,,,,,,,,,,,,,,,,,,,,1.0,1.0,1.0,,,,,,,,,,,,24.0,24.0,24.0,190.0,190.0,190.0,140.0,140.0,140.0,mm,,,,,,,,,,,hardpoint,below
_measure_1,manuscript_12026,,,"Cambridge, Trinity College, MS O.9.27",manuscript-composite,,MS-TRINITY-O-00009-00027,Codex iii + 1 + 63 + i,63.0,1.0,4.0,,,,,,,,,,,,,,,,,,,,,,,,,,,,,,,,,,,,,,,,,,,,,,,,,,,,,,,,,,,,,
_measure_2,manuscript_12026,,,"Cambridge, Trinity College, MS O.9.27",manuscript-composite,,MS-TRINITY-O-00009-00027,,,,,,,,,,,,,,,,,,,,,,,,,,,,,,,,,,,,,,,,,,,,,,,,,,,,,,,,,,,,,,,,,
_measure_3,manuscript_12026,,,"Cambridge, Trinity College, MS O.9.27",part,,,,,,,,,,,,,,,,,,,,,,265.0,265.0,265.0,169.0,169.0,169.0,,,,mm,1.0,1.0,1.0,,,,,,,,,,,,19.0,19.0,19.0,,,,130.0,130.0,130.0,mm,,,,,,,,,,,,
_measure_4,manuscript_12026,,,"Cambridge, Trinity College, MS O.9.27",part,,,,,,,,,,,,,,,,,,,,,,265.0,265.0,265.0,169.0,169.0,169.0,,,,mm,1.0,1.0,1.0,,,,,,,,,,,,39.0,39.0,39.0,,,,135.0,135.0,135.0,mm,,,,,,,,,,,,
_measure_5,manuscript_12026,,,"Cambridge, Trinity College, MS O.9.27",part,,,,,,,,,,,,,,,,,,,,,,265.0,265.0,265.0,185.0,185.0,185.0,,,,mm,2.0,2.0,2.0,,,,,,,,,,,,17 33,33.0,17.0,205.0,205.0,205.0,120.0,120.0,120.0,mm,,,,,,,,,,,,
_measure_6,manuscript_12026,,,"Cambridge, Trinity College, MS O.9.27",part,,,,,,,,,,,,,,,,,,,,,,265.0,265.0,265.0,185.0,185.0,185.0,,,,mm,2.0,2.0,2.0,,,,,,,,,,,,18.0,18.0,18.0,187.0,187.0,187.0,112.0,112.0,112.0,mm,,,,,,,,,,,,
_measure_7,manuscript_12026,,,"Cambridge, Trinity College, MS O.9.27",part,,,,,,,,,,,,,,,,,,,,,,265.0,265.0,265.0,185.0,185.0,185.0,,,,mm,1.0,1.0,1.0,,,,,,,,,,,,39.0,39.0,39.0,215.0,215.0,215.0,145.0,145.0,145.0,mm,,,,,,,,,,,,
_measure_1,manuscript_1,,,"Cambridge, Trinity College, MS O.9.32",manuscript,,MS-TRINITY-COLLEGE-O-00009-00032,Codex: iii + 81 + i leaves. 280 200,81.0,,4.0,,,,,,,,,,,,,,,,280.0,280.0,280.0,200.0,200.0,200.0,,,,mm,2.0,2.0,2.0,,,,,,,,,,,,58.0,58.0,58.0,200-210,210.0,200.0,140-145,145.0,140.0,mm,,,,,,,,,,,crayon,above
_measure_2,manuscript_1,,,"Cambridge, Trinity College, MS O.9.32",manuscript,,MS-TRINITY-COLLEGE-O-00009-00032,,,,,,,,,,,,,,,,,,,,,,,,,,,,,,,,,,,,,,,,,,,,,,,,,,,,,,,,,,,,,,,,,
_measure_1,manuscript_1,,,"Cambridge, Trinity College, MS O.9.37",manuscript,,MS-TRINITY-COLLEGE-O-00009-00037,Codex: i + 128 + i leaves. 285 195,,,130.0,,,,,,,,,,,,,,,,285.0,285.0,285.0,195.0,195.0,195.0,,,,mm,1.0,1.0,1.0,,,,,,,,,,,,35.0,35.0,35.0,205.0,205.0,205.0,140.0,140.0,140.0,mm,,,,,,,,,,,leadpoint,above
_measure_2,manuscript_1,,,"Cambridge, Trinity College, MS O.9.37",manuscript,,MS-TRINITY-COLLEGE-O-00009-00037,,,,,,,,,,,,,,,,,,,,,,,,,,,,,,,,,,,,,,,,,,,,,,,,,,,,,,,,,,,,,,,,,
_measure_1,manuscript_1,,,"Cambridge, Trinity College, MS O.9.39",manuscript-composite,,MS-TRINITY-COLLEGE-O-00009-00039,Codex: i + 18 | 12 | 62 | 20 | 40 + i leaves. 255-300 105-200,152.0,,,,,,,,,,,,,,,,,,255-300,300.0,255.0,105-200,200.0,105.0,,,,mm,,,,,,,,,,,,,,,,,,,,,,,,,,,,,,,,,,,,
_measure_2,manuscript_1,,,"Cambridge, Trinity College, MS O.9.39",manuscript-composite,,MS-TRINITY-COLLEGE-O-00009-00039,,,,,,,,,,,,,,,,,,,,,,,,,,,,,,,,,,,,,,,,,,,,,,,,,,,,,,,,,,,,,,,,,
_measure_3,manuscript_1,,,"Cambridge, Trinity College, MS O.9.39",part,,,Codex: 18 leaves. 255 190,18.0,,,,,,,,,,,,,,,,,,255.0,255.0,255.0,190.0,190.0,190.0,,,,mm,1.0,1.0,1.0,,,,,,,,,,,,44 50,50.0,44.0,185-210,210.0,185.0,145-150,150.0,145.0,mm,,,,,,,,,,,leadpoint,below
_measure_4,manuscript_1,,,"Cambridge, Trinity College, MS O.9.39",part,,,Codex: 12 leaves. 285 190,12.0,,,,,,,,,,,,,,,,,,285.0,285.0,285.0,190.0,190.0,190.0,,,,mm,1.0,1.0,1.0,,,,,,,,,,,,41.0,41.0,41.0,215-220,220.0,215.0,140-145,145.0,140.0,mm,,,,,,,,,,,leadpoint,below
_measure_5,manuscript_1,,,"Cambridge, Trinity College, MS O.9.39",part,,,Codex: 62 leaves. 265 180,62.0,,,,,,,,,,,,,,,,,,265.0,265.0,265.0,180.0,180.0,180.0,,,,mm,1.0,1.0,1.0,,,,,,,,,,,,30 44,44.0,30.0,235-245,245.0,235.0,130-155,155.0,130.0,mm,,,,,,,,,,,blindpoint,
_measure_6,manuscript_1,,,"Cambridge, Trinity College, MS O.9.39",part,,,Codex: 20 leaves. 300 200 Folios 2:11-2:14 are smaller leaves (280 x 200mm).,20.0,,,,,,,,,,,,,,,,,,300.0,300.0,300.0,200.0,200.0,200.0,,,,mm,1.0,1.0,1.0,,,,,,,,,,,,,,,,,,,,,mm,,,,,,,,,,,,
_measure_7,manuscript_1,,,"Cambridge, Trinity College, MS O.9.39",part,,,Codex: 40 leaves. 285 105,40.0,,,,,,,,,,,,,,,,,,285.0,285.0,285.0,105.0,105.0,105.0,,,,mm,1.0,1.0,1.0,,,,,,,,,,,,44 45,45.0,44.0,275.0,275.0,275.0,75.0,75.0,75.0,mm,,,,,,,,,,,leadpoint,
_measure_1,manuscript_12027,,,"Cambridge, Trinity College, MS O.10.10",manuscript,,MS-TRINITY-O-00010-00010,Codex i + 128 308-320 190-200,128.0,,1.0,,,,,,,,,,,,,,,,308-320,320.0,308.0,190-200,200.0,190.0,,,,mm,1.0,1.0,1.0,,,,,,,,,,,,28 38,38.0,28.0,,,,,,,,,,,,,,,,,,pencil,
_measure_1,manuscript_12028,,,"Cambridge, Trinity College, MS O.10.12",manuscript-composite,,MS-TRINITY-O-00010-00012,Codex i + 109 + 1 303-320 190-205,109.0,1.0,1.0,,,,,,,,,,,,,,,,303-320,320.0,303.0,190-205,205.0,190.0,,,,mm,,,,,,,,,,,,,,,,,,,,,,,,,,,,,,,,,,,,
_measure_2,manuscript_12028,,,"Cambridge, Trinity College, MS O.10.12",part,,,Codex 84 ca. 305-315 ca. 190-205,84.0,,,,,,,,,,,,,,,,,,ca. 305-315,315.0,305.0,ca. 190-205,205.0,190.0,,,,mm,1.0,1.0,1.0,,,,,,,,,,,,35 49,49.0,35.0,,,,,,,,,,,,,,,,,,,
_measure_3,manuscript_12028,,,"Cambridge, Trinity College, MS O.10.12",part,,,Codex 25 318 208,25.0,,,,,,,,,,,,,,,,,,318.0,318.0,318.0,208.0,208.0,208.0,,,,mm,1.0,1.0,1.0,,,,,,,,,,,,27 30,30.0,27.0,285-290,290.0,285.0,140-155,155.0,140.0,mm,,,,,,,,,,,,
_measure_1,manuscript_12031,,,"Cambridge, Trinity College, MS O.10.32",manuscript,,MS-TRINITY-O-00010-00032,Codex iii + 1 + 207 + i ff. 1r-190v 308 200 ff. 191r-211v 318 200 ff. 212r-121v 267 190,207.0,1.0,4.0,,,,,,,,,,,,,,,,308.0,308.0,308.0,200.0,200.0,200.0,,,,mm,1.0,1.0,1.0,,,,,,,,,,,,25 49,49.0,25.0,,,,,,,,,,,265-285,285.0,265.0,155-170,170.0,155.0,mm,hardpoint,
_measure_2,manuscript_12031,,,"Cambridge, Trinity College, MS O.10.32",manuscript,,MS-TRINITY-O-00010-00032,Codex iii + 1 + 207 + i ff. 1r-190v 308 200 ff. 191r-211v 318 200 ff. 212r-121v 267 190,207.0,1.0,4.0,,,,,,,,,,,,,,,,308.0,308.0,308.0,200.0,200.0,200.0,,,,mm,1.0,1.0,1.0,,,,,,,,,,,,25 49,49.0,25.0,,,,,,,,,,,275-295,295.0,275.0,155-160,160.0,155.0,mm,hardpoint,
_measure_3,manuscript_12031,,,"Cambridge, Trinity College, MS O.10.32",manuscript,,MS-TRINITY-O-00010-00032,Codex iii + 1 + 207 + i ff. 1r-190v 308 200 ff. 191r-211v 318 200 ff. 212r-121v 267 190,207.0,1.0,4.0,,,,,,,,,,,,,,,,308.0,308.0,308.0,200.0,200.0,200.0,,,,mm,1.0,1.0,1.0,,,,,,,,,,,,38 48,48.0,38.0,,,,,,,,,,,295.0,295.0,295.0,165-180,180.0,165.0,mm,hardpoint,
_measure_1,manuscript_12032,,,"Cambridge, Trinity College, MS O.10.33",manuscript-composite,,MS-TRINITY-O-00010-00033,,,,,,,,,,,,,,,,,,,,,,,,,,,,,,,,,,,,,,,,,,,,,,,,,,,,,,,,,,,,,,,,,
_measure_2,manuscript_12032,,,"Cambridge, Trinity College, MS O.10.33",part,,,,,,,,,,,,,,,,,,,,,,304.0,304.0,304.0,195.0,195.0,195.0,,,,mm,1.0,1.0,1.0,,,,,,,,,,,,45 64,64.0,45.0,,,,,,,,,,,275-285,285.0,275.0,160.0,160.0,160.0,mm,,
_measure_3,manuscript_12032,,,"Cambridge, Trinity College, MS O.10.33",part,,,,,,,,,,,,,,,,,,,,,,318.0,318.0,318.0,203.0,203.0,203.0,,,,mm,1.0,1.0,1.0,,,,,,,,,,,,28 33,33.0,28.0,,,,,,,,,,,273-287,287.0,273.0,160.0,160.0,160.0,mm,,
_measure_4,manuscript_12032,,,"Cambridge, Trinity College, MS O.10.33",part,,,,,,,,,,,,,,,,,,,,,,310.0,310.0,310.0,200.0,200.0,200.0,,,,mm,1.0,1.0,1.0,,,,,,,,,,,,53 62,62.0,53.0,,,,,,,,,,,274-293,293.0,274.0,160.0,160.0,160.0,mm,,
_measure_5,manuscript_12032,,,"Cambridge, Trinity College, MS O.10.33",part,,,,,,,,,,,,,,,,,,,,,,318.0,318.0,318.0,198.0,198.0,198.0,,,,mm,1.0,1.0,1.0,,,,,,,,,,,,39.0,39.0,39.0,,,,,,,,,,,289.0,289.0,289.0,170.0,170.0,170.0,mm,,
_measure_6,manuscript_12032,,,"Cambridge, Trinity College, MS O.10.33",part,,,,,,,,,,,,,,,,,,,,,,315.0,315.0,315.0,213.0,213.0,213.0,,,,mm,1.0,1.0,1.0,,,,,,,,,,,,37 42,42.0,37.0,,,,,,,,,,,280-292,292.0,280.0,155.0,155.0,155.0,mm,,
_measure_7,manuscript_12032,,,"Cambridge, Trinity College, MS O.10.33",part,,,,,,,,,,,,,,,,,,,,,,315.0,315.0,315.0,213.0,213.0,213.0,,,,mm,1.0,1.0,1.0,,,,,,,,,,,,46 48,48.0,46.0,,,,,,,,,,,280-292,292.0,280.0,155.0,155.0,155.0,mm,,
_measure_8,manuscript_12032,,,"Cambridge, Trinity College, MS O.10.33",part,,,,,,,,,,,,,,,,,,,,,,315.0,315.0,315.0,213.0,213.0,213.0,,,,mm,1.0,1.0,1.0,,,,,,,,,,,,61 64,64.0,61.0,,,,,,,,,,,291-298,298.0,291.0,160.0,160.0,160.0,mm,,
_measure_9,manuscript_12032,,,"Cambridge, Trinity College, MS O.10.33",part,,,,,,,,,,,,,,,,,,,,,,313.0,313.0,313.0,207.0,207.0,207.0,,,,mm,1.0,1.0,1.0,,,,,,,,,,,,49 51,51.0,49.0,,,,,,,,,,,285.0,285.0,285.0,160.0,160.0,160.0,mm,,
_measure_10,manuscript_12032,,,"Cambridge, Trinity College, MS O.10.33",part,,,,,,,,,,,,,,,,,,,,,,304.0,304.0,304.0,203.0,203.0,203.0,,,,mm,1.0,1.0,1.0,,,,,,,,,,,,60.0,60.0,60.0,,,,,,,,,,,287.0,287.0,287.0,160.0,160.0,160.0,mm,,
_measure_11,manuscript_12032,,,"Cambridge, Trinity College, MS O.10.33",part,,,,,,,,,,,,,,,,,,,,,,298.0,298.0,298.0,185.0,185.0,185.0,,,,mm,1.0,1.0,1.0,,,,,,,,,,,,34 38,38.0,34.0,,,,,,,,,,,230.0,230.0,230.0,130.0,130.0,130.0,mm,,
_measure_12,manuscript_12032,,,"Cambridge, Trinity College, MS O.10.33",part,,,,,,,,,,,,,,,,,,,,,,298.0,298.0,298.0,185.0,185.0,185.0,,,,mm,1.0,1.0,1.0,,,,,,,,,,,,58.0,58.0,58.0,,,,,,,,,,,263.0,263.0,263.0,150.0,150.0,150.0,mm,,
_measure_13,manuscript_12032,,,"Cambridge, Trinity College, MS O.10.33",part,,,,,,,,,,,,,,,,,,,,,,296-305,305.0,296.0,197.0,197.0,197.0,,,,mm,1.0,1.0,1.0,,,,,,,,,,,,22 24,24.0,22.0,,,,,,,,,,,214-265,265.0,214.0,155-170,170.0,155.0,mm,,
_measure_14,manuscript_12032,,,"Cambridge, Trinity College, MS O.10.33",part,,,,,,,,,,,,,,,,,,,,,,310.0,310.0,310.0,206.0,206.0,206.0,,,,mm,1.0,1.0,1.0,,,,,,,,,,,,22 23,23.0,22.0,,,,,,,,,,,223-240,240.0,223.0,150.0,150.0,150.0,mm,,
_measure_15,manuscript_12032,,,"Cambridge, Trinity College, MS O.10.33",part,,,,,,,,,,,,,,,,,,,,,,308.0,308.0,308.0,207.0,207.0,207.0,,,,mm,1.0,1.0,1.0,,,,,,,,,,,,45 52,52.0,45.0,,,,,,,,,,,262-287,287.0,262.0,155.0,155.0,155.0,mm,,
_measure_1,manuscript_12033,,,"Cambridge, Trinity College, MS R.1.42",manuscript,,MS-TRINITY-R-00001-00042,,,,,,,,,,,,,,,,,,,,207.0,207.0,207.0,143.0,143.0,143.0,,,,mm,1.0,1.0,1.0,,,,,,,,,,,,11.0,11.0,11.0,,,,,,,,,,,135.0,135.0,135.0,95.0,95.0,95.0,mm,,
_measure_2,manuscript_12033,,,"Cambridge, Trinity College, MS R.1.42",manuscript,,MS-TRINITY-R-00001-00042,,,,,,,,,,,,,,,,,,,,207.0,207.0,207.0,143.0,143.0,143.0,,,,mm,1.0,1.0,1.0,,,,,,,,,,,,21 23,23.0,21.0,,,,,,,,,,,140.0,140.0,140.0,80.0,80.0,80.0,mm,,
_measure_1,manuscript_1,,,"Cambridge, Trinity College, MS R.3.20",manuscript,,MS-TRINITY-COLLEGE-R-00003-00020,iii + 5 + 187 + 5 + i leaves. 285 210,187.0,,4.0,,,,,,,,,,,,,,,,285.0,285.0,285.0,210.0,210.0,210.0,,,,mm,1.0,1.0,1.0,,,,,,,,,,,,30 35,35.0,30.0,180-200,200.0,180.0,110-120,120.0,110.0,mm,,,,,,,,,,,leadpoint,above
_measure_2,manuscript_1,,,"Cambridge, Trinity College, MS R.3.20",manuscript,,MS-TRINITY-COLLEGE-R-00003-00020,,,,,,,,,,,,,,,,,,,,,,,,,,,,,,,,,,,,,,,,,,,,,,,,,,,,,,,,,,,,,,,,,
_measure_3,manuscript_1,,,"Cambridge, Trinity College, MS R.3.20",manuscript,,MS-TRINITY-COLLEGE-R-00003-00020,,,,,,,,,,,,,,,,,,,,,,,,,,,,,,,,,,,,,,,,,,,,,,,,,,,,,,,,,,,,,,,,,
_measure_4,manuscript_1,,,"Cambridge, Trinity College, MS R.3.20",manuscript,,MS-TRINITY-COLLEGE-R-00003-00020,,,,,,,,,,,,,,,,,,,,,,,,,,,,,,,,,,,,,,,,,,,,,,,,,,,,,,,,,,,,,,,,,
_measure_5,manuscript_1,,,"Cambridge, Trinity College, MS R.3.20",manuscript,,MS-TRINITY-COLLEGE-R-00003-00020,,,,,,,,,,,,,,,,,,,,,,,,,,,,,,,,,,,,,,,,,,,,,,,,,,,,,,,,,,,,,,,,,
_measure_6,manuscript_1,,,"Cambridge, Trinity College, MS R.3.20",manuscript,,MS-TRINITY-COLLEGE-R-00003-00020,,,,,,,,,,,,,,,,,,,,,,,,,,,,,,,,,,,,,,,,,,,,,,,,,,,,,,,,,,,,,,,,,
_measure_7,manuscript_1,,,"Cambridge, Trinity College, MS R.3.20",manuscript,,MS-TRINITY-COLLEGE-R-00003-00020,,,,,,,,,,,,,,,,,,,,,,,,,,,,,,,,,,,,,,,,,,,,,,,,,,,,,,,,,,,,,,,,,
_measure_8,manuscript_1,,,"Cambridge, Trinity College, MS R.3.20",manuscript,,MS-TRINITY-COLLEGE-R-00003-00020,,,,,,,,,,,,,,,,,,,,,,,,,,,,,,,,,,,,,,,,,,,,,,,,,,,,,,,,,,,,,,,,,
_measure_9,manuscript_1,,,"Cambridge, Trinity College, MS R.3.20",manuscript,,MS-TRINITY-COLLEGE-R-00003-00020,,,,,,,,,,,,,,,,,,,,,,,,,,,,,,,,,,,,,,,,,,,,,,,,,,,,,,,,,,,,,,,,,
_measure_10,manuscript_1,,,"Cambridge, Trinity College, MS R.3.20",manuscript,,MS-TRINITY-COLLEGE-R-00003-00020,,,,,,,,,,,,,,,,,,,,,,,,,,,,,,,,,,,,,,,,,,,,,,,,,,,,,,,,,,,,,,,,,
_measure_11,manuscript_1,,,"Cambridge, Trinity College, MS R.3.20",manuscript,,MS-TRINITY-COLLEGE-R-00003-00020,,,,,,,,,,,,,,,,,,,,,,,,,,,,,,,,,,,,,,,,,,,,,,,,,,,,,,,,,,,,,,,,,
_measure_1,manuscript_12034,,,"Cambridge, Trinity College, MS R.3.31",manuscript-composite,,MS-TRINITY-R-00003-00031,Codex ii + 98 + ii 210 140,98.0,4.0,,,,,,,,,,,,,,,,,210.0,210.0,210.0,140.0,140.0,140.0,,,,mm,,,,,,,,,,,,,,,,,,,,,,,,,,,,,,,,,,,,
_measure_2,manuscript_12034,,,"Cambridge, Trinity College, MS R.3.31",manuscript-composite,,MS-TRINITY-R-00003-00031,,,,,,,,,,,,,,,,,,,,,,,,,,,,,,,,,,,,,,,,,,,,,,,,,,,,,,,,,,,,,,,,,
_measure_3,manuscript_12034,,,"Cambridge, Trinity College, MS R.3.31",part,,,,,,,,,,,,,,,,,,,,,,,,,,,,,,,,1.0,1.0,1.0,,,,,,,,,,,,20 21,21.0,20.0,158.0,158.0,158.0,76.0,76.0,76.0,mm,,,,,,,,,,,,
_measure_4,manuscript_12034,,,"Cambridge, Trinity College, MS R.3.31",part,,,,,,,,,,,,,,,,,,,,,,,,,,,,,,,,1.0,1.0,1.0,,,,,,,,,,,,19 22,22.0,19.0,160.0,160.0,160.0,75.0,75.0,75.0,mm,,,,,,,,,,,,
_measure_5,manuscript_12034,,,"Cambridge, Trinity College, MS R.3.31",part,,,,,,,,,,,,,,,,,,,,,,,,,,,,,,,,1.0,1.0,1.0,,,,,,,,,,,,22.0,22.0,22.0,170.0,170.0,170.0,85.0,85.0,85.0,mm,,,,,,,,,,,,
_measure_6,manuscript_12034,,,"Cambridge, Trinity College, MS R.3.31",part,,,,,,,,,,,,,,,,,,,,,,,,,,,,,,,,1.0,1.0,1.0,,,,,,,,,,,,22.0,22.0,22.0,175.0,175.0,175.0,105.0,105.0,105.0,mm,,,,,,,,,,,,
_measure_7,manuscript_12034,,,"Cambridge, Trinity College, MS R.3.31",part,,,,,,,,,,,,,,,,,,,,,,,,,,,,,,,,1.0,1.0,1.0,,,,,,,,,,,,25.0,25.0,25.0,175.0,175.0,175.0,90.0,90.0,90.0,mm,,,,,,,,,,,,
_measure_8,manuscript_12034,,,"Cambridge, Trinity College, MS R.3.31",part,,,,,,,,,,,,,,,,,,,,,,,,,,,,,,,,1.0,1.0,1.0,,,,,,,,,,,,26.0,26.0,26.0,165.0,165.0,165.0,80.0,80.0,80.0,mm,,,,,,,,,,,,
_measure_1,manuscript_12037,,,"Cambridge, Trinity College, MS R.9.9",manuscript,,MS-TRINITY-R-00009-00009,,,,,,,,,,,,,,,,,,,,280.0,280.0,280.0,195.0,195.0,195.0,,,,mm,1.0,1.0,1.0,,,,,,,,,,,,28.0,28.0,28.0,200.0,200.0,200.0,125.0,125.0,125.0,mm,,,,,,,,,,,,
_measure_1,manuscript_12038,,,"Cambridge, Trinity College, MS R.9.12",manuscript,,MS-TRINITY-R-00009-00012,Codex ii + 37 + ii 245 103,37.0,,4.0,,,,,,,,,,,,,,,,245.0,245.0,245.0,103.0,103.0,103.0,,,,mm,1.0,1.0,1.0,,,,,,,,,,,,38.0,38.0,38.0,185.0,185.0,185.0,70.0,70.0,70.0,mm,,,,,,,,,,,dry-point,
_measure_1,manuscript_12039,,,"Cambridge, Trinity College, MS R.9.15",manuscript,,MS-TRINITY-R-00009-00015,Codex i + 181 + i 222 145,181.0,,2.0,,,,,,,,,,,,,,,,222.0,222.0,222.0,145.0,145.0,145.0,,,,mm,1.0,1.0,1.0,,,,,,,,,,,,27.0,27.0,27.0,155.0,155.0,155.0,93.0,93.0,93.0,mm,,,,,,,,,,,,
_measure_1,manuscript_12040,,,"Cambridge, Trinity College, MS R.9.18",manuscript,,MS-TRINITY-R-00009-00018,,,,,,,,,,,,,,,,,,,,197.0,197.0,197.0,156.0,156.0,156.0,,,,mm,1.0,1.0,1.0,,,,,,,,,,,,24 25,25.0,24.0,156.0,156.0,156.0,100.0,100.0,100.0,mm,,,,,,,,,,,,
_measure_2,manuscript_12040,,,"Cambridge, Trinity College, MS R.9.18",manuscript,,MS-TRINITY-R-00009-00018,,,,,,,,,,,,,,,,,,,,197.0,197.0,197.0,156.0,156.0,156.0,,,,mm,1.0,1.0,1.0,,,,,,,,,,,,20 27,27.0,20.0,146-155,155.0,146.0,90.0,90.0,90.0,mm,,,,,,,,,,,,
_measure_3,manuscript_12040,,,"Cambridge, Trinity College, MS R.9.18",manuscript,,MS-TRINITY-R-00009-00018,,,,,,,,,,,,,,,,,,,,197.0,197.0,197.0,156.0,156.0,156.0,,,,mm,1.0,1.0,1.0,,,,,,,,,,,,32.0,32.0,32.0,175.0,175.0,175.0,130.0,130.0,130.0,mm,,,,,,,,,,,,
_measure_4,manuscript_12040,,,"Cambridge, Trinity College, MS R.9.18",manuscript,,MS-TRINITY-R-00009-00018,,,,,,,,,,,,,,,,,,,,197.0,197.0,197.0,156.0,156.0,156.0,,,,mm,1.0,1.0,1.0,,,,,,,,,,,,31 32,32.0,31.0,160-165,165.0,160.0,103.0,103.0,103.0,mm,,,,,,,,,,,,
_measure_5,manuscript_12040,,,"Cambridge, Trinity College, MS R.9.18",manuscript,,MS-TRINITY-R-00009-00018,,,,,,,,,,,,,,,,,,,,,,,,,,,,,,,,,,,,,,,,,,,,,,,,,,,,,,,,,,,,,,,,,
_measure_6,manuscript_12040,,,"Cambridge, Trinity College, MS R.9.18",manuscript,,MS-TRINITY-R-00009-00018,,,,,,,,,,,,,,,,,,,,,,,,,,,,,,,,,,,,,,,,,,,,,,,,,,,,,,,,,,,,,,,,,
_measure_1,manuscript_12042,,,"Cambridge, Trinity College, MS R.9.22",manuscript,,MS-TRINITY-R-00009-00022,,,,,,,,,,,,,,,,,,,,211.0,211.0,211.0,145.0,145.0,145.0,,,,mm,1.0,1.0,1.0,,,,,,,,,,,,23.0,23.0,23.0,150.0,150.0,150.0,90.0,90.0,90.0,mm,,,,,,,,,,,,
_measure_1,manuscript_12043,,,"Cambridge, Trinity College, MS R.9.26",manuscript,,MS-TRINITY-R-00009-00026,Codex ii + 4 + 63 + ii 204 135,63.0,6.0,2.0,,,,,,,,,,,,,,,,204.0,204.0,204.0,135.0,135.0,135.0,,,,mm,1.0,1.0,1.0,,,,,,,,,,,,15.0,15.0,15.0,130-140,140.0,130.0,80.0,80.0,80.0,mm,,,,,,,,,,,,
_measure_2,manuscript_12043,,,"Cambridge, Trinity College, MS R.9.26",manuscript,,MS-TRINITY-R-00009-00026,,,,,,,,,,,,,,,,,,,,,,,,,,,,,,,,,,,,,,,,,,,,,,,,,,,,,,,,,,,,,,,,,
_measure_3,manuscript_12043,,,"Cambridge, Trinity College, MS R.9.26",manuscript,,MS-TRINITY-R-00009-00026,,,,,,,,,,,,,,,,,,,,,,,,,,,,,,,,,,,,,,,,,,,,,,,,,,,,,,,,,,,,,,,,,
_measure_1,manuscript_12044,,,"Cambridge, Trinity College, MS R.9.29",manuscript,,MS-TRINITY-R-00009-00029,Codex 2 + 109 + 1 155 100,109.0,3.0,,,,,,,,,,,,,,,,,155.0,155.0,155.0,100.0,100.0,100.0,,,,mm,1.0,1.0,1.0,,,,,,,,,,,,33.0,33.0,33.0,127.0,127.0,127.0,67.0,67.0,67.0,mm,,,,,,,,,,,,
_measure_2,manuscript_12044,,,"Cambridge, Trinity College, MS R.9.29",manuscript,,MS-TRINITY-R-00009-00029,Codex 2 + 109 + 1 155 100,109.0,3.0,,,,,,,,,,,,,,,,,155.0,155.0,155.0,100.0,100.0,100.0,,,,mm,1.0,1.0,1.0,,,,,,,,,,,,26.0,26.0,26.0,132.0,132.0,132.0,77.0,77.0,77.0,mm,,,,,,,,,,,,
_measure_3,manuscript_12044,,,"Cambridge, Trinity College, MS R.9.29",manuscript,,MS-TRINITY-R-00009-00029,,,,,,,,,,,,,,,,,,,,,,,,,,,,,,,,,,,,,,,,,,,,,,,,,,,,,,,,,,,,,,,,,
_measure_1,manuscript_1,,,"Cambridge, Trinity College, MS R.14.29",manuscript-composite,,MS-TRINITY-COLLEGE-R-00014-00029,Codex: ii + 121 | 6 | 13 | 59 | 13 + ii leaves. 190-195 140 Part 1: 195 x 140mm. Part 2: 190 x 140mm. Part 3: 195 x 140mm. Part 4: 195 x 140mm. Part 5: 195 x 140mm.,212.0,,4.0,,,,,,,,,,,,,,,,190-195,195.0,190.0,140.0,140.0,140.0,,,,mm,,,,,,,,,,,,,,,,,,,,,,,,,,,,,,,,,,,,
_measure_2,manuscript_1,,,"Cambridge, Trinity College, MS R.14.29",manuscript-composite,,MS-TRINITY-COLLEGE-R-00014-00029,,,,,,,,,,,,,,,,,,,,,,,,,,,,,,,,,,,,,,,,,,,,,,,,,,,,,,,,,,,,,,,,,
_measure_3,manuscript_1,,,"Cambridge, Trinity College, MS R.14.29",part,,,Codex: 121 leaves.,121.0,,,,,,,,,,,,,,,,,,,,,,,,,,,,3.0,3.0,3.0,,,,,,,,,,,,21.0,21.0,21.0,180.0,180.0,180.0,125.0,125.0,125.0,mm,,,,,,,,,,,leadpoint,below
_measure_4,manuscript_1,,,"Cambridge, Trinity College, MS R.14.29",part,,,Codex: 6 leaves.,6.0,,,,,,,,,,,,,,,,,,,,,,,,,,,,3.0,3.0,3.0,,,,,,,,,,,,20 25,25.0,20.0,140.0,140.0,140.0,125.0,125.0,125.0,mm,,,,,,,,,,,leadpoint,above
_measure_5,manuscript_1,,,"Cambridge, Trinity College, MS R.14.29",part,,,Codex: 13 leaves.,13.0,,,,,,,,,,,,,,,,,,,,,,,,,,,,2.0,2.0,2.0,,,,,,,,,,,,32 34,34.0,32.0,145.0,145.0,145.0,115.0,115.0,115.0,mm,,,,,,,,,,,leadpoint,below
_measure_6,manuscript_1,,,"Cambridge, Trinity College, MS R.14.29",part,,,Codex: 13 leaves.,13.0,,,,,,,,,,,,,,,,,,,,,,,,,,,,4.0,4.0,4.0,,,,,,,,,,,,34 37,37.0,34.0,155-165,165.0,115.0,90-95,95.0,90.0,mm,,,,,,,,,,,blindpoint,
_measure_7,manuscript_1,,,"Cambridge, Trinity College, MS R.14.29",part,,,Codex: 59 leaves.,59.0,,,,,,,,,,,,,,,,,,,,,,,,,,,,2.0,2.0,2.0,,,,,,,,,,,,34.0,34.0,34.0,135.0,135.0,135.0,100.0,100.0,100.0,mm,,,,,,,,,,,leadpoint,below
_measure_8,manuscript_1,,,"Cambridge, Trinity College, MS R.14.29",part,,,Codex: 13 leaves.,13.0,,,,,,,,,,,,,,,,,,,,,,,,,,,,1.0,1.0,1.0,,,,,,,,,,,,23 28,28.0,23.0,115-145,145.0,115.0,65-110,110.0,65.0,mm,,,,,,,,,,,leadpoint,below
_measure_1,manuscript_1,,,"Cambridge, Trinity College, MS R.14.31",manuscript-composite,,MS-TRINITY-COLLEGE-R-00014-00031,Codex: 1 | ii | 4 + 244 | 4 ii | 1 leaves. 165 115,244.0,10.0,4.0,,,,,,,,,,,,,,,,165.0,165.0,165.0,115.0,115.0,115.0,,,,mm,,,,,,,,,,,,,,,,,,,,,,,,,,,,,,,,,,,,
_measure_2,manuscript_1,,,"Cambridge, Trinity College, MS R.14.31",part,,,Fragment: 1 partial leaf. 160 35-45,,1.0,,,,,,,,,,,,,,,,,160.0,160.0,160.0,35-45,45.0,35.0,,,,mm,,,,,,,,,,,,,,,,,,,,,,,,,,,,,,,,,,,,
_measure_3,manuscript_1,,,"Cambridge, Trinity College, MS R.14.31",part,,,Codex: 4 + 244 leaves.,248.0,4.0,,,,,,,,,,,,,,,,,,,,,,,,,,,1.0,1.0,1.0,,,,,,,,,,,,22.0,22.0,22.0,110.0,110.0,110.0,75.0,75.0,75.0,mm,,,,,,,,,,,leadpoint,above
_measure_4,manuscript_1,,,"Cambridge, Trinity College, MS R.14.31",part,,,Codex: 4 leaves.,,4.0,,,,,,,,,,,,,,,,,,,,,,,,,,,2.0,2.0,2.0,,,,,,,,,,,,32.0,32.0,32.0,155.0,155.0,155.0,95.0,95.0,95.0,mm,,,,,,,,,,,,
_measure_5,manuscript_1,,,"Cambridge, Trinity College, MS R.14.31",part,,,Fragment: 1 partial leaf. 160 40-50,,1.0,,,,,,,,,,,,,,,,,160.0,160.0,160.0,40-50,50.0,40.0,,,,mm,,,,,,,,,,,,,,,,,,,,,,,,,,,,,,,,,,,,
_measure_1,manuscript_1,,,"Cambridge, Trinity College, MS R.14.32",manuscript-composite,,MS-TRINITY-COLLEGE-R-00014-00032,Codex: i + 67 | 107 + i leaves. 180-185 130-135,174.0,,2.0,,,,,,,,,,,,,,,,180-185,185.0,180.0,130-135,135.0,130.0,,,,mm,,,,,,,,,,,,,,,,,,,,,,,,,,,,,,,,,,,,
_measure_2,manuscript_1,,,"Cambridge, Trinity College, MS R.14.32",manuscript-composite,,MS-TRINITY-COLLEGE-R-00014-00032,,,,,,,,,,,,,,,,,,,,,,,,,,,,,,,,,,,,,,,,,,,,,,,,,,,,,,,,,,,,,,,,,
_measure_3,manuscript_1,,,"Cambridge, Trinity College, MS R.14.32",part,,,Codex: 151 leaves.,151.0,,,,,,,,,,,,,,,,,,,,,,,,,,,,1.0,1.0,1.0,,,,,,,,,,,,26.0,26.0,26.0,130-135,135.0,130.0,100.0,100.0,100.0,mm,,,,,,,,,,,leadpoint,above
_measure_4,manuscript_1,,,"Cambridge, Trinity College, MS R.14.32",part,,,Codex: 151 leaves.,151.0,,,,,,,,,,,,,,,,,,,,,,,,,,,,1.0,1.0,1.0,,,,,,,,,,,,27.0,27.0,27.0,140-145,145.0,140.0,90.0,90.0,90.0,mm,,,,,,,,,,,blindpoint,above
_measure_5,manuscript_1,,,"Cambridge, Trinity College, MS R.14.32",part,,,Codex: 23 leaves.,23.0,,,,,,,,,,,,,,,,,,,,,,,,,,,,1.0,1.0,1.0,,,,,,,,,,,,35 41,41.0,35.0,160-170,170.0,160.0,95-100,100.0,95.0,mm,,,,,,,,,,,blindpoint,
_measure_1,manuscript_1,,,"Cambridge, Trinity College, MS R.14.39",manuscript-composite,,MS-TRINITY-COLLEGE-R-00014-00039,"Codex: ii + 1, 124 | 73 | 140 | 49 + ii leaves. 205 145-150 Part 1: 205 x 145 mm. Part 2: 205 x 150 mm. Part 3: 205 x 145 mm. Part 4: 205 x 145 mm.",387.0,1.0,4.0,,,,,,,,,,,,,,,,205.0,205.0,205.0,145-150,150.0,145.0,,,,mm,,,,,,,,,,,,,,,,,,,,,,,,,,,,,,,,,,,,
_measure_2,manuscript_1,,,"Cambridge, Trinity College, MS R.14.39",manuscript-composite,,MS-TRINITY-COLLEGE-R-00014-00039,,,,,,,,,,,,,,,,,,,,,,,,,,,,,,,,,,,,,,,,,,,,,,,,,,,,,,,,,,,,,,,,,
_measure_3,manuscript_1,,,"Cambridge, Trinity College, MS R.14.39",part,,,"Codex: 1, 124 leaves.",124.0,1.0,,,,,,,,,,,,,,,,,,,,,,,,,,,1.0,1.0,1.0,,,,,,,,,,,,20 30,30.0,20.0,175-190,190.0,175.0,105-115,115.0,105.0,mm,,,,,,,,,,,,
_measure_4,manuscript_1,,,"Cambridge, Trinity College, MS R.14.39",part,,,Codex: 73 leaves.,73.0,,,,,,,,,,,,,,,,,,,,,,,,,,,,1.0,1.0,1.0,,,,,,,,,,,,24 30,30.0,24.0,160-175,175.0,160.0,110-120,120.0,110.0,mm,,,,,,,,,,,ink,above
_measure_5,manuscript_1,,,"Cambridge, Trinity College, MS R.14.39",part,,,Codex: 140 leaves.,140.0,,,,,,,,,,,,,,,,,,,,,,,,,,,,1.0,1.0,1.0,,,,,,,,,,,,41 43,43.0,41.0,170-175,175.0,170.0,115-130,130.0,115.0,mm,,,,,,,,,,,ink,below
_measure_6,manuscript_1,,,"Cambridge, Trinity College, MS R.14.39",part,,,Codex: 49 leaves.,49.0,,,,,,,,,,,,,,,,,,,,,,,,,,,,1.0,1.0,1.0,,,,,,,,,,,,23 35,35.0,23.0,160-180,180.0,160.0,120-130,130.0,120.0,mm,,,,,,,,,,,ink,
_measure_1,manuscript_1,,,"Cambridge, Trinity College, MS R.14.41",manuscript-composite,,MS-TRINITY-COLLEGE-R-00014-00041,Codex: ii + 18 | 37 | 24 | 16 | 12 | 66 | 4 | 30 | 12 + ii leaves. 195 140-145,219.0,,4.0,,,,,,,,,,,,,,,,195.0,195.0,195.0,140-145,145.0,140.0,,,,mm,,,,,,,,,,,,,,,,,,,,,,,,,,,,,,,,,,,,
_measure_2,manuscript_1,,,"Cambridge, Trinity College, MS R.14.41",manuscript-composite,,MS-TRINITY-COLLEGE-R-00014-00041,,,,,,,,,,,,,,,,,,,,,,,,,,,,,,,,,,,,,,,,,,,,,,,,,,,,,,,,,,,,,,,,,
_measure_3,manuscript_1,,,"Cambridge, Trinity College, MS R.14.41",part,,,Codex: 48 leaves.,48.0,,,,,,,,,,,,,,,,,,,,,,,,,,,,1.0,1.0,1.0,,,,,,,,,,,,25 35,35.0,25.0,150-165,165.0,150.0,95-100,100.0,95.0,mm,,,,,,,,,,,leadpoint,
_measure_4,manuscript_1,,,"Cambridge, Trinity College, MS R.14.41",part,,,Codex: 37 leaves.,37.0,,,,,,,,,,,,,,,,,,,,,,,,,,,,1.0,1.0,1.0,,,,,,,,,,,,29 31,31.0,29.0,155.0,155.0,155.0,100.0,100.0,100.0,mm,,,,,,,,,,,leadpoint,below
_measure_5,manuscript_1,,,"Cambridge, Trinity College, MS R.14.41",part,,,Codex: 24 leaves.,24.0,,,,,,,,,,,,,,,,,,,,,,,,,,,,1.0,1.0,1.0,,,,,,,,,,,,28 30,30.0,28.0,150.0,150.0,150.0,100.0,100.0,100.0,mm,,,,,,,,,,,leadpoint,below
_measure_6,manuscript_1,,,"Cambridge, Trinity College, MS R.14.41",part,,,Codex: 12 leaves.,12.0,,,,,,,,,,,,,,,,,,,,,,,,,,,,1.0,1.0,1.0,,,,,,,,,,,,17 32,32.0,17.0,150.0,150.0,150.0,100.0,100.0,100.0,mm,,,,,,,,,,,leadpoint,below
_measure_7,manuscript_1,,,"Cambridge, Trinity College, MS R.14.41",part,,,Codex: 66 leaves.,66.0,,,,,,,,,,,,,,,,,,,,,,,,,,,,1.0,1.0,1.0,,,,,,,,,,,,22 30,30.0,22.0,140.0,140.0,140.0,90.0,90.0,90.0,mm,,,,,,,,,,,ink,below
_measure_8,manuscript_1,,,"Cambridge, Trinity College, MS R.14.41",part,,,Codex: 30 leaves.,30.0,,,,,,,,,,,,,,,,,,,,,,,,,,,,1.0,1.0,1.0,,,,,,,,,,,,24 27,27.0,24.0,150.0,150.0,150.0,110.0,110.0,110.0,mm,,,,,,,,,,,blindpoint,
_measure_1,manuscript_1,,,"Cambridge, Trinity College, MS R.14.44",manuscript-composite,,MS-TRINITY-COLLEGE-R-00014-00044,Codex: iv + 57 | 7 | 32 | 18 + iv leaves. 210-220 140-145,114.0,,,,,,,,,,,,,,,,,,210-220,220.0,210.0,140-145,145.0,140.0,,,,mm,,,,,,,,,,,,,,,,,,,,,,,,,,,,,,,,,,,,
_measure_2,manuscript_1,,,"Cambridge, Trinity College, MS R.14.44",manuscript-composite,,MS-TRINITY-COLLEGE-R-00014-00044,,,,,,,,,,,,,,,,,,,,,,,,,,,,,,,,,,,,,,,,,,,,,,,,,,,,,,,,,,,,,,,,,
_measure_3,manuscript_1,,,"Cambridge, Trinity College, MS R.14.44",manuscript-composite,,MS-TRINITY-COLLEGE-R-00014-00044,,,,,,,,,,,,,,,,,,,,,,,,,,,,,,,,,,,,,,,,,,,,,,,,,,,,,,,,,,,,,,,,,
_measure_4,manuscript_1,,,"Cambridge, Trinity College, MS R.14.44",part,,,Codex: 57 leaves. 215 140,57.0,,,,,,,,,,,,,,,,,,215.0,215.0,215.0,140.0,140.0,140.0,,,,mm,1.0,NaN,NaN,,,,,,,,,,,,25 27,27.0,25.0,160.0,160.0,160.0,95.0,95.0,95.0,mm,,,,,,,,,,,leadpoint,above
_measure_5,manuscript_1,,,"Cambridge, Trinity College, MS R.14.44",part,,,Codex: 7 leaves. 210 140,7.0,,,,,,,,,,,,,,,,,,210.0,210.0,210.0,140.0,140.0,140.0,,,,mm,1.0,1.0,1.0,,,,,,,,,,,,31.0,31.0,31.0,160.0,160.0,160.0,95.0,95.0,95.0,mm,,,,,,,,,,,leadpoint,below
_measure_6,manuscript_1,,,"Cambridge, Trinity College, MS R.14.44",part,,,Codex: 32 leaves. 220 145,32.0,,,,,,,,,,,,,,,,,,220.0,220.0,220.0,145.0,145.0,145.0,,,,mm,1.0,1.0,1.0,,,,,,,,,,,,24 38,38.0,24.0,160-180,180.0,160.0,100-125,125.0,100.0,mm,,,,,,,,,,,,
_measure_7,manuscript_1,,,"Cambridge, Trinity College, MS R.14.44",part,,,Codex: 18 leaves. 215 145,18.0,,,,,,,,,,,,,,,,,,215.0,215.0,215.0,145.0,145.0,145.0,,,,mm,1.0,1.0,1.0,,,,,,,,,,,,24 28,28.0,24.0,160-170,170.0,160.0,105-120,120.0,105.0,mm,,,,,,,,,,,ink,below
_measure_1,manuscript_1,,,"Cambridge, Trinity College, MS R.14.51",manuscript,,MS-TRINITY-COLLEGE-R-00014-00051,Codex: ii + 3 + 2 + 93 + 1 + ii leaves. 255 170,96.0,3.0,4.0,,,,,,,,,,,,,,,,255.0,255.0,255.0,170.0,170.0,170.0,,,,mm,1.0,1.0,1.0,,,,,,,,,,,,28.0,28.0,28.0,165.0,165.0,165.0,105.0,105.0,105.0,mm,,,,,,,,,,,leadpoint,below
_measure_2,manuscript_1,,,"Cambridge, Trinity College, MS R.14.51",manuscript,,MS-TRINITY-COLLEGE-R-00014-00051,Codex: ii + 3 + 2 + 93 + 1 + ii leaves. 255 170,96.0,3.0,4.0,,,,,,,,,,,,,,,,255.0,255.0,255.0,170.0,170.0,170.0,,,,mm,1.0,1.0,1.0,,,,,,,,,,,,28 30,30.0,28.0,180.0,180.0,180.0,110.0,110.0,110.0,mm,,,,,,,,,,,ink,below
_measure_3,manuscript_1,,,"Cambridge, Trinity College, MS R.14.51",manuscript,,MS-TRINITY-COLLEGE-R-00014-00051,,,,,,,,,,,,,,,,,,,,,,,,,,,,,,,,,,,,,,,,,,,,,,,,,,,,,,,,,,,,,,,,,
_measure_4,manuscript_1,,,"Cambridge, Trinity College, MS R.14.51",manuscript,,MS-TRINITY-COLLEGE-R-00014-00051,,,,,,,,,,,,,,,,,,,,,,,,,,,,,,,,,,,,,,,,,,,,,,,,,,,,,,,,,,,,,,,,,
_measure_5,manuscript_1,,,"Cambridge, Trinity College, MS R.14.51",manuscript,,MS-TRINITY-COLLEGE-R-00014-00051,,,,,,,,,,,,,,,,,,,,,,,,,,,,,,,,,,,,,,,,,,,,,,,,,,,,,,,,,,,,,,,,,
_measure_1,manuscript_1,,,"Cambridge, Trinity College, MS R.14.52",manuscript,,MS-TRINITY-COLLEGE-R-00014-00052,Codex: iv + 1 + 281 + 1 + v leaves. 280 210,281.0,,9.0,,,,,,,,,,,,,,,,280.0,280.0,280.0,210.0,210.0,210.0,,,,mm,1 2,2.0,1.0,,,,,,,,,,,,35 40,40.0,35.0,180-190,190.0,180.0,120-130,130.0,120.0,mm,,,,,,,,,,,ink,below
_measure_2,manuscript_1,,,"Cambridge, Trinity College, MS R.14.52",manuscript,,MS-TRINITY-COLLEGE-R-00014-00052,,,,,,,,,,,,,,,,,,,,,,,,,,,,,,,,,,,,,,,,,,,,,,,,,,,,,,,,,,,,,,,,,
_measure_3,manuscript_1,,,"Cambridge, Trinity College, MS R.14.52",manuscript,,MS-TRINITY-COLLEGE-R-00014-00052,,,,,,,,,,,,,,,,,,,,,,,,,,,,,,,,,,,,,,,,,,,,,,,,,,,,,,,,,,,,,,,,,
_measure_4,manuscript_1,,,"Cambridge, Trinity College, MS R.14.52",manuscript,,MS-TRINITY-COLLEGE-R-00014-00052,,,,,,,,,,,,,,,,,,,,,,,,,,,,,,,,,,,,,,,,,,,,,,,,,,,,,,,,,,,,,,,,,
_measure_5,manuscript_1,,,"Cambridge, Trinity College, MS R.14.52",manuscript,,MS-TRINITY-COLLEGE-R-00014-00052,,,,,,,,,,,,,,,,,,,,,,,,,,,,,,,,,,,,,,,,,,,,,,,,,,,,,,,,,,,,,,,,,
_measure_6,manuscript_1,,,"Cambridge, Trinity College, MS R.14.52",manuscript,,MS-TRINITY-COLLEGE-R-00014-00052,,,,,,,,,,,,,,,,,,,,,,,,,,,,,,,,,,,,,,,,,,,,,,,,,,,,,,,,,,,,,,,,,
_measure_7,manuscript_1,,,"Cambridge, Trinity College, MS R.14.52",manuscript,,MS-TRINITY-COLLEGE-R-00014-00052,,,,,,,,,,,,,,,,,,,,,,,,,,,,,,,,,,,,,,,,,,,,,,,,,,,,,,,,,,,,,,,,,
_measure_8,manuscript_1,,,"Cambridge, Trinity College, MS R.14.52",manuscript,,MS-TRINITY-COLLEGE-R-00014-00052,,,,,,,,,,,,,,,,,,,,,,,,,,,,,,,,,,,,,,,,,,,,,,,,,,,,,,,,,,,,,,,,,
_measure_9,manuscript_1,,,"Cambridge, Trinity College, MS R.14.52",manuscript,,MS-TRINITY-COLLEGE-R-00014-00052,,,,,,,,,,,,,,,,,,,,,,,,,,,,,,,,,,,,,,,,,,,,,,,,,,,,,,,,,,,,,,,,,
_measure_10,manuscript_1,,,"Cambridge, Trinity College, MS R.14.52",manuscript,,MS-TRINITY-COLLEGE-R-00014-00052,,,,,,,,,,,,,,,,,,,,,,,,,,,,,,,,,,,,,,,,,,,,,,,,,,,,,,,,,,,,,,,,,
_measure_11,manuscript_1,,,"Cambridge, Trinity College, MS R.14.52",manuscript,,MS-TRINITY-COLLEGE-R-00014-00052,,,,,,,,,,,,,,,,,,,,,,,,,,,,,,,,,,,,,,,,,,,,,,,,,,,,,,,,,,,,,,,,,
_measure_12,manuscript_1,,,"Cambridge, Trinity College, MS R.14.52",manuscript,,MS-TRINITY-COLLEGE-R-00014-00052,,,,,,,,,,,,,,,,,,,,,,,,,,,,,,,,,,,,,,,,,,,,,,,,,,,,,,,,,,,,,,,,,
_measure_13,manuscript_1,,,"Cambridge, Trinity College, MS R.14.52",manuscript,,MS-TRINITY-COLLEGE-R-00014-00052,,,,,,,,,,,,,,,,,,,,,,,,,,,,,,,,,,,,,,,,,,,,,,,,,,,,,,,,,,,,,,,,,
_measure_14,manuscript_1,,,"Cambridge, Trinity College, MS R.14.52",manuscript,,MS-TRINITY-COLLEGE-R-00014-00052,,,,,,,,,,,,,,,,,,,,,,,,,,,,,,,,,,,,,,,,,,,,,,,,,,,,,,,,,,,,,,,,,
_measure_15,manuscript_1,,,"Cambridge, Trinity College, MS R.14.52",manuscript,,MS-TRINITY-COLLEGE-R-00014-00052,,,,,,,,,,,,,,,,,,,,,,,,,,,,,,,,,,,,,,,,,,,,,,,,,,,,,,,,,,,,,,,,,
_measure_16,manuscript_1,,,"Cambridge, Trinity College, MS R.14.52",manuscript,,MS-TRINITY-COLLEGE-R-00014-00052,,,,,,,,,,,,,,,,,,,,,,,,,,,,,,,,,,,,,,,,,,,,,,,,,,,,,,,,,,,,,,,,,
_measure_17,manuscript_1,,,"Cambridge, Trinity College, MS R.14.52",manuscript,,MS-TRINITY-COLLEGE-R-00014-00052,,,,,,,,,,,,,,,,,,,,,,,,,,,,,,,,,,,,,,,,,,,,,,,,,,,,,,,,,,,,,,,,,
_measure_18,manuscript_1,,,"Cambridge, Trinity College, MS R.14.52",manuscript,,MS-TRINITY-COLLEGE-R-00014-00052,,,,,,,,,,,,,,,,,,,,,,,,,,,,,,,,,,,,,,,,,,,,,,,,,,,,,,,,,,,,,,,,,
_measure_19,manuscript_1,,,"Cambridge, Trinity College, MS R.14.52",manuscript,,MS-TRINITY-COLLEGE-R-00014-00052,,,,,,,,,,,,,,,,,,,,,,,,,,,,,,,,,,,,,,,,,,,,,,,,,,,,,,,,,,,,,,,,,
_measure_20,manuscript_1,,,"Cambridge, Trinity College, MS R.14.52",manuscript,,MS-TRINITY-COLLEGE-R-00014-00052,,,,,,,,,,,,,,,,,,,,,,,,,,,,,,,,,,,,,,,,,,,,,,,,,,,,,,,,,,,,,,,,,
_measure_1,manuscript_12047,,,"Cambridge, Trinity College, MS R.15.36",manuscript,,MS-TRINITY-R-00015-00036,Codex ii + 139 + ii 220 145,139.0,,4.0,,,,,,,,,,,,,,,,220.0,220.0,220.0,145.0,145.0,145.0,,,,mm,1.0,1.0,1.0,,,,,,,,,,,,29 32,32.0,29.0,180.0,180.0,180.0,110.0,110.0,110.0,mm,,,,,,,,,,,,
_measure_1,manuscript_12048,,,"Cambridge, Trinity College, MS R.16.5",manuscript,,MS-TRINITY-R-00016-00005,Codex ii + 355 + ii 350 240,355.0,,4.0,,,,,,,,,,,,,,,,350.0,350.0,350.0,240.0,240.0,240.0,,,,mm,1.0,1.0,1.0,,,,,,,,,,,,30.0,30.0,30.0,225.0,225.0,225.0,125.0,125.0,125.0,mm,,,,,,,,,,,ink,
_measure_1,manuscript_12049,,,"Cambridge, Trinity College, MS R.16.33",manuscript,,MS-TRINITY-R-00016-00033,,,,,,,,,,,,,,,,,,,,297.0,297.0,297.0,205.0,205.0,205.0,,,,mm,2.0,2.0,2.0,,,,,,,,,,,,40 46,46.0,40.0,240.0,240.0,240.0,160.0,160.0,160.0,mm,,,,,,,,,,,,
_measure_2,manuscript_12049,,,"Cambridge, Trinity College, MS R.16.33",manuscript,,MS-TRINITY-R-00016-00033,,,,,,,,,,,,,,,,,,,,297.0,297.0,297.0,205.0,205.0,205.0,,,,mm,1.0,1.0,1.0,,,,,,,,,,,,46.0,46.0,46.0,242.0,242.0,242.0,170.0,170.0,170.0,mm,,,,,,,,,,,,
_measure_3,manuscript_12049,,,"Cambridge, Trinity College, MS R.16.33",manuscript,,MS-TRINITY-R-00016-00033,,,,,,,,,,,,,,,,,,,,297.0,297.0,297.0,205.0,205.0,205.0,,,,mm,1.0,1.0,1.0,,,,,,,,,,,,50.0,50.0,50.0,275.0,275.0,275.0,185.0,185.0,185.0,mm,,,,,,,,,,,,
_measure_4,manuscript_12049,,,"Cambridge, Trinity College, MS R.16.33",manuscript,,MS-TRINITY-R-00016-00033,,,,,,,,,,,,,,,,,,,,,,,,,,,,,,,,,,,,,,,,,,,,,,,,,,,,,,,,,,,,,,,,,
_measure_1,manuscript_12050,,,"Cambridge, Trinity College, MS R.16.35",manuscript,,MS-TRINITY-R-00016-00035,Codex iii + 672 + ii 310 200,672.0,5.0,,,,,,,,,,,,,,,,,310.0,310.0,310.0,200.0,200.0,200.0,,,,mm,1.0,1.0,1.0,,,,,,,,,,,,30.0,30.0,30.0,210.0,210.0,210.0,120.0,120.0,120.0,mm,,,,,,,,,,,,
_measure_2,manuscript_12050,,,"Cambridge, Trinity College, MS R.16.35",manuscript,,MS-TRINITY-R-00016-00035,Codex iii + 672 + ii 310 200,672.0,5.0,,,,,,,,,,,,,,,,,310.0,310.0,310.0,200.0,200.0,200.0,,,,mm,1.0,1.0,1.0,,,,,,,,,,,,12.0,12.0,12.0,180.0,180.0,180.0,95.0,95.0,95.0,mm,,,,,,,,,,,,
_measure_3,manuscript_12050,,,"Cambridge, Trinity College, MS R.16.35",manuscript,,MS-TRINITY-R-00016-00035,,,,,,,,,,,,,,,,,,,,,,,,,,,,,,,,,,,,,,,,,,,,,,,,,,,,,,,,,,,,,,,,,
_measure_1,manuscript_12051,,,"Cambridge, Trinity College, MS R.16.36",manuscript,,MS-TRINITY-R-00016-00036,Codex i + 54 + i 315-325 200-210,54.0,,2.0,,,,,,,,,,,,,,,,315-325,325.0,315.0,200-210,210.0,200.0,,,,mm,1.0,1.0,1.0,,,,,,,,,,,,24 31,31.0,24.0,253-285,285.0,253.0,135.0,135.0,135.0,mm,,,,,,,,,,,mixed,
_measure_2,manuscript_12051,,,"Cambridge, Trinity College, MS R.16.36",manuscript,,MS-TRINITY-R-00016-00036,Codex i + 54 + i 315-325 200-210,54.0,,2.0,,,,,,,,,,,,,,,,315-325,325.0,315.0,200-210,210.0,200.0,,,,mm,1.0,1.0,1.0,,,,,,,,,,,,5 42,42.0,5.0,39-298,298.0,39.0,135.0,135.0,135.0,mm,,,,,,,,,,,mixed,
_measure_3,manuscript_12051,,,"Cambridge, Trinity College, MS R.16.36",manuscript,,MS-TRINITY-R-00016-00036,,,,,,,,,,,,,,,,,,,,,,,,,,,,,,,,,,,,,,,,,,,,,,,,,,,,,,,,,,,,,,,,,
_measure_1,manuscript_12052,,,"Cambridge, Trinity College, MS R.17.11",manuscript-composite,,MS-TRINITY-R-00017-00011,Codex iv + 13 + ii 235 195,13.0,,6.0,,,,,,,,,,,,,,,,235.0,235.0,235.0,195.0,195.0,195.0,,,,mm,,,,,,,,,,,,,,,,,,,,,,,,,,,,,,,,,,,,
_measure_2,manuscript_12052,,,"Cambridge, Trinity College, MS R.17.11",part,,,,,,,,,,,,,,,,,,,,,,,,,,,,,,,,2.0,2.0,2.0,,,,,,,,,,,,32.0,32.0,32.0,176.0,176.0,176.0,140.0,140.0,140.0,mm,,,,,,,,,,,hardpoint,below
_measure_3,manuscript_12052,,,"Cambridge, Trinity College, MS R.17.11",part,,,,,,,,,,,,,,,,,,,,,,,,,,,,,,,,2.0,2.0,2.0,,,,,,,,,,,,31.0,31.0,31.0,162.0,162.0,162.0,125.0,125.0,125.0,mm,,,,,,,,,,,hardpoint,below
_measure_1,manuscript_1,,,"Cambridge, Trinity College, MS VI.18.2",manuscript,,MS-TRINITY-COLLEGE-VI-00018-00002,Codex: ii + 77 + i leaves. 280 205,77.0,,3.0,,,,,,,,,,,,,,,,280.0,280.0,280.0,205.0,205.0,205.0,,,,mm,1.0,1.0,1.0,,,,,,,,,,,,29.0,29.0,29.0,195.0,195.0,195.0,125.0,125.0,125.0,mm,,,,,,,,,,,ink,below
_measure_2,manuscript_1,,,"Cambridge, Trinity College, MS VI.18.2",manuscript,,MS-TRINITY-COLLEGE-VI-00018-00002,,,,,,,,,,,,,,,,,,,,,,,,,,,,,,,,,,,,,,,,,,,,,,,,,,,,,,,,,,,,,,,,,
_measure_1,manuscript_12054,,,"Cambridge, University Library, MS Add. 679",manuscript-composite,,MS-ADD-00679-00000,,,,,,,,,,,,,,,,,,,,255.0,255.0,255.0,202.0,202.0,202.0,,,,mm,,,,,,,,,,,,,,,,,,,,,,,,,,,,,,,,,,,,
_measure_2,manuscript_12054,,,"Cambridge, University Library, MS Add. 679",part,,,,,,,,,,,,,,,,,,,,,,,,,,,,,,,,2.0,2.0,2.0,,,,,,,,,,,,18 19,19.0,18.0,158-168,168.0,158.0,130.0,130.0,130.0,mm,,,,,,,,,,,hardpoint,below
_measure_3,manuscript_12054,,,"Cambridge, University Library, MS Add. 679",part,,,,,,,,,,,,,,,,,,,,,,,,,,,,,,,,2.0,2.0,2.0,,,,,,,,,,,,18.0,18.0,18.0,158.0,158.0,158.0,130.0,130.0,130.0,mm,,,,,,,,,,,hardpoint,below
_measure_1,manuscript_12055,,,"Cambridge, University Library, MS Add. 720",manuscript-composite,,MS-ADD-00720,Codex 278,278.0,,,,,,,,,,,,,,,,,,,,,,,,,,,,,,,,,,,,,,,,,,,,,,,,,,,,,,,,,,,,,,,
_measure_2,manuscript_12055,,,"Cambridge, University Library, MS Add. 720",manuscript-composite,,MS-ADD-00720,,,,,,,,,,,,,,,,,,,,,,,,,,,,,,,,,,,,,,,,,,,,,,,,,,,,,,,,,,,,,,,,,
_measure_3,manuscript_12055,,,"Cambridge, University Library, MS Add. 720",manuscript-composite,,MS-ADD-00720,,,,,,,,,,,,,,,,,,,,,,,,,,,,,,,,,,,,,,,,,,,,,,,,,,,,,,,,,,,,,,,,,
_measure_4,manuscript_12055,,,"Cambridge, University Library, MS Add. 720",part,,,,,,,,,,,,,,,,,,,,,,138.0,138.0,138.0,105.0,105.0,105.0,,,,mm,1.0,1.0,1.0,,,,,,,,,,,,20.0,20.0,20.0,85.0,85.0,85.0,75.0,75.0,75.0,mm,,,,,,,,,,,hardpoint,below
_measure_5,manuscript_12055,,,"Cambridge, University Library, MS Add. 720",part,,,,,,,,,,,,,,,,,,,,,,138.0,138.0,138.0,105.0,105.0,105.0,,,,mm,1.0,1.0,1.0,,,,,,,,,,,,19.0,19.0,19.0,82.0,82.0,82.0,75.0,75.0,75.0,mm,,,,,,,,,,,hardpoint,below
_measure_6,manuscript_12055,,,"Cambridge, University Library, MS Add. 720",part,,,,,,,,,,,,,,,,,,,,,,132.0,132.0,132.0,105.0,105.0,105.0,,,,mm,1.0,1.0,1.0,,,,,,,,,,,,19.0,19.0,19.0,84.0,84.0,84.0,65.0,65.0,65.0,mm,,,,,,,,,,,hardpoint,mixed
_measure_7,manuscript_12055,,,"Cambridge, University Library, MS Add. 720",part,,,,,,,,,,,,,,,,,,,,,,,,,,,,,,,,1.0,1.0,1.0,,,,,,,,,,,,22 23,23.0,22.0,100-110,110.0,100.0,85.0,85.0,85.0,mm,,,,,,,,,,,hardpoint,mixed
_measure_1,manuscript_12056,,,"Cambridge, University Library, MS Add. 1024",manuscript,,MS-ADD-01024-00000,"Codex 55 , 137 100",55.0,,,,,,,,,,,,,,,,,,137.0,137.0,137.0,100.0,100.0,100.0,,,,mm,1.0,1.0,1.0,,,,,,,,,,,,14.0,14.0,14.0,90.0,90.0,90.0,70.0,70.0,70.0,mm,,,,,,,,,,,,
_measure_1,manuscript_12057,,,"Cambridge, University Library, MS Add. 1025",manuscript,,MS-ADD-01025-00000,"Codex 9 + 141 + 9 , 318-325 245",141.0,18.0,,,,,,,,,,,,,,,,,325.0,325.0,325.0,245.0,245.0,245.0,,,,mm,2.0,2.0,2.0,,,,,,,,,,,,29.0,29.0,29.0,230.0,230.0,230.0,165.0,165.0,165.0,mm,,,,,,,,,,,hardpoint,
_measure_1,manuscript_12058,,,"Cambridge, University Library, MS Add. 1732",manuscript,,MS-ADD-01732,,,,,,,,,,,,,,,,,,,,224.0,224.0,224.0,150.0,150.0,150.0,,,,mm,1.0,1.0,1.0,,,,,,,,,,,,25 33,33.0,25.0,165-190,190.0,165.0,95-110,110.0,95.0,mm,,,,,,,,,,,,
_measure_1,manuscript_12059,,,"Cambridge, University Library, MS Add. 1836",manuscript-composite,,MS-ADD-01836,,,,,,,,,,,,,,,,,,,,160.0,160.0,160.0,130.0,130.0,130.0,,,,mm,,,,,,,,,,,,,,,,,,,,,,,,,,,,,,,,,,,,
_measure_2,manuscript_12059,,,"Cambridge, University Library, MS Add. 1836",manuscript-composite,,MS-ADD-01836,,,,,,,,,,,,,,,,,,,,,,,,,,,,,,,,,,,,,,,,,,,,,,,,,,,,,,,,,,,,,,,,,
_measure_3,manuscript_12059,,,"Cambridge, University Library, MS Add. 1836",part,,,,,,,,,,,,,,,,,,,,,,,,,,,,,,,,1.0,1.0,1.0,,,,,,,,,,,,16 18,18.0,16.0,94-102,102.0,94.0,90.0,90.0,90.0,mm,,,,,,,,,,,hardpoint,below
_measure_4,manuscript_12059,,,"Cambridge, University Library, MS Add. 1836",part,,,,,,,,,,,,,,,,,,,,,,,,,,,,,,,,1.0,1.0,1.0,,,,,,,,,,,,21 23,23.0,21.0,123.0,123.0,123.0,195.0,195.0,195.0,mm,,,,,,,,,,,hardpoint,mixed
_measure_5,manuscript_12059,,,"Cambridge, University Library, MS Add. 1836",part,,,,,,,,,,,,,,,,,,,,,,,,,,,,,,,,1.0,1.0,1.0,,,,,,,,,,,,17.0,17.0,17.0,111.0,111.0,111.0,195.0,195.0,195.0,mm,,,,,,,,,,,hardpoint,below
_measure_1,manuscript_12060,,,"Cambridge, University Library, MS Add. 1837",manuscript,,MS-ADD-01837,,,,,,,,,,,,,,,,,,,,204.0,204.0,204.0,158.0,158.0,158.0,,,,mm,1.0,1.0,1.0,,,,,,,,,,,,19.0,19.0,19.0,135.0,135.0,135.0,90.0,90.0,90.0,mm,,,,,,,,,,,hardpoint,below
_measure_1,manuscript_12061,,,"Cambridge, University Library, MS Add. 1838",manuscript-composite,,MS-ADD-01838,Codex 1 + 301 316 215,301.0,1.0,,,,,,,,,,,,,,,,,316.0,316.0,316.0,215.0,215.0,215.0,,,,mm,,,,,,,,,,,,,,,,,,,,,,,,,,,,,,,,,,,,
_measure_2,manuscript_12061,,,"Cambridge, University Library, MS Add. 1838",part,,,,,,,,,,,,,,,,,,,,,,,,,,,,,,,,1.0,1.0,1.0,,,,,,,,,,,,30.0,30.0,30.0,225.0,225.0,225.0,145.0,145.0,145.0,mm,,,,,,,,,,,,
_measure_3,manuscript_12061,,,"Cambridge, University Library, MS Add. 1838",part,,,,,,,,,,,,,,,,,,,,,,,,,,,,,,,,1.0,1.0,1.0,,,,,,,,,,,,30.0,30.0,30.0,225.0,225.0,225.0,130.0,130.0,130.0,mm,,,,,,,,,,,,
_measure_1,manuscript_12062,,,"Cambridge, University Library, MS Add. 1839",manuscript,,MS-ADD-01839-00000,,,,,,,,,,,,,,,,,,,,256.0,256.0,256.0,192.0,192.0,192.0,,,,mm,2.0,2.0,2.0,,,,,,,,,,,,16 18,18.0,16.0,177.0,177.0,177.0,129.0,129.0,129.0,mm,11 17,17.0,11.0,,,,,,,,hardpoint,below
_measure_2,manuscript_12062,,,"Cambridge, University Library, MS Add. 1839",manuscript,,MS-ADD-01839-00000,,,,,,,,,,,,,,,,,,,,,,,,,,,,,,,,,,,,,,,,,,,,,,,,,,,,,,,,,,,,,,,,,
_measure_1,manuscript_12063,,,"Cambridge, University Library, MS Add. 1840",manuscript,,MS-ADD-01840,Codex iv + 112 + iv 285 207,112.0,,8.0,,,,,,,,,,,,,,,,285.0,285.0,285.0,207.0,207.0,207.0,,,,mm,2.0,2.0,2.0,,,,,,,,,,,,33.0,33.0,33.0,213.0,213.0,213.0,155.0,155.0,155.0,mm,,,,,,,,,,,hardpoint,below
_measure_2,manuscript_12063,,,"Cambridge, University Library, MS Add. 1840",manuscript,,MS-ADD-01840,,,,,,,,,,,,,,,,,,,,,,,,,,,,,,,,,,,,,,,,,,,,,,,,,,,,,,,,,,,,,,,,,
_measure_1,manuscript_12064,,,"Cambridge, University Library, MS Add. 1875",manuscript,,MS-ADD-01875,Fragment (scrap) 1 100 100,1.0,,,,,,,,,,,,100.0,100.0,100.0,100.0,100.0,mm,,,,,,,,,,,2.0,2.0,2.0,,,,,,,,,,,,,,,,,,,,,,,,,,,,,,,,hardpoint,
_measure_1,manuscript_77951,,,"Cambridge, University Library, MS Add. 1879.1",manuscript,,MS-ADD-01879-00001,,,,,,,,,,,,,,,,,,,,288.0,288.0,288.0,210.0,210.0,210.0,,,,mm,2.0,2.0,2.0,,,,,,,,,,,,18.0,18.0,18.0,205.0,205.0,205.0,135.0,135.0,135.0,mm,,,,,,,,,,,hardpoint,between
_measure_1,manuscript_77952,,,"Cambridge, University Library, MS Add. 1879.2",manuscript,,MS-ADD-01879-00002,,,,,,,,,,,,,,,,,,,,270.0,270.0,270.0,200.0,200.0,200.0,,,,mm,2.0,2.0,2.0,,,,,,,,,,,,22.0,22.0,22.0,185.0,185.0,185.0,122.0,122.0,122.0,mm,,,,,,,,,,,hardpoint,above
_measure_1,manuscript_77953,,,"Cambridge, University Library, MS Add. 1879.3",manuscript,,MS-ADD-01879-00003,,,,,,,,,,,,,,,,,,,,188.0,188.0,188.0,122.0,122.0,122.0,,,,mm,1.0,1.0,1.0,,,,,,,,,,,,28.0,28.0,28.0,142.0,142.0,142.0,78.0,78.0,78.0,mm,,,,,,,,,,,hardpoint,above
_measure_1,manuscript_77954,,,"Cambridge, University Library, MS Add. 1879.4",manuscript,,MS-ADD-01879-00004,,,,,,,,,,,,,114 73,114 73,114 73,20 17,20 17,20 17,mm,,,,,,,,,,,,,,,,,,,,,,,,,,,,,,,,,,,,,,,,,,,,,,
_measure_1,manuscript_77955,,,"Cambridge, University Library, MS Add. 1879.5",manuscript-composite,,MS-ADD-01879-00005,,,,,,,,,,,,,85.0,85.0,85.0,30.0,30.0,30.0,mm,300.0,300.0,300.0,230.0,230.0,230.0,,,,mm,,,,,,,,,,,,,,,,,,,,,,,,,,,,,,,,,,,,
_measure_2,manuscript_77955,,,"Cambridge, University Library, MS Add. 1879.5",part,,,,,,,,,,,,,,,,,,,,,,,,,,,,,,,,2.0,2.0,2.0,,,,,,,,,,,,23 26,26.0,23.0,,,,,,,,,,,,,,,,,,hardpoint,
_measure_1,manuscript_77956,,,"Cambridge, University Library, MS Add. 1879.6",manuscript,,MS-ADD-01879-00006,,,,,,,,,,,,,261.0,261.0,261.0,19.0,19.0,19.0,mm,,,,,,,,,,,,,,,,,,,,,,,,,,,,,,,,,,,,,,,,,,,,,,
_measure_1,manuscript_77957,,,"Cambridge, University Library, MS Add. 1879.7",manuscript,,MS-ADD-01879-00007,,,,,,,,,,,,,,,,,,,,328.0,328.0,328.0,270.0,270.0,270.0,,,,mm,2.0,2.0,2.0,,,,,,,,,,,,40.0,40.0,40.0,275.0,275.0,275.0,215.0,215.0,215.0,mm,,,,,,,,,,,hardpoint,above
_measure_2,manuscript_77957,,,"Cambridge, University Library, MS Add. 1879.7",manuscript,,MS-ADD-01879-00007,,,,,,,,,,,,,,,,,,,,,,,,,,,,,,,,,,,,,,,,,,,,,,,,,,,,,,,,,,,,,,,,,
_measure_1,manuscript_77958,,,"Cambridge, University Library, MS Add. 1879.8",manuscript,,MS-ADD-01879-00008,,,,,,,,,,,,,,,,,,,,209.0,209.0,209.0,168.0,168.0,168.0,15.0,15.0,15.0,mm,,,,,,,,,,,,,,,,,,,,,,,,,,,,,,,,,,,,
_measure_1,manuscript_77959,,,"Cambridge, University Library, MS Add. 1879.9",manuscript,,MS-ADD-01879-00009,,,,,,,,,,,,,,,,,,,,268.0,268.0,268.0,214.0,214.0,214.0,,,,mm,2.0,2.0,2.0,,,,,,,,,,,,28.0,28.0,28.0,192.0,192.0,192.0,70.0,70.0,70.0,mm,,,,,,,,,,,hardpoint,
_measure_1,manuscript_77960,,,"Cambridge, University Library, MS Add. 1879.10",manuscript,,MS-ADD-01879-00010,,,,,,,,,,,,,,,,,,,,243.0,243.0,243.0,194.0,194.0,194.0,,,,mm,2.0,2.0,2.0,,,,,,,,,,,,30.0,30.0,30.0,175.0,175.0,175.0,135.0,135.0,135.0,mm,,,,,,,,,,,hardpoint,below
_measure_1,manuscript_77961,,,"Cambridge, University Library, MS Add. 1879.11",manuscript,,MS-ADD-01879-00011,Fragment (quire) 4 224 168,4.0,,,,,,,,,,,,,,,,,,224.0,224.0,224.0,168.0,168.0,168.0,,,,mm,1.0,1.0,1.0,,,,,,,,,,,,26.0,26.0,26.0,153.0,153.0,153.0,110.0,110.0,110.0,mm,,,,,,,,,,,hardpoint,below
_measure_1,manuscript_77962,,,"Cambridge, University Library, MS Add. 1879.12",manuscript,,MS-ADD-01879-00012,Fragment (quire) 4 216-239 155,4.0,,,,,,,,,,,,,,,,,,216-239,239.0,216.0,155.0,155.0,155.0,,,,mm,2.0,2.0,2.0,,,,,,,,,,,,25.0,25.0,25.0,184.0,184.0,184.0,120.0,120.0,120.0,mm,,,,,,,,,,,hardpoint,below
_measure_1,manuscript_77963,,,"Cambridge, University Library, MS Add. 1879.13",manuscript,,MS-ADD-01879-00013,Fragment (quire) 4 140 84-217 250 217,4.0,,,,,,,,,,,,140.0,140.0,84-217,217.0,84.0,mm,250.0,250.0,250.0,217.0,217.0,217.0,,,,mm,2.0,2.0,2.0,,,,,,,,,,,,12 27,27.0,12.0,74-93,93.0,74.0,130.0,130.0,130.0,mm,,,,,,,,,,,hardpoint,below
_measure_1,manuscript_77965,,,"Cambridge, University Library, MS Add. 1879.14",manuscript-composite,,MS-ADD-01879-00014,Fragment (leaves) 8 198 129,8.0,,,,,,,,,,,,,,,,,,198.0,198.0,198.0,129.0,129.0,129.0,,,,mm,,,,,,,,,,,,,,,,,,,,,,,,,,,,,,,,,,,,
_measure_2,manuscript_77965,,,"Cambridge, University Library, MS Add. 1879.14",part,,,,,,,,,,,,,,,,,,,,,,,,,,,,,,,,1.0,1.0,1.0,,,,,,,,,,,,30.0,30.0,30.0,208.0,208.0,208.0,155.0,155.0,155.0,mm,,,,,,,,,,,hardpoint,below
_measure_3,manuscript_77965,,,"Cambridge, University Library, MS Add. 1879.14",part,,,,,,,,,,,,,,,,,,,,,,,,,,,,,,,,1.0,1.0,1.0,,,,,,,,,,,,26.0,26.0,26.0,208.0,208.0,208.0,155.0,155.0,155.0,mm,,,,,,,,,,,hardpoint,below
_measure_4,manuscript_77965,,,"Cambridge, University Library, MS Add. 1879.14",part,,,,,,,,,,,,,,,,,,,,,,,,,,,,,,,,1.0,1.0,1.0,,,,,,,,,,,,20.0,20.0,20.0,152.0,152.0,152.0,90.0,90.0,90.0,mm,,,,,,,,,,,,
_measure_1,manuscript_77965,,,"Cambridge, University Library, MS Add. 1879.15",manuscript-composite,,MS-ADD-01879-00015,Fragment (leaf) 1 195 140,1.0,,,,,,,,,,,,,,,,,,195.0,195.0,195.0,140.0,140.0,140.0,,,,mm,,,,,,,,,,,,,,,,,,,,,,,,,,,,,,,,,,,,
_measure_2,manuscript_77965,,,"Cambridge, University Library, MS Add. 1879.15",part,,,,,,,,,,,,,,,,,,,,,,,,,,,,,,,,1.0,1.0,1.0,,,,,,,,,,,,12 16,16.0,12.0,,,,130.0,130.0,130.0,mm,,,,,,,,,,,hardpoint,below
_measure_3,manuscript_77965,,,"Cambridge, University Library, MS Add. 1879.15",part,,,,,,,,,,,,,,,,,,,,,,,,,,,,,,,,1.0,1.0,1.0,,,,,,,,,,,,20.0,20.0,20.0,141-149,149.0,141.0,82-90,90.0,82.0,mm,,,,,,,,,,,,
_measure_1,manuscript_77966,,,"Cambridge, University Library, MS Add. 1879.16",manuscript,,MS-ADD-01879-00016,Fragment (leaf) 1 366 255 366 238,1.0,,,,,,,,,,,,366.0,366.0,255.0,255.0,255.0,mm,366.0,366.0,366.0,238.0,238.0,238.0,,,,mm,2.0,2.0,2.0,,,,,,,,,,,,33.0,33.0,33.0,252.0,252.0,252.0,155.0,155.0,155.0,mm,,,,,,,,,,,hardpoint,mixed
_measure_1,manuscript_77967,,,"Cambridge, University Library, MS Add. 1879.17",manuscript,,MS-ADD-01879-00017,Fragment (leaf) 1 316 250,1.0,,,,,,,,,,,,,,,,,,316.0,316.0,316.0,250.0,250.0,250.0,,,,mm,2.0,2.0,2.0,,,,,,,,,,,,32.0,32.0,32.0,250.0,250.0,250.0,175.0,175.0,175.0,mm,,,,,,,,,,,hardpoint,below
_measure_2,manuscript_77967,,,"Cambridge, University Library, MS Add. 1879.17",manuscript,,MS-ADD-01879-00017,,,,,,,,,,,,,,,,,,,,,,,,,,,,,,,,,,,,,,,,,,,,,,,,,,,,,,,,,,,,,,,,,
_measure_1,manuscript_77968,,,"Cambridge, University Library, MS Add. 1879.18",manuscript,,MS-ADD-01879-00018,Fragment (leaf) 1 284 204,1.0,,,,,,,,,,,,,,,,,,284.0,284.0,284.0,204.0,204.0,204.0,,,,mm,2.0,2.0,2.0,,,,,,,,,,,,29.0,29.0,29.0,220.0,220.0,220.0,160.0,160.0,160.0,mm,,,,,,,,,,,hardpoint,below
_measure_1,manuscript_77969,,,"Cambridge, University Library, MS Add. 1879.19",manuscript,,MS-ADD-01879-00019,,,,,,,,,,,,,,,,,,,,260.0,260.0,260.0,183.0,183.0,183.0,,,,mm,1.0,1.0,1.0,,,,,,,,,,,,21.0,21.0,21.0,170.0,170.0,170.0,100.0,100.0,100.0,mm,,,,,,,,,,,hardpoint,above
_measure_1,manuscript_77969,,,"Cambridge, University Library, MS Add. 1879.20",manuscript,,MS-ADD-01879-00020,,,,,,,,,,,,,,,,,,,,257.0,257.0,257.0,194.0,194.0,194.0,,,,mm,1.0,1.0,1.0,,,,,,,,,,,,21.0,21.0,21.0,170.0,170.0,170.0,100.0,100.0,100.0,mm,,,,,,,,,,,hardpoint,above
_measure_1,manuscript_77971,,,"Cambridge, University Library, MS Add. 1879.21",manuscript,,MS-ADD-01879-00021,,,,,,,,,,,,,,,,,,,,250.0,250.0,250.0,164.0,164.0,164.0,,,,mm,2.0,2.0,2.0,,,,,,,,,,,,40.0,40.0,40.0,202.0,202.0,202.0,160.0,160.0,160.0,mm,,,,,,,,,,,hardpoint,below
_measure_1,manuscript_77973,,,"Cambridge, University Library, MS Add. 1879.22",manuscript,,MS-ADD-01879-00022,,,,,,,,,,,,,,122.0,122.0,165.0,165.0,165.0,mm,250.0,250.0,250.0,165.0,165.0,165.0,,,,mm,2.0,2.0,2.0,,,,,,,,,,,,30.0,30.0,30.0,98.0,98.0,98.0,120.0,120.0,120.0,mm,,,,,,,,,,,hardpoint,above
_measure_1,manuscript_77974,,,"Cambridge, University Library, MS Add. 1879.23",manuscript-composite,,MS-ADD-01879-00023,,,,,,,,,,,,,,,,,,,,192.0,192.0,192.0,147.0,147.0,147.0,,,,mm,,,,,,,,,,,,,,,,,,,,,,,,,,,,,,,,,,,,
_measure_2,manuscript_77974,,,"Cambridge, University Library, MS Add. 1879.23",manuscript-composite,,MS-ADD-01879-00023,,,,,,,,,,,,,,,,,,,,,,,,,,,,,,,,,,,,,,,,,,,,,,,,,,,,,,,,,,,,,,,,,
_measure_3,manuscript_77974,,,"Cambridge, University Library, MS Add. 1879.23",manuscript-composite,,MS-ADD-01879-00023,,,,,,,,,,,,,,,,,,,,,,,,,,,,,,,,,,,,,,,,,,,,,,,,,,,,,,,,,,,,,,,,,
_measure_4,manuscript_77974,,,"Cambridge, University Library, MS Add. 1879.23",manuscript-composite,,MS-ADD-01879-00023,,,,,,,,,,,,,,,,,,,,,,,,,,,,,,,,,,,,,,,,,,,,,,,,,,,,,,,,,,,,,,,,,
_measure_5,manuscript_77974,,,"Cambridge, University Library, MS Add. 1879.23",part,,,,,,,,,,,,,,,,,,,,,,,,,,,,,,,,2.0,2.0,2.0,,,,,,,,,,,,19.0,19.0,19.0,121.0,121.0,121.0,150.0,150.0,150.0,mm,,,,,,,,,,,hardpoint,below
_measure_6,manuscript_77974,,,"Cambridge, University Library, MS Add. 1879.23",part,,,,,,,,,,,,,,,,,,,,,,,,,,,,,,,,1.0,1.0,1.0,,,,,,,,,,,,26.0,26.0,26.0,149.0,149.0,149.0,100.0,100.0,100.0,mm,,,,,,,,,,,hardpoint,below
_measure_1,manuscript_12065.24,,,"Cambridge, University Library, MS Add. 1879.24",manuscript,,MS-ADD-01879-00024,,,,,,,,,,,,,,,,,,,,205.0,205.0,205.0,137.0,137.0,137.0,,,,mm,1.0,1.0,1.0,,,,,,,,,,,,25.0,25.0,25.0,130.0,130.0,130.0,90.0,90.0,90.0,mm,,,,,,,,,,,hardpoint,below
_measure_1,manuscript_77975,,,"Cambridge, University Library, MS Add. 1880.1",manuscript,,MS-ADD-01880-00001,,,,,,,,,,,,,,,,,,,,307.0,307.0,307.0,210.0,210.0,210.0,,,,mm,2.0,2.0,2.0,,,,,,,,,,,,39.0,39.0,39.0,220.0,220.0,220.0,140.0,140.0,140.0,mm,,,,,,,,,,,,
_measure_1,manuscript_77976,,,"Cambridge, University Library, MS Add. 1880.2",manuscript,,MS-ADD-01880-00002,,,,,,,,,,,,,,,,,,,,291.0,291.0,291.0,183.0,183.0,183.0,,,,mm,2.0,2.0,2.0,,,,,,,,,,,,30.0,30.0,30.0,200.0,200.0,200.0,130-140,140.0,130.0,mm,,,,,,,,,,,,
_measure_1,manuscript_77978,,,"Cambridge, University Library, MS Add. 1880.4",manuscript,,MS-ADD-01880-00004,,,,,,,,,,,,,,,,,,,,292.0,292.0,292.0,209.0,209.0,209.0,,,,mm,1.0,1.0,1.0,,,,,,,,,,,,31.0,31.0,31.0,175.0,175.0,175.0,168.0,168.0,168.0,mm,,,,,,,,,,,,
_measure_1,manuscript_12088,,,"Cambridge, University Library, MS Add. 1880.6",manuscript,,MS-ADD-01880-00006,,,,,,,,,,,,,,,,,,,,219.0,219.0,219.0,154.0,154.0,154.0,,,,mm,1.0,1.0,1.0,,,,,,,,,,,,18 28,28.0,18.0,150.0,150.0,150.0,90.0,90.0,90.0,mm,,,,,,,,,,,,
_measure_1,manuscript_77981,,,"Cambridge, University Library, MS Add. 1880.7",manuscript,,MS-ADD-01880-00007,,,,,,,,,,,,,,,,,,,,219.0,219.0,219.0,156.0,156.0,156.0,,,,mm,1.0,1.0,1.0,,,,,,,,,,,,36.0,36.0,36.0,165.0,165.0,165.0,110.0,110.0,110.0,mm,,,,,,,,,,,,
_measure_1,manuscript_77982,,,"Cambridge, University Library, MS Add. 1880.8",manuscript,,MS-ADD-01880-00008,,,,,,,,,,,,,,,,,,,,251.0,251.0,251.0,179.0,179.0,179.0,,,,mm,1.0,1.0,1.0,,,,,,,,,,,,30 31,31.0,30.0,175.0,175.0,175.0,135-140,140.0,135.0,mm,,,,,,,,,,,,
_measure_1,manuscript_77983,,,"Cambridge, University Library, MS Add. 1880.9",manuscript,,MS-ADD-01880-00009,"Fragment (leaf) 1 leaf , 216 143",1.0,,,,,,,,,,,,,,,,,,216.0,216.0,216.0,143.0,143.0,143.0,,,,mm,,,,,,,,,,,,,,,,,,,,,,,,,,,,,,,,,,,,
_measure_1,manuscript_77984,,,"Cambridge, University Library, MS Add. 1880.10",manuscript,,MS-ADD-01880-00010,Fragment (leaves) 15 167 250,15.0,,,,,,,,,,,,,,,,,,167.0,167.0,167.0,250.0,250.0,250.0,,,,mm,1.0,1.0,1.0,,,,,,,,,,,,23.0,23.0,23.0,120.0,120.0,120.0,85.0,85.0,85.0,mm,,,,,,,,,,,,
_measure_1,manuscript_77985,,,"Cambridge, University Library, MS Add. 1880.11",manuscript,,MS-ADD-01880-00011,,,,,,,,,,,,,,,,,,,,201.0,201.0,201.0,146.0,146.0,146.0,,,,mm,1.0,1.0,1.0,,,,,,,,,,,,15 22,22.0,15.0,160.0,160.0,160.0,83-105,105.0,83.0,mm,,,,,,,,,,,,
_measure_1,manuscript_77986,,,"Cambridge, University Library, MS Add. 1880.12",manuscript,,MS-ADD-01880-00012,,,,,,,,,,,,,,,,,,,,202.0,202.0,202.0,148.0,148.0,148.0,,,,mm,1.0,1.0,1.0,,,,,,,,,,,,20.0,20.0,20.0,156.0,156.0,156.0,97.0,97.0,97.0,mm,,,,,,,,,,,,
_measure_1,manuscript_77987,,,"Cambridge, University Library, MS Add. 1880.13",manuscript,,MS-ADD-01880-00013,,,,,,,,,,,,,,,,,,,,200.0,200.0,200.0,145.0,145.0,145.0,,,,mm,1.0,1.0,1.0,,,,,,,,,,,,19.0,19.0,19.0,160.0,160.0,160.0,100.0,100.0,100.0,mm,,,,,,,,,,,,
_measure_1,manuscript_12088,,,"Cambridge, University Library, MS Add. 1880.14",manuscript,,MS-ADD-01880-00014,,,,,,,,,,,,,,,,,,,,202.0,202.0,202.0,148.0,148.0,148.0,,,,mm,1.0,1.0,1.0,,,,,,,,,,,,16.0,16.0,16.0,140.0,140.0,140.0,85.0,85.0,85.0,mm,,,,,,,,,,,,
_measure_1,manuscript_12088,,,"Cambridge, University Library, MS Add. 1880.15",manuscript,,MS-ADD-01880-00015,,,,,,,,,,,,,,,,,,,,200.0,200.0,200.0,145.0,145.0,145.0,,,,mm,1.0,1.0,1.0,,,,,,,,,,,,19 20,20.0,19.0,170.0,170.0,170.0,100.0,100.0,100.0,mm,,,,,,,,,,,,
_measure_1,manuscript_12088,,,"Cambridge, University Library, MS Add. 1880.16",manuscript,,MS-ADD-01880-00016,,,,,,,,,,,,,,,,,,,,200.0,200.0,200.0,145.0,145.0,145.0,,,,mm,1.0,1.0,1.0,,,,,,,,,,,,17 18,18.0,17.0,200.0,200.0,200.0,145.0,145.0,145.0,mm,,,,,,,,,,,,
_measure_1,manuscript_12088,,,"Cambridge, University Library, MS Add. 1880.17",manuscript,,MS-ADD-01880-00017,,,,,,,,,,,,,,,,,,,,195.0,195.0,195.0,145.0,145.0,145.0,,,,mm,,,,,,,,,,,,,,,,,,,,,,,,,,,,,,,,,,,,
_measure_1,manuscript_77991,,,"Cambridge, University Library, MS Add. 1880.18",manuscript,,MS-ADD-01880-00018,,,,,,,,,,,,,,,,,,,,207.0,207.0,207.0,162.0,162.0,162.0,,,,mm,1.0,1.0,1.0,,,,,,,,,,,,19 20,20.0,19.0,160.0,160.0,160.0,115.0,115.0,115.0,mm,,,,,,,,,,,,
_measure_1,manuscript_77992,,,"Cambridge, University Library, MS Add. 1880.19",manuscript,,MS-ADD-01880-00019,,,,,,,,,,,,,,,,,,,,137.0,137.0,137.0,101.0,101.0,101.0,,,,mm,1.0,1.0,1.0,,,,,,,,,,,,15 16,16.0,15.0,90-100,100.0,90.0,62-75,75.0,62.0,mm,,,,,,,,,,,,
_measure_1,manuscript_77993,,,"Cambridge, University Library, MS Add. 1880.20",manuscript,,MS-ADD-01880-00020,,,,,,,,,,,,,,,,,,,,152.0,152.0,152.0,106.0,106.0,106.0,,,,mm,1.0,1.0,1.0,,,,,,,,,,,,27 31,31.0,27.0,130.0,130.0,130.0,90.0,90.0,90.0,mm,,,,,,,,,,,,
_measure_1,manuscript_77478,,,"Cambridge, University Library, MS Add. 2753.1",manuscript,,MS-ADD-02753-00001,,,,,,,,,,,,,,,,,,,,138-147,147.0,138.0,210.0,210.0,210.0,,,,mm,2.0,2.0,2.0,,,,,,,,,,,,13.0,13.0,13.0,85-95,95.0,85.0,154.0,154.0,154.0,mm,,,,,,,,,,,,
_measure_1,manuscript_77478,,,"Cambridge, University Library, MS Add. 2753.2",manuscript,,MS-ADD-02753-00002,Fragments (scraps of paper) 10 fr. [A] 53 53 fr. [B] 58 26 fr. [C] 55 50 fr. [D] 59 25 fr. [E] 55 50 fr. [F] 57 25 fr. [G] 80 35 fr. [H] 34 30 fr. [I] 135 30 fr. [K] 58 30,10.0,,,,,,,,,,,,,,,,,,53.0,53.0,53.0,53.0,53.0,53.0,,,,mm,,,,,,,,,,,,,,,,,,,,,,,,,,,,,,,,,,,,
_measure_1,manuscript_77478,,,"Cambridge, University Library, MS Add. 2753.3",manuscript,,MS-ADD-02753-00003,,,,,,,,,,,,,,,,,,,,240.0,240.0,240.0,95-125,125.0,95.0,,,,mm,,,,,,,,,,,,,,,,,,,,,,,,,,,,,,,,,,,,
_measure_1,manuscript_77478,,,"Cambridge, University Library, MS Add. 2753.4",manuscript,,MS-ADD-02753-00004,Fragment (bifolium) 2 93 70,2.0,,,,,,,,,,,,,,,,,,93.0,93.0,93.0,70.0,70.0,70.0,,,,mm,1.0,1.0,1.0,,,,,,,,,,,,9 10,10.0,9.0,67.0,67.0,67.0,45.0,45.0,45.0,mm,,,,,,,,,,,,
_measure_1,manuscript_77478,,,"Cambridge, University Library, MS Add. 2753.5",manuscript,,MS-ADD-02753-00005,Fragment (scrap) 1 260 38-43,1.0,,,,,,,,,,,,,,,,,,260.0,260.0,260.0,38-43,43.0,38.0,,,,mm,,,,,,,,,,,,,,,,,,,,,,,,,,,,,,,,,,,,
_measure_1,manuscript_77479.1,,,"Cambridge, University Library, MS Add. 2754.1",manuscript,,MS-ADD-02754-00001,Fragment (scrap) 1 47 121,1.0,,,,,,,,,,,47.0,47.0,47.0,121.0,121.0,121.0,mm,,,,,,,,,,,,,,,,,,,,,,,,,,,,,,,,,,,,,,,,,,,,,,
_measure_1,manuscript_77479.2,,,"Cambridge, University Library, MS Add. 2754.2",manuscript,,MS-ADD-02754-00002,Fragment (scrap) 1 135 122,1.0,,,,,,,,,,,,135.0,135.0,122.0,122.0,122.0,mm,,,,,,,,,,,1.0,1.0,1.0,,,,,,,,,,,,9.0,9.0,9.0,,,,83.0,83.0,83.0,mm,,,,,,,,,,,,
_measure_1,manuscript_77479.3,,,"Cambridge, University Library, MS Add. 2754.3",manuscript,,MS-ADD-02754-00003,Fragment (leaf) 1 200 126,,,,,,,,,,,,,,,,,,,200.0,200.0,200.0,126.0,126.0,126.0,,,,mm,1.0,1.0,1.0,,,,,,,,,,,,27.0,27.0,27.0,187.0,187.0,187.0,120.0,120.0,120.0,mm,,,,,,,,,,,,
_measure_1,manuscript_1,,,"Cambridge, University Library, MS Add. 2994",manuscript-composite,,MS-ADD-02994,Codex: i + 200 | 1 + i leaves.,201.0,,2.0,,,,,,,,,,,,,,,,,,,,,,,,,,,,,,,,,,,,,,,,,,,,,,,,,,,,,,,,,,,,,
_measure_2,manuscript_1,,,"Cambridge, University Library, MS Add. 2994",part,,,Codex: 200 leaves. 280 200,200.0,,,,,,,,,,,,,,,,,,280.0,280.0,280.0,200.0,200.0,200.0,,,,mm,1.0,1.0,1.0,,,,,,,,,,,,25 42,42.0,25.0,195.0,195.0,195.0,130.0,130.0,130.0,mm,,,,,,,,,,,hardpoint,below
_measure_3,manuscript_1,,,"Cambridge, University Library, MS Add. 2994",part,,,"Fragment, comprising a flattened bifolium from a 14th century manuscript reused as the right pastedown and subsequently lifted. 1 leaf 272 195",,1.0,,,,,,,,,,,272.0,272.0,195.0,195.0,195.0,mm,,,,,,,,,,,2.0,2.0,2.0,,,,,,,,,,,,40.0,40.0,40.0,168.0,168.0,168.0,105.0,105.0,105.0,mm,,,,,,,,,,,leadpoint,
_measure_1,manuscript_12109,,,"Cambridge, University Library, MS Add. 3046",manuscript-composite,,MS-ADD-03046,Codex 276 199 158,276.0,,,,,,,,,,,,,,,,,,199.0,199.0,199.0,158.0,158.0,158.0,,,,mm,,,,,,,,,,,,,,,,,,,,,,,,,,,,,,,,,,,,
_measure_2,manuscript_12109,,,"Cambridge, University Library, MS Add. 3046",part,,,,,,,,,,,,,,,,,,,,,,,,,,,,,,,,1.0,1.0,1.0,,,,,,,,,,,,14.0,14.0,14.0,137.0,137.0,137.0,95.0,95.0,95.0,mm,,,,,,,,,,,,
_measure_3,manuscript_12109,,,"Cambridge, University Library, MS Add. 3046",part,,,,,,,,,,,,,,,,,,,,,,,,,,,,,,,,1.0,1.0,1.0,,,,,,,,,,,,19.0,19.0,19.0,125.0,125.0,125.0,100.0,100.0,100.0,mm,,,,,,,,,,,hardpoint,below
_measure_4,manuscript_12109,,,"Cambridge, University Library, MS Add. 3046",part,,,,,,,,,,,,,,,,,,,,,,,,,,,,,,,,1.0,1.0,1.0,,,,,,,,,,,,18.0,18.0,18.0,130.0,130.0,130.0,105.0,105.0,105.0,mm,,,,,,,,,,,hardpoint,below
_measure_5,manuscript_12109,,,"Cambridge, University Library, MS Add. 3046",part,,,,,,,,,,,,,,,,,,,,,,,,,,,,,,,,1.0,1.0,1.0,,,,,,,,,,,,19.0,19.0,19.0,125.0,125.0,125.0,100.0,100.0,100.0,mm,,,,,,,,,,,,
_measure_1,manuscript_12110,,,"Cambridge, University Library,  MS Add. 3047",manuscript,,MS-ADD-03047,Codex 3 + 322 210 155,322.0,3.0,,,,,,,,,,,,,,,,,210.0,210.0,210.0,155.0,155.0,155.0,,,,mm,1.0,1.0,1.0,,,,,,,,,,,,20.0,20.0,20.0,150.0,150.0,150.0,95.0,95.0,95.0,mm,,,,,,,,,,,,
_measure_1,manuscript_12111,,,"Cambridge, University Library, MS Add. 3048",manuscript-composite,,MS-ADD-03048,Codex iii + 323 + iii,323.0,,6.0,,,,,,,,,,,,,,,,,,,,,,,,,,,,,,,,,,,,,,,,,,,,,,,,,,,,,,,,,,,,,
_measure_2,manuscript_12111,,,"Cambridge, University Library, MS Add. 3048",part,,,,,,,,,,,,,,,,,,,,,,218.0,218.0,218.0,160.0,160.0,160.0,,,,mm,1.0,1.0,1.0,,,,,,,,,,,,13.0,13.0,13.0,95.0,95.0,95.0,70.0,70.0,70.0,mm,,,,,,,,,,,,
_measure_3,manuscript_12111,,,"Cambridge, University Library, MS Add. 3048",part,,,,,,,,,,,,,,,,,,,,,,218.0,218.0,218.0,160.0,160.0,160.0,,,,mm,1.0,1.0,1.0,,,,,,,,,,,,14.0,14.0,14.0,110.0,110.0,110.0,100.0,100.0,100.0,mm,,,,,,,,,,,,
_measure_4,manuscript_12111,,,"Cambridge, University Library, MS Add. 3048",part,,,,,,,,,,,,,,,,,,,,,,218.0,218.0,218.0,160.0,160.0,160.0,,,,mm,1.0,1.0,1.0,,,,,,,,,,,,18.0,18.0,18.0,135.0,135.0,135.0,85.0,85.0,85.0,mm,,,,,,,,,,,,
_measure_5,manuscript_12111,,,"Cambridge, University Library, MS Add. 3048",part,,,,,,,,,,,,,,,,,,,,,,218.0,218.0,218.0,160.0,160.0,160.0,,,,mm,1.0,1.0,1.0,,,,,,,,,,,,20.0,20.0,20.0,138.0,138.0,138.0,85.0,85.0,85.0,mm,,,,,,,,,,,,
_measure_6,manuscript_12111,,,"Cambridge, University Library, MS Add. 3048",part,,,,,,,,,,,,,,,,,,,,,,153.0,153.0,153.0,100.0,100.0,100.0,,,,mm,1.0,1.0,1.0,,,,,,,,,,,,11.0,11.0,11.0,100.0,100.0,100.0,95.0,95.0,95.0,mm,,,,,,,,,,,,
_measure_1,manuscript_12112,,,"Cambridge, University Library, MS Add. 3049",manuscript,,MS-ADD-03049,Codex 67 260-270 168-190,67.0,,,,,,,,,,,,,,,,,,260-270,270.0,260.0,168-190,190.0,168.0,,,,mm,1.0,1.0,1.0,,,,,,,,,,,,40.0,40.0,40.0,207.0,207.0,207.0,120.0,120.0,120.0,mm,,,,,,,,,,,hardpoint,below
_measure_1,manuscript_12113,,,"Cambridge, University Library, MS Add. 3050",manuscript,,MS-ADD-03050,"Codex 126 , 145 100",126.0,,,,,,,,,,,,,,,,,,145.0,145.0,145.0,100.0,100.0,100.0,,,,mm,1.0,1.0,1.0,,,,,,,,,,,,19 20,20.0,19.0,112.0,112.0,112.0,65.0,65.0,65.0,mm,,,,,,,,,,,,
_measure_1,manuscript_12117,,,"Cambridge, University Library, MS Add. 3076",manuscript-composite,,MS-ADD-03076,Codex 561 150 110,561.0,,,,,,,,,,,,,,,,,,150.0,150.0,150.0,110.0,110.0,110.0,,,,mm,,,,,,,,,,,,,,,,,,,,,,,,,,,,,,,,,,,,
_measure_2,manuscript_12117,,,"Cambridge, University Library, MS Add. 3076",part,,,,,,,,,,,,,,,,,,,,,,,,,,,,,,,,1.0,1.0,1.0,,,,,,,,,,,,15.0,15.0,15.0,98.0,98.0,98.0,70.0,70.0,70.0,mm,,,,,,,,,,,,
_measure_3,manuscript_12117,,,"Cambridge, University Library, MS Add. 3076",part,,,,,,,,,,,,,,,,,,,,,,,,,,,,,,,,1.0,1.0,1.0,,,,,,,,,,,,16 17,17.0,16.0,98.0,98.0,98.0,70.0,70.0,70.0,mm,,,,,,,,,,,,
_measure_1,manuscript_1,,,"Cambridge, University Library, MS Add. 3120",manuscript-composite,,MS-ADD-03120,Codex: 1 | 2 + 166 2 leaves. 365 250,2.0,2.0,,,,,,,,,,,,,,,,,365.0,365.0,365.0,250.0,250.0,250.0,,,,mm,,,,,,,,,,,,,,,,,,,,,,,,,,,,,,,,,,,,
_measure_2,manuscript_1,,,"Cambridge, University Library, MS Add. 3120",manuscript-composite,,MS-ADD-03120,,,,,,,,,,,,,,,,,,,,,,,,,,,,,,,,,,,,,,,,,,,,,,,,,,,,,,,,,,,,,,,,,
_measure_3,manuscript_1,,,"Cambridge, University Library, MS Add. 3120",part,,,Codex: 1 leaf.,1.0,,,,,,,,,,,,,,,,,,,,,,,,,,,,2.0,2.0,2.0,,,,,,,,,,,,44.0,44.0,44.0,320.0,320.0,320.0,45-50,50.0,45.0,mm,,,,,,,,,,,leadpoint,below
_measure_4,manuscript_1,,,"Cambridge, University Library, MS Add. 3120",part,,,Codex: 2 + 166 + 2 leaves. 365 250,166.0,4.0,,,,,,,,,,,,,,,,,365.0,365.0,365.0,250.0,250.0,250.0,,,,mm,2.0,2.0,2.0,,,,,,,,,,,,60.0,60.0,60.0,250.0,250.0,250.0,150.0,150.0,150.0,mm,,,,,,,,,,,leadpoint,below
_measure_1,manuscript_12118,,,"Cambridge, University Library, MS Add. 3121",manuscript,,MS-ADD-03121,,,,,,,,,,,,,,,,,,,,131.0,131.0,131.0,95.0,95.0,95.0,,,,mm,1.0,1.0,1.0,,,,,,,,,,,,13 16,16.0,13.0,104.0,104.0,104.0,75.0,75.0,75.0,mm,,,,,,,,,,,,
_measure_1,manuscript_12119,,,"Cambridge, University Library, MS Add. 3122",manuscript-composite,,MS-ADD-03122,Codex 6 + 47,47.0,6.0,,,,,,,,,,,,,,,,,,,,,,,,,,,,,,,,,,,,,,,,,,,,,,,,,,,,,,,,,,,,,,
_measure_2,manuscript_12119,,,"Cambridge, University Library, MS Add. 3122",part,,,,,,,,,,,,,,,,,,,,,,200.0,200.0,200.0,148.0,148.0,148.0,,,,mm,1.0,1.0,1.0,,,,,,,,,,,,19 20,20.0,19.0,134-141,141.0,134.0,85.0,85.0,85.0,mm,,,,,,,,,,,,
_measure_3,manuscript_12119,,,"Cambridge, University Library, MS Add. 3122",part,,,,,,,,,,,,,,,,,,,,,,200.0,200.0,200.0,148.0,148.0,148.0,,,,mm,1.0,1.0,1.0,,,,,,,,,,,,22 26,26.0,22.0,175.0,175.0,175.0,125.0,125.0,125.0,mm,,,,,,,,,,,,
_measure_4,manuscript_12119,,,"Cambridge, University Library, MS Add. 3122",part,,,,,,,,,,,,,,,,,,,,,,200.0,200.0,200.0,137.0,137.0,137.0,,,,mm,1.0,1.0,1.0,,,,,,,,,,,,20.0,20.0,20.0,139.0,139.0,139.0,95.0,95.0,95.0,mm,,,,,,,,,,,,
_measure_5,manuscript_12119,,,"Cambridge, University Library, MS Add. 3122",part,,,,,,,,,,,,,,,,,,,,,,200.0,200.0,200.0,137.0,137.0,137.0,,,,mm,1.0,1.0,1.0,,,,,,,,,,,,19.0,19.0,19.0,81.0,81.0,81.0,95.0,95.0,95.0,mm,,,,,,,,,,,,
_measure_1,manuscript_76360,,,"Cambridge, University Library, MS Add. 3166",manuscript,,MS-ADD-03166,,,,,,,,,,,,,,,,,,,,285.0,285.0,285.0,195-205,205.0,195.0,,,,mm,4.0,4.0,4.0,,,,,,,,,,,,44.0,44.0,44.0,236.0,236.0,236.0,172.0,172.0,172.0,mm,,,,,,,,,,,hardpoint,above
_measure_2,manuscript_76360,,,"Cambridge, University Library, MS Add. 3166",manuscript,,MS-ADD-03166,,,,,,,,,,,,,,,,,,,,285.0,285.0,285.0,195-205,205.0,195.0,,,,mm,2.0,2.0,2.0,,,,,,,,,,,,44.0,44.0,44.0,236.0,236.0,236.0,165.0,165.0,165.0,mm,,,,,,,,,,,hardpoint,above
_measure_3,manuscript_76360,,,"Cambridge, University Library, MS Add. 3166",manuscript,,MS-ADD-03166,,,,,,,,,,,,,,,,,,,,,,,,,,,,,,,,,,,,,,,,,,,,,,,,,,,,,,,,,,,,,,,,,
_measure_4,manuscript_76360,,,"Cambridge, University Library, MS Add. 3166",manuscript,,MS-ADD-03166,,,,,,,,,,,,,,,,,,,,,,,,,,,,,,,,,,,,,,,,,,,,,,,,,,,,,,,,,,,,,,,,,
_measure_1,manuscript_12120,,,"Cambridge, University Library, MS Add. 3324",manuscript-composite,,MS-ADD-03324,"Codex 366 , 222 150",366.0,,,,,,,,,,,,,,,,,,222.0,222.0,222.0,150.0,150.0,150.0,,,,mm,,,,,,,,,,,,,,,,,,,,,,,,,,,,,,,,,,,,
_measure_2,manuscript_12120,,,"Cambridge, University Library, MS Add. 3324",part,,,,,,,,,,,,,,,,,,,,,,,,,,,,,,,,1.0,1.0,1.0,,,,,,,,,,,,24.0,24.0,24.0,175.0,175.0,175.0,110.0,110.0,110.0,mm,,,,,,,,,,,,
_measure_3,manuscript_12120,,,"Cambridge, University Library, MS Add. 3324",part,,,,,,,,,,,,,,,,,,,,,,,,,,,,,,,,1.0,1.0,1.0,,,,,,,,,,,,22.0,22.0,22.0,180.0,180.0,180.0,110-115 ca.,115.0,110.0,mm,,,,,,,,,,,,
_measure_1,manuscript_12121,,,"Cambridge, University Library, MS Add. 3326",manuscript,,MS-ADD-03326,,,,,,,,,,,,,,,,,,,,217.0,217.0,217.0,165.0,165.0,165.0,,,,mm,1.0,1.0,1.0,,,,,,,,,,,,24.0,24.0,24.0,160.0,160.0,160.0,115.0,115.0,115.0,mm,,,,,,,,,,,hardpoint,below
_measure_1,manuscript_12122,,,"Cambridge, University Library, MS Add. 3561",manuscript,,MS-ADD-03561,"Codex 1 + 60 , 190 125",60.0,1.0,,,,,,,,,,,,,,,,,190.0,190.0,190.0,125.0,125.0,125.0,,,,mm,1.0,1.0,1.0,,,,,,,,,,,,21.0,21.0,21.0,140.0,140.0,140.0,80.0,80.0,80.0,mm,,,,,,,,,,,,
_measure_1,manuscript_12123,,,"Cambridge, University Library, MS Add. 3574",manuscript,,MS-ADD-3574,Codex 228 350 260,228.0,,,,,,,,,,,,,,,,,,350.0,350.0,350.0,260.0,260.0,260.0,,,,mm,1.0,1.0,1.0,,,,,,,,,,,,32.0,32.0,32.0,246.0,246.0,246.0,180.0,180.0,180.0,mm,,,,,,,,,,,hardpoint,below
_measure_2,manuscript_12123,,,"Cambridge, University Library, MS Add. 3574",manuscript,,MS-ADD-3574,,,,,,,,,,,,,,,,,,,,,,,,,,,,,,,,,,,,,,,,,,,,,,,,,,,,,,,,,,,,,,,,,
_measure_1,manuscript_12124,,,"Cambridge, University Library, MS Add. 3849",manuscript-composite,,MS-ADD-03849,Codex 43,43.0,,,,,,,,,,,,,,,,,,,,,,,,,,,,,,,,,,,,,,,,,,,,,,,,,,,,,,,,,,,,,,,
_measure_2,manuscript_12124,,,"Cambridge, University Library, MS Add. 3849",part,,,,,,,,,,,,,,,,,,,,,,253.0,253.0,253.0,175.0,175.0,175.0,,,,mm,1.0,1.0,1.0,,,,,,,,,,,,26.0,26.0,26.0,180.0,180.0,180.0,115.0,115.0,115.0,mm,,,,,,,,,,,,
_measure_3,manuscript_12124,,,"Cambridge, University Library, MS Add. 3849",part,,,,,,,,,,,,,,,,210.0,210.0,100.0,100.0,100.0,mm,,,,,,,,,,,,,,,,,,,,,,,,,,,,180.0,180.0,180.0,115.0,115.0,115.0,mm,,,,,,,,,,,,
_measure_4,manuscript_12124,,,"Cambridge, University Library, MS Add. 3849",part,,,,,,,,,,,,,,,,220.0,220.0,134.0,134.0,134.0,mm,,,,,,,,,,,2.0,2.0,2.0,,,,,,,,,,,,27.0,27.0,27.0,,,,,,,,,,,,,,,,,,,
_measure_5,manuscript_12124,,,"Cambridge, University Library, MS Add. 3849",part,,,,,,,,,,,,,,,,188.0,188.0,132.0,132.0,132.0,mm,,,,,,,,,,,1.0,1.0,1.0,,,,,,,,,,,,16.0,16.0,16.0,,,,,,,,,,,,,,,,,,,
_measure_6,manuscript_12124,,,"Cambridge, University Library, MS Add. 3849",part,,,,,,,,,,,,,,,,,,,,,,,,,,,,,,,,1.0,1.0,1.0,,,,,,,,,,,,13.0,13.0,13.0,,,,,,,,,,,,,,,,,,,
_measure_1,manuscript_1,,,"Cambridge, University Library, MS Add. 4085",manuscript,,MS-ADD-04085,Codex: ii + 74 + ii leaves. 105 75,74.0,,4.0,,,,,,,,,,,,,,,,105.0,105.0,105.0,75.0,75.0,75.0,,,,mm,1.0,1.0,1.0,,,,,,,,,,,,14.0,14.0,14.0,55.0,55.0,55.0,35.0,35.0,35.0,mm,,,,,,,,,,,leadpoint,below
_measure_2,manuscript_1,,,"Cambridge, University Library, MS Add. 4085",manuscript,,MS-ADD-04085,,,,,,,,,,,,,,,,,,,,,,,,,,,,,,,,,,,,,,,,,,,,,,,,,,,,,,,,,,,,,,,,,
_measure_3,manuscript_1,,,"Cambridge, University Library, MS Add. 4085",manuscript,,MS-ADD-04085,,,,,,,,,,,,,,,,,,,,,,,,,,,,,,,,,,,,,,,,,,,,,,,,,,,,,,,,,,,,,,,,,
_measure_1,manuscript_1,,,"Cambridge, University Library, MS Add. 4087",manuscript,,MS-ADD-04087,Codex: i + 3 + 278 leaves. 175 135-145,278.0,3.0,1.0,,,,,,,,,,,,,,,,175.0,175.0,175.0,135-145,145.0,135.0,,,,mm,1.0,1.0,1.0,,,,,,,,,,,,34.0,34.0,34.0,135.0,135.0,135.0,85.0,85.0,85.0,mm,,,,,,,,,,,leadpoint,below
_measure_2,manuscript_1,,,"Cambridge, University Library, MS Add. 4087",manuscript,,MS-ADD-04087,,,,,,,,,,,,,,,,,,,,,,,,,,,,,,,,,,,,,,,,,,,,,,,,,,,,,,,,,,,,,,,,,
_measure_1,manuscript_77234.22,,,"Cambridge, University Library, MS Add. 4166.22",manuscript,,MS-ADD-04166-00022,Fragment (scrap) 1 272 216,1.0,,,,,,,,,,,,,,,,,,272.0,272.0,272.0,216.0,216.0,216.0,,,,mm,2.0,2.0,2.0,,,,,,,,,,,,40.0,40.0,40.0,228.0,228.0,228.0,170.0,170.0,170.0,mm,,,,,,,,,,,hardpoint,below
_measure_1,manuscript_77234,,,"Cambridge, University Library, MS Add. 4166.23",manuscript,,MS-ADD-04166-00023,,,,,,,,,,,,,,,,,,,,96.0,96.0,96.0,77.0,77.0,77.0,,,,mm,,,,,,,,,,,,,,,,,,,,,,,,,,,,,,,,,,,,
_measure_1,manuscript_77234.24,,,"Cambridge, University Library, MS Add. 4166.24",manuscript,,MS-ADD-04166-00024,Fragment (scrap) 1 188 111,1.0,,,,,,,,,,,,188.0,188.0,111.0,111.0,111.0,mm,,,,,,,,,,,1.0,1.0,1.0,,,,,,,,,,,,16.0,16.0,16.0,1700.0,1700.0,1700.0,100.0,100.0,100.0,mm,,,,,,,,,,,,
_measure_1,manuscript_77234,,,"Cambridge, University Library, MS Add. 4166.25",manuscript,,MS-ADD-04166-00025,,,,,,,,,,,,,,,,,,,,226.0,226.0,226.0,165.0,165.0,165.0,,,,mm,,,,,,,,,,,,,,,,,,,,,,,,,,,,,,,,,,,,
_measure_1,manuscript_12125,,,"Cambridge, University Library, MS Add. 4173",manuscript,,MS-ADD-04173,"Codex i + 180 + i , 145 105",180.0,2.0,,,,,,,,,,,,,,,,,145.0,145.0,145.0,105.0,105.0,105.0,,,,mm,1.0,1.0,1.0,,,,,,,,,,,,25 27,27.0,25.0,ca. 120-125,125.0,120.0,ca. 80-90,90.0,80.0,mm,,,,,,,,,,,,
_measure_1,manuscript_12127,,,"Cambridge, University Library, MS Add. 4489",manuscript-composite,,MS-ADD-04489,"Fragment (leaves) 16 ff. 1-9, 11-16 410 255 f. 10 360 235",16.0,,,,,,,,,,,,,,,,,,410.0,410.0,410.0,255.0,255.0,255.0,,,,mm,,,,,,,,,,,,,,,,,,,,,,,,,,,,,,,,,,,,
_measure_2,manuscript_12127,,,"Cambridge, University Library, MS Add. 4489",manuscript-composite,,MS-ADD-04489,,,,,,,,,,,,,,,,,,,,,,,,,,,,,,,,,,,,,,,,,,,,,,,,,,,,,,,,,,,,,,,,,
_measure_3,manuscript_12127,,,"Cambridge, University Library, MS Add. 4489",part,,,,,,,,,,,,,,,,,,,,,,,,,,,,,,,,2.0,2.0,2.0,,,,,,,,,,,,39.0,39.0,39.0,312.0,312.0,312.0,193.0,193.0,193.0,mm,,,,,,,,,,,hardpoint,above
_measure_4,manuscript_12127,,,"Cambridge, University Library, MS Add. 4489",part,,,,,,,,,,,,,,,,,,,,,,,,,,,,,,,,2.0,2.0,2.0,,,,,,,,,,,,15 25,25.0,15.0,190-195,195.0,190.0,160-180,180.0,160.0,mm,,,,,,,,,,,,
_measure_5,manuscript_12127,,,"Cambridge, University Library, MS Add. 4489",part,,,,,,,,,,,,,,,,,,,,,,,,,,,,,,,,2.0,2.0,2.0,,,,,,,,,,,,23.0,23.0,23.0,180.0,180.0,180.0,160.0,160.0,160.0,mm,,,,,,,,,,,hardpoint,below
_measure_1,manuscript_12128,,,"Cambridge, University Library, MS Add. 4490",manuscript,,MS-ADD-04490,,,,,,,,,,,,,,,,,,,,322.0,322.0,322.0,237.0,237.0,237.0,,,,mm,1.0,1.0,1.0,,,,,,,,,,,,29.0,29.0,29.0,212.0,212.0,212.0,135.0,135.0,135.0,mm,,,,,,,,,,,hardpoint,below
_measure_1,manuscript_12129,,,"Cambridge, University Library, MS Add. 4491",manuscript,,MS-ADD-04491,"Fragment (quire, leaves) 14 275 204",14.0,,,,,,,,,,,,275.0,275.0,204.0,204.0,204.0,mm,,,,,,,,,,,1.0,1.0,1.0,,,,,,,,,,,,25.0,25.0,25.0,185.0,185.0,185.0,120.0,120.0,120.0,mm,,,,,,,,,,,hardpoint,below
_measure_1,manuscript_12130,,,"Cambridge, University Library, MS Add. 4541",manuscript,,MS-ADD-04541,,,,,,,,,,,,,,204.0,204.0,149.0,149.0,149.0,mm,,,,,,,,,,,2.0,2.0,2.0,,,,,,,,,,,,,,,,,,,,,,,,,,,,,,,,hardpoint,below
_measure_1,manuscript_1,,,"Cambridge, University Library, MS Add. 5368",manuscript,,MS-ADD-05368,Codex: 3 + 176 leaves. 330 205,176.0,3.0,,,,,,,,,,,,,,,,,330.0,330.0,330.0,205.0,205.0,205.0,,,,mm,1.0,1.0,1.0,,,,,,,,,,,,34.0,34.0,34.0,245.0,245.0,245.0,140.0,140.0,140.0,mm,,,,,,,,,,,leadpoint,above
_measure_1,manuscript_12132,,,"Cambridge, University Library, MS Add. 6009",manuscript-composite,,MS-ADD-06009,Codex ii + 193 306 214,193.0,2.0,,,,,,,,,,,,,,,,,306.0,306.0,306.0,214.0,214.0,214.0,,,,mm,,,,,,,,,,,,,,,,,,,,,,,,,,,,,,,,,,,,
_measure_2,manuscript_12132,,,"Cambridge, University Library, MS Add. 6009",manuscript-composite,,MS-ADD-06009,,,,,,,,,,,,,,,,,,,,,,,,,,,,,,,,,,,,,,,,,,,,,,,,,,,,,,,,,,,,,,,,,
_measure_3,manuscript_12132,,,"Cambridge, University Library, MS Add. 6009",part,,,,,,,,,,,,,,,,,,,,,,,,,,,,,,,,1.0,1.0,1.0,,,,,,,,,,,,34.0,34.0,34.0,210.0,210.0,210.0,145.0,145.0,145.0,mm,,,,,,,,,,,,
_measure_4,manuscript_12132,,,"Cambridge, University Library, MS Add. 6009",part,,,,,,,,,,,,,,,,,,,,,,,,,,,,,,,,1.0,1.0,1.0,,,,,,,,,,,,31.0,31.0,31.0,222.0,222.0,222.0,135.0,135.0,135.0,mm,,,,,,,,,,,,
_measure_5,manuscript_12132,,,"Cambridge, University Library, MS Add. 6009",part,,,,,,,,,,,,,,,,,,,,,,,,,,,,,,,,1.0,1.0,1.0,,,,,,,,,,,,33.0,33.0,33.0,234-267,267.0,234.0,160-170,170.0,160.0,mm,,,,,,,,,,,,
_measure_6,manuscript_12132,,,"Cambridge, University Library, MS Add. 6009",part,,,,,,,,,,,,,,,,,,,,,,,,,,,,,,,,1.0,1.0,1.0,,,,,,,,,,,,43 49,49.0,43.0,275-285,285.0,275.0,190.0,190.0,190.0,mm,,,,,,,,,,,,
_measure_1,manuscript_77940,,,"Cambridge, University Library, MS Add. 6220.10",manuscript,,MS-ADD-06220-00010,,,,,,,,,,,,,,,,,,,,82.0,82.0,82.0,112.0,112.0,112.0,,,,mm,,,,,,,,,,,,,,,,,,,,,,,,,,,,,,,,,,,,
_measure_1,manuscript_77940,,,"Cambridge, University Library, MS Add. 6220.11",manuscript,,MS-ADD-06220-00011,,,,,,,,,,,,,,,,,,,,210.0,210.0,210.0,155.0,155.0,155.0,,,,mm,1.0,1.0,1.0,,,,,,,,,,,,20.0,20.0,20.0,155.0,155.0,155.0,100.0,100.0,100.0,mm,,,,,,,,,,,,
_measure_1,manuscript_12137,,,"Cambridge, University Library, MS Add. 6314",manuscript,,MS-ADD-06314,"Codex 97 , 190 140",97.0,,,,,,,,,,,,,,,,,,190.0,190.0,190.0,140.0,140.0,140.0,,,,mm,1 2,2.0,1.0,,,,,,,,,,,,29 44,44.0,29.0,170.0,170.0,170.0,130.0,130.0,130.0,mm,,,,,,,,,,,,
_measure_2,manuscript_12137,,,"Cambridge, University Library, MS Add. 6314",manuscript,,MS-ADD-06314,"Codex 97 , 190 140",97.0,,,,,,,,,,,,,,,,,,190.0,190.0,190.0,140.0,140.0,140.0,,,,mm,1.0,1.0,1.0,,,,,,,,,,,,16 30,30.0,16.0,130.0,130.0,130.0,75.0,75.0,75.0,mm,,,,,,,,,,,,
_measure_1,manuscript_12139,,,"Cambridge, University Library, MS Add. 6677",manuscript-composite,,MS-ADD-06677,,,,,,,,,,,,,,,,,,,,223.0,223.0,223.0,170.0,170.0,170.0,,,,mm,,,,,,,,,,,,,,,,,,,,,,,,,,,,,,,,,,,,
_measure_2,manuscript_12139,,,"Cambridge, University Library, MS Add. 6677",part,,,,,,,,,,,,,,,,,,,,,,,,,,,,,,,,1.0,1.0,1.0,,,,,,,,,,,,30 31,31.0,30.0,160.0,160.0,160.0,105.0,105.0,105.0,mm,,,,,,,,,,,,
_measure_3,manuscript_12139,,,"Cambridge, University Library, MS Add. 6677",part,,,,,,,,,,,,,,,,,,,,,,,,,,,,,,,,1.0,1.0,1.0,,,,,,,,,,,,33 35,35.0,33.0,199-206,206.0,199.0,142.0,142.0,142.0,mm,,,,,,,,,,,,
_measure_4,manuscript_12139,,,"Cambridge, University Library, MS Add. 6677",part,,,,,,,,,,,,,,,,,,,,,,,,,,,,,,,,1.0,1.0,1.0,,,,,,,,,,,,23.0,23.0,23.0,144.0,144.0,144.0,102.0,102.0,102.0,mm,,,,,,,,,,,hardpoint,below
_measure_1,manuscript_12140,,,"Cambridge, University Library, MS Add. 6678",manuscript,,MS-ADD-06678,,,,,,,,,,,,,,,,,,,,188.0,188.0,188.0,135.0,135.0,135.0,,,,mm,1.0,1.0,1.0,,,,,,,,,,,,30.0,30.0,30.0,141.0,141.0,141.0,92.0,92.0,92.0,mm,,,,,,,,,,,hardpoint,below
_measure_1,manuscript_1,,,"Cambridge, University Library, MS Add. 6865",manuscript-composite,,MS-ADD-06865,Codex: i + 12 | 123 + 1 leaves.,,,,,,,,,,,,,,,,,,,,,,,,,,,,,,,,,,,,,,,,,,,,,,,,,,,,,,,,,,,,,,,,
_measure_2,manuscript_1,,,"Cambridge, University Library, MS Add. 6865",part,,,Codex: 12 leaves. 245 160,12.0,,,,,,,,,,,,,,,,,,245.0,245.0,245.0,160.0,160.0,160.0,,,,mm,2.0,2.0,2.0,,,,,,,,,,,,40.0,40.0,40.0,180.0,180.0,180.0,115.0,115.0,115.0,mm,,,,,,,,,,,mixed,above
_measure_3,manuscript_1,,,"Cambridge, University Library, MS Add. 6865",part,,,Codex: 123 leaves. 240 165,,,,,,,,,,,,,,,,,,,240.0,240.0,240.0,165.0,165.0,165.0,,,,mm,2.0,2.0,2.0,,,,,,,,,,,,37.0,37.0,37.0,190.0,190.0,190.0,115.0,115.0,115.0,mm,,,,,,,,,,,ink,above
_measure_1,manuscript_12141,,,"Cambridge, University Library, MS Add. 7216",manuscript,,MS-ADD-07216,,,,,,,,,,,,,,,,,,,,179.0,179.0,179.0,130.0,130.0,130.0,,,,mm,1.0,1.0,1.0,,,,,,,,,,,,11.0,11.0,11.0,133.0,133.0,133.0,90.0,90.0,90.0,mm,,,,,,,,,,,hardpoint,
_measure_1,manuscript_1,,,"Cambridge, University Library, MS Add. 7307",manuscript,,MS-ADD-07307,,,,,,,,,,,,,,,,,,,,,,,,,,,,,,,,,,,,,,,,,,,,,,,,,,,,,,,,,,,,,,,,,
_measure_1,manuscript_12143,,,"Cambridge, University Library, MS Add. 7593",manuscript-composite,,MS-ADD-07593,,,,,,,,,,,,,,,,,,,,,,,,,,,,,,,,,,,,,,,,,,,,,,,,,,,,,,,,,,,,,,,,,
_measure_2,manuscript_12143,,,"Cambridge, University Library, MS Add. 7593",part,,,,,,,,,,,,,,,,,,,,,,311.0,311.0,311.0,225.0,225.0,225.0,,,,mm,1.0,1.0,1.0,,,,,,,,,,,,32.0,32.0,32.0,210.0,210.0,210.0,140.0,140.0,140.0,mm,,,,,,,,,,,,
_measure_3,manuscript_12143,,,"Cambridge, University Library, MS Add. 7593",part,,,,,,,,,,,,,,,,,,,,,,304.0,304.0,304.0,222.0,222.0,222.0,,,,mm,1.0,1.0,1.0,,,,,,,,,,,,33.0,33.0,33.0,219.0,219.0,219.0,170.0,170.0,170.0,mm,,,,,,,,,,,,
_measure_4,manuscript_12143,,,"Cambridge, University Library, MS Add. 7593",part,,,,,,,,,,,,,,,,,,,,,,316.0,316.0,316.0,230.0,230.0,230.0,,,,mm,2.0,2.0,2.0,,,,,,,,,,,,32.0,32.0,32.0,234.0,234.0,234.0,135.0,135.0,135.0,mm,,,,,,,,,,,,
_measure_5,manuscript_12143,,,"Cambridge, University Library, MS Add. 7593",part,,,,,,,,,,,,,,,,,,,,,,308.0,308.0,308.0,205.0,205.0,205.0,,,,mm,1.0,1.0,1.0,,,,,,,,,,,,29.0,29.0,29.0,204.0,204.0,204.0,150.0,150.0,150.0,mm,,,,,,,,,,,,
_measure_1,manuscript_76361,,,"Cambridge, University Library, MS Add. 7872",manuscript-composite,,MS-ADD-07872,,,,,,,,,,,,,,,,,,,,346.0,346.0,346.0,226.0,226.0,226.0,,,,mm,,,,,,,,,,,,,,,,,,,,,,,,,,,,,,,,,,,,
_measure_2,manuscript_76361,,,"Cambridge, University Library, MS Add. 7872",part,,,,,,,,,,,,,,,,,,,,,,,,,,,,,,,,1.0,1.0,1.0,,,,,,,,,,,,29.0,29.0,29.0,223.0,223.0,223.0,192.0,192.0,192.0,mm,,,,,,,,,,,,
_measure_3,manuscript_76361,,,"Cambridge, University Library, MS Add. 7872",part,,,,,,,,,,,,,,,,,,,,,,,,,,,,,,,,2.0,2.0,2.0,,,,,,,,,,,,30.0,30.0,30.0,230.0,230.0,230.0,133.0,133.0,133.0,mm,,,,,,,,,,,hardpoint,below
_measure_1,manuscript_1,,,"Cambridge, University Library, MS Add. 7912",manuscript,,MS-ADD-07912,Codex: i + 305 + i leaves. The manuscript contains 304 leaves with an additional paper strip (f. 8a). 175 135-145,305.0,,2.0,,,,,,,,,,,,,,,,175.0,175.0,175.0,135-145,145.0,135.0,,,,mm,1.0,1.0,1.0,,,,,,,,,,,,23 35,35.0,23.0,140-160,160.0,140.0,90-100,100.0,90.0,mm,,,,,,,,,,,hardpoint,below
_measure_1,manuscript_1,,,"Cambridge, University Library, MS Add. 9213",manuscript-composite,,MS-ADD-09213,Codex: 1 + ii + 1 + 230 + ii | i leaves.,230.0,2.0,5.0,,,,,,,,,,,,,,,,,,,,,,,,,,,,,,,,,,,,,,,,,,,,,,,,,,,,,,,,,,,,,
_measure_2,manuscript_1,,,"Cambridge, University Library, MS Add. 9213",part,,,Codex: 2 + 230 leaves. 220 160,23.0,2.0,,,,,,,,,,,,,,,,,220.0,220.0,220.0,160.0,160.0,160.0,,,,mm,2.0,2.0,2.0,,,,,,,,,,,,29 31,31.0,29.0,185.0,185.0,185.0,115.0,115.0,115.0,mm,,,,,,,,,,,mixed,above
_measure_3,manuscript_1,,,"Cambridge, University Library, MS Add. 9213",part,,,Fragment: 1 leaf 43 218,1.0,,,,,,,,,,,,43.0,43.0,218.0,218.0,218.0,mm,,,,,,,,,,,1.0,1.0,1.0,,,,,,,,,,,,6.0,6.0,6.0,39.0,39.0,39.0,212.0,212.0,212.0,mm,,,,,,,,,,,none,
_measure_1,manuscript_1,,,"Cambridge, University Library, MS Add. 9308",manuscript-composite,,MS-ADD-09308,Codex: 6 + 90 leaves. 105 85,6.0,,,,,,,,,,,,,,,,,,105.0,105.0,105.0,85.0,85.0,85.0,,,,mm,,,,,,,,,,,,,,,,,,,,,,,,,,,,,,,,,,,,
_measure_2,manuscript_1,,,"Cambridge, University Library, MS Add. 9308",part,,,Codex: 6 leaves. 105 85,6.0,,,,,,,,,,,,,,,,,,105.0,105.0,105.0,85.0,85.0,85.0,,,,mm,1.0,1.0,1.0,,,,,,,,,,,,16.0,16.0,16.0,70.0,70.0,70.0,50.0,50.0,50.0,mm,,,,,,,,,,,ink,below
_measure_3,manuscript_1,,,"Cambridge, University Library, MS Add. 9308",part,,,Codex: 90 leaves. 105 85,6.0,,,,,,,,,,,,,,,,,,105.0,105.0,105.0,85.0,85.0,85.0,,,,mm,1.0,1.0,1.0,,,,,,,,,,,,16.0,16.0,16.0,70.0,70.0,70.0,45-50,50.0,45.0,mm,,,,,,,,,,,ink,below
_measure_1,manuscript_1,,,"Cambridge, University Library, MS Add. 9309",manuscript,,MS-ADD-09309,Codex: 34 leaves. Only small portions of the second leaf (f. 2r-2v and f. [2a]) remain. A single fragment of another missing leaf features after f. 19 (f. [19a]). 175 135-145,34.0,,,,,,,,,,,,,,,,,,175.0,175.0,175.0,135-145,145.0,135.0,,,,mm,1.0,1.0,1.0,,,,,,,,,,,,30.0,30.0,30.0,185.0,185.0,185.0,120-125,125.0,120.0,mm,,,,,,,,,,,none,
_measure_1,manuscript_73427.1,,,"Cambridge, University Library, MS Add. 10062",manuscript,,MS-ADD-10062-OVERTEXT,176 ff. 280 170-178,176.0,,,,,,,,,,,,,,,,,,280.0,280.0,280.0,170-178,178.0,170.0,,,,mm,1.0,1.0,1.0,,,,,,,,,,,,31 38,38.0,31.0,220-230,230.0,220.0,130.0,130.0,130.0,mm,,,,,,,,,,,hardpoint,
_measure_2,manuscript_73427.1,,,"Cambridge, University Library, MS Add. 10062",manuscript,,MS-ADD-10062-OVERTEXT,176 ff. 280 170-178,176.0,,,,,,,,,,,,,,,,,,280.0,280.0,280.0,170-178,178.0,170.0,,,,mm,1.0,1.0,1.0,,,,,,,,,,,,25 29,29.0,25.0,195.0,195.0,195.0,120.0,120.0,120.0,mm,,,,,,,,,,,,
_measure_1,manuscript_11797,,,"Cambridge, University Library, MS Add. 10070",manuscript,,MS-ADD-10070,Codex 288 277 223,288.0,,,,,,,,,,,,,,,,,,277.0,277.0,277.0,223.0,223.0,223.0,,,,mm,2.0,2.0,2.0,,,,,,,,,,,,20.0,20.0,20.0,200.0,200.0,200.0,150.0,150.0,150.0,mm,,,,,,,,,,,hardpoint,below
_measure_2,manuscript_11797,,,"Cambridge, University Library, MS Add. 10070",manuscript,,MS-ADD-10070,Codex 288 277 223,288.0,,,,,,,,,,,,,,,,,,277.0,277.0,277.0,223.0,223.0,223.0,,,,mm,2.0,2.0,2.0,,,,,,,,,,,,20 21,21.0,20.0,200.0,200.0,200.0,150.0,150.0,150.0,mm,,,,,,,,,,,hardpoint,mixed
_measure_3,manuscript_11797,,,"Cambridge, University Library, MS Add. 10070",manuscript,,MS-ADD-10070,Codex 288 277 223,288.0,,,,,,,,,,,,,,,,,,277.0,277.0,277.0,223.0,223.0,223.0,,,,mm,2.0,2.0,2.0,,,,,,,,,,,,20.0,20.0,20.0,200.0,200.0,200.0,150.0,150.0,150.0,mm,,,,,,,,,,,hardpoint,below
_measure_1,manuscript_12147,,,"Cambridge, University Library, MS Dd.2.22",manuscript-composite,,MS-DD-00002-00022,,,,,,,,,,,,,,,,,,,,320.0,320.0,320.0,233.0,233.0,233.0,,,,mm,,,,,,,,,,,,,,,,,,,,,,,,,,,,,,,,,,,,
_measure_2,manuscript_12147,,,"Cambridge, University Library, MS Dd.2.22",part,,,,,,,,,,,,,,,,,,,,,,,,,,,,,,,,2.0,2.0,2.0,,,,,,,,,,,,38.0,38.0,38.0,232.0,232.0,232.0,165.0,165.0,165.0,mm,,,,,,,,,,,crayon,above
_measure_3,manuscript_12147,,,"Cambridge, University Library, MS Dd.2.22",part,,,,,,,,,,,,,,,,,,,,,,,,,,,,,,,,1.0,1.0,1.0,,,,,,,,,,,,49 72,72.0,49.0,252.0,252.0,252.0,160.0,160.0,160.0,mm,,,,,,,,,,,hardpoint,mixed
_measure_1,manuscript_12148,,,"Cambridge, University Library, MS Dd.2.51",manuscript-composite,,MS-DD-00002-00051,Codex i + 7 + 233 + 3 260 210,233.0,10.0,1.0,,,,,,,,,,,,,,,,260.0,260.0,260.0,210.0,210.0,210.0,,,,mm,,,,,,,,,,,,,,,,,,,,,,,,,,,,,,,,,,,,
_measure_2,manuscript_12148,,,"Cambridge, University Library, MS Dd.2.51",part,,,,,,,,,,,,,,,,,,,,,,,,,,,,,,,,1.0,1.0,1.0,,,,,,,,,,,,31.0,31.0,31.0,219.0,219.0,219.0,137.0,137.0,137.0,mm,,,,,,,,,,,,
_measure_3,manuscript_12148,,,"Cambridge, University Library, MS Dd.2.51",part,,,,,,,,,,,,,,,,,,,,,,,,,,,,,,,,1.0,1.0,1.0,,,,,,,,,,,,43.0,43.0,43.0,212.0,212.0,212.0,147.0,147.0,147.0,mm,,,,,,,,,,,,
_measure_4,manuscript_12148,,,"Cambridge, University Library, MS Dd.2.51",part,,,,,,,,,,,,,,,,,,,,,,,,,,,,,,,,1.0,1.0,1.0,,,,,,,,,,,,43 54,54.0,43.0,210-229,229.0,210.0,147.0,147.0,147.0,mm,,,,,,,,,,,,
_measure_1,manuscript_12150,,,"Cambridge, University Library, MS Dd.3.50",manuscript-composite,,MS-DD-00003-00050,Codex iii + 1 + 173 + iii 270 180,173.0,1.0,6.0,,,,,,,,,,,,,,,,270.0,270.0,270.0,180.0,180.0,180.0,,,,mm,,,,,,,,,,,,,,,,,,,,,,,,,,,,,,,,,,,,
_measure_2,manuscript_12150,,,"Cambridge, University Library, MS Dd.3.50",part,,,,,,,,,,,,,,,,,,,,,,,,,,,,,,,,2.0,2.0,2.0,,,,,,,,,,,,26.0,26.0,26.0,210-222,222.0,210.0,155.0,155.0,155.0,mm,,,,,,,,,,,hardpoint,below
_measure_3,manuscript_12150,,,"Cambridge, University Library, MS Dd.3.50",part,,,,,,,,,,,,,,,,,,,,,,,,,,,,,,,,1.0,1.0,1.0,,,,,,,,,,,,25.0,25.0,25.0,185-190,190.0,185.0,110.0,110.0,110.0,mm,,,,,,,,,,,hardpoint,below
_measure_1,manuscript_1,,,"Cambridge, University Library, MS Dd.3.51",manuscript-composite,,MS-DD-00003-00051,Codex: 5 | 107 | 14 leaves.,126.0,,,,,,,,,,,,,,,,,,,,,,,,,,,,,,,,,,,,,,,,,,,,,,,,,,,,,,,,,,,,,,,
_measure_2,manuscript_1,,,"Cambridge, University Library, MS Dd.3.51",part,,,Codex: 5 leaves. 145-270 190,5.0,,,,,,,,,,,,,,,,,,145-270,270.0,145.0,190.0,190.0,190.0,,,,mm,4.0,4.0,4.0,,,,,,,,,,,,48.0,48.0,48.0,205.0,205.0,205.0,120.0,120.0,120.0,mm,,,,,,,,,,,leadpoint,above
_measure_3,manuscript_1,,,"Cambridge, University Library, MS Dd.3.51",part,,,Codex: 107 leaves.,107.0,,,,,,,,,,,,,,,,,,,,,,,,,,,,2.0,2.0,2.0,,,,,,,,,,,,29 39,39.0,29.0,200-215,215.0,200.0,145-165,165.0,145.0,mm,,,,,,,,,,,leadpoint,above
_measure_4,manuscript_1,,,"Cambridge, University Library, MS Dd.3.51",part,,,,,,,,,,,,,,,,,,,,,,,,,,,,,,,,1.0,1.0,1.0,,,,,,,,,,,,35 37,37.0,35.0,220.0,220.0,220.0,180.0,180.0,180.0,mm,,,,,,,,,,,,
_measure_1,manuscript_1,,,"Cambridge, University Library, MS Dd.3.52",manuscript,,MS-DD-00003-00052,Codex: i + 262 + i leaves. 290 215,262.0,,2.0,,,,,,,,,,,,,,,,290.0,290.0,290.0,215.0,215.0,215.0,,,,mm,1.0,1.0,1.0,,,,,,,,,,,,35 50,50.0,35.0,190-240,240.0,190.0,110-160,160.0,110.0,mm,,,,,,,,,,,plummet,above
_measure_1,manuscript_12151,,,"Cambridge, University Library, MS Dd.3.86.9",manuscript,,MS-DD-00003-00086-00009,"Codex iii + 29 + iii , 307 200",29.0,,6.0,,,,,,,,,,,,,,,,307.0,307.0,307.0,200.0,200.0,200.0,,,,mm,1.0,1.0,1.0,,,,,,,,,,,,38.0,38.0,38.0,255.0,255.0,255.0,150.0,150.0,150.0,mm,,,,,,,,,,,,
_measure_2,manuscript_12151,,,"Cambridge, University Library, MS Dd.3.86.9",manuscript,,MS-DD-00003-00086-00009,"Codex iii + 29 + iii , 307 200",29.0,,6.0,,,,,,,,,,,,,,,,307.0,307.0,307.0,200.0,200.0,200.0,,,,mm,1.0,1.0,1.0,,,,,,,,,,,,37 38,38.0,37.0,ca. 255-255,255.0,250.0,150.0,150.0,150.0,mm,,,,,,,,,,,,
_measure_1,manuscript_77483,,,"Cambridge, University Library, MS Dd.3.86.10-11",manuscript-composite,,MS-DD-00003-00086-00010-00011,"Codex i + 18 + i , ca. 210 140",18.0,,2.0,,,,,,,,,,,,,,,,210.0,210.0,210.0,140.0,140.0,140.0,,,,mm,,,,,,,,,,,,,,,,,,,,,,,,,,,,,,,,,,,,
_measure_2,manuscript_77483,,,"Cambridge, University Library, MS Dd.3.86.10-11",part,,,,,,,,,,,,,,,,,,,,,,,,,,,,,,,,1.0,1.0,1.0,,,,,,,,,,,,22.0,22.0,22.0,160.0,160.0,160.0,90.0,90.0,90.0,mm,,,,,,,,,,,,
_measure_3,manuscript_77483,,,"Cambridge, University Library, MS Dd.3.86.10-11",part,,,,,,,,,,,,,,,,,,,,,,,,,,,,,,,,1.0,1.0,1.0,,,,,,,,,,,,21.0,21.0,21.0,150.0,150.0,150.0,90.0,90.0,90.0,mm,,,,,,,,,,,,
_measure_1,manuscript_12152,,,"Cambridge, University Library, MS Dd.4.16",manuscript-composite,,MS-DD-00004-00016,,,,,,,,,,,,,,,,,,,,210.0,210.0,210.0,145.0,145.0,145.0,,,,mm,,,,,,,,,,,,,,,,,,,,,,,,,,,,,,,,,,,,
_measure_2,manuscript_12152,,,"Cambridge, University Library, MS Dd.4.16",part,,,,,,,,,,,,,,,,,,,,,,,,,,,,,,,,1.0,1.0,1.0,,,,,,,,,,,,27.0,27.0,27.0,155.0,155.0,155.0,100.0,100.0,100.0,mm,,,,,,,,,,,,
_measure_3,manuscript_12152,,,"Cambridge, University Library, MS Dd.4.16",part,,,,,,,,,,,,,,,,,,,,,,,,,,,,,,,,1.0,1.0,1.0,,,,,,,,,,,,23.0,23.0,23.0,150.0,150.0,150.0,95.0,95.0,95.0,mm,,,,,,,,,,,,
_measure_4,manuscript_12152,,,"Cambridge, University Library, MS Dd.4.16",part,,,,,,,,,,,,,,,,,,,,,,,,,,,,,,,,1.0,1.0,1.0,,,,,,,,,,,,25 27,27.0,25.0,145.0,145.0,145.0,90.0,90.0,90.0,mm,,,,,,,,,,,,
_measure_1,manuscript_1,,,"Cambridge, University Library, MS Dd.4.24",manuscript,,MS-DD-00004-00024,"Codex: iv + 180 + iv leaves. 36 leaves of parchment or paper have been inserted in place of missing leaves as part of the volume's conservation. See Custodial History for further information. These inserted leaves have not been digitised, with two exceptions, where the remains of a leaf have been incorporated and mis-numbered (f. 37, as '36b'; and f. 188, as '188a'). 285 190 The dimensions here relate to the leaves of paper. Those of parchment are of irregular size and typically smaller than the paper leaves.",180.0,,8.0,,,,,,,,,,,,,,,,285.0,285.0,285.0,190.0,190.0,190.0,,,,mm,1.0,1.0,1.0,,,,,,,,,,,,41 48,48.0,41.0,220.0,220.0,210.0,110-140,140.0,110.0,mm,,,,,,,,,,,mixed,below
_measure_2,manuscript_1,,,"Cambridge, University Library, MS Dd.4.24",manuscript,,MS-DD-00004-00024,,,,,,,,,,,,,,,,,,,,,,,,,,,,,,,,,,,,,,,,,,,,,,,,,,,,,,,,,,,,,,,,,
_measure_3,manuscript_1,,,"Cambridge, University Library, MS Dd.4.24",manuscript,,MS-DD-00004-00024,,,,,,,,,,,,,,,,,,,,,,,,,,,,,,,,,,,,,,,,,,,,,,,,,,,,,,,,,,,,,,,,,
_measure_1,manuscript_12153,,,"Cambridge, University Library, MS Dd.4.39",manuscript-composite,,MS-DD-00004-00039,Codex iv + 298 + iv,298.0,,8.0,,,,,,,,,,,,,,,,,,,,,,,,,,,,,,,,,,,,,,,,,,,,,,,,,,,,,,,,,,,,,
_measure_2,manuscript_12153,,,"Cambridge, University Library, MS Dd.4.39",part,,,,,,,,,,,,,,,,,,,,,,220.0,220.0,220.0,160.0,160.0,160.0,,,,mm,1.0,1.0,1.0,,,,,,,,,,,,21.0,21.0,21.0,142-166,166.0,142.0,105.0,105.0,105.0,mm,,,,,,,,,,,hardpoint,below
_measure_3,manuscript_12153,,,"Cambridge, University Library, MS Dd.4.39",part,,,,,,,,,,,,,,,,,,,,,,220.0,220.0,220.0,160.0,160.0,160.0,,,,mm,1.0,1.0,1.0,,,,,,,,,,,,21.0,21.0,21.0,166.0,166.0,166.0,105.0,105.0,105.0,mm,,,,,,,,,,,hardpoint,below
_measure_4,manuscript_12153,,,"Cambridge, University Library, MS Dd.4.39",part,,,,,,,,,,,,,,,,,,,,,,220.0,220.0,220.0,160.0,160.0,160.0,,,,mm,1.0,1.0,1.0,,,,,,,,,,,,16.0,16.0,16.0,148.0,148.0,148.0,105.0,105.0,105.0,mm,,,,,,,,,,,hardpoint,below
_measure_5,manuscript_12153,,,"Cambridge, University Library, MS Dd.4.39",part,,,,,,,,,,,,,,,,,,,,,,212.0,212.0,212.0,150.0,150.0,150.0,,,,mm,1.0,1.0,1.0,,,,,,,,,,,,20.0,20.0,20.0,143.0,143.0,143.0,95.0,95.0,95.0,mm,,,,,,,,,,,,
_measure_1,manuscript_12154,,,"Cambridge, University Library, MS Dd.4.40",manuscript,,MS-DD-00004-00040,,,,,,,,,,,,,,,,,,,,233.0,233.0,233.0,178.0,178.0,178.0,,,,mm,2.0,2.0,2.0,,,,,,,,,,,,36 41,41.0,36.0,230.0,230.0,230.0,175.0,175.0,175.0,mm,,,,,,,,,,,,
_measure_1,manuscript_12155,,,"Cambridge, University Library, MS Dd.4.42",manuscript,,MS-DD-00004-00042,Codex i + 167 + i 230 180,167.0,,1.0,,,,,,,,,,,,,,,,230.0,230.0,230.0,180.0,180.0,180.0,,,,mm,1.0,1.0,1.0,,,,,,,,,,,,32.0,32.0,32.0,165.0,165.0,165.0,135.0,135.0,135.0,mm,,,,,,,,,,,hardpoint,mixed
_measure_2,manuscript_12155,,,"Cambridge, University Library, MS Dd.4.42",manuscript,,MS-DD-00004-00042,,,,,,,,,,,,,,,,,,,,,,,,,,,,,,,,,,,,,,,,,,,,,,,,,,,,,,,,,,,,,,,,,
_measure_1,manuscript_12156,,,"Cambridge, University Library, MS Dd.4.63",manuscript,,MS-DD-00004-00063,Codex i-iii + iv-xii + 55 + xiii-xv 230-235 150,55.0,9.0,6.0,,,,,,,,,,,,,,,,230-235,235.0,230.0,150.0,150.0,150.0,,,,mm,1.0,1.0,1.0,,,,,,,,,,,,32 37,37.0,32.0,180-190,190.0,180.0,110-115,115.0,110.0,mm,,,,,,,,,,,,
_measure_1,manuscript_1,,,"Cambridge, University Library, MS Dd.5.5",manuscript,,MS-DD-00005-00005,Codex: i + 424 + i leaves. 200 135,424.0,,2.0,,,,,,,,,,,,,,,,200.0,200.0,200.0,135.0,135.0,135.0,,,,mm,2.0,2.0,2.0,,,,,,,,,,,,,,,130.0,130.0,130.0,85.0,85.0,85.0,mm,30.0,30.0,30.0,,,,,,,,ink,below
_measure_1,manuscript_1,,,"Cambridge, University Library, MS Dd.5.21",manuscript,,MS-DD-00005-00021,Codex: iv + 13 + iv leaves. 210 275,13.0,,8.0,,,,,,,,,,,,,,,,210.0,210.0,210.0,275.0,275.0,275.0,,,,mm,,,,,,,,,,,,,,,,,,,,,,,,,,,,,,,,,,,,
_measure_2,manuscript_1,,,"Cambridge, University Library, MS Dd.5.21",manuscript,,MS-DD-00005-00021,,,,,,,,,,,,,,,,,,,,,,,,,,,,,,,,,,,,,,,,,,,,,,,,,,,,,,,,,,,,,,,,,
_measure_3,manuscript_1,,,"Cambridge, University Library, MS Dd.5.21",manuscript,,MS-DD-00005-00021,,,,,,,,,,,,,,,,,,,,,,,,,,,,,,,,,,,,,,,,,,,,,,,,,,,,,,,,,,,,,,,,,
_measure_1,manuscript_12159,,,"Cambridge, University Library, MS Dd.5.29",manuscript,,MS-DD-00005-00029,"Codex 95 , 185 143",95.0,,,,,,,,,,,,,,,,,,185.0,185.0,185.0,143.0,143.0,143.0,,,,mm,1.0,1.0,1.0,,,,,,,,,,,,26 35,35.0,26.0,170.0,170.0,170.0,125.0,125.0,125.0,mm,,,,,,,,,,,,
_measure_1,manuscript_1,,,"Cambridge, University Library, MS Dd.5.53",manuscript-composite,,MS-DD-00005-00053,Codex: ii + 2 + 88 | 55 + iii leaves. 210 135-140,143.0,2.0,5.0,,,,,,,,,,,,,,,,210.0,210.0,210.0,135-140,140.0,135.0,,,,mm,,,,,,,,,,,,,,,,,,,,,,,,,,,,,,,,,,,,
_measure_2,manuscript_1,,,"Cambridge, University Library, MS Dd.5.53",part,,,Codex: 88 leaves.,88.0,,,,,,,,,,,,,,,,,,,,,,,,,,,,2.0,2.0,2.0,,,,,,,,,,,,30 34,34.0,30.0,210.0,210.0,210.0,135.0,135.0,135.0,mm,,,,,,,,,,,ink,below
_measure_3,manuscript_1,,,"Cambridge, University Library, MS Dd.5.53",part,,,Codex: 55 leaves.,55.0,,,,,,,,,,,,,,,,,,,,,,,,,,,,2.0,2.0,2.0,,,,,,,,,,,,30 32,32.0,30.0,210.0,210.0,210.0,135-140,140.0,135.0,mm,,,,,,,,,,,ink,below
_measure_1,manuscript_1,,,"Cambridge, University Library, MS Dd.5.76",manuscript-composite,,MS-DD-00005-00076,Codex: ii + 29 | 46 | 14 + vi leaves.,89.0,,8.0,,,,,,,,,,,,,,,,,,,,,,,,,,,,,,,,,,,,,,,,,,,,,,,,,,,,,,,,,,,,,
_measure_2,manuscript_1,,,"Cambridge, University Library, MS Dd.5.76",manuscript-composite,,MS-DD-00005-00076,,,,,,,,,,,,,,,,,,,,,,,,,,,,,,,,,,,,,,,,,,,,,,,,,,,,,,,,,,,,,,,,,
_measure_3,manuscript_1,,,"Cambridge, University Library, MS Dd.5.76",manuscript-composite,,MS-DD-00005-00076,,,,,,,,,,,,,,,,,,,,,,,,,,,,,,,,,,,,,,,,,,,,,,,,,,,,,,,,,,,,,,,,,
_measure_4,manuscript_1,,,"Cambridge, University Library, MS Dd.5.76",part,,,Codex: 27 leaves. 205 145,27.0,,,,,,,,,,,,,,,,,,205.0,205.0,205.0,145.0,145.0,145.0,,,,mm,1.0,1.0,1.0,,,,,,,,,,,,27.0,27.0,27.0,165.0,165.0,165.0,100.0,100.0,100.0,mm,,,,,,,,,,,ink,below
_measure_5,manuscript_1,,,"Cambridge, University Library, MS Dd.5.76",part,,,Codex: 2 leavves 205 140,2.0,,,,,,,,,,,,,,,,,,205.0,205.0,205.0,140.0,140.0,140.0,,,,mm,1.0,1.0,1.0,,,,,,,,,,,,21 22,22.0,21.0,155-160,160.0,155.0,115-120,120.0,115.0,mm,,,,,,,,,,,,
_measure_6,manuscript_1,,,"Cambridge, University Library, MS Dd.5.76",part,,,Codex: 46 leaves. 200-205 140,46.0,,,,,,,,,,,,,,,,,,200-205,205.0,200.0,140.0,140.0,140.0,,,,mm,2.0,2.0,2.0,,,,,,,,,,,,27 35,35.0,27.0,170.0,170.0,170.0,115-120,120.0,115.0,mm,,,,,,,,,,,ink,below
_measure_7,manuscript_1,,,"Cambridge, University Library, MS Dd.5.76",part,,,Codex: 15 leaves. 205 145,15.0,,,,,,,,,,,,,,,,,,205.0,205.0,205.0,145.0,145.0,145.0,,,,mm,1.0,1.0,1.0,,,,,,,,,,,,29.0,29.0,29.0,155.0,155.0,155.0,100.0,100.0,100.0,mm,,,,,,,,,,,,
_measure_1,manuscript_1,,,"Cambridge, University Library, MS Dd.6.9",manuscript,,MS-DD-00006-00009,"Codex, comprising 80 leaves in 8 paper quires, including two torn leaves (ff. 1, 5) and excluding five paper stubs (ff. 2, 3, 4, 25, 78): 80 leaves. 200 150",80.0,,,,,,,,,,,,,,,,,,200.0,200.0,200.0,150.0,150.0,150.0,,,,mm,1.0,1.0,1.0,,,,,,,,,,,,29 36,36.0,29.0,185-195,195.0,185.0,130.0,130.0,130.0,mm,,,,,,,,,,,none,
_measure_1,manuscript_12161.1,,,"Cambridge, University Library, MS Dd.6.18",manuscript,,MS-DD-00006-00018,Codex 61 201 152,61.0,,,,,,,,,,,,,,,,,,201.0,201.0,201.0,152.0,152.0,152.0,,,,mm,2.0,2.0,2.0,,,,,,,,,,,,21 32,32.0,21.0,155.0,155.0,155.0,120.0,120.0,120.0,mm,,,,,,,,,,,pencil,
_measure_1,manuscript_12161.2,,,"Cambridge, University Library, MS Dd.6.19",manuscript,,MS-DD-00006-00019,Codex 2 + 91 182 145,91.0,2.0,,,,,,,,,,,,,,,,,182.0,182.0,182.0,145.0,145.0,145.0,,,,mm,1.0,1.0,1.0,,,,,,,,,,,,21 25,25.0,21.0,150.0,150.0,150.0,118.0,118.0,118.0,mm,,,,,,,,,,,crayon,
_measure_2,manuscript_12161.2,,,"Cambridge, University Library, MS Dd.6.19",manuscript,,MS-DD-00006-00019,Codex 2 + 91 182 145,91.0,2.0,,,,,,,,,,,,,,,,,182.0,182.0,182.0,145.0,145.0,145.0,,,,mm,2.0,2.0,2.0,,,,,,,,,,,,20 26,26.0,20.0,155.0,155.0,155.0,120.0,120.0,120.0,mm,,,,,,,,,,,pencil,
_measure_1,manuscript_1,,,"Cambridge, University Library, MS Dd.6.29",manuscript,,MS-DD-00006-00029,Codex: iii + 118 + iii leaves. 190 125-35,,,6.0,,,,,,,,,,,,,,,,190.0,190.0,190.0,125-35,135.0,125.0,,,,mm,13 22,22.0,13.0,,,,,,,,,,,,36.0,36.0,36.0,160.0,160.0,160.0,100.0,100.0,100.0,mm,,,,,,,,,,,ink,below
_measure_2,manuscript_1,,,"Cambridge, University Library, MS Dd.6.29",manuscript,,MS-DD-00006-00029,Codex: iii + 118 + iii leaves. 190 125-35,,,6.0,,,,,,,,,,,,,,,,190.0,190.0,190.0,125-35,135.0,125.0,,,,mm,1.0,1.0,1.0,,,,,,,,,,,,24 27,27.0,24.0,130.0,130.0,130.0,85-95,95.0,85.0,mm,,,,,,,,,,,ink,below
_measure_3,manuscript_1,,,"Cambridge, University Library, MS Dd.6.29",manuscript,,MS-DD-00006-00029,Codex: iii + 118 + iii leaves. 190 125-35,,,6.0,,,,,,,,,,,,,,,,190.0,190.0,190.0,125-35,135.0,125.0,,,,mm,1.0,1.0,1.0,,,,,,,,,,,,22.0,22.0,22.0,130.0,130.0,130.0,85.0,85.0,85.0,mm,,,,,,,,,,,ink,below
_measure_4,manuscript_1,,,"Cambridge, University Library, MS Dd.6.29",manuscript,,MS-DD-00006-00029,Codex: iii + 118 + iii leaves. 190 125-35,,,6.0,,,,,,,,,,,,,,,,190.0,190.0,190.0,125-35,135.0,125.0,,,,mm,1.0,1.0,1.0,,,,,,,,,,,,28.0,28.0,28.0,145.0,145.0,145.0,85-90,90.0,85.0,mm,,,,,,,,,,,ink,below
_measure_5,manuscript_1,,,"Cambridge, University Library, MS Dd.6.29",manuscript,,MS-DD-00006-00029,,,,,,,,,,,,,,,,,,,,,,,,,,,,,,,,,,,,,,,,,,,,,,,,,,,,,,,,,,,,,,,,,
_measure_6,manuscript_1,,,"Cambridge, University Library, MS Dd.6.29",manuscript,,MS-DD-00006-00029,,,,,,,,,,,,,,,,,,,,,,,,,,,,,,,,,,,,,,,,,,,,,,,,,,,,,,,,,,,,,,,,,
_measure_7,manuscript_1,,,"Cambridge, University Library, MS Dd.6.29",manuscript,,MS-DD-00006-00029,,,,,,,,,,,,,,,,,,,,,,,,,,,,,,,,,,,,,,,,,,,,,,,,,,,,,,,,,,,,,,,,,
_measure_1,manuscript_12162,,,"Cambridge, University Library, MS Dd.6.56",manuscript,,MS-DD-00006-00056,Codex iii + 83 + iii 146 95,83.0,6.0,,,,,,,,,,,,,,,,,146.0,146.0,146.0,95.0,95.0,95.0,,,,mm,1.0,1.0,1.0,,,,,,,,,,,,17 18,18.0,17.0,100.0,100.0,100.0,65.0,65.0,65.0,mm,,,,,,,,,,,,
_measure_1,manuscript_12163,,,"Cambridge, University Library, MS Dd.6.84",manuscript,,MS-DD-00006-00084,,,,,,,,,,,,,,,,,,,,140.0,140.0,140.0,90.0,90.0,90.0,,,,mm,1.0,1.0,1.0,,,,,,,,,,,,15 25,25.0,15.0,125-135,135.0,125.0,80.0,80.0,80.0,mm,,,,,,,,,,,,
_measure_2,manuscript_12163,,,"Cambridge, University Library, MS Dd.6.84",manuscript,,MS-DD-00006-00084,,,,,,,,,,,,,,,,,,,,140.0,140.0,140.0,90.0,90.0,90.0,,,,mm,2.0,2.0,2.0,,,,,,,,,,,,25.0,25.0,25.0,130.0,130.0,130.0,80.0,80.0,80.0,mm,,,,,,,,,,,,
_measure_1,manuscript_12164,,,"Cambridge, University Library, MS Dd.8.3",manuscript,,MS-DD-00008-00003,,,,,,,,,,,,,,,,,,,,396.0,396.0,396.0,140.0,140.0,140.0,,,,mm,2.0,2.0,2.0,,,,,,,,,,,,47 65,65.0,47.0,312.0,312.0,312.0,55-110,110.0,55.0,mm,,,,,,,,,,,pencil,
_measure_1,manuscript_1,,,"Cambridge, University Library, MS Dd.8.12",manuscript-composite,,MS-DD-00008-00012,"Codex: ii, 6 | 431 | 20 | 7, i leaves.",458.0,7.0,2.0,,,,,,,,,,,,,,,,,,,,,,,,,,,,,,,,,,,,,,,,,,,,,,,,,,,,,,,,,,,,,
_measure_2,manuscript_1,,,"Cambridge, University Library, MS Dd.8.12",manuscript-composite,,MS-DD-00008-00012,,,,,,,,,,,,,,,,,,,,,,,,,,,,,,,,,,,,,,,,,,,,,,,,,,,,,,,,,,,,,,,,,
_measure_3,manuscript_1,,,"Cambridge, University Library, MS Dd.8.12",part,,,"Quire: ii (ff. 1-2), 6 (ff. 3-8) leaves. 380 250",,6.0,2.0,,,,,,,,,,,,,,,,380.0,380.0,380.0,250.0,250.0,250.0,,,,mm,3.0,3.0,3.0,,,,,,,,,,,,57.0,57.0,57.0,280.0,280.0,280.0,200.0,200.0,200.0,mm,,,,,,,,,,,ink,below
_measure_4,manuscript_1,,,"Cambridge, University Library, MS Dd.8.12",part,,,Codex: 431 leaves. 380 250,431.0,,,,,,,,,,,,,,,,,,380.0,380.0,380.0,250.0,250.0,250.0,,,,mm,2.0,2.0,2.0,,,,,,,,,,,,52.0,52.0,52.0,245.0,245.0,245.0,155.0,155.0,155.0,mm,,,,,,,,,,,mixed,below
_measure_5,manuscript_1,,,"Cambridge, University Library, MS Dd.8.12",part,,,Quire: 20 leaves. 380 250,20.0,,,,,,,,,,,,,,,,,,380.0,380.0,380.0,250.0,250.0,250.0,,,,mm,3.0,3.0,3.0,,,,,,,,,,,,72 75,75.0,72.0,380.0,380.0,380.0,250.0,250.0,250.0,mm,,,,,,,,,,,ink,below
_measure_6,manuscript_1,,,"Cambridge, University Library, MS Dd.8.12",part,,,"Quire: 7 , i leaves. 380 250",7.0,1.0,,,,,,,,,,,,,,,,,380.0,380.0,380.0,250.0,250.0,250.0,,,,mm,2.0,2.0,2.0,,,,,,,,,,,,72 75,75.0,72.0,280.0,280.0,280.0,180.0,180.0,180.0,mm,,,,,,,,,,,ink,below
_measure_1,manuscript_1,,,"Cambridge, University Library, MS Dd.8.19",manuscript-composite,,MS-DD-00008-00019,Codex: ii + 2 + 127 + 1 + ii leaves.,127.0,3.0,2.0,,,,,,,,,,,,,,,,,,,,,,,,,,,,,,,,,,,,,,,,,,,,,,,,,,,,,,,,,,,,,
_measure_2,manuscript_1,,,"Cambridge, University Library, MS Dd.8.19",manuscript-composite,,MS-DD-00008-00019,,,,,,,,,,,,,,,,,,,,,,,,,,,,,,,,,,,,,,,,,,,,,,,,,,,,,,,,,,,,,,,,,
_measure_3,manuscript_1,,,"Cambridge, University Library, MS Dd.8.19",manuscript-composite,,MS-DD-00008-00019,,,,,,,,,,,,,,,,,,,,,,,,,,,,,,,,,,,,,,,,,,,,,,,,,,,,,,,,,,,,,,,,,
_measure_4,manuscript_1,,,"Cambridge, University Library, MS Dd.8.19",part,,,2 leaves 375 255,2.0,,,,,,,,,,,,,,,,,,375.0,375.0,375.0,255.0,255.0,255.0,,,,mm,2.0,2.0,2.0,,,,,,,,,,,,47 49,49.0,47.0,190.0,190.0,190.0,100.0,100.0,100.0,mm,,,,,,,,,,,Leadpoint,below
_measure_5,manuscript_1,,,"Cambridge, University Library, MS Dd.8.19",part,,,Codex 127 + 1 380 255,127.0,1.0,,,,,,,,,,,,,,,,,380.0,380.0,380.0,255.0,255.0,255.0,,,,mm,2.0,2.0,2.0,,,,,,,,,,,,46 50,50.0,46.0,235.0,235.0,235.0,170.0,170.0,170.0,mm,,,,,,,,,,,ink,below
_measure_1,manuscript_12165,,,"Cambridge, University Library, MS Dd.8.23",manuscript,,MS-DD-00008-00023,,,,,,,,,,,,,,,,,,,,395.0,395.0,395.0,303.0,303.0,303.0,,,,mm,2.0,2.0,2.0,,,,,,,,,,,,29.0,29.0,29.0,290.0,290.0,290.0,220.0,220.0,220.0,mm,,,,,,,,,,,hardpoint,below
_measure_2,manuscript_12165,,,"Cambridge, University Library, MS Dd.8.23",manuscript,,MS-DD-00008-00023,,,,,,,,,,,,,,,,,,,,,,,,,,,,,,,,,,,,,,,,,,,,,,,,,,,,,,,,,,,,,,,,,
_measure_3,manuscript_12165,,,"Cambridge, University Library, MS Dd.8.23",manuscript,,MS-DD-00008-00023,,,,,,,,,,,,,,,,,,,,,,,,,,,,,,,,,,,,,,,,,,,,,,,,,,,,,,,,,,,,,,,,,
_measure_1,manuscript_12059,,,"Cambridge, University Library, MS Dd.8.49",manuscript-composite,,MS-DD-00008-00049,Codex ii + 198 + v + ii 276 215,198.0,5.0,4.0,,,,,,,,,,,,,,,,276.0,276.0,276.0,215.0,215.0,215.0,,,,mm,,,,,,,,,,,,,,,,,,,,,,,,,,,,,,,,,,,,
_measure_2,manuscript_12059,,,"Cambridge, University Library, MS Dd.8.49",manuscript-composite,,MS-DD-00008-00049,,,,,,,,,,,,,,,,,,,,,,,,,,,,,,,,,,,,,,,,,,,,,,,,,,,,,,,,,,,,,,,,,
_measure_3,manuscript_12059,,,"Cambridge, University Library, MS Dd.8.49",manuscript-composite,,MS-DD-00008-00049,,,,,,,,,,,,,,,,,,,,,,,,,,,,,,,,,,,,,,,,,,,,,,,,,,,,,,,,,,,,,,,,,
_measure_4,manuscript_12059,,,"Cambridge, University Library, MS Dd.8.49",part,,,,,,,,,,,,,,,,,,,,,,,,,,,,,,,,2.0,2.0,2.0,,,,,,,,,,,,23 27,27.0,23.0,195-232,232.0,195.0,155.0,155.0,155.0,mm,,,,,,,,,,,hardpoint,below
_measure_5,manuscript_12059,,,"Cambridge, University Library, MS Dd.8.49",part,,,,,,,,,,,,,,,,,,,,,,,,,,,,,,,,1.0,1.0,1.0,,,,,,,,,,,,18 23,23.0,18.0,215-235,235.0,215.0,195.0,195.0,195.0,mm,,,,,,,,,,,,
_measure_6,manuscript_12059,,,"Cambridge, University Library, MS Dd.8.49",part,,,Fragment (leaf) 1,1.0,,,,,,,,,,,,,,,,,,276.0,276.0,276.0,215.0,215.0,215.0,,,,mm,2.0,2.0,2.0,,,,,,,,,,,,26.0,26.0,26.0,216.0,216.0,216.0,155.0,155.0,155.0,mm,,,,,,,,,,,hardpoint,below
_measure_1,manuscript_12158,,,"Cambridge, University Library, MS Dd.9.69",manuscript-composite,,MS-DD-00009-00069,,,,,,,,,,,,,,,,,,,,203.0,203.0,203.0,145.0,145.0,145.0,,,,mm,,,,,,,,,,,,,,,,,,,,,,,,,,,,,,,,,,,,
_measure_2,manuscript_12158,,,"Cambridge, University Library, MS Dd.9.69",part,,,,,,,,,,,,,,,,,,,,,,,,,,,,,,,,1.0,1.0,1.0,,,,,,,,,,,,26.0,26.0,26.0,155.0,155.0,155.0,98.0,98.0,98.0,mm,,,,,,,,,,,hardpoint,
_measure_3,manuscript_12158,,,"Cambridge, University Library, MS Dd.9.69",part,,,,,,,,,,,,,,,,,,,,,,,,,,,,,,,,1.0,1.0,1.0,,,,,,,,,,,,24.0,24.0,24.0,145.0,145.0,145.0,90.0,90.0,90.0,mm,,,,,,,,,,,hardpoint,below
_measure_4,manuscript_12158,,,"Cambridge, University Library, MS Dd.9.69",part,,,,,,,,,,,,,,,,,,,,,,,,,,,,,,,,1.0,1.0,1.0,,,,,,,,,,,,21 24,24.0,21.0,132.0,132.0,132.0,85.0,85.0,85.0,mm,,,,,,,,,,,hardpoint,below
_measure_5,manuscript_12158,,,"Cambridge, University Library, MS Dd.9.69",part,,,,,,,,,,,,,,,,,,,,,,,,,,,,,,,,1.0,1.0,1.0,,,,,,,,,,,,25 28,28.0,25.0,152-160,160.0,152.0,98-105,105.0,98.0,mm,,,,,,,,,,,hardpoint,
_measure_6,manuscript_12158,,,"Cambridge, University Library, MS Dd.9.69",part,,,,,,,,,,,,,,,,,,,,,,,,,,,,,,,,1.0,1.0,1.0,,,,,,,,,,,,19 20,20.0,19.0,135-142,142.0,135.0,85-100,100.0,85.0,mm,,,,,,,,,,,hardpoint,along
_measure_1,manuscript_12167,,,"Cambridge, University Library, MS Dd.10.42",manuscript,,MS-DD-00010-00042,Codex iii + 55 + ii 290 250,55.0,5.0,,,,,,,,,,,,,,,,,290.0,290.0,290.0,250.0,250.0,250.0,,,,mm,1.0,1.0,1.0,,,,,,,,,,,,19 20,20.0,19.0,165.0,165.0,165.0,95.0,95.0,95.0,mm,,,,,,,,,,,,
_measure_1,manuscript_1,,,"Cambridge, University Library, MS Dd.10.44",manuscript-composite,,MS-DD-00010-00044,Codex: iii + 103 | 46 + iii leaves.,149.0,,6.0,,,,,,,,,,,,,,,,,,,,,,,,,,,,,,,,,,,,,,,,,,,,,,,,,,,,,,,,,,,,,
_measure_2,manuscript_1,,,"Cambridge, University Library, MS Dd.10.44",part,,,Codex: 103 leaves. 230 165,103.0,,,,,,,,,,,,,,,,,,230.0,230.0,230.0,165.0,165.0,165.0,,,,mm,1.0,1.0,1.0,,,,,,,,,,,,25 31,31.0,25.0,170.0,170.0,170.0,120.0,120.0,120.0,mm,,,,,,,,,,,plummet,above
_measure_3,manuscript_1,,,"Cambridge, University Library, MS Dd.10.44",part,,,Codex: 46 leaves. 230 165,46.0,,,,,,,,,,,,,,,,,,230.0,230.0,230.0,165.0,165.0,165.0,,,,mm,1.0,1.0,1.0,,,,,,,,,,,,31 32,32.0,31.0,175.0,175.0,175.0,120.0,120.0,120.0,mm,,,,,,,,,,,plummet,above
_measure_1,manuscript_12168,,,"Cambridge, University Library, MS Dd.10.54",manuscript-composite,,MS-DD-00010-00054,,,,,,,,,,,,,,,,,,,,,,,,,,,,,,,,,,,,,,,,,,,,,,,,,,,,,,,,,,,,,,,,,
_measure_2,manuscript_12168,,,"Cambridge, University Library, MS Dd.10.54",part,,,,,,,,,,,,,,,,,,,,,,206.0,206.0,206.0,169.0,169.0,169.0,,,,mm,1.0,1.0,1.0,,,,,,,,,,,,23.0,23.0,23.0,153.0,153.0,153.0,117.0,117.0,117.0,mm,,,,,,,,,,,hardpoint,along
_measure_3,manuscript_12168,,,"Cambridge, University Library, MS Dd.10.54",part,,,,,,,,,,,,,,,,205.0,205.0,160.0,160.0,160.0,mm,,,,,,,,,,,2.0,2.0,2.0,,,,,,,,,,,,,,,,,,,,,,,,,,,,,,,,hardpoint,along
_measure_4,manuscript_12168,,,"Cambridge, University Library, MS Dd.10.54",part,,,,,,,,,,,,,,,,150.0,29.0,45-110,110.0,45.0,mm,,,,,,,,,,,2.0,2.0,2.0,,,,,,,,,,,,,,,,,,,,,,,,,,,,,,,,hardpoint,below
_measure_1,manuscript_12169,,,"Cambridge, University Library, MS Dd.10.55",manuscript,,MS-DD-00010-00055,Codex i + 107 + i 220 144,107.0,,2.0,,,,,,,,,,,,,,,,220.0,220.0,220.0,144.0,144.0,144.0,,,,mm,1.0,1.0,1.0,,,,,,,,,,,,19.0,19.0,19.0,155.0,155.0,155.0,90.0,90.0,90.0,mm,,,,,,,,,,,,
_measure_1,manuscript_1,,,"Cambridge, University Library, MS Dd.11.45",manuscript-composite,,MS-DD-00011-00045,Codex: i + 117 | 16 | 9 | i leaves.,142.0,,2.0,,,,,,,,,,,,,,,,,,,,,,,,,,,,,,,,,,,,,,,,,,,,,,,,,,,,,,,,,,,,,
_measure_2,manuscript_1,,,"Cambridge, University Library, MS Dd.11.45",manuscript-composite,,MS-DD-00011-00045,,,,,,,,,,,,,,,,,,,,,,,,,,,,,,,,,,,,,,,,,,,,,,,,,,,,,,,,,,,,,,,,,
_measure_3,manuscript_1,,,"Cambridge, University Library, MS Dd.11.45",part,,,Codex: 117 leaves. 215 145,117.0,,,,,,,,,,,,,,,,,,215.0,215.0,215.0,145.0,145.0,145.0,,,,mm,1.0,1.0,1.0,,,,,,,,,,,,33 35,35.0,33.0,165.0,165.0,165.0,115.0,115.0,115.0,mm,,,,,,,,,,,,
_measure_4,manuscript_1,,,"Cambridge, University Library, MS Dd.11.45",part,,,Codex: 16 leaves. 215 145,16.0,,,,,,,,,,,,,,,,,,215.0,215.0,215.0,145.0,145.0,145.0,,,,mm,1.0,1.0,1.0,,,,,,,,,,,,23 35,35.0,23.0,165-185,185.0,165.0,110-135,135.0,110.0,mm,,,,,,,,,,,ink,below
_measure_5,manuscript_1,,,"Cambridge, University Library, MS Dd.11.45",part,,,Codex: 10 leaves. 210-215 145,10.0,,,,,,,,,,,,,,,,,,210-215,215.0,210.0,145.0,145.0,145.0,,,,mm,1.0,1.0,1.0,,,,,,,,,,,,32.0,32.0,32.0,165.0,165.0,165.0,95.0,95.0,95.0,mm,,,,,,,,,,,ink,below
_measure_1,manuscript_12170,,,"Cambridge, University Library, MS Dd.11.54",manuscript-composite,,MS-DD-00011-00054,Codex iii + ii + 133 + i + iii 152-180 110-130,133.0,3.0,6.0,,,,,,,,,,,,,,,,152-180,180.0,152.0,110-130,130.0,110.0,,,,mm,,,,,,,,,,,,,,,,,,,,,,,,,,,,,,,,,,,,
_measure_2,manuscript_12170,,,"Cambridge, University Library, MS Dd.11.54",part,,,,,,,,,,,,,,,,,,,,,,,,,,,,,,,,1.0,1.0,1.0,,,,,,,,,,,,24 27,27.0,24.0,130-145,145.0,130.0,95-100,100.0,95.0,mm,,,,,,,,,,,,
_measure_3,manuscript_12170,,,"Cambridge, University Library, MS Dd.11.54",part,,,,,,,,,,,,,,,,,,,,,,,,,,,,,,,,1.0,1.0,1.0,,,,,,,,,,,,15 31,31.0,15.0,130.0,130.0,130.0,90.0,90.0,90.0,mm,,,,,,,,,,,,
_measure_4,manuscript_12170,,,"Cambridge, University Library, MS Dd.11.54",part,,,,,,,,,,,,,,,,,,,,,,,,,,,,,,,,2.0,2.0,2.0,,,,,,,,,,,,27.0,27.0,27.0,120.0,120.0,120.0,95.0,95.0,95.0,mm,,,,,,,,,,,,
_measure_1,manuscript_12171,,,"Cambridge, University Library, MS Dd.11.70",manuscript-composite,,MS-DD-00011-00070,,,,,,,,,,,,,,,,,,,,210-223,223.0,210.0,130-165,165.0,130.0,,,,mm,,,,,,,,,,,,,,,,,,,,,,,,,,,,,,,,,,,,
_measure_2,manuscript_12171,,,"Cambridge, University Library, MS Dd.11.70",part,,,,,,,,,,,,,,,,,,,,,,215.0,215.0,215.0,155.0,155.0,155.0,,,,mm,1.0,1.0,1.0,,,,,,,,,,,,20.0,20.0,20.0,140.0,140.0,140.0,85.0,85.0,85.0,mm,,,,,,,,,,,,
_measure_3,manuscript_12171,,,"Cambridge, University Library, MS Dd.11.70",part,,,,,,,,,,,,,,,,,,,,,,225.0,225.0,225.0,162.0,162.0,162.0,,,,mm,1.0,1.0,1.0,,,,,,,,,,,,33.0,33.0,33.0,155.0,155.0,155.0,100.0,100.0,100.0,mm,,,,,,,,,,,,
_measure_4,manuscript_12171,,,"Cambridge, University Library, MS Dd.11.70",part,,,,,,,,,,,,,,,,,,,,,,225.0,225.0,225.0,162.0,162.0,162.0,,,,mm,1.0,1.0,1.0,,,,,,,,,,,,22.0,22.0,22.0,150.0,150.0,150.0,85-90,90.0,85.0,mm,,,,,,,,,,,,
_measure_5,manuscript_12171,,,"Cambridge, University Library, MS Dd.11.70",part,,,,,,,,,,,,,,,,,,,,,,210.0,210.0,210.0,140.0,140.0,140.0,,,,mm,1.0,1.0,1.0,,,,,,,,,,,,24.0,24.0,24.0,155.0,155.0,155.0,87.0,87.0,87.0,mm,,,,,,,,,,,,
_measure_6,manuscript_12171,,,"Cambridge, University Library, MS Dd.11.70",part,,,,,,,,,,,,,,,,,,,,,,230.0,230.0,230.0,133.0,133.0,133.0,,,,mm,1.0,1.0,1.0,,,,,,,,,,,,28.0,28.0,28.0,155.0,155.0,155.0,63.0,63.0,63.0,mm,,,,,,,,,,,hardpoint,
_measure_7,manuscript_12171,,,"Cambridge, University Library, MS Dd.11.70",part,,,,,,,,,,,,,,,,,,,,,,220.0,220.0,220.0,140.0,140.0,140.0,,,,mm,1.0,1.0,1.0,,,,,,,,,,,,27.0,27.0,27.0,140.0,140.0,140.0,70.0,70.0,70.0,mm,,,,,,,,,,,hardpoint,
_measure_1,manuscript_12172,,,"Cambridge, University Library, MS Dd.11.90",manuscript,,MS-DD-00011-00090,Codex iv + 159 + iv 160 138,159.0,,8.0,,,,,,,,,,,,,,,,160.0,160.0,160.0,138.0,138.0,138.0,,,,mm,1.0,1.0,1.0,,,,,,,,,,,,24 27,27.0,24.0,110.0,110.0,110.0,100.0,100.0,100.0,mm,,,,,,,,,,,hardpoint,below
_measure_2,manuscript_12172,,,"Cambridge, University Library, MS Dd.11.90",manuscript,,MS-DD-00011-00090,,,,,,,,,,,,,,,,,,,,,,,,,,,,,,,,,,,,,,,,,,,,,,,,,,,,,,,,,,,,,,,,,
_measure_1,manuscript_1,,,"Cambridge, University Library, MS Dd.12.23",manuscript,,MS-DD-00012-00023,Codex: i + 91 + i leaves. 175 135,91.0,,2.0,,,,,,,,,,,,,,,,175.0,175.0,175.0,135.0,135.0,135.0,,,,mm,1 3,3.0,1.0,,,,,,,,,,,,25 31,31.0,25.0,130-140,140.0,130.0,95-105,105.0,95.0,mm,,,,,,,,,,,leadpoint,above
_measure_1,manuscript_1,,,"Cambridge, University Library, MS Dd.13.3",manuscript,,MS-DD-00013-00003,"Codex: i + 256 + ii leaves. The manuscript contains three stubs after the front pastedown and three stubs before the rear pastedown. The first and last are of parchment, the first blank and the last bearing writing on both sides. The rest are of paper and are blank. See Foliation. 375 245",256.0,,3.0,,,,,,,,,,,,,,,,375.0,375.0,375.0,245.0,245.0,245.0,,,,mm,2.0,2.0,2.0,,,,,,,,,,,,73 78,78.0,73.0,280-290,290.0,280.0,170.0,170.0,170.0,mm,,,,,,,,,,,leadpoint,below
_measure_1,manuscript_12173,,,"Cambridge, University Library, MS Dd.14.30.1",manuscript,,MS-DD-00014-00030-00001,,,,,,,,,,,,,,,,,,,,143.0,143.0,143.0,90.0,90.0,90.0,,,,mm,1.0,1.0,1.0,,,,,,,,,,,,32 41,41.0,32.0,139.0,139.0,139.0,65-85,85.0,65.0,mm,,,,,,,,,,,,
_measure_1,manuscript_1,,,"Cambridge, University Library, MS Dd.15.15",manuscript-composite,,MS-DD-00015-00015,Codex 4 + 2 + 218 120 85,222.0,,,,,,,,,,,,,,,,,,120.0,120.0,120.0,85.0,85.0,85.0,,,,mm,,,,,,,,,,,,,,,,,,,,,,,,,,,,,,,,,,,,
_measure_2,manuscript_1,,,"Cambridge, University Library, MS Dd.15.15",part,,,,,,,,,,,,,,,,,,,,,,,,,,,,,,,,1.0,1.0,1.0,,,,,,,,,,,,20 21,21.0,20.0,85.0,85.0,85.0,55.0,55.0,55.0,mm,,,,,,,,,,,hardpoint,below
_measure_3,manuscript_1,,,"Cambridge, University Library, MS Dd.15.15",part,,,,,,,,,,,,,,,,,,,,,,,,,,,,,,,,1.0,1.0,1.0,,,,,,,,,,,,21.0,21.0,21.0,90.0,90.0,90.0,45.0,45.0,45.0,mm,,,,,,,,,,,leadpoint,above
_measure_4,manuscript_1,,,"Cambridge, University Library, MS Dd.15.15",part,,,,,,,,,,,,,,,,,,,,,,,,,,,,,,,,1.0,1.0,1.0,,,,,,,,,,,,23.0,23.0,23.0,90.0,90.0,90.0,50.0,50.0,50.0,mm,,,,,,,,,,,leadpoint,above
_measure_5,manuscript_1,,,"Cambridge, University Library, MS Dd.15.15",part,,,,,,,,,,,,,,,,,,,,,,,,,,,,,,,,1.0,1.0,1.0,,,,,,,,,,,,21 22,22.0,21.0,,,,,,,,,,,,,,,,,,leadpoint,above
_measure_6,manuscript_1,,,"Cambridge, University Library, MS Dd.15.15",part,,,,,,,,,,,,,,,,,,,,,,,,,,,,,,,,,,,,,,,,,,,,,,,,,,,,,,,,,,,,,,,,,,,
_measure_7,manuscript_1,,,"Cambridge, University Library, MS Dd.15.15",part,,,,,,,,,,,,,,,,,,,,,,,,,,,,,,,,,,,,,,,,,,,,,,,,,,,,,,,,,,,,,,,,,,,
_measure_8,manuscript_1,,,"Cambridge, University Library, MS Dd.15.15",part,,,,,,,,,,,,,,,,,,,,,,,,,,,,,,,,,,,,,,,,,,,,,,,,,,,,,,,,,,,,,,,,,,,
_measure_9,manuscript_1,,,"Cambridge, University Library, MS Dd.15.15",part,,,,,,,,,,,,,,,,,,,,,,,,,,,,,,,,,,,,,,,,,,,,,,,,,,,,,,,,,,,,,,,,,,,
_measure_10,manuscript_1,,,"Cambridge, University Library, MS Dd.15.15",part,,,,,,,,,,,,,,,,,,,,,,,,,,,,,,,,,,,,,,,,,,,,,,,,,,,,,,,,,,,,,,,,,,,
_measure_11,manuscript_1,,,"Cambridge, University Library, MS Dd.15.15",part,,,,,,,,,,,,,,,,,,,,,,,,,,,,,,,,1.0,1.0,1.0,,,,,,,,,,,,22.0,22.0,22.0,85.0,85.0,85.0,50.0,50.0,50.0,mm,,,,,,,,,,,leadpoint,below
_measure_12,manuscript_1,,,"Cambridge, University Library, MS Dd.15.15",part,,,,,,,,,,,,,,,,,,,,,,,,,,,,,,,,,,,,,,,,,,,,,,,,,,,,,,,,,,,,,,,,,,,
_measure_13,manuscript_1,,,"Cambridge, University Library, MS Dd.15.15",part,,,,,,,,,,,,,,,,,,,,,,,,,,,,,,,,,,,,,,,,,,,,,,,,,,,,,,,,,,,,,,,,,,,
_measure_14,manuscript_1,,,"Cambridge, University Library, MS Dd.15.15",part,,,,,,,,,,,,,,,,,,,,,,,,,,,,,,,,1.0,1.0,1.0,,,,,,,,,,,,21 22,22.0,21.0,85-90,90.0,85.0,50.0,50.0,50.0,mm,,,,,,,,,,,leadpoint,above
_measure_15,manuscript_1,,,"Cambridge, University Library, MS Dd.15.15",part,,,,,,,,,,,,,,,,,,,,,,,,,,,,,,,,,,,,,,,,,,,,,,,,,,,,,,,,,,,,,,,,,,,
_measure_16,manuscript_1,,,"Cambridge, University Library, MS Dd.15.15",part,,,,,,,,,,,,,,,,,,,,,,,,,,,,,,,,,,,,,,,,,,,,,,,,,,,,,,,,,,,,,,,,,,,
_measure_1,manuscript_12174,,,"Cambridge, University Library, MS Dd.15.27",manuscript,,MS-DD-00015-00027,,,,,,,,,,,,,,,,,,,,150.0,150.0,150.0,105.0,105.0,105.0,,,,mm,1.0,1.0,1.0,,,,,,,,,,,,20.0,20.0,20.0,85.0,85.0,85.0,54.0,54.0,54.0,mm,,,,,,,,,,,,
_measure_1,manuscript_1,,,"Cambridge, University Library, MS Ee.1.3",manuscript,,MS-EE-00001-00003,"Codex: 2 + 341 + 2 leaves. The endleaves at the beginning have been foliated ff. 1-2 and those at the end ff. 21-22. The core leaves include f. 12, a parchment stub with writing, a fragmentary leaf (f. v a), and leaves omitted in the 15th-century foliation sequence (ff. cvii a-f, cxxiii a-d, cxlvii a, clxvi a, clxvi a, clxviii a, and ccx a). However, unfoliated blank stubs after ff. cxiii, cxix, ccxlvii, cclxxvii, cclxxviii, and ccxciii are not included in this count. 255 170",341.0,4.0,,,,,,,,,,,,,,,,,255.0,255.0,255.0,170.0,170.0,170.0,,,,mm,1.0,1.0,1.0,,,,,,,,,,,,18 55,55.0,18.0,180-225,225.0,180.0,115-150,150.0,115.0,mm,,,,,,,,,,,mixed,
_measure_1,manuscript_1,,,"Cambridge, University Library, MS Ee.1.15",manuscript-composite,,MS-EE-00001-00015,Codex: iii + 99 | 50 + iii leaves. 215 140-145,149.0,,6.0,,,,,,,,,,,,,,,,215.0,215.0,215.0,140-145,145.0,140.0,,,,mm,,,,,,,,,,,,,,,,,,,,,,,,,,,,,,,,,,,,
_measure_2,manuscript_1,,,"Cambridge, University Library, MS Ee.1.15",part,,,Codex: 99 leaves. 215 140-145,99.0,,,,,,,,,,,,,,,,,,215.0,215.0,215.0,140-145,145.0,140.0,,,,mm,1 2,2.0,1.0,,,,,,,,,,,,30 40,40.0,30.0,170-190,190.0,170.0,120-140,140.0,120.0,mm,,,,,,,,,,,blindpoint,
_measure_3,manuscript_1,,,"Cambridge, University Library, MS Ee.1.15",part,,,Codex: 50 leaves. 215 140-145,50.0,,,,,,,,,,,,,,,,,,215.0,215.0,215.0,140-145,145.0,140.0,,,,mm,1.0,1.0,1.0,,,,,,,,,,,,25 30,30.0,25.0,165-195,195.0,165.0,90-125,125.0,90.0,mm,,,,,,,,,,,blindpoint,
_measure_1,manuscript_1,,,"Cambridge, University Library, MS Ee.2.29",manuscript-composite,,MS-EE-00002-00029,Codex: 2 + 132 | 91 | 31 | + 1 leaves.,254.0,3.0,,,,,,,,,,,,,,,,,,,,,,,,,,,,,,,,,,,,,,,,,,,,,,,,,,,,,,,,,,,,,,
_measure_2,manuscript_1,,,"Cambridge, University Library, MS Ee.2.29",manuscript-composite,,MS-EE-00002-00029,,,,,,,,,,,,,,,,,,,,,,,,,,,,,,,,,,,,,,,,,,,,,,,,,,,,,,,,,,,,,,,,,
_measure_3,manuscript_1,,,"Cambridge, University Library, MS Ee.2.29",part,,,Codex: 132 leaves. 295 220,132.0,,,,,,,,,,,,,,,,,,295.0,295.0,295.0,220.0,220.0,220.0,,,,mm,2.0,2.0,2.0,,,,,,,,,,,,45 54,54.0,45.0,230-250,250.0,230.0,155-160,160.0,155.0,mm,,,,,,,,,,,ink,
_measure_4,manuscript_1,,,"Cambridge, University Library, MS Ee.2.29",part,,,Codex: 91 leaves. 295 220,91.0,,,,,,,,,,,,,,,,,,295.0,295.0,295.0,220.0,220.0,220.0,,,,mm,1 5,5.0,1.0,,,,,,,,,,,,32 43,43.0,32.0,230.0,230.0,230.0,150.0,150.0,150.0,mm,,,,,,,,,,,ink,below
_measure_5,manuscript_1,,,"Cambridge, University Library, MS Ee.2.29",part,,,Codex: 31 leaves. 295 215,31.0,,,,,,,,,,,,,,,,,,295.0,295.0,295.0,215.0,215.0,215.0,,,,mm,2.0,2.0,2.0,,,,,,,,,,,,41.0,41.0,41.0,210.0,210.0,210.0,160.0,160.0,160.0,mm,,,,,,,,,,,pencil,below
_measure_1,manuscript_1,,,"Cambridge, University Library, MS Ee.3.59",manuscript,,MS-EE-00003-00059,Codex: ii + 2 + 33 + 1 + iii leaves. 280 195,33.0,3.0,5.0,,,,,,,,,,,,,,,,280.0,280.0,280.0,195.0,195.0,195.0,,,,mm,3.0,3.0,3.0,,,,,,,,,,,,13 48,48.0,13.0,100-110,110.0,100.0,165-175,175.0,165.0,mm,,,,,,,,,,,leadpoint,below
_measure_2,manuscript_1,,,"Cambridge, University Library, MS Ee.3.59",manuscript,,MS-EE-00003-00059,,,,,,,,,,,,,,,,,,,,,,,,,,,,,,,,,,,,,,,,,,,,,,,,,,,,,,,,,,,,,,,,,
_measure_3,manuscript_1,,,"Cambridge, University Library, MS Ee.3.59",manuscript,,MS-EE-00003-00059,,,,,,,,,,,,,,,,,,,,,,,,,,,,,,,,,,,,,,,,,,,,,,,,,,,,,,,,,,,,,,,,,
_measure_4,manuscript_1,,,"Cambridge, University Library, MS Ee.3.59",manuscript,,MS-EE-00003-00059,,,,,,,,,,,,,,,,,,,,,,,,,,,,,,,,,,,,,,,,,,,,,,,,,,,,,,,,,,,,,,,,,
_measure_5,manuscript_1,,,"Cambridge, University Library, MS Ee.3.59",manuscript,,MS-EE-00003-00059,,,,,,,,,,,,,,,,,,,,,,,,,,,,,,,,,,,,,,,,,,,,,,,,,,,,,,,,,,,,,,,,,
_measure_6,manuscript_1,,,"Cambridge, University Library, MS Ee.3.59",manuscript,,MS-EE-00003-00059,,,,,,,,,,,,,,,,,,,,,,,,,,,,,,,,,,,,,,,,,,,,,,,,,,,,,,,,,,,,,,,,,
_measure_7,manuscript_1,,,"Cambridge, University Library, MS Ee.3.59",manuscript,,MS-EE-00003-00059,,,,,,,,,,,,,,,,,,,,,,,,,,,,,,,,,,,,,,,,,,,,,,,,,,,,,,,,,,,,,,,,,
_measure_8,manuscript_1,,,"Cambridge, University Library, MS Ee.3.59",manuscript,,MS-EE-00003-00059,,,,,,,,,,,,,,,,,,,,,,,,,,,,,,,,,,,,,,,,,,,,,,,,,,,,,,,,,,,,,,,,,
_measure_1,manuscript_12175,,,"Cambridge, University Library, MS Ee.4.29",manuscript-composite,,MS-EE-00004-00029,Codex iii + 353 + iii 270-277 200-207,353.0,,6.0,,,,,,,,,,,,,,,,270-277,277.0,270.0,200-207,207.0,200.0,,,,mm,,,,,,,,,,,,,,,,,,,,,,,,,,,,,,,,,,,,
_measure_2,manuscript_12175,,,"Cambridge, University Library, MS Ee.4.29",manuscript-composite,,MS-EE-00004-00029,,,,,,,,,,,,,,,,,,,,,,,,,,,,,,,,,,,,,,,,,,,,,,,,,,,,,,,,,,,,,,,,,
_measure_3,manuscript_12175,,,"Cambridge, University Library, MS Ee.4.29",manuscript-composite,,MS-EE-00004-00029,,,,,,,,,,,,,,,,,,,,,,,,,,,,,,,,,,,,,,,,,,,,,,,,,,,,,,,,,,,,,,,,,
_measure_4,manuscript_12175,,,"Cambridge, University Library, MS Ee.4.29",part,,,,,,,,,,,,,,,,,,,,,,,,,,,,,,,,2.0,2.0,2.0,,,,,,,,,,,,29.0,29.0,29.0,85.0,85.0,85.0,54.0,54.0,54.0,mm,,,,,,,,,,,hardpoint,mixed
_measure_5,manuscript_12175,,,"Cambridge, University Library, MS Ee.4.29",part,,,,,,,,,,,,,,,,,,,,,,,,,,,,,,,,1.0,1.0,1.0,,,,,,,,,,,,24.0,24.0,24.0,196.0,196.0,196.0,130.0,130.0,130.0,mm,,,,,,,,,,,,
_measure_1,manuscript_12175,,,"Cambridge, University Library, MS Ee.4.29*",manuscript,,MS-EE-00004-00029-AST,Codex i + 6 + i 260-272 200,6.0,,2.0,,,,,,,,,,,,,,,,260-272,272.0,260.0,200.0,200.0,200.0,,,,mm,2.0,2.0,2.0,,,,,,,,,,,,29.0,29.0,29.0,85.0,85.0,85.0,54.0,54.0,54.0,mm,,,,,,,,,,,hardpoint,mixed
_measure_2,manuscript_12175,,,"Cambridge, University Library, MS Ee.4.29*",manuscript,,MS-EE-00004-00029-AST,,,,,,,,,,,,,,,,,,,,,,,,,,,,,,,,,,,,,,,,,,,,,,,,,,,,,,,,,,,,,,,,,
_measure_3,manuscript_12175,,,"Cambridge, University Library, MS Ee.4.29*",manuscript,,MS-EE-00004-00029-AST,,,,,,,,,,,,,,,,,,,,,,,,,,,,,,,,,,,,,,,,,,,,,,,,,,,,,,,,,,,,,,,,,
_measure_1,manuscript_1,,,"Cambridge, University Library, MS Ee.5.18",manuscript-composite,,MS-EE-00005-00018,Codex: xviii + 1 | 54 | 45 | 5 | 1 + x leaves.,106.0,,28.0,,,,,,,,,,,,,,,,,,,,,,,,,,,,,,,,,,,,,,,,,,,,,,,,,,,,,,,,,,,,,
_measure_2,manuscript_1,,,"Cambridge, University Library, MS Ee.5.18",part,,,Single leaf: 1 leaf 300-305 210,1.0,,,,,,,,,,,,,,,,,,300-305,305.0,300.0,210.0,210.0,210.0,,,,mm,3.0,3.0,3.0,,,,,,,,,,,,58.0,58.0,58.0,230-235,235.0,230.0,155-175,175.0,155.0,mm,,,,,,,,,,,,
_measure_3,manuscript_1,,,"Cambridge, University Library, MS Ee.5.18",part,,,Codex: 54 leaves. 305 220,54.0,,,,,,,,,,,,,,,,,,305.0,305.0,305.0,220.0,220.0,220.0,,,,mm,1.0,1.0,1.0,,,,,,,,,,,,41 48,48.0,41.0,210-240,240.0,210.0,130-170,170.0,130.0,mm,,,,,,,,,,,leadpoint,below
_measure_4,manuscript_1,,,"Cambridge, University Library, MS Ee.5.18",part,,,Codex: 44 leaves. 295 215,44.0,,,,,,,,,,,,,,,,,,295.0,295.0,295.0,215.0,215.0,215.0,,,,mm,1.0,1.0,1.0,,,,,,,,,,,,43 44,44.0,43.0,210-225,225.0,210.0,135-140,140.0,135.0,mm,,,,,,,,,,,crayon,below
_measure_5,manuscript_1,,,"Cambridge, University Library, MS Ee.5.18",part,,,Codex: 5 leaves. 310 220,5.0,,,,,,,,,,,,,,,,,,310.0,310.0,310.0,220.0,220.0,220.0,,,,mm,1.0,1.0,1.0,,,,,,,,,,,,49 51,51.0,49.0,300-310,310.0,300.0,180-190,190.0,180.0,mm,,,,,,,,,,,,
_measure_6,manuscript_1,,,"Cambridge, University Library, MS Ee.5.18",part,,,"Fragment: 1 leaf The leaf has been mounted vertically into te manuscript. Because its height exceeds the width of the manuscript, the leaf has been folded at the top, creating, what is now, f. 101bis. 290 215",1.0,,,,,,,,,,,,,,,,,,290.0,290.0,290.0,215.0,215.0,215.0,,,,mm,2.0,2.0,2.0,,,,,,,,,,,,,,,285.0,285.0,285.0,105.0,105.0,105.0,mm,,,,,,,,,,,,
_measure_1,manuscript_1,,,"Cambridge, University Library, MS Ee.5.22",manuscript,,MS-EE-00005-00022,i + 1 + 379 + i leaves. 295 200,379.0,1.0,2.0,,,,,,,,,,,,,,,,295.0,295.0,295.0,200.0,200.0,200.0,,,,mm,1.0,1.0,1.0,,,,,,,,,,,,41.0,41.0,41.0,230.0,230.0,230.0,150.0,150.0,150.0,mm,,,,,,,,,,,none,below
_measure_2,manuscript_1,,,"Cambridge, University Library, MS Ee.5.22",manuscript,,MS-EE-00005-00022,,,,,,,,,,,,,,,,,,,,,,,,,,,,,,,,,,,,,,,,,,,,,,,,,,,,,,,,,,,,,,,,,
_measure_1,manuscript_12176,,,"Cambridge, University Library, MS Ee.6.35",manuscript,,MS-EE-00006-00035,Codex iii + 301 + ii 194 145,301.0,,5.0,,,,,,,,,,,,,,,,194.0,194.0,194.0,145.0,145.0,145.0,,,,mm,2.0,2.0,2.0,,,,,,,,,,,,27 37,37.0,27.0,162-187,187.0,162.0,120-130,130.0,120.0,mm,,,,,,,,,,,,
_measure_2,manuscript_12176,,,"Cambridge, University Library, MS Ee.6.35",manuscript,,MS-EE-00006-00035,Codex iii + 301 + ii 194 145,301.0,,5.0,,,,,,,,,,,,,,,,194.0,194.0,194.0,145.0,145.0,145.0,,,,mm,1.0,1.0,1.0,,,,,,,,,,,,24.0,24.0,24.0,145.0,145.0,145.0,90.0,90.0,90.0,mm,,,,,,,,,,,,
_measure_1,,,,"Cambridge, University Library, MS Ee.6.41",manuscript,,MS-EE-00006-00041,Codex: ii + 3 + 235 + ii leaves. 170 115,238.0,3.0,4.0,,,,,,,,,,,,,,,,170.0,170.0,170.0,115.0,115.0,115.0,,,,mm,1.0,1.0,1.0,,,,,,,,,,,,24 26,26.0,24.0,120-125,125.0,120.0,65-75,75.0,65.0,mm,,,,,,,,,,,ink,below
_measure_1,manuscript_12177,,,"Cambridge, University Library, MS Ff.1.7",manuscript,,MS-FF-00001-00007,"Codex vii + 40+ vii , 195 145",,,14.0,,,,,,,,,,,,,,,,195.0,195.0,195.0,145.0,145.0,145.0,,,,mm,1.0,1.0,1.0,,,,,,,,,,,,20 27,27.0,20.0,180.0,180.0,180.0,130.0,130.0,130.0,mm,,,,,,,,,,,,
_measure_1,manuscript_1,,,"Cambridge, University Library, MS Ff.1.23",manuscript,,MS-FF-00001-00023,Codex: iii + 278 + iii leaves. 270 160,278.0,,6.0,,,,,,,,,,,,,,,,270.0,270.0,270.0,160.0,160.0,160.0,,,,mm,1.0,1.0,1.0,,,,,,,,,,,,32.0,32.0,32.0,255.0,255.0,255.0,115.0,115.0,115.0,mm,,,,,,,,,,,hardpoint,above
_measure_2,manuscript_1,,,"Cambridge, University Library, MS Ff.1.23",manuscript,,MS-FF-00001-00023,,,,,,,,,,,,,,,,,,,,,,,,,,,,,,,,,,,,,,,,,,,,,,,,,,,,,,,,,,,,,,,,,
_measure_3,manuscript_1,,,"Cambridge, University Library, MS Ff.1.23",manuscript,,MS-FF-00001-00023,,,,,,,,,,,,,,,,,,,,,,,,,,,,,,,,,,,,,,,,,,,,,,,,,,,,,,,,,,,,,,,,,
_measure_4,manuscript_1,,,"Cambridge, University Library, MS Ff.1.23",manuscript,,MS-FF-00001-00023,,,,,,,,,,,,,,,,,,,,,,,,,,,,,,,,,,,,,,,,,,,,,,,,,,,,,,,,,,,,,,,,,
_measure_5,manuscript_1,,,"Cambridge, University Library, MS Ff.1.23",manuscript,,MS-FF-00001-00023,,,,,,,,,,,,,,,,,,,,,,,,,,,,,,,,,,,,,,,,,,,,,,,,,,,,,,,,,,,,,,,,,
_measure_6,manuscript_1,,,"Cambridge, University Library, MS Ff.1.23",manuscript,,MS-FF-00001-00023,,,,,,,,,,,,,,,,,,,,,,,,,,,,,,,,,,,,,,,,,,,,,,,,,,,,,,,,,,,,,,,,,
_measure_7,manuscript_1,,,"Cambridge, University Library, MS Ff.1.23",manuscript,,MS-FF-00001-00023,,,,,,,,,,,,,,,,,,,,,,,,,,,,,,,,,,,,,,,,,,,,,,,,,,,,,,,,,,,,,,,,,
_measure_8,manuscript_1,,,"Cambridge, University Library, MS Ff.1.23",manuscript,,MS-FF-00001-00023,,,,,,,,,,,,,,,,,,,,,,,,,,,,,,,,,,,,,,,,,,,,,,,,,,,,,,,,,,,,,,,,,
_measure_1,manuscript_12178,,,"Cambridge, University Library, MS Ff.1.24",manuscript-composite,,MS-FF-00001-00024,i + i + 263 255-259 204,263.0,1.0,1.0,,,,,,,,,,,,,,,,255-259,259.0,255.0,204.0,204.0,204.0,,,,mm,,,,,,,,,,,,,,,,,,,,,,,,,,,,,,,,,,,,
_measure_2,manuscript_12178,,,"Cambridge, University Library, MS Ff.1.24",manuscript-composite,,MS-FF-00001-00024,,,,,,,,,,,,,,,,,,,,,,,,,,,,,,,,,,,,,,,,,,,,,,,,,,,,,,,,,,,,,,,,,
_measure_3,manuscript_12178,,,"Cambridge, University Library, MS Ff.1.24",part,,,,,,,,,,,,,,,,,,,,,,,,,,,,,,,,2.0,2.0,2.0,,,,,,,,,,,,20 22,22.0,20.0,160.0,160.0,160.0,140.0,140.0,140.0,mm,,,,,,,,,,,hardpoint,below
_measure_4,manuscript_12178,,,"Cambridge, University Library, MS Ff.1.24",part,,,,,,,,,,,,,,,,,,,,,,,,,,,,,,,,1.0,1.0,1.0,,,,,,,,,,,,19 24,24.0,19.0,153-183,183.0,153.0,190.0,190.0,190.0,mm,,,,,,,,,,,hardpoint,mixed
_measure_5,manuscript_12178,,,"Cambridge, University Library, MS Ff.1.24",part,,,,,,,,,,,,,,,,,,,,,,,,,,,,,,,,1.0,1.0,1.0,,,,,,,,,,,,19 23,23.0,19.0,207-212,212.0,207.0,150.0,150.0,150.0,mm,,,,,,,,,,,crayon,above
_measure_1,manuscript_12179,,,"Cambridge, University Library, MS Ff.1.26",manuscript,,MS-FF-00001-00026,,,,,,,,,,,,,,,,,,,,273.0,273.0,273.0,180.0,180.0,180.0,,,,mm,1.0,1.0,1.0,,,,,,,,,,,,32.0,32.0,32.0,215.0,215.0,215.0,130.0,130.0,130.0,mm,,,,,,,,,,,,
_measure_1,manuscript_12180,,,"Cambridge, University Library, MS Ff.1.30",manuscript-composite,,MS-FF-00001-00030,,,,,,,,,,,,,,,,,,,,292.0,292.0,292.0,215.0,215.0,215.0,,,,mm,,,,,,,,,,,,,,,,,,,,,,,,,,,,,,,,,,,,
_measure_2,manuscript_12180,,,"Cambridge, University Library, MS Ff.1.30",part,,,,,,,,,,,,,,,,,,,,,,,,,,,,,,,,2.0,2.0,2.0,,,,,,,,,,,,22.0,22.0,22.0,,,,212.0,212.0,212.0,mm,,,,,,,,,,,leadpoint,above
_measure_3,manuscript_12180,,,"Cambridge, University Library, MS Ff.1.30",part,,,,,,,,,,,,,,,,,,,,,,,,,,,,,,,,1.0,1.0,1.0,,,,,,,,,,,,42.0,42.0,42.0,252.0,252.0,252.0,168.0,168.0,168.0,mm,,,,,,,,,,,hardpoint,mixed
_measure_4,manuscript_12180,,,"Cambridge, University Library, MS Ff.1.30",part,,,,,,,,,,,,,,,,,,,,,,,,,,,,,,,,1.0,1.0,1.0,,,,,,,,,,,,3 15,15.0,3.0,253.0,253.0,253.0,170.0,170.0,170.0,mm,,,,,,,,,,,hardpoint,mixed
_measure_5,manuscript_12180,,,"Cambridge, University Library, MS Ff.1.30",part,,,,,,,,,,,,,,,,,,,,,,,,,,,,,,,,1.0,1.0,1.0,,,,,,,,,,,,5 23,23.0,5.0,260.0,260.0,260.0,170.0,170.0,170.0,mm,,,,,,,,,,,hardpoint,mixed
_measure_1,manuscript_12181,,,"Cambridge, University Library, MS Ff.3.2",manuscript,,MS-FF-00003-00002,Codex ii + 1 + 141 + 1 + ii 336 242,141.0,2.0,4.0,,,,,,,,,,,,,,,,336.0,336.0,336.0,242.0,242.0,242.0,,,,mm,1.0,1.0,1.0,,,,,,,,,,,,28 29,29.0,28.0,280-288,288.0,280.0,155-165,165.0,155.0,mm,,,,,,,,,,,,
_measure_1,manuscript_12182,,,"Cambridge, University Library, MS Ff.3.4",manuscript-composite,,MS-FF-00003-00004,"Codex i + 1 + 177+ i , 310 210",177.0,1.0,2.0,,,,,,,,,,,,,,,,310.0,310.0,310.0,210.0,210.0,210.0,,,,mm,,,,,,,,,,,,,,,,,,,,,,,,,,,,,,,,,,,,
_measure_2,manuscript_12182,,,"Cambridge, University Library, MS Ff.3.4",part,,,,,,,,,,,,,,,,,,,,,,,,,,,,,,,,1.0,1.0,1.0,,,,,,,,,,,,30 31,31.0,30.0,215.0,215.0,215.0,130.0,130.0,130.0,mm,,,,,,,,,,,,
_measure_3,manuscript_12182,,,"Cambridge, University Library, MS Ff.3.4",part,,,,,,,,,,,,,,,,,,,,,,,,,,,,,,,,2.0,2.0,2.0,,,,,,,,,,,,39 40,40.0,39.0,240.0,240.0,240.0,145.0,145.0,145.0,mm,,,,,,,,,,,,
_measure_1,manuscript_12183,,,"Cambridge, University Library, MS Ff.3.6",manuscript-composite,,MS-FF-00003-00006,Codex i + 7 + 54 + 11 + i 318-325 200-210,54.0,18.0,2.0,,,,,,,,,,,,,,,,318-325,325.0,318.0,200-210,210.0,200.0,,,,mm,,,,,,,,,,,,,,,,,,,,,,,,,,,,,,,,,,,,
_measure_2,manuscript_12183,,,"Cambridge, University Library, MS Ff.3.6",manuscript-composite,,MS-FF-00003-00006,,,,,,,,,,,,,,,,,,,,,,,,,,,,,,,,,,,,,,,,,,,,,,,,,,,,,,,,,,,,,,,,,
_measure_3,manuscript_12183,,,"Cambridge, University Library, MS Ff.3.6",manuscript-composite,,MS-FF-00003-00006,,,,,,,,,,,,,,,,,,,,,,,,,,,,,,,,,,,,,,,,,,,,,,,,,,,,,,,,,,,,,,,,,
_measure_4,manuscript_12183,,,"Cambridge, University Library, MS Ff.3.6",manuscript-composite,,MS-FF-00003-00006,,,,,,,,,,,,,,,,,,,,,,,,,,,,,,,,,,,,,,,,,,,,,,,,,,,,,,,,,,,,,,,,,
_measure_5,manuscript_12183,,,"Cambridge, University Library, MS Ff.3.6",part,,,,,,,,,,,,,,,,,,,,,,,,,,,,,,,,1.0,1.0,1.0,,,,,,,,,,,,61 62,62.0,61.0,305.0,305.0,305.0,145.0,145.0,145.0,mm,,,,,,,,,,,,
_measure_6,manuscript_12183,,,"Cambridge, University Library, MS Ff.3.6",part,,,,,,,,,,,,,,,,,,,,,,,,,,,,,,,,1.0,1.0,1.0,,,,,,,,,,,,48 54,54.0,48.0,305.0,305.0,305.0,135.0,135.0,135.0,mm,,,,,,,,,,,,
_measure_7,manuscript_12183,,,"Cambridge, University Library, MS Ff.3.6",part,,,,,,,,,,,,,,,,,,,,,,,,,,,,,,,,1.0,1.0,1.0,,,,,,,,,,,,48 80,80.0,48.0,301-312,312.0,301.0,160-170,170.0,160.0,mm,,,,,,,,,,,,
_measure_8,manuscript_12183,,,"Cambridge, University Library, MS Ff.3.6",part,,,,,,,,,,,,,,,,,,,,,,,,,,,,,,,,1.0,1.0,1.0,,,,,,,,,,,,44 62,62.0,44.0,315.0,315.0,315.0,150.0,150.0,150.0,mm,,,,,,,,,,,,
_measure_9,manuscript_12183,,,"Cambridge, University Library, MS Ff.3.6",part,,,,,,,,,,,,,,,,,,,,,,,,,,,,,,,,1.0,1.0,1.0,,,,,,,,,,,,54 63,63.0,54.0,261-269,269.0,261.0,160.0,160.0,160.0,mm,,,,,,,,,,,,
_measure_1,manuscript_1,,,"Cambridge, University Library, MS Ff.3.9",manuscript,,MS-FF-00003-00009,Codex: i + 2 + 102 + 1 + i leaves. 325 225,102.0,3.0,2.0,,,,,,,,,,,,,,,,325.0,325.0,325.0,225.0,225.0,225.0,,,,mm,1.0,1.0,1.0,,,,,,,,,,,,39.0,39.0,39.0,245.0,245.0,245.0,155.0,155.0,155.0,mm,,,,,,,,,,,hardpoint,above
_measure_1,manuscript_12184,,,"Cambridge, University Library, MS Ff.3.30",manuscript,,MS-FF-00003-00030,"Codex 1 + 258 , 355 245",258.0,1.0,,,,,,,,,,,,,,,,,355.0,355.0,355.0,245.0,245.0,245.0,,,,mm,1.0,1.0,1.0,,,,,,,,,,,,33.0,33.0,33.0,265.0,265.0,265.0,150.0,150.0,150.0,mm,,,,,,,,,,,,
_measure_2,manuscript_12184,,,"Cambridge, University Library, MS Ff.3.30",manuscript,,MS-FF-00003-00030,"Codex 1 + 258 , 355 245",258.0,1.0,,,,,,,,,,,,,,,,,355.0,355.0,355.0,245.0,245.0,245.0,,,,mm,1.0,1.0,1.0,,,,,,,,,,,,36 38,38.0,36.0,270.0,270.0,270.0,170.0,170.0,170.0,mm,,,,,,,,,,,,
_measure_3,manuscript_12184,,,"Cambridge, University Library, MS Ff.3.30",manuscript,,MS-FF-00003-00030,"Codex 1 + 258 , 355 245",258.0,1.0,,,,,,,,,,,,,,,,,355.0,355.0,355.0,245.0,245.0,245.0,,,,mm,2.0,2.0,2.0,,,,,,,,,,,,33.0,33.0,33.0,265.0,265.0,265.0,150.0,150.0,150.0,mm,,,,,,,,,,,,
_measure_4,manuscript_12184,,,"Cambridge, University Library, MS Ff.3.30",manuscript,,MS-FF-00003-00030,"Codex 1 + 258 , 355 245",258.0,1.0,,,,,,,,,,,,,,,,,355.0,355.0,355.0,245.0,245.0,245.0,,,,mm,1.0,1.0,1.0,,,,,,,,,,,,33.0,33.0,33.0,265.0,265.0,265.0,145.0,145.0,145.0,mm,,,,,,,,,,,ink,
_measure_1,manuscript_12186,,,"Cambridge, University Library, MS Ff.4.2",manuscript-composite,,MS-FF-00004-00002,,,,,,,,,,,,,,,,,,,,,,,,,,,,,,,,,,,,,,,,,,,,,,,,,,,,,,,,,,,,,,,,,
_measure_2,manuscript_12186,,,"Cambridge, University Library, MS Ff.4.2",part,,,,,,,,,,,,,,,,,,,,,,311.0,311.0,311.0,206.0,206.0,206.0,,,,mm,,,,,,,,,,,,,,,,,,,,,,,,,,,,,,,,,,,,
_measure_3,manuscript_12186,,,"Cambridge, University Library, MS Ff.4.2",part,,,,,,,,,,,,,,,,,,,,,,311.0,311.0,311.0,210.0,210.0,210.0,,,,mm,1.0,1.0,1.0,,,,,,,,,,,,30.0,30.0,30.0,220.0,220.0,220.0,125.0,125.0,125.0,mm,,,,,,,,,,,,
_measure_4,manuscript_12186,,,"Cambridge, University Library, MS Ff.4.2",part,,,,,,,,,,,,,,,,,,,,,,317.0,317.0,317.0,213.0,213.0,213.0,,,,mm,1.0,1.0,1.0,,,,,,,,,,,,25 27,27.0,25.0,227.0,227.0,227.0,130.0,130.0,130.0,mm,,,,,,,,,,,,
_measure_5,manuscript_12186,,,"Cambridge, University Library, MS Ff.4.2",part,,,,,,,,,,,,,,,,,,,,,,311.0,311.0,311.0,200.0,200.0,200.0,,,,mm,1.0,1.0,1.0,,,,,,,,,,,,21.0,21.0,21.0,190.0,190.0,190.0,105.0,105.0,105.0,mm,,,,,,,,,,,,
_measure_1,manuscript_12185,,,"Cambridge, University Library, MS Ff.4.3",manuscript,,MS-FF-00004-00003,Codex ii + 3 + 241 + 4 + ii 301 210,241.0,7.0,4.0,,,,,,,,,,,,,,,,301.0,301.0,301.0,210.0,210.0,210.0,,,,mm,1.0,1.0,1.0,,,,,,,,,,,,20.0,20.0,20.0,202.0,202.0,202.0,120.0,120.0,120.0,mm,,,,,,,,,,,,
_measure_2,manuscript_12185,,,"Cambridge, University Library, MS Ff.4.3",manuscript,,MS-FF-00004-00003,Codex ii + 3 + 241 + 4 + ii 301 210,241.0,7.0,4.0,,,,,,,,,,,,,,,,301.0,301.0,301.0,210.0,210.0,210.0,,,,mm,1.0,1.0,1.0,,,,,,,,,,,,24 30,30.0,24.0,202-227,227.0,202.0,120.0,120.0,120.0,mm,,,,,,,,,,,,
_measure_1,manuscript_12187,,,"Cambridge, University Library, MS Ff.4.47",manuscript-composite,,MS-FF-00004-00047,"Codex iii + 118 + iii The leaves of the manuscript have been heavily trimmed. Some leaves containing marginal notes, being bigger than the rest of the manuscript, have been folded ( ff. 5r-7v). Some leaves, by contrast, have been trimmed more on the external margin and are therefore narrower. ff. [i]-65, [iv]-[vi] 213 150 ff. 66-118 213 143",118.0,,6.0,,,,,,,,,,,,,,,,213 213,213 213,213 213,150 143,150 143,150 143,,,,mm,,,,,,,,,,,,,,,,,,,,,,,,,,,,,,,,,,,,
_measure_2,manuscript_12187,,,"Cambridge, University Library, MS Ff.4.47",part,,,,,,,,,,,,,,,,,,,,,,,,,,,,,,,,1.0,1.0,1.0,,,,,,,,,,,,21 23,23.0,21.0,ca. 160-170,170.0,160.0,ca. 100-110,110.0,100.0,mm,,,,,,,,,,,,
_measure_3,manuscript_12187,,,"Cambridge, University Library, MS Ff.4.47",part,,,,,,,,,,,,,,,,,,,,,,,,,,,,,,,,1.0,1.0,1.0,,,,,,,,,,,,18 26,26.0,18.0,170.0,170.0,170.0,75-90,90.0,75.0,mm,,,,,,,,,,,,
_measure_4,manuscript_12187,,,"Cambridge, University Library, MS Ff.4.47",part,,,,,,,,,,,,,,,,,,,,,,,,,,,,,,,,1.0,1.0,1.0,,,,,,,,,,,,11 18,18.0,11.0,170.0,170.0,170.0,110.0,110.0,110.0,mm,,,,,,,,,,,,
_measure_1,manuscript_1,,,"Cambridge, University Library, MS Ff.5.5",manuscript,,MS-FF-00005-00005,Codex: i + 206 + i leaves. 225 165,206.0,,2.0,,,,,,,,,,,,,,,,225.0,225.0,225.0,165.0,165.0,165.0,,,,mm,1.0,1.0,1.0,,,,,,,,,,,,40 41,41.0,40.0,175.0,175.0,175.0,120.0,120.0,120.0,mm,,,,,,,,,,,pencil,below
_measure_2,manuscript_1,,,"Cambridge, University Library, MS Ff.5.5",manuscript,,MS-FF-00005-00005,,,,,,,,,,,,,,,,,,,,,,,,,,,,,,,,,,,,,,,,,,,,,,,,,,,,,,,,,,,,,,,,,
_measure_1,manuscript_12188,,,"Cambridge, University Library, MS Ff.5.8",manuscript,,MS-FF-00005-00008,,,,,,,,,,,,,,,,,,,,230.0,230.0,230.0,125.0,125.0,125.0,,,,mm,1.0,1.0,1.0,,,,,,,,,,,,33.0,33.0,33.0,175-180,180.0,175.0,60-65,65.0,60.0,mm,,,,,,,,,,,hardpoint,
_measure_1,manuscript_12189,,,"Cambridge, University Library, MS Ff.6.32",manuscript,,MS-FF-00006-00032,"Codex 82 , 162 100",82.0,,,,,,,,,,,,,,,,,,162.0,162.0,162.0,100.0,100.0,100.0,,,,mm,1.0,1.0,1.0,,,,,,,,,,,,18.0,18.0,18.0,105.0,105.0,105.0,60.0,60.0,60.0,mm,,,,,,,,,,,,
_measure_1,manuscript_1,,,"Cambridge, University Library, MS Ff.6.51",manuscript-composite,,MS-FF-00006-00051,Codex: ii + 3 + 60 | 29 4 + ii leaves.,89.0,7.0,4.0,,,,,,,,,,,,,,,,,,,,,,,,,,,,,,,,,,,,,,,,,,,,,,,,,,,,,,,,,,,,,
_measure_2,manuscript_1,,,"Cambridge, University Library, MS Ff.6.51",manuscript-composite,,MS-FF-00006-00051,,,,,,,,,,,,,,,,,,,,,,,,,,,,,,,,,,,,,,,,,,,,,,,,,,,,,,,,,,,,,,,,,
_measure_3,manuscript_1,,,"Cambridge, University Library, MS Ff.6.51",manuscript-composite,,MS-FF-00006-00051,,,,,,,,,,,,,,,,,,,,,,,,,,,,,,,,,,,,,,,,,,,,,,,,,,,,,,,,,,,,,,,,,
_measure_4,manuscript_1,,,"Cambridge, University Library, MS Ff.6.51",part,,,Codex: 3 + 60 leaves. 130 100,60.0,3.0,,,,,,,,,,,,,,,,,130.0,130.0,130.0,100.0,100.0,100.0,,,,mm,1.0,1.0,1.0,,,,,,,,,,,,25.0,25.0,25.0,105.0,105.0,105.0,75.0,75.0,75.0,mm,,,,,,,,,,,leadpoint,below
_measure_5,manuscript_1,,,"Cambridge, University Library, MS Ff.6.51",part,,,Codex: 29 + 4 leaves. 130 100,29.0,4.0,,,,,,,,,,,,,,,,,130.0,130.0,130.0,100.0,100.0,100.0,,,,mm,1.0,1.0,1.0,,,,,,,,,,,,25.0,25.0,25.0,105.0,105.0,105.0,75.0,75.0,75.0,mm,,,,,,,,,,,leadpoint,below
_measure_1,manuscript_1,,,"Cambridge, University Library, MS Ff.6.53",manuscript,,MS-FF-00006-00053,Codex: iii + 289 + iii leaves. Paper stubs before f. ii recto and after f. v verso indicate that two later endleaves have been removed: f. [i] and f. [vi]. 120 80,289.0,,6.0,,,,,,,,,,,,,,,,120.0,120.0,120.0,80.0,80.0,80.0,,,,mm,1.0,1.0,1.0,,,,,,,,,,,,23 28,28.0,23.0,75-80,80.0,75.0,50-55,55.0,50.0,mm,,,,,,,,,,,leadpoint,below
_measure_2,manuscript_1,,,"Cambridge, University Library, MS Ff.6.53",manuscript,,MS-FF-00006-00053,,,,,,,,,,,,,,,,,,,,,,,,,,,,,,,,,,,,,,,,,,,,,,,,,,,,,,,,,,,,,,,,,
_measure_1,manuscript_77768,,,"Cambridge, University Library, MS Ff.6.56",manuscript,,MS-FF-00006-00056,Codex 6 + 77 166 111,77.0,6.0,,,,,,,,,,,,,,,,,166.0,166.0,166.0,111.0,111.0,111.0,,,,mm,1.0,1.0,1.0,,,,,,,,,,,,20 26,26.0,20.0,125.0,125.0,125.0,75.0,75.0,75.0,mm,,,,,,,,,,,ink,
_measure_2,manuscript_77768,,,"Cambridge, University Library, MS Ff.6.56",manuscript,,MS-FF-00006-00056,,,,,,,,,,,,,,,,,,,,,,,,,,,,,,,,,,,,,,,,,,,,,,,,,,,,,,,,,,,,,,,,,
_measure_1,manuscript_77769,,,"Cambridge, University Library, MS Ff.6.57",manuscript,,MS-FF-00006-00057,Codex 20 + 109 149 96,109.0,20.0,,,,,,,,,,,,,,,,,149.0,149.0,149.0,96.0,96.0,96.0,,,,mm,1.0,1.0,1.0,,,,,,,,,,,,13 21,21.0,13.0,100.0,100.0,100.0,65.0,65.0,65.0,mm,,,,,,,,,,,ink,
_measure_1,manuscript_12190,,,"Cambridge, University Library, MS Gg.1.2",manuscript-composite,,MS-GG-00001-00002,Codex 1 + 326 + 1 213 140,326.0,2.0,,,,,,,,,,,,,,,,,213.0,213.0,213.0,140.0,140.0,140.0,,,,mm,,,,,,,,,,,,,,,,,,,,,,,,,,,,,,,,,,,,
_measure_2,manuscript_12190,,,"Cambridge, University Library, MS Gg.1.2",part,,,,,,,,,,,,,,,,,,,,,,,,,,,,,,,,1.0,1.0,1.0,,,,,,,,,,,,21.0,21.0,21.0,140.0,140.0,140.0,80.0,80.0,80.0,mm,,,,,,,,,,,,
_measure_3,manuscript_12190,,,"Cambridge, University Library, MS Gg.1.2",part,,,,,,,,,,,,,,,,,,,,,,,,,,,,,,,,1.0,1.0,1.0,,,,,,,,,,,,27 30,30.0,27.0,155-160,160.0,155.0,80-90,90.0,80.0,mm,,,,,,,,,,,,
_measure_4,manuscript_12190,,,"Cambridge, University Library, MS Gg.1.2",part,,,,,,,,,,,,,,,,,,,,,,,,,,,,,,,,1.0,1.0,1.0,,,,,,,,,,,,21.0,21.0,21.0,145.0,145.0,145.0,90.0,90.0,90.0,mm,,,,,,,,,,,,
_measure_5,manuscript_12190,,,"Cambridge, University Library, MS Gg.1.2",part,,,,,,,,,,,,,,,,,,,,,,,,,,,,,,,,4.0,4.0,4.0,,,,,,,,,,,,21.0,21.0,21.0,150.0,150.0,150.0,95.0,95.0,95.0,mm,,,,,,,,,,,,
_measure_6,manuscript_12190,,,"Cambridge, University Library, MS Gg.1.2",part,,,,,,,,,,,,,,,,,,,,,,,,,,,,,,,,3.0,3.0,3.0,,,,,,,,,,,,30 31,31.0,30.0,150.0,150.0,150.0,85.0,85.0,85.0,mm,,,,,,,,,,,,
_measure_7,manuscript_12190,,,"Cambridge, University Library, MS Gg.1.2",part,,,,,,,,,,,,,,,,,,,,,,,,,,,,,,,,1.0,1.0,1.0,,,,,,,,,,,,22.0,22.0,22.0,150.0,150.0,150.0,90.0,90.0,90.0,mm,,,,,,,,,,,,
_measure_8,manuscript_12190,,,"Cambridge, University Library, MS Gg.1.2",part,,,,,,,,,,,,,,,,,,,,,,,,,,,,,,,,1.0,1.0,1.0,,,,,,,,,,,,11 31,31.0,11.0,155.0,155.0,155.0,80-90,90.0,80.0,mm,,,,,,,,,,,ink,
_measure_9,manuscript_12190,,,"Cambridge, University Library, MS Gg.1.2",part,,,,,,,,,,,,,,,,,,,,,,,,,,,,,,,,1.0,1.0,1.0,,,,,,,,,,,,26 30,30.0,26.0,145-150,150.0,145.0,80.0,80.0,80.0,mm,,,,,,,,,,,ink,
_measure_10,manuscript_12190,,,"Cambridge, University Library, MS Gg.1.2",part,,,,,,,,,,,,,,,,,,,,,,,,,,,,,,,,1.0,1.0,1.0,,,,,,,,,,,,23.0,23.0,23.0,150.0,150.0,150.0,80.0,80.0,80.0,mm,,,,,,,,,,,ink,
_measure_11,manuscript_12190,,,"Cambridge, University Library, MS Gg.1.2",part,,,,,,,,,,,,,,,,,,,,,,,,,,,,,,,,1.0,1.0,1.0,,,,,,,,,,,,30.0,30.0,30.0,150.0,150.0,150.0,85.0,85.0,85.0,mm,,,,,,,,,,,ink,
_measure_12,manuscript_12190,,,"Cambridge, University Library, MS Gg.1.2",part,,,,,,,,,,,,,,,,,,,,,,,,,,,,,,,,1.0,1.0,1.0,,,,,,,,,,,,30.0,30.0,30.0,150.0,150.0,150.0,85.0,85.0,85.0,mm,,,,,,,,,,,,
_measure_1,,,,"Cambridge, University Library, MS Gg.1.8",manuscript-composite,,MS-GG-00001-00008,Codex: 52 | 25 | 68 | 6 | 1 leaves. 200 145,151.0,1.0,,,,,,,,,,,,,,,,,200.0,200.0,200.0,145.0,145.0,145.0,,,,mm,,,,,,,,,,,,,,,,,,,,,,,,,,,,,,,,,,,,
_measure_2,,,,"Cambridge, University Library, MS Gg.1.8",part,,,Codex: 52 leaves.,52.0,,,,,,,,,,,,,,,,,,,,,,,,,,,,,,,,,,,,,,,,,,,,,,,,,,,,,,,,,,,,,,,
_measure_3,,,,"Cambridge, University Library, MS Gg.1.8",part,,,Codex: 25 leaves.,25.0,,,,,,,,,,,,,,,,,,,,,,,,,,,,,,,,,,,,,,,,,,,,,,,,,,,,,,,,,,,,,,,
_measure_4,,,,"Cambridge, University Library, MS Gg.1.8",part,,,Codex: 68 leaves.,68.0,,,,,,,,,,,,,,,,,,,,,,,,,,,,,,,,,,,,,,,,,,,,,,,,,,,,,,,,,,,,,,,
_measure_5,,,,"Cambridge, University Library, MS Gg.1.8",part,,,Codex: 6 leaves.,6.0,,,,,,,,,,,,,,,,,,,,,,,,,,,,,,,,,,,,,,,,,,,,,,,,,,,,,,,,,,,,,,,
_measure_1,,,,"Cambridge, University Library, MS Gg.1.10",manuscript-composite,,MS-GG-00001-00010,Codex: i + 1 + 52 | 84 | 2 + i leaves.,138.0,1.0,2.0,,,,,,,,,,,,,,,,,,,,,,,,,,,,,,,,,,,,,,,,,,,,,,,,,,,,,,,,,,,,,
_measure_2,,,,"Cambridge, University Library, MS Gg.1.10",manuscript-composite,,MS-GG-00001-00010,,,,,,,,,,,,,,,,,,,,,,,,,,,,,,,,,,,,,,,,,,,,,,,,,,,,,,,,,,,,,,,,,
_measure_3,,,,"Cambridge, University Library, MS Gg.1.10",part,,,Codex: 1 (f. i) + 52 leaves. 205 130-135,52.0,,,,,,,,,,,,,,,,,,205.0,205.0,205.0,130-135,135.0,130.0,,,,mm,1.0,1.0,1.0,,,,,,,,,,,,34 35,35.0,34.0,155.0,155.0,155.0,80.0,80.0,80.0,mm,,,,,,,,,,,hardpoint,above
_measure_4,,,,"Cambridge, University Library, MS Gg.1.10",part,,,Codex: 84 leaves. 205 130-135,84.0,,,,,,,,,,,,,,,,,,205.0,205.0,205.0,130-135,135.0,130.0,,,,mm,2.0,2.0,2.0,,,,,,,,,,,,39 41,41.0,39.0,170.0,170.0,170.0,100.0,100.0,100.0,mm,,,,,,,,,,,leadpoint,above
_measure_5,,,,"Cambridge, University Library, MS Gg.1.10",part,,,Fragment: two leaves from a late-12th century or early-13th-century manuscript. 2 leaves (ff. 139-140). 210 135,,2.0,,,,,,,,,,,,,,,,,210.0,210.0,210.0,135.0,135.0,135.0,,,,mm,2.0,2.0,2.0,,,,,,,,,,,,63.0,63.0,63.0,190.0,190.0,190.0,110.0,110.0,110.0,mm,,,,,,,,,,,ink,above
_measure_1,manuscript_12191,,,"Cambridge, University Library, MS Gg.2.33",manuscript-composite,,MS-GG-00002-00033,Codex 1 + 265 + 1 285 210,265.0,2.0,,,,,,,,,,,,,,,,,285.0,285.0,285.0,210.0,210.0,210.0,,,,mm,,,,,,,,,,,,,,,,,,,,,,,,,,,,,,,,,,,,
_measure_2,manuscript_12191,,,"Cambridge, University Library, MS Gg.2.33",part,,,,,,,,,,,,,,,,,,,,,,,,,,,,,,,,1.0,1.0,1.0,,,,,,,,,,,,22.0,22.0,22.0,210.0,210.0,210.0,130.0,130.0,130.0,mm,,,,,,,,,,,,
_measure_3,manuscript_12191,,,"Cambridge, University Library, MS Gg.2.33",part,,,"Codex 8 , 286 210",8.0,,,,,,,,,,,,,,,,,,286.0,286.0,286.0,210.0,210.0,210.0,,,,mm,1.0,1.0,1.0,,,,,,,,,,,,33.0,33.0,33.0,220.0,220.0,220.0,140.0,140.0,140.0,mm,,,,,,,,,,,,
_measure_4,manuscript_12191,,,"Cambridge, University Library, MS Gg.2.33",part,,,,,,,,,,,,,,,,,,,,,,,,,,,,,,,,1.0,1.0,1.0,,,,,,,,,,,,30 34,34.0,30.0,225.0,225.0,225.0,140.0,140.0,140.0,mm,,,,,,,,,,,,
_measure_5,manuscript_12191,,,"Cambridge, University Library, MS Gg.2.33",part,,,,,,,,,,,,,,,,,,,,,,,,,,,,,,,,1.0,1.0,1.0,,,,,,,,,,,,33.0,33.0,33.0,225.0,225.0,225.0,135.0,135.0,135.0,mm,,,,,,,,,,,,
_measure_6,manuscript_12191,,,"Cambridge, University Library, MS Gg.2.33",part,,,,,,,,,,,,,,,,,,,,,,,,,,,,,,,,1.0,1.0,1.0,,,,,,,,,,,,31.0,31.0,31.0,230.0,230.0,230.0,170.0,170.0,170.0,mm,,,,,,,,,,,,
_measure_7,manuscript_12191,,,"Cambridge, University Library, MS Gg.2.33",part,,,"Codex 10 , 287 200",10.0,,,,,,,,,,,,,,,,,,287.0,287.0,287.0,200.0,200.0,200.0,,,,mm,1.0,1.0,1.0,,,,,,,,,,,,29.0,29.0,29.0,210.0,210.0,210.0,140.0,140.0,140.0,mm,,,,,,,,,,,,
_measure_8,manuscript_12191,,,"Cambridge, University Library, MS Gg.2.33",part,,,,,,,,,,,,,,,,,,,,,,,,,,,,,,,,1.0,1.0,1.0,,,,,,,,,,,,33 35,35.0,33.0,225.0,225.0,225.0,140.0,140.0,140.0,mm,,,,,,,,,,,,
_measure_9,manuscript_12191,,,"Cambridge, University Library, MS Gg.2.33",part,,,,,,,,,,,,,,,,,,,,,,,,,,,,,,,,1.0,1.0,1.0,,,,,,,,,,,,22.0,22.0,22.0,210.0,210.0,210.0,140.0,140.0,140.0,mm,,,,,,,,,,,,
_measure_10,manuscript_12191,,,"Cambridge, University Library, MS Gg.2.33",part,,,,,,,,,,,,,,,,,,,,,,,,,,,,,,,,1.0,1.0,1.0,,,,,,,,,,,,29.0,29.0,29.0,210.0,210.0,210.0,110.0,110.0,110.0,mm,,,,,,,,,,,,
_measure_11,manuscript_12191,,,"Cambridge, University Library, MS Gg.2.33",part,,,,,,,,,,,,,,,,,,,,,,,,,,,,,,,,1.0,1.0,1.0,,,,,,,,,,,,33.0,33.0,33.0,220.0,220.0,220.0,140.0,140.0,140.0,mm,,,,,,,,,,,,
_measure_12,manuscript_12191,,,"Cambridge, University Library, MS Gg.2.33",part,,,,,,,,,,,,,,,,,,,,,,,,,,,,,,,,1.0,1.0,1.0,,,,,,,,,,,,34.0,34.0,34.0,225.0,225.0,225.0,140.0,140.0,140.0,mm,,,,,,,,,,,,
_measure_13,manuscript_12191,,,"Cambridge, University Library, MS Gg.2.33",part,,,,,,,,,,,,,,,,,,,,,,,,,,,,,,,,1.0,1.0,1.0,,,,,,,,,,,,33 36,36.0,33.0,225-230,230.0,225.0,140.0,140.0,140.0,mm,,,,,,,,,,,,
_measure_14,manuscript_12191,,,"Cambridge, University Library, MS Gg.2.33",part,,,,,,,,,,,,,,,,,,,,,,,,,,,,,,,,1.0,1.0,1.0,,,,,,,,,,,,30 32,32.0,30.0,220.0,220.0,220.0,130.0,130.0,130.0,mm,,,,,,,,,,,,
_measure_15,manuscript_12191,,,"Cambridge, University Library, MS Gg.2.33",part,,,,,,,,,,,,,,,,,,,,,,,,,,,,,,,,1.0,1.0,1.0,,,,,,,,,,,,30 33,33.0,30.0,235.0,235.0,235.0,170.0,170.0,170.0,mm,,,,,,,,,,,,
_measure_16,manuscript_12191,,,"Cambridge, University Library, MS Gg.2.33",part,,,,,,,,,,,,,,,,,,,,,,,,,,,,,,,,1.0,1.0,1.0,,,,,,,,,,,,29 32,32.0,29.0,200-260,260.0,200.0,130-175,175.0,130.0,mm,,,,,,,,,,,,
_measure_1,manuscript_12192,,,"Cambridge, University Library, MS Gg.2.34",manuscript,,MS-GG-00002-00034,"Codex ii + 16 + xiv , 280 192",16.0,,16.0,,,,,,,,,,,,,,,,280.0,280.0,280.0,192.0,192.0,192.0,,,,mm,1.0,1.0,1.0,,,,,,,,,,,,29.0,29.0,29.0,185.0,185.0,185.0,110.0,110.0,110.0,mm,,,,,,,,,,,,
_measure_1,manuscript_12193,,,"Cambridge, University Library, MS Gg.3.15",manuscript,,MS-GG-00003-00015,"Codex 420 , 290 195",420.0,,,,,,,,,,,,,,,,,,290.0,290.0,290.0,195.0,195.0,195.0,,,,mm,1.0,1.0,1.0,,,,,,,,,,,,37.0,37.0,37.0,290.0,290.0,290.0,195.0,195.0,195.0,mm,,,,,,,,,,,,
_measure_2,manuscript_12193,,,"Cambridge, University Library, MS Gg.3.15",manuscript,,MS-GG-00003-00015,,,,,,,,,,,,,,,,,,,,,,,,,,,,,,,,,,,,,,,,,,,,,,,,,,,,,,,,,,,,,,,,,
_measure_1,manuscript_1,,,"Cambridge, University Library, MS Gg.4.6",manuscript,,MS-GG-00004-00006,Codex: iv + 2 + 137 + 2 + iv leaves. Folios 1 and 142 were formerly pastedowns; now lifted. 320 230,137.0,4.0,8.0,,,,,,,,,,,,,,,,320.0,320.0,320.0,230.0,230.0,230.0,,,,mm,2.0,2.0,2.0,,,,,,,,,,,,40.0,40.0,40.0,235-245,245.0,235.0,160-165,165.0,160.0,mm,,,,,,,,,,,leadpoint,below
_measure_2,manuscript_1,,,"Cambridge, University Library, MS Gg.4.6",manuscript,,MS-GG-00004-00006,,,,,,,,,,,,,,,,,,,,,,,,,,,,,,,,,,,,,,,,,,,,,,,,,,,,,,,,,,,,,,,,,
_measure_3,manuscript_1,,,"Cambridge, University Library, MS Gg.4.6",manuscript,,MS-GG-00004-00006,,,,,,,,,,,,,,,,,,,,,,,,,,,,,,,,,,,,,,,,,,,,,,,,,,,,,,,,,,,,,,,,,
_measure_4,manuscript_1,,,"Cambridge, University Library, MS Gg.4.6",manuscript,,MS-GG-00004-00006,,,,,,,,,,,,,,,,,,,,,,,,,,,,,,,,,,,,,,,,,,,,,,,,,,,,,,,,,,,,,,,,,
_measure_1,manuscript_1,,,"Cambridge, University Library, MS Gg.4.27(1)",manuscript-composite,,MS-GG-00004-00027-00001,,,,,,,,,,,,,,,,,,,,,,,,,,,,,,,,,,,,,,,,,,,,,,,,,,,,,,,,,,,,,,,,,
_measure_2,manuscript_1,,,"Cambridge, University Library, MS Gg.4.27(1)",manuscript-composite,,MS-GG-00004-00027-00001,,,,,,,,,,,,,,,,,,,,,,,,,,,,,,,,,,,,,,,,,,,,,,,,,,,,,,,,,,,,,,,,,
_measure_3,manuscript_1,,,"Cambridge, University Library, MS Gg.4.27(1)",manuscript-composite,,MS-GG-00004-00027-00001,,,,,,,,,,,,,,,,,,,,,,,,,,,,,,,,,,,,,,,,,,,,,,,,,,,,,,,,,,,,,,,,,
_measure_4,manuscript_1,,,"Cambridge, University Library, MS Gg.4.27(1)",manuscript-composite,,MS-GG-00004-00027-00001,,,,,,,,,,,,,,,,,,,,,,,,,,,,,,,,,,,,,,,,,,,,,,,,,,,,,,,,,,,,,,,,,
_measure_5,manuscript_1,,,"Cambridge, University Library, MS Gg.4.27(1)",manuscript-composite,,MS-GG-00004-00027-00001,,,,,,,,,,,,,,,,,,,,,,,,,,,,,,,,,,,,,,,,,,,,,,,,,,,,,,,,,,,,,,,,,
_measure_6,manuscript_1,,,"Cambridge, University Library, MS Gg.4.27(1)",manuscript-composite,,MS-GG-00004-00027-00001,,,,,,,,,,,,,,,,,,,,,,,,,,,,,,,,,,,,,,,,,,,,,,,,,,,,,,,,,,,,,,,,,
_measure_7,manuscript_1,,,"Cambridge, University Library, MS Gg.4.27(1)",manuscript-composite,,MS-GG-00004-00027-00001,,,,,,,,,,,,,,,,,,,,,,,,,,,,,,,,,,,,,,,,,,,,,,,,,,,,,,,,,,,,,,,,,
_measure_8,manuscript_1,,,"Cambridge, University Library, MS Gg.4.27(1)",manuscript-composite,,MS-GG-00004-00027-00001,,,,,,,,,,,,,,,,,,,,,,,,,,,,,,,,,,,,,,,,,,,,,,,,,,,,,,,,,,,,,,,,,
_measure_9,manuscript_1,,,"Cambridge, University Library, MS Gg.4.27(1)",manuscript-composite,,MS-GG-00004-00027-00001,,,,,,,,,,,,,,,,,,,,,,,,,,,,,,,,,,,,,,,,,,,,,,,,,,,,,,,,,,,,,,,,,
_measure_10,manuscript_1,,,"Cambridge, University Library, MS Gg.4.27(1)",manuscript-composite,,MS-GG-00004-00027-00001,,,,,,,,,,,,,,,,,,,,,,,,,,,,,,,,,,,,,,,,,,,,,,,,,,,,,,,,,,,,,,,,,
_measure_11,manuscript_1,,,"Cambridge, University Library, MS Gg.4.27(1)",manuscript-composite,,MS-GG-00004-00027-00001,,,,,,,,,,,,,,,,,,,,,,,,,,,,,,,,,,,,,,,,,,,,,,,,,,,,,,,,,,,,,,,,,
_measure_12,manuscript_1,,,"Cambridge, University Library, MS Gg.4.27(1)",manuscript-composite,,MS-GG-00004-00027-00001,,,,,,,,,,,,,,,,,,,,,,,,,,,,,,,,,,,,,,,,,,,,,,,,,,,,,,,,,,,,,,,,,
_measure_13,manuscript_1,,,"Cambridge, University Library, MS Gg.4.27(1)",manuscript-composite,,MS-GG-00004-00027-00001,,,,,,,,,,,,,,,,,,,,,,,,,,,,,,,,,,,,,,,,,,,,,,,,,,,,,,,,,,,,,,,,,
_measure_14,manuscript_1,,,"Cambridge, University Library, MS Gg.4.27(1)",part,,,"Codex: 72 leaves of parchment have been inserted in place of missing and cancelled leaves as part of the volume's conservation (for further information on which, see Custodial History). These inserted leaves have been digitised and some of the stubs to which they are attached contain small fragments of text. These replacement leaves have not been counted here as part of the manuscript's extent. For the sake of clarity, it has been decided not to enumerate them separately either. iv + 454 + iv leaves. 315 185",454.0,,8.0,,,,,,,,,,,,,,,,315.0,315.0,315.0,185.0,185.0,185.0,,,,mm,1.0,1.0,1.0,,,,,,,,,,,,35 40,40.0,35.0,200-215,215.0,200.0,110-120,120.0,110.0,mm,,,,,,,,,,,leadpoint,below
_measure_15,manuscript_1,,,"Cambridge, University Library, MS Gg.4.27(1)",part,,,Codex: ii + 34 + ii leaves. 315 185,34.0,,4.0,,,,,,,,,,,,,,,,315.0,315.0,315.0,185.0,185.0,185.0,,,,mm,1.0,1.0,1.0,,,,,,,,,,,,,,,90-285,285.0,90.0,100-130,130.0,100.0,mm,,,,,,,,,,,,
_measure_1,,,,"Cambridge, University Library, MS Gg.4.27(2)",manuscript,,MS-GG-00004-00027-00002,i + 14 + i leaves. 220-250 130-160,14.0,,2.0,,,,,,,,,,,,,,,,220-250,250.0,220.0,130-160,160.0,130.0,,,,mm,2.0,2.0,2.0,,,,,,,,,,,,39 42,42.0,39.0,200-210,210.0,200.0,125-145,145.0,125.0,mm,,,,,,,,,,,leadpoint,below
_measure_2,,,,"Cambridge, University Library, MS Gg.4.27(2)",manuscript,,MS-GG-00004-00027-00002,,,,,,,,,,,,,,,,,,,,,,,,,,,,,,,,,,,,,,,,,,,,,,,,,,,,,,,,,,,,,,,,,
_measure_3,,,,"Cambridge, University Library, MS Gg.4.27(2)",manuscript,,MS-GG-00004-00027-00002,,,,,,,,,,,,,,,,,,,,,,,,,,,,,,,,,,,,,,,,,,,,,,,,,,,,,,,,,,,,,,,,,
_measure_1,manuscript_1,,,"Cambridge, University Library, MS Gg.6.3",manuscript,,MS-GG-00006-00003,"Codex: 7 + 388 + 8 leaves. Some leaves are smaller or of irregular size as a consequence of being formed of off-cuts of parchment, but have nevertheless been counted in Extent (and are foliated). 190 120",388.0,15.0,,,,,,,,,,,,,,,,,190.0,190.0,190.0,120.0,120.0,120.0,,,,mm,1 2,2.0,1.0,,,,,,,,,,,,37 45,45.0,37.0,150-160,160.0,150.0,95-110,110.0,100.0,mm,,,,,,,,,,,mixed,below
_measure_2,manuscript_1,,,"Cambridge, University Library, MS Gg.6.3",manuscript,,MS-GG-00006-00003,,,,,,,,,,,,,,,,,,,,,,,,,,,,,,,,,,,,,,,,,,,,,,,,,,,,,,,,,,,,,,,,,
_measure_3,manuscript_1,,,"Cambridge, University Library, MS Gg.6.3",manuscript,,MS-GG-00006-00003,,,,,,,,,,,,,,,,,,,,,,,,,,,,,,,,,,,,,,,,,,,,,,,,,,,,,,,,,,,,,,,,,
_measure_4,manuscript_1,,,"Cambridge, University Library, MS Gg.6.3",manuscript,,MS-GG-00006-00003,,,,,,,,,,,,,,,,,,,,,,,,,,,,,,,,,,,,,,,,,,,,,,,,,,,,,,,,,,,,,,,,,
_measure_1,manuscript_12194,,,"Cambridge, University Library, MS Gg.6.10",manuscript,,MS-GG-00006-00010,"Codex i + 42 + i, 185 115",42.0,,2.0,,,,,,,,,,,,,,,,185.0,185.0,185.0,115.0,115.0,115.0,,,,mm,1.0,1.0,1.0,,,,,,,,,,,,14.0,14.0,14.0,125.0,125.0,125.0,75.0,75.0,75.0,mm,,,,,,,,,,,,
_measure_1,manuscript_12195,,,"Cambridge, University Library, MS Gg.6.43",manuscript,,MS-GG-00006-00043,,,,,,,,,,,,,,,,,,,,200.0,200.0,200.0,155.0,155.0,155.0,,,,mm,1.0,1.0,1.0,,,,,,,,,,,,31.0,31.0,31.0,190.0,190.0,190.0,117.0,117.0,117.0,mm,,,,,,,,,,,,
_measure_1,manuscript_1,,,"Cambridge, University Library, MS Hh.6.11",manuscript,,MS-HH-00006-00011,Codex: i + 71 + i leaves. 200 150,71.0,,2.0,,,,,,,,,,,,,,,,200.0,200.0,200.0,150.0,150.0,150.0,,,,mm,2.0,2.0,2.0,,,,,,,,,,,,27.0,27.0,27.0,140-145,145.0,140.0,95-100,100.0,95.0,mm,,,,,,,,,,,ink,below
_measure_2,manuscript_1,,,"Cambridge, University Library, MS Hh.6.11",manuscript,,MS-HH-00006-00011,,,,,,,,,,,,,,,,,,,,,,,,,,,,,,,,,,,,,,,,,,,,,,,,,,,,,,,,,,,,,,,,,
_measure_3,manuscript_1,,,"Cambridge, University Library, MS Hh.6.11",manuscript,,MS-HH-00006-00011,,,,,,,,,,,,,,,,,,,,,,,,,,,,,,,,,,,,,,,,,,,,,,,,,,,,,,,,,,,,,,,,,
_measure_1,manuscript_12196,,,"Cambridge, University Library, MS Hh.6.12",manuscript,,MS-HH-00006-00012,Codex i + 1 + 186 + 1 + i 200 148,186.0,2.0,2.0,,,,,,,,,,,,,,,,200.0,200.0,200.0,148.0,148.0,148.0,,,,mm,1.0,1.0,1.0,,,,,,,,,,,,21 25,25.0,21.0,129-136,136.0,129.0,90.0,90.0,90.0,mm,,,,,,,,,,,hardpoint,
_measure_2,manuscript_12196,,,"Cambridge, University Library, MS Hh.6.12",manuscript,,MS-HH-00006-00012,Codex i + 1 + 186 + 1 + i 200 148,186.0,2.0,2.0,,,,,,,,,,,,,,,,200.0,200.0,200.0,148.0,148.0,148.0,,,,mm,1.0,1.0,1.0,,,,,,,,,,,,22 25,25.0,22.0,132-138,138.0,132.0,90-110,110.0,90.0,mm,27.0,27.0,27.0,,,,,,,,hardpoint,mixed
_measure_3,manuscript_12196,,,"Cambridge, University Library, MS Hh.6.12",manuscript,,MS-HH-00006-00012,Codex i + 1 + 186 + 1 + i 200 148,186.0,2.0,2.0,,,,,,,,,,,,,,,,200.0,200.0,200.0,148.0,148.0,148.0,,,,mm,1.0,1.0,1.0,,,,,,,,,,,,25.0,25.0,25.0,145.0,145.0,145.0,105.0,105.0,105.0,mm,,,,,,,,,,,hardpoint,mixed
_measure_4,manuscript_12196,,,"Cambridge, University Library, MS Hh.6.12",manuscript,,MS-HH-00006-00012,,,,,,,,,,,,,,,,,,,,,,,,,,,,,,,,,,,,,,,,,,,,,,,,,,,,,,,,,,,,,,,,,
_measure_1,manuscript_1,,,"Cambridge, University Library, MS Hh.6.13",manuscript-composite,,MS-HH-00006-00013,Codex: i + 2 | 83 | 1 + i leaves.,83.0,3.0,2.0,,,,,,,,,,,,,,,,,,,,,,,,,,,,,,,,,,,,,,,,,,,,,,,,,,,,,,,,,,,,,
_measure_2,manuscript_1,,,"Cambridge, University Library, MS Hh.6.13",manuscript-composite,,MS-HH-00006-00013,,,,,,,,,,,,,,,,,,,,,,,,,,,,,,,,,,,,,,,,,,,,,,,,,,,,,,,,,,,,,,,,,
_measure_3,manuscript_1,,,"Cambridge, University Library, MS Hh.6.13",part,,,"Fragments, comprising leaves taken from a roll. 3 leaves. 190-200 140-145",,,,,,,,,,,,,,,,,,,190-200,200.0,190.0,140-145,145.0,140.0,,,,mm,1.0,1.0,1.0,,,,,,,,,,,,36.0,36.0,36.0,200.0,200.0,200.0,145.0,145.0,145.0,mm,,,,,,,,,,,,
_measure_4,manuscript_1,,,"Cambridge, University Library, MS Hh.6.13",part,,,Codex: 83 leaves. 205 145,,,,,,,,,,,,,,,,,,,205.0,205.0,205.0,145.0,145.0,145.0,,,,mm,1.0,1.0,1.0,,,,,,,,,,,,29 30,30.0,29.0,150.0,150.0,150.0,100.0,100.0,100.0,mm,,,,,,,,,,,leadpoint,below
_measure_5,manuscript_1,,,"Cambridge, University Library, MS Hh.6.13",part,,,Codex: 83 leaves. 205 145,,,,,,,,,,,,,,,,,,,205.0,205.0,205.0,145.0,145.0,145.0,,,,mm,1.0,1.0,1.0,,,,,,,,,,,,27 31,31.0,27.0,150-155,155.0,150.0,100.0,100.0,100.0,mm,,,,,,,,,,,leadpoint,below
_measure_1,manuscript_1,,,"Cambridge, University Library, MS Ii.2.12",manuscript,,MS-II-00002-00012,Codex: ii + 148 + ii leaves. 320 225,148.0,,4.0,,,,,,,,,,,,,,,,320.0,320.0,320.0,225.0,225.0,225.0,,,,mm,2.0,2.0,2.0,,,,,,,,,,,,47 52,52.0,47.0,240-245,245.0,240.0,145-160,160.0,145.0,mm,,,,,,,,,,,leadpoint,below
_measure_2,manuscript_1,,,"Cambridge, University Library, MS Ii.2.12",manuscript,,MS-II-00002-00012,,,,,,,,,,,,,,,,,,,,,,,,,,,,,,,,,,,,,,,,,,,,,,,,,,,,,,,,,,,,,,,,,
_measure_3,manuscript_1,,,"Cambridge, University Library, MS Ii.2.12",manuscript,,MS-II-00002-00012,,,,,,,,,,,,,,,,,,,,,,,,,,,,,,,,,,,,,,,,,,,,,,,,,,,,,,,,,,,,,,,,,
_measure_4,manuscript_1,,,"Cambridge, University Library, MS Ii.2.12",manuscript,,MS-II-00002-00012,,,,,,,,,,,,,,,,,,,,,,,,,,,,,,,,,,,,,,,,,,,,,,,,,,,,,,,,,,,,,,,,,
_measure_5,manuscript_1,,,"Cambridge, University Library, MS Ii.2.12",manuscript,,MS-II-00002-00012,,,,,,,,,,,,,,,,,,,,,,,,,,,,,,,,,,,,,,,,,,,,,,,,,,,,,,,,,,,,,,,,,
_measure_1,manuscript_1,,,"Cambridge, University Library, MS Ii.3.17",manuscript-composite,,MS-II-00003-00017,Codex: iv + 47; 112 | 2 + iv leaves.,47.0,2.0,8.0,,,,,,,,,,,,,,,,,,,,,,,,,,,,,,,,,,,,,,,,,,,,,,,,,,,,,,,,,,,,,
_measure_2,manuscript_1,,,"Cambridge, University Library, MS Ii.3.17",manuscript-composite,,MS-II-00003-00017,,,,,,,,,,,,,,,,,,,,,,,,,,,,,,,,,,,,,,,,,,,,,,,,,,,,,,,,,,,,,,,,,
_measure_3,manuscript_1,,,"Cambridge, University Library, MS Ii.3.17",part,,,Codex: 159 leaves. 280-85 190,159.0,,,,,,,,,,,,,,,,,,280-85,285.0,280.0,190.0,190.0,190.0,,,,mm,1.0,1.0,1.0,,,,,,,,,,,,29 38,38.0,29.0,215-20,220.0,215.0,117-32,132.0,117.0,mm,,,,,,,,,,,leadpoint,below
_measure_4,manuscript_1,,,"Cambridge, University Library, MS Ii.3.17",part,,,Fragment - two contiguous leaves from a medieval legal manuscript reused as endleaves in a later medieval volume. 2 leaves. 285 175,,2.0,,,,,,,,,,,,,,,,,285.0,285.0,285.0,175.0,175.0,175.0,,,,mm,2.0,2.0,2.0,,,,,,,,,,,,37 38,38.0,37.0,140.0,140.0,140.0,120.0,120.0,120.0,mm,,,,,,,,,,,leadpoint,
_measure_1,manuscript_1,,,"Cambridge, University Library, MS Ii.3.21",manuscript-composite,,MS-II-00003-00021,Codex: ii + 8 | 172 | 118 + ii leaves. 320 220,298.0,,4.0,,,,,,,,,,,,,,,,320.0,320.0,320.0,220.0,220.0,220.0,,,,mm,,,,,,,,,,,,,,,,,,,,,,,,,,,,,,,,,,,,
_measure_2,manuscript_1,,,"Cambridge, University Library, MS Ii.3.21",manuscript-composite,,MS-II-00003-00021,,,,,,,,,,,,,,,,,,,,,,,,,,,,,,,,,,,,,,,,,,,,,,,,,,,,,,,,,,,,,,,,,
_measure_3,manuscript_1,,,"Cambridge, University Library, MS Ii.3.21",manuscript-composite,,MS-II-00003-00021,,,,,,,,,,,,,,,,,,,,,,,,,,,,,,,,,,,,,,,,,,,,,,,,,,,,,,,,,,,,,,,,,
_measure_4,manuscript_1,,,"Cambridge, University Library, MS Ii.3.21",manuscript-composite,,MS-II-00003-00021,,,,,,,,,,,,,,,,,,,,,,,,,,,,,,,,,,,,,,,,,,,,,,,,,,,,,,,,,,,,,,,,,
_measure_5,manuscript_1,,,"Cambridge, University Library, MS Ii.3.21",manuscript-composite,,MS-II-00003-00021,,,,,,,,,,,,,,,,,,,,,,,,,,,,,,,,,,,,,,,,,,,,,,,,,,,,,,,,,,,,,,,,,
_measure_6,manuscript_1,,,"Cambridge, University Library, MS Ii.3.21",manuscript-composite,,MS-II-00003-00021,,,,,,,,,,,,,,,,,,,,,,,,,,,,,,,,,,,,,,,,,,,,,,,,,,,,,,,,,,,,,,,,,
_measure_7,manuscript_1,,,"Cambridge, University Library, MS Ii.3.21",manuscript-composite,,MS-II-00003-00021,,,,,,,,,,,,,,,,,,,,,,,,,,,,,,,,,,,,,,,,,,,,,,,,,,,,,,,,,,,,,,,,,
_measure_8,manuscript_1,,,"Cambridge, University Library, MS Ii.3.21",manuscript-composite,,MS-II-00003-00021,,,,,,,,,,,,,,,,,,,,,,,,,,,,,,,,,,,,,,,,,,,,,,,,,,,,,,,,,,,,,,,,,
_measure_9,manuscript_1,,,"Cambridge, University Library, MS Ii.3.21",part,,,Codex: 8 leaves.,8.0,,,,,,,,,,,,,,,,,,,,,,,,,,,,2.0,2.0,2.0,,,,,,,,,,,,47.0,47.0,47.0,255.0,255.0,255.0,180.0,180.0,180.0,mm,,,,,,,,,,,leadpoint,below
_measure_10,manuscript_1,,,"Cambridge, University Library, MS Ii.3.21",part,,,Codex: 172 leaves.,172.0,,,,,,,,,,,,,,,,,,,,,,,,,,,,1.0,1.0,1.0,,,,,,,,,,,,21 22,22.0,21.0,230-235,235.0,230.0,95.0,95.0,95.0,mm,,,,,,,,,,,leadpoint,below
_measure_11,manuscript_1,,,"Cambridge, University Library, MS Ii.3.21",part,,,Codex: 172 leaves.,172.0,,,,,,,,,,,,,,,,,,,,,,,,,,,,1.0,1.0,1.0,,,,,,,,,,,,41 44,44.0,41.0,230-235,235.0,230.0,95.0,95.0,95.0,mm,,,,,,,,,,,leadpoint,below
_measure_12,manuscript_1,,,"Cambridge, University Library, MS Ii.3.21",part,,,Codex: 118 leaves.,118.0,,,,,,,,,,,,,,,,,,,,,,,,,,,,2.0,2.0,2.0,,,,,,,,,,,,41 42,42.0,41.0,220-230,230.0,220.0,145-150,150.0,145.0,mm,,,,,,,,,,,leadpoint,below
_measure_1,manuscript_12197,,,"Cambridge, University Library, MS Ii.3.25",manuscript,,MS-II-00003-00025,Codex 2 + 145 + 1 235 155,145.0,3.0,,,,,,,,,,,,,,,,,235.0,235.0,235.0,155.0,155.0,155.0,,,,mm,2.0,2.0,2.0,,,,,,,,,,,,27.0,27.0,27.0,225.0,225.0,225.0,150.0,150.0,150.0,mm,,,,,,,,,,,hardpoint,
_measure_1,manuscript_1,,,"Cambridge, University Library, MS Ii.4.6",manuscript-composite,,MS-II-00004-00006,"Codex: ii + 6 + 1, i, 148, ii, 147, ii, 1, i, 1, ii + i + xvi + i + ii leaves. The manuscript opens with eight endleaves, two added to the volume when it was most recently bound and six added when it was bound in the 16th century (see Binding for further details). From that point onwards, the medieval portion of the manuscript begins, however leaves were added in various places during the 16th century in order to supply space for a table of contents, a printed accompaniment to part of the text, or text missing through the loss of leaves. These different leaves have been enumerated above and distinguished from the medieval leaves by commas. The plus sign separates this medieval section from the various endleaves or added leaves that precede or follow it. (See Part 2's Additions for further details of the contents of some of these). Two unfoliated paper stubs are present after f. 21, in place of two excised leaves, and were added in order to secure the binding of the two leaves (ff. 16-17) that were originally conjoint with them. Being stubs rather than partial leaves, they are not included in this statement of extent. However, since one of them does contain a 19th/20th-century annotation in pencil, they have been assigned numbers for the purpose of this digital record (see Foliation).",298.0,,9.0,,,,,,,,,,,,,,,,,,,,,,,,,,,,,,,,,,,,,,,,,,,,,,,,,,,,,,,,,,,,,
_measure_2,manuscript_1,,,"Cambridge, University Library, MS Ii.4.6",manuscript-composite,,MS-II-00004-00006,,,,,,,,,,,,,,,,,,,,,,,,,,,,,,,,,,,,,,,,,,,,,,,,,,,,,,,,,,,,,,,,,
_measure_3,manuscript_1,,,"Cambridge, University Library, MS Ii.4.6",manuscript-composite,,MS-II-00004-00006,,,,,,,,,,,,,,,,,,,,,,,,,,,,,,,,,,,,,,,,,,,,,,,,,,,,,,,,,,,,,,,,,
_measure_4,manuscript_1,,,"Cambridge, University Library, MS Ii.4.6",manuscript-composite,,MS-II-00004-00006,,,,,,,,,,,,,,,,,,,,,,,,,,,,,,,,,,,,,,,,,,,,,,,,,,,,,,,,,,,,,,,,,
_measure_5,manuscript_1,,,"Cambridge, University Library, MS Ii.4.6",manuscript-composite,,MS-II-00004-00006,,,,,,,,,,,,,,,,,,,,,,,,,,,,,,,,,,,,,,,,,,,,,,,,,,,,,,,,,,,,,,,,,
_measure_6,manuscript_1,,,"Cambridge, University Library, MS Ii.4.6",manuscript-composite,,MS-II-00004-00006,,,,,,,,,,,,,,,,,,,,,,,,,,,,,,,,,,,,,,,,,,,,,,,,,,,,,,,,,,,,,,,,,
_measure_7,manuscript_1,,,"Cambridge, University Library, MS Ii.4.6",manuscript-composite,,MS-II-00004-00006,,,,,,,,,,,,,,,,,,,,,,,,,,,,,,,,,,,,,,,,,,,,,,,,,,,,,,,,,,,,,,,,,
_measure_8,manuscript_1,,,"Cambridge, University Library, MS Ii.4.6",part,,,"Fragment, comprising six leaves recycled from an early 16th-century legal document: 6 leaves. 255 145",,,6.0,,,,,,,,,,,,,,,,255.0,255.0,255.0,145.0,145.0,145.0,,,,mm,,,,,,,,,,,,,,,,,,,,,,,,,,,,,,,,,,,,
_measure_9,manuscript_1,,,"Cambridge, University Library, MS Ii.4.6",part,,,"Codex: 1, i, 148, ii, 147, ii 1, i, 1, ii 260 150",298.0,,,,,,,,,,,,,,,,,,260.0,260.0,260.0,150.0,150.0,150.0,,,,mm,1.0,1.0,1.0,,,,,,,,,,,,20.0,20.0,20.0,200.0,200.0,200.0,95.0,95.0,95.0,mm,,,,,,,,,,,hardpoint,above
_measure_1,manuscript_12198,,,"Cambridge, University Library, MS Ii.4.16",manuscript,,MS-II-00004-00016,Codex i + 2 + 151 + 1 + i 237 175,151.0,3.0,2.0,,,,,,,,,,,,,,,,237.0,237.0,237.0,175.0,175.0,175.0,,,,mm,1.0,1.0,1.0,,,,,,,,,,,,25 27,27.0,25.0,152.0,152.0,152.0,90.0,90.0,90.0,mm,,,,,,,,,,,hardpoint,below
_measure_1,manuscript_12062,,,"Cambridge, University Library, MS Ii.4.26",manuscript,,MS-II-00004-00026,"Codex: 4 leaves of parchment have been inserted in place of missing leaves, when the volume was rebound (for further information on which, see Foliation and Binding). These inserted leaves have been digitised but have not been counted here as part of the manuscript's extent. For the sake of clarity, it has been decided not to enumerate them separately either. iv + 74 + iii leaves. 280 190",74.0,,7.0,,,,,,,,,,,,,,,,280.0,280.0,280.0,190.0,190.0,190.0,,,,mm,1.0,1.0,1.0,,,,,,,,,,,,24.0,24.0,24.0,205.0,205.0,205.0,130.0,130.0,130.0,mm,,,,,,,,,,,leadpoint,above
_measure_2,manuscript_12062,,,"Cambridge, University Library, MS Ii.4.26",manuscript,,MS-II-00004-00026,,,,,,,,,,,,,,,,,,,,,,,,,,,,,,,,,,,,,,,,,,,,,,,,,,,,,,,,,,,,,,,,,
_measure_3,manuscript_12062,,,"Cambridge, University Library, MS Ii.4.26",manuscript,,MS-II-00004-00026,,,,,,,,,,,,,,,,,,,,,,,,,,,,,,,,,,,,,,,,,,,,,,,,,,,,,,,,,,,,,,,,,
_measure_4,manuscript_12062,,,"Cambridge, University Library, MS Ii.4.26",manuscript,,MS-II-00004-00026,,,,,,,,,,,,,,,,,,,,,,,,,,,,,,,,,,,,,,,,,,,,,,,,,,,,,,,,,,,,,,,,,
_measure_5,manuscript_12062,,,"Cambridge, University Library, MS Ii.4.26",manuscript,,MS-II-00004-00026,,,,,,,,,,,,,,,,,,,,,,,,,,,,,,,,,,,,,,,,,,,,,,,,,,,,,,,,,,,,,,,,,
_measure_6,manuscript_12062,,,"Cambridge, University Library, MS Ii.4.26",manuscript,,MS-II-00004-00026,,,,,,,,,,,,,,,,,,,,,,,,,,,,,,,,,,,,,,,,,,,,,,,,,,,,,,,,,,,,,,,,,
_measure_1,manuscript_1,,,"Cambridge, University Library, MS Ii.5.11",manuscript,,MS-II-00005-00011,Codex: i + 4 + 2 + 80 + i leaves. 275 210,86.0,,2.0,,,,,,,,,,,,,,,,275.0,275.0,275.0,210.0,210.0,210.0,,,,mm,1.0,1.0,1.0,,,,,,,,,,,,29.0,29.0,29.0,185.0,185.0,185.0,130.0,130.0,130.0,mm,,,,,,,,,,,leadpoint,below
_measure_2,manuscript_1,,,"Cambridge, University Library, MS Ii.5.11",manuscript,,MS-II-00005-00011,,,,,,,,,,,,,,,,,,,,,,,,,,,,,,,,,,,,,,,,,,,,,,,,,,,,,,,,,,,,,,,,,
_measure_1,manuscript_12199,,,"Cambridge, University Library, MS Ii.5.44",manuscript-composite,,MS-II-00005-00044,Codex iii + 147 + i 270-290 220 A strip of 20 x 200 mm has been cut off from f. 1 and replaced with modern parchment.,147.0,2.0,,,,,,,,,,,,,,,,,270-290,290.0,270.0,220.0,220.0,220.0,,,,mm,,,,,,,,,,,,,,,,,,,,,,,,,,,,,,,,,,,,
_measure_2,manuscript_12199,,,"Cambridge, University Library, MS Ii.5.44",manuscript-composite,,MS-II-00005-00044,,,,,,,,,,,,,,,,,,,,,,,,,,,,,,,,,,,,,,,,,,,,,,,,,,,,,,,,,,,,,,,,,
_measure_3,manuscript_12199,,,"Cambridge, University Library, MS Ii.5.44",manuscript-composite,,MS-II-00005-00044,,,,,,,,,,,,,,,,,,,,,,,,,,,,,,,,,,,,,,,,,,,,,,,,,,,,,,,,,,,,,,,,,
_measure_4,manuscript_12199,,,"Cambridge, University Library, MS Ii.5.44",part,,,,,,,,,,,,,,,,,,,,,,,,,,,,,,,,1.0,1.0,1.0,,,,,,,,,,,,26 27,27.0,26.0,200.0,200.0,200.0,135.0,135.0,135.0,mm,,,,,,,,,,,ink,
_measure_5,manuscript_12199,,,"Cambridge, University Library, MS Ii.5.44",part,,,,,,,,,,,,,,,,,,,,,,,,,,,,,,,,1.0,1.0,1.0,,,,,,,,,,,,26.0,26.0,26.0,197.0,197.0,197.0,140.0,140.0,140.0,mm,,,,,,,,,,,crayon,
_measure_1,manuscript_1,,,"Cambridge, University Library, MS Ii.6.5",manuscript-composite,,MS-II-00006-00005,Codex: ii + 2 | 102 | 8 | 16 + ii leaves.,126.0,2.0,4.0,,,,,,,,,,,,,,,,,,,,,,,,,,,,,,,,,,,,,,,,,,,,,,,,,,,,,,,,,,,,,
_measure_2,manuscript_1,,,"Cambridge, University Library, MS Ii.6.5",manuscript-composite,,MS-II-00006-00005,,,,,,,,,,,,,,,,,,,,,,,,,,,,,,,,,,,,,,,,,,,,,,,,,,,,,,,,,,,,,,,,,
_measure_3,manuscript_1,,,"Cambridge, University Library, MS Ii.6.5",manuscript-composite,,MS-II-00006-00005,,,,,,,,,,,,,,,,,,,,,,,,,,,,,,,,,,,,,,,,,,,,,,,,,,,,,,,,,,,,,,,,,
_measure_4,manuscript_1,,,"Cambridge, University Library, MS Ii.6.5",part,,,Fragment: 2 leaves (ff. i-ii). 167 130,,2.0,,,,,,,,,,,,,,,,,167.0,167.0,167.0,130.0,130.0,130.0,,,,mm,1.0,1.0,1.0,,,,,,,,,,,,27.0,27.0,27.0,167.0,167.0,167.0,105-112,112.0,105.0,mm,,,,,,,,,,,leadpoint,
_measure_5,manuscript_1,,,"Cambridge, University Library, MS Ii.6.5",part,,,Codex: 102 leaves. 175 115,102.0,,,,,,,,,,,,,,,,,,175.0,175.0,175.0,115.0,115.0,115.0,,,,mm,1.0,1.0,1.0,,,,,,,,,,,,33.0,33.0,33.0,120.0,120.0,120.0,65.0,65.0,65.0,mm,,,,,,,,,,,leadpoint,mixed
_measure_6,manuscript_1,,,"Cambridge, University Library, MS Ii.6.5",part,,,Codex: 8 leaves. 125 125,8.0,,,,,,,,,,,,,,,,,,160.0,160.0,160.0,125.0,125.0,125.0,,,,mm,1.0,1.0,1.0,,,,,,,,,,,,32.0,32.0,32.0,125.0,125.0,125.0,85.0,85.0,85.0,mm,,,,,,,,,,,leadpoint,above
_measure_7,manuscript_1,,,"Cambridge, University Library, MS Ii.6.5",part,,,Codex: 16 leaves. 125 125,16.0,,,,,,,,,,,,,,,,,,160.0,160.0,160.0,125.0,125.0,125.0,,,,mm,1.0,1.0,1.0,,,,,,,,,,,,21.0,21.0,21.0,120.0,120.0,120.0,80.0,80.0,80.0,mm,,,,,,,,,,,hardpoint,above
_measure_1,manuscript_1,,,"Cambridge, University Library, MS Ii.6.17",manuscript,,MS-II-00006-00017,Codex: i + 118 + iii leaves. 150 110,118.0,,4.0,,,,,,,,,,,,,,,,150.0,150.0,150.0,110.0,110.0,110.0,,,,mm,1.0,1.0,1.0,,,,,,,,,,,,18 25,25.0,18.0,105.0,105.0,105.0,80.0,80.0,80.0,mm,,,,,,,,,,,leadpoint,below
_measure_1,manuscript_1,,,"Cambridge, University Library, MS Ii.6.39",manuscript-composite,,MS-II-00006-00039,Codex: Volume I: iii + 4 | 62 | 8 | 57 + iii leaves. Volume II: iii + 56 | 28 | 23 | 8 2 + iii leaves.,242.0,6.0,12.0,,,,,,,,,,,,,,,,,,,,,,,,,,,,,,,,,,,,,,,,,,,,,,,,,,,,,,,,,,,,,
_measure_2,manuscript_1,,,"Cambridge, University Library, MS Ii.6.39",part,,,Codex: 4 leaves. 130 85,4.0,,,,,,,,,,,,,,,,,,130.0,130.0,130.0,85.0,85.0,85.0,,,,mm,1.0,1.0,1.0,,,,,,,,,,,,35.0,35.0,35.0,115-120,120.0,115.0,85.0,85.0,85.0,mm,,,,,,,,,,,,
_measure_3,manuscript_1,,,"Cambridge, University Library, MS Ii.6.39",part,,,Codex: 62 leaves. 125-130 85,62.0,,,,,,,,,,,,,,,,,,125-130,130.0,125.0,85.0,85.0,85.0,,,,mm,1.0,1.0,1.0,,,,,,,,,,,,26.0,26.0,26.0,105.0,105.0,105.0,70.0,70.0,70.0,mm,,,,,,,,,,,leadpoint,above
_measure_4,manuscript_1,,,"Cambridge, University Library, MS Ii.6.39",part,,,Codex: 8 leaves. 130 90,8.0,,,,,,,,,,,,,,,,,,130.0,130.0,130.0,90.0,90.0,90.0,,,,mm,1.0,1.0,1.0,,,,,,,,,,,,30.0,30.0,30.0,100.0,100.0,100.0,60.0,60.0,60.0,mm,,,,,,,,,,,leadpoint,below
_measure_5,manuscript_1,,,"Cambridge, University Library, MS Ii.6.39",part,,,Codex: 113 leaves. 125 90,113.0,,,,,,,,,,,,,,,,,,125.0,125.0,125.0,90.0,90.0,90.0,,,,mm,1.0,1.0,1.0,,,,,,,,,,,,26 33,33.0,26.0,90-95,95.0,90.0,60.0,60.0,60.0,mm,,,,,,,,,,,leadpoint,below
_measure_6,manuscript_1,,,"Cambridge, University Library, MS Ii.6.39",part,,,Codex: 28 leaves. 125 90,28.0,,,,,,,,,,,,,,,,,,125.0,125.0,125.0,90.0,90.0,90.0,,,,mm,1.0,1.0,1.0,,,,,,,,,,,,23 24,24.0,23.0,100.0,100.0,100.0,65-70,70.0,65.0,mm,,,,,,,,,,,leadpoint,below
_measure_7,manuscript_1,,,"Cambridge, University Library, MS Ii.6.39",part,,,Codex: 23 leaves. 125 90,23.0,,,,,,,,,,,,,,,,,,125.0,125.0,125.0,90.0,90.0,90.0,,,,mm,1.0,1.0,1.0,,,,,,,,,,,,23 25,25.0,23.0,100.0,100.0,100.0,60.0,60.0,60.0,mm,,,,,,,,,,,leadpoint,
_measure_8,manuscript_1,,,"Cambridge, University Library, MS Ii.6.39",part,,,Codex: 8 leaves. 110-120 75-85,8.0,,,,,,,,,,,,,,,,,,110-120,120.0,110.0,75-85,85.0,75.0,,,,mm,1.0,1.0,1.0,,,,,,,,,,,,25 38,38.0,25.0,85-115,115.0,85.0,65-75,75.0,65.0,mm,,,,,,,,,,,,
_measure_1,manuscript_12200,,,"Cambridge, University Library, MS Ii.6.41",manuscript,,MS-II-00006-00041,,,,,,,,,,,,,,,,,,,,133.0,133.0,133.0,75.0,75.0,75.0,,,,mm,1.0,1.0,1.0,,,,,,,,,,,,25.0,25.0,25.0,110.0,110.0,110.0,55.0,55.0,55.0,mm,,,,,,,,,,,,
_measure_1,manuscript_1,,,"Cambridge, University Library, MS Ii.6.43",manuscript-composite,,MS-II-00006-00043,Codex: ii + 3 + 144 | 15 + ii leaves,159.0,3.0,4.0,,,,,,,,,,,,,,,,,,,,,,,,,,,,,,,,,,,,,,,,,,,,,,,,,,,,,,,,,,,,,
_measure_2,manuscript_1,,,"Cambridge, University Library, MS Ii.6.43",manuscript-composite,,MS-II-00006-00043,,,,,,,,,,,,,,,,,,,,,,,,,,,,,,,,,,,,,,,,,,,,,,,,,,,,,,,,,,,,,,,,,
_measure_3,manuscript_1,,,"Cambridge, University Library, MS Ii.6.43",manuscript-composite,,MS-II-00006-00043,,,,,,,,,,,,,,,,,,,,,,,,,,,,,,,,,,,,,,,,,,,,,,,,,,,,,,,,,,,,,,,,,
_measure_4,manuscript_1,,,"Cambridge, University Library, MS Ii.6.43",part,,,Codex: 144 leaves 120 80,144.0,,,,,,,,,,,,,,,,,,120.0,120.0,120.0,80.0,80.0,80.0,,,,mm,1.0,1.0,1.0,,,,,,,,,,,,21.0,21.0,21.0,75.0,75.0,75.0,50.0,50.0,50.0,mm,,,,,,,,,,,ink,below
_measure_5,manuscript_1,,,"Cambridge, University Library, MS Ii.6.43",part,,,Codex: 15 leaves 120 80,15.0,,,,,,,,,,,,,,,,,,120.0,120.0,120.0,80.0,80.0,80.0,,,,mm,1.0,1.0,1.0,,,,,,,,,,,,16 19,19.0,16.0,100-110,110.0,100.0,70-75,75.0,70.0,mm,,,,,,,,,,,crayon,
_measure_1,manuscript_1,,,"Cambridge, University Library, MS Kk.1.6",manuscript-composite,,MS-KK-00001-00006,Codex: i + 1 + 244 + 2 + i leaves. 275 195,244.0,3.0,2.0,,,,,,,,,,,,,,,,275.0,275.0,275.0,195.0,195.0,195.0,,,,mm,,,,,,,,,,,,,,,,,,,,,,,,,,,,,,,,,,,,
_measure_2,manuscript_1,,,"Cambridge, University Library, MS Kk.1.6",manuscript-composite,,MS-KK-00001-00006,,,,,,,,,,,,,,,,,,,,,,,,,,,,,,,,,,,,,,,,,,,,,,,,,,,,,,,,,,,,,,,,,
_measure_3,manuscript_1,,,"Cambridge, University Library, MS Kk.1.6",manuscript-composite,,MS-KK-00001-00006,,,,,,,,,,,,,,,,,,,,,,,,,,,,,,,,,,,,,,,,,,,,,,,,,,,,,,,,,,,,,,,,,
_measure_4,manuscript_1,,,"Cambridge, University Library, MS Kk.1.6",manuscript-composite,,MS-KK-00001-00006,,,,,,,,,,,,,,,,,,,,,,,,,,,,,,,,,,,,,,,,,,,,,,,,,,,,,,,,,,,,,,,,,
_measure_5,manuscript_1,,,"Cambridge, University Library, MS Kk.1.6",manuscript-composite,,MS-KK-00001-00006,,,,,,,,,,,,,,,,,,,,,,,,,,,,,,,,,,,,,,,,,,,,,,,,,,,,,,,,,,,,,,,,,
_measure_6,manuscript_1,,,"Cambridge, University Library, MS Kk.1.6",part,,,Codex: 1 + 244 leaves. 275 195,244.0,1.0,,,,,,,,,,,,,,,,,275.0,275.0,275.0,195.0,195.0,195.0,,,,mm,1.0,1.0,1.0,,,,,,,,,,,,29 39,39.0,29.0,195-225,225.0,195.0,125-145,145.0,125.0,mm,,,,,,,,,,,leadpoint,below
_measure_7,manuscript_1,,,"Cambridge, University Library, MS Kk.1.6",part,,,"Fragment, comprising a bifolium: 2 leaves. 268 160-185",2.0,,,,,,,,,,,,,,,,,,268.0,268.0,268.0,160-185,185.0,160.0,,,,mm,,,,,,,,,,,,,,,,,,,,,,,,,,,,,,,,,,,,
_measure_1,manuscript_12201,,,"Cambridge, University Library, MS Kk.5.6",manuscript-composite,,MS-KK-00005-00006,Codex 3 + 69 + 4 275-328 210-230,69.0,7.0,,,,,,,,,,,,,,,,,275-328,275-328,275-328,210-230,210-230,210-230,,,,mm,,,,,,,,,,,,,,,,,,,,,,,,,,,,,,,,,,,,
_measure_2,manuscript_12201,,,"Cambridge, University Library, MS Kk.5.6",part,,,"Codex 3 + 64 + 4 , 328 230",68.0,3.0,,,,,,,,,,,,,,,,,328.0,328.0,328.0,230.0,230.0,230.0,,,,mm,1.0,1.0,1.0,,,,,,,,,,,,30.0,30.0,30.0,215.0,215.0,215.0,115.0,115.0,115.0,mm,,,,,,,,,,,,
_measure_3,manuscript_12201,,,"Cambridge, University Library, MS Kk.5.6",part,,,Codex 5 275 210,5.0,,,,,,,,,,,,,,,,,,275.0,275.0,275.0,210.0,210.0,210.0,,,,mm,1.0,1.0,1.0,,,,,,,,,,,,28.0,28.0,28.0,240-260 ca.,260.0,240.0,150-180 ca.,180.0,150.0,mm,,,,,,,,,,,,
_measure_1,manuscript_12202,,,"Cambridge, University Library, MS Kk.5.7",manuscript,,MS-KK-00005-00007,"Codex 22 , 327 230",22.0,,,,,,,,,,,,,,,,,,327.0,327.0,327.0,230.0,230.0,230.0,,,,mm,1.0,1.0,1.0,,,,,,,,,,,,30.0,30.0,30.0,225.0,225.0,225.0,130.0,130.0,130.0,mm,,,,,,,,,,,,
_measure_1,manuscript_12203,,,"Cambridge, University Library, MS Kk.5.8",manuscript,,MS-KK-00005-00008,"Codex 1 + 40 + 2 , 330 215",40.0,3.0,,,,,,,,,,,,,,,,,330.0,330.0,330.0,215.0,215.0,215.0,,,,mm,1.0,1.0,1.0,,,,,,,,,,,,39 42,42.0,39.0,260.0,260.0,260.0,135-140,140.0,135.0,mm,,,,,,,,,,,,
_measure_1,manuscript_12204,,,"Cambridge, University Library, MS Kk.5.9",manuscript,,MS-KK-00005-00009,"Codex 93 , 328 230",93.0,,,,,,,,,,,,,,,,,,328.0,328.0,328.0,230.0,230.0,230.0,,,,mm,1.0,1.0,1.0,,,,,,,,,,,,30.0,30.0,30.0,210.0,210.0,210.0,115.0,115.0,115.0,mm,,,,,,,,,,,,
_measure_1,manuscript_12205,,,"Cambridge, University Library, MS Kk.5.11",manuscript,,MS-KK-00005-00011,"Codex 2 + 289 + 1 , 346 235",289.0,3.0,,,,,,,,,,,,,,,,,346.0,346.0,346.0,235.0,235.0,235.0,,,,mm,1.0,1.0,1.0,,,,,,,,,,,,32.0,32.0,32.0,245.0,245.0,245.0,130.0,130.0,130.0,mm,,,,,,,,,,,,
_measure_2,manuscript_12205,,,"Cambridge, University Library, MS Kk.5.11",manuscript,,MS-KK-00005-00011,"Codex 2 + 289 + 1 , 346 235",289.0,3.0,,,,,,,,,,,,,,,,,346.0,346.0,346.0,235.0,235.0,235.0,,,,mm,1.0,1.0,1.0,,,,,,,,,,,,34 35,35.0,34.0,ca. 260-270,270.0,260.0,140.0,140.0,140.0,mm,,,,,,,,,,,,
_measure_1,manuscript_12206,,,"Cambridge, University Library, MS Kk.5.12",manuscript,,MS-KK-00005-00012,Codex i + 168 + i 292 215,168.0,2.0,,,,,,,,,,,,,,,,,292.0,292.0,292.0,215.0,215.0,215.0,,,,mm,2.0,2.0,2.0,,,,,,,,,,,,27.0,27.0,27.0,312.0,312.0,312.0,203-214,214.0,203.0,mm,,,,,,,,,,,hardpoint,mixed
_measure_2,manuscript_12206,,,"Cambridge, University Library, MS Kk.5.12",manuscript,,MS-KK-00005-00012,,,,,,,,,,,,,,,,,,,,,,,,,,,,,,,,,,,,,,,,,,,,,,,,,,,,,,,,,,,,,,,,,
_measure_1,manuscript_1,,,"Cambridge, University Library, MS Kk.5.13",manuscript,,MS-KK-00005-00013,ii + 121 + i leaves. 275 195,121.0,,1.0,,,,,,,,,,,,,,,,275.0,275.0,275.0,195.0,195.0,195.0,,,,mm,1.0,1.0,1.0,,,,,,,,,,,, 25 26,NaN,NaN,200.0,200.0,200.0,140.0,140.0,140.0,mm,,,,,,,,,,,hardpoint,above
_measure_2,manuscript_1,,,"Cambridge, University Library, MS Kk.5.13",manuscript,,MS-KK-00005-00013,,,,,,,,,,,,,,,,,,,,,,,,,,,,,,,,,,,,,,,,,,,,,,,,,,,,,,,,,,,,,,,,,
_measure_3,manuscript_1,,,"Cambridge, University Library, MS Kk.5.13",manuscript,,MS-KK-00005-00013,,,,,,,,,,,,,,,,,,,,,,,,,,,,,,,,,,,,,,,,,,,,,,,,,,,,,,,,,,,,,,,,,
_measure_4,manuscript_1,,,"Cambridge, University Library, MS Kk.5.13",manuscript,,MS-KK-00005-00013,,,,,,,,,,,,,,,,,,,,,,,,,,,,,,,,,,,,,,,,,,,,,,,,,,,,,,,,,,,,,,,,,
_measure_1,manuscript_12207,,,"Cambridge, University Library, MS Kk.5.19",manuscript,,MS-KK-00005-00019,Codex 9 + 309 + 9 275 205,309.0,18.0,,,,,,,,,,,,,,,,,275.0,275.0,275.0,205.0,205.0,205.0,,,,mm,1.0,1.0,1.0,,,,,,,,,,,,26.0,26.0,26.0,205.0,205.0,205.0,130.0,130.0,130.0,mm,,,,,,,,,,,,
_measure_1,manuscript_12208,,,"Cambridge, University Library, MS Kk.5.25",manuscript-composite,,MS-KK-00005-00025,,,,,,,,,,,,,,,,,,,,300.0,300.0,300.0,190.0,190.0,190.0,,,,mm,,,,,,,,,,,,,,,,,,,,,,,,,,,,,,,,,,,,
_measure_2,manuscript_12208,,,"Cambridge, University Library, MS Kk.5.25",part,,,,,,,,,,,,,,,,,,,,,,,,,,,,,,,,2.0,2.0,2.0,,,,,,,,,,,,44.0,44.0,44.0,218.0,218.0,218.0,145.0,145.0,145.0,mm,,,,,,,,,,,,
_measure_3,manuscript_12208,,,"Cambridge, University Library, MS Kk.5.25",part,,,,,,,,,,,,,,,,,,,,,,,,,,,,,,,,1.0,1.0,1.0,,,,,,,,,,,,43.0,43.0,43.0,218.0,218.0,218.0,140.0,140.0,140.0,mm,,,,,,,,,,,,
_measure_4,manuscript_12208,,,"Cambridge, University Library, MS Kk.5.25",part,,,,,,,,,,,,,,,,,,,,,,,,,,,,,,,,2.0,2.0,2.0,,,,,,,,,,,,43.0,43.0,43.0,218.0,218.0,218.0,140.0,140.0,140.0,mm,,,,,,,,,,,,
_measure_1,manuscript_12209,,,"Cambridge, University Library, MS Kk.5.26",manuscript-composite,,MS-KK-00005-00026,Codex 2 + i + 181 + 2 287 210,181.0,4.0,1.0,,,,,,,,,,,,,,,,287.0,287.0,287.0,210.0,210.0,210.0,,,,mm,,,,,,,,,,,,,,,,,,,,,,,,,,,,,,,,,,,,
_measure_2,manuscript_12209,,,"Cambridge, University Library, MS Kk.5.26",part,,,,,,,,,,,,,,,,,,,,,,,,,,,,,,,,1.0,1.0,1.0,,,,,,,,,,,,36.0,36.0,36.0,220.0,220.0,220.0,125.0,125.0,125.0,mm,,,,,,,,,,,,
_measure_3,manuscript_12209,,,"Cambridge, University Library, MS Kk.5.26",part,,,,,,,,,,,,,,,,,,,,,,,,,,,,,,,,1.0,1.0,1.0,,,,,,,,,,,,30.0,30.0,30.0,220.0,220.0,220.0,140.0,140.0,140.0,mm,,,,,,,,,,,,
_measure_4,manuscript_12209,,,"Cambridge, University Library, MS Kk.5.26",part,,,,,,,,,,,,,,,,,,,,,,,,,,,,,,,,1.0,1.0,1.0,,,,,,,,,,,,31.0,31.0,31.0,200.0,200.0,200.0,120.0,120.0,120.0,mm,,,,,,,,,,,,
_measure_1,manuscript_12210,,,"Cambridge, University Library, MS Kk.5.27",manuscript,,MS-KK-00005-00027,Codex i + 147+ 1 + i 290 210,147.0,1.0,2.0,,,,,,,,,,,,,,,,290.0,290.0,290.0,210.0,210.0,210.0,,,,mm,1.0,1.0,1.0,,,,,,,,,,,,23.0,23.0,23.0,205.0,205.0,205.0,110.0,110.0,110.0,mm,,,,,,,,,,,,
_measure_1,manuscript_12211,,,"Cambridge, University Library, MS Kk.5.28",manuscript-composite,,MS-KK-00005-00028,"Codex i + 120 + i , 270 193",120.0,2.0,,,,,,,,,,,,,,,,,270.0,270.0,270.0,193.0,193.0,193.0,,,,mm,,,,,,,,,,,,,,,,,,,,,,,,,,,,,,,,,,,,
_measure_2,manuscript_12211,,,"Cambridge, University Library, MS Kk.5.28",part,,,,,,,,,,,,,,,,,,,,,,,,,,,,,,,,1.0,1.0,1.0,,,,,,,,,,,,19.0,19.0,19.0,130.0,130.0,130.0,78.0,78.0,78.0,mm,,,,,,,,,,,,
_measure_3,manuscript_12211,,,"Cambridge, University Library, MS Kk.5.28",part,,,,,,,,,,,,,,,,,,,,,,,,,,,,,,,,1.0,1.0,1.0,,,,,,,,,,,,19.0,19.0,19.0,130.0,130.0,130.0,78.0,78.0,78.0,mm,,,,,,,,,,,,
_measure_1,manuscript_12212,,,"Cambridge, University Library, MS Kk.5.31",manuscript-composite,,MS-KK-00005-00031,,,,,,,,,,,,,,,,,,,,242.0,242.0,242.0,175.0,175.0,175.0,,,,mm,,,,,,,,,,,,,,,,,,,,,,,,,,,,,,,,,,,,
_measure_2,manuscript_12212,,,"Cambridge, University Library, MS Kk.5.31",part,,,,,,,,,,,,,,,,,,,,,,,,,,,,,,,,1.0,1.0,1.0,,,,,,,,,,,,25.0,25.0,25.0,160.0,160.0,160.0,90.0,90.0,90.0,mm,,,,,,,,,,,,
_measure_3,manuscript_12212,,,"Cambridge, University Library, MS Kk.5.31",part,,,,,,,,,,,,,,,,,,,,,,,,,,,,,,,,1.0,1.0,1.0,,,,,,,,,,,,19 23,23.0,19.0,160-170,170.0,160.0,105.0,105.0,105.0,mm,,,,,,,,,,,,
_measure_4,manuscript_12212,,,"Cambridge, University Library, MS Kk.5.31",part,,,,,,,,,,,,,,,,,,,,,,,,,,,,,,,,1.0,1.0,1.0,,,,,,,,,,,,25.0,25.0,25.0,160.0,160.0,160.0,90.0,90.0,90.0,mm,,,,,,,,,,,,
_measure_1,manuscript_12213,,,"Cambridge, University Library, MS Kk.5.35",manuscript,,MS-KK-00005-00035,Codex ii + 402 + ii 237 154,402.0,,,,,,,,,,,,,,,,,,237.0,237.0,237.0,154.0,154.0,154.0,,,,mm,1.0,1.0,1.0,,,,,,,,,,,,14.0,14.0,14.0,135-140,140.0,135.0,80-85,85.0,80.0,mm,,,,,,,,,,,,
_measure_2,manuscript_12213,,,"Cambridge, University Library, MS Kk.5.35",manuscript,,MS-KK-00005-00035,,,,,,,,,,,,,,,,,,,,,,,,,,,,,,,,,,,,,,,,,,,,,,,,,,,,,,,,,,,,,,,,,
_measure_1,manuscript_12214,,,"Cambridge, University Library, MS Kk.5.37",manuscript-composite,,MS-KK-00005-00037,,,,,,,,,,,,,,,,,,,,,,,,,,,,,,,,,,,,,,,,,,,,,,,,,,,,,,,,,,,,,,,,,
_measure_2,manuscript_12214,,,"Cambridge, University Library, MS Kk.5.37",part,,,,,,,,,,,,,,,,,,,,,,235.0,235.0,235.0,172.0,172.0,172.0,,,,mm,1.0,1.0,1.0,,,,,,,,,,,,22 24,24.0,22.0,160.0,160.0,160.0,95.0,95.0,95.0,mm,,,,,,,,,,,,
_measure_3,manuscript_12214,,,"Cambridge, University Library, MS Kk.5.37",part,,,,,,,,,,,,,,,,,,,,,,205.0,205.0,205.0,160.0,160.0,160.0,,,,mm,1.0,1.0,1.0,,,,,,,,,,,,36.0,36.0,36.0,165-182,182.0,165.0,11--120,120.0,110.0,mm,,,,,,,,,,,,
_measure_1,manuscript_12215,,,"Cambridge, University Library, MS Kk.6.4",manuscript,,MS-KK-00006-00004,,,,,,,,,,,,,,,,,,,,174.0,174.0,174.0,125.0,125.0,125.0,,,,mm,1.0,1.0,1.0,,,,,,,,,,,,22.0,22.0,22.0,114.0,114.0,114.0,80.0,80.0,80.0,mm,,,,,,,,,,,hardpoint,mixed
_measure_1,manuscript_12216,,,"Cambridge, University Library, MS Kk.6.23",manuscript,,MS-KK-00006-00023,"Codex 73 , 210 145",73.0,,,,,,,,,,,,,,,,,,210.0,210.0,210.0,145.0,145.0,145.0,,,,mm,1.0,1.0,1.0,,,,,,,,,,,,12.0,12.0,12.0,145.0,145.0,145.0,80.0,80.0,80.0,mm,,,,,,,,,,,,
_measure_2,manuscript_12216,,,"Cambridge, University Library, MS Kk.6.23",manuscript,,MS-KK-00006-00023,,,,,,,,,,,,,,,,,,,,,,,,,,,,,,,,,,,,,,,,,,,,,,,,,,,,,,,,,,,,,,,,,
_measure_3,manuscript_12216,,,"Cambridge, University Library, MS Kk.6.23",manuscript,,MS-KK-00006-00023,,,,,,,,,,,,,,,,,,,,,,,,,,,,,,,,,,,,,,,,,,,,,,,,,,,,,,,,,,,,,,,,,
_measure_1,manuscript_12217,,,"Cambridge, University Library, MS Kk.6.27",manuscript,,MS-KK-00006-00027,,,,,,,,,,,,,,,,,,,,190.0,190.0,190.0,150.0,150.0,150.0,,,,mm,1.0,1.0,1.0,,,,,,,,,,,,29.0,29.0,29.0,160.0,160.0,160.0,110.0,110.0,110.0,mm,,,,,,,,,,,,
_measure_1,manuscript_12218,,,"Cambridge, University Library, MS Kk.6.29",manuscript,,MS-KK-00006-00029,,,,,,,,,,,,,,,,,,,,197.0,197.0,197.0,133.0,133.0,133.0,,,,mm,1.0,1.0,1.0,,,,,,,,,,,,20.0,20.0,20.0,140.0,140.0,140.0,80.0,80.0,80.0,mm,,,,,,,,,,,,
_measure_2,manuscript_12218,,,"Cambridge, University Library, MS Kk.6.29",manuscript,,MS-KK-00006-00029,,,,,,,,,,,,,,,,,,,,197.0,197.0,197.0,133.0,133.0,133.0,,,,mm,1.0,1.0,1.0,,,,,,,,,,,,24.0,24.0,24.0,147.0,147.0,147.0,90.0,90.0,90.0,mm,,,,,,,,,,,,
_measure_1,manuscript_1,,,"Cambridge, University Library, MS Kk.6.30",manuscript-composite,,MS-KK-00006-00030,Codex: 2 + 61 | 10 | 16 | 23 | 19 | 13 + 2 leaves. 215-225 145-155,142.0,4.0,,,,,,,,,,,,,,,,,215-225,225.0,215.0,145-155,160.0,145.0,,,,mm,,,,,,,,,,,,,,,,,,,,,,,,,,,,,,,,,,,,
_measure_2,manuscript_1,,,"Cambridge, University Library, MS Kk.6.30",manuscript-composite,,MS-KK-00006-00030,,,,,,,,,,,,,,,,,,,,,,,,,,,,,,,,,,,,,,,,,,,,,,,,,,,,,,,,,,,,,,,,,
_measure_3,manuscript_1,,,"Cambridge, University Library, MS Kk.6.30",part,,,Codex: 61 leaves.,61.0,,,,,,,,,,,,,,,,,,,,,,,,,,,,1.0,1.0,1.0,,,,,,,,,,,,26 28,28.0,26.0,225.0,225.0,225.0,150-160,160.0,150.0,mm,,,,,,,,,,,hardpoint,
_measure_4,manuscript_1,,,"Cambridge, University Library, MS Kk.6.30",part,,,Codex: 61 leaves.,61.0,,,,,,,,,,,,,,,,,,,,,,,,,,,,1.0,1.0,1.0,,,,,,,,,,,,26 27,27.0,26.0,225.0,225.0,225.0,150-160,160.0,150.0,mm,,,,,,,,,,,ink,below
_measure_5,manuscript_1,,,"Cambridge, University Library, MS Kk.6.30",part,,,Codex: 61 leaves.,61.0,,,,,,,,,,,,,,,,,,,,,,,,,,,,1.0,1.0,1.0,,,,,,,,,,,,29.0,29.0,29.0,225.0,225.0,225.0,150-160,160.0,150.0,mm,,,,,,,,,,,hardpoint,
_measure_6,manuscript_1,,,"Cambridge, University Library, MS Kk.6.30",part,,,Codex: 10 leaves.,10.0,,,,,,,,,,,,,,,,,,,,,,,,,,,,1.0,1.0,1.0,,,,,,,,,,,,27 28,28.0,27.0,215.0,215.0,215.0,140.0,140.0,140.0,mm,,,,,,,,,,,hardpoint,above
_measure_7,manuscript_1,,,"Cambridge, University Library, MS Kk.6.30",part,,,Codex: 16 leaves.,16.0,,,,,,,,,,,,,,,,,,,,,,,,,,,,1.0,1.0,1.0,,,,,,,,,,,,33 35,35.0,33.0,220.0,220.0,220.0,150.0,150.0,150.0,mm,,,,,,,,,,,leadpoint,above
_measure_8,manuscript_1,,,"Cambridge, University Library, MS Kk.6.30",part,,,Codex: 23 leaves. Folios [92a] and [92b] are parchment stubs between ff. 92 and 93. Both originate from the same manuscript and show fragments of the same Latin text. (See Part 7 for further details).,23.0,,,,,,,,,,,,,,,,,,,,,,,,,,,,1.0,1.0,1.0,,,,,,,,,,,,30.0,30.0,30.0,225.0,225.0,225.0,155.0,155.0,155.0,mm,,,,,,,,,,,hardpoint,above
_measure_9,manuscript_1,,,"Cambridge, University Library, MS Kk.6.30",part,,,Codex: 19 leaves.,19.0,,,,,,,,,,,,,,,,,,,,,,,,,,,,1.0,1.0,1.0,,,,,,,,,,,,32 39,39.0,32.0,215.0,215.0,215.0,145.0,145.0,145.0,mm,,,,,,,,,,,hardpoint,
_measure_10,manuscript_1,,,"Cambridge, University Library, MS Kk.6.30",part,,,Codex: 13 leaves. Folio [128a] is a parchment stub before f. 128 and f. [141a] is a parchment stub after f. 141; both originate from the same manuscript and show fragments of the same unidentified 15th-century Latin text (f. [128a] verso and f. [141a] recto). (See Part 7 for further details).,13.0,,,,,,,,,,,,,,,,,,,,,,,,,,,,1.0,1.0,1.0,,,,,,,,,,,,36 42,42.0,36.0,215.0,215.0,215.0,145.0,145.0,145.0,mm,,,,,,,,,,,hardpoint,
_measure_11,manuscript_1,,,"Cambridge, University Library, MS Kk.6.30",part,,,"Fragment: 1 fragmentary leaf, comprising a folded strip of parchment recycled from another manuscript and reused as a sewing guard. These stubs have not been photographed.",,,,,,,,,,,,,,,,,,,,,,,,,,,,,,,,,,,,,,,,,,,,,,,,,,,,,,,,,,,,,,,,
_measure_12,manuscript_1,,,"Cambridge, University Library, MS Kk.6.30",part,,,"Fragment: 1 fragmentary leaf, comprising a folded strip of paper recycled from another manuscript and reused as a sewing guard. Only the second of these stubs has been photographed.",,,,,,,,,,,,,,,,,,,,,,,,,,,,,,,,,,,,,,,,,,,,,,,,,,,,,,,,,,,,,,,,
_measure_13,manuscript_1,,,"Cambridge, University Library, MS Kk.6.30",part,,,"Fragment: 1 fragmentary leaf, comprising a folded strip of paper recycled from another manuscript and reused as a sewing guard. Only the second of these stubs has been photographed.",,,,,,,,,,,,,,,,,,,,,,,,,,,,,,,,,,,,,,,,,,,,,,,,,,,,,,,,,,,,,,,,
_measure_1,manuscript_1,,,"Cambridge, University Library, MS Kk.6.33",manuscript-composite,,MS-KK-00006-00033,"Codex: v + 2 | 15 | 92 + iv leaves. Blank paper leaves have been added at various places in the manuscript, specifically after the first two medieval leaves, and at points where medieval leaves are no longer present. For this statement of extent, these internal, modern leaves have not been counted. In one instance, a paper leaf has been added in order to provide a mount for a fragmentary leaf that would otherwise be detached from the manuscript (f. 1:7a). Since there is still a remnant of a medieval leaf that bears writing, this has been counted in this statement. This fragment was previously unfoliated but has now been assigned the number '7a'.",109.0,,9.0,,,,,,,,,,,,,,,,,,,,,,,,,,,,,,,,,,,,,,,,,,,,,,,,,,,,,,,,,,,,,
_measure_2,manuscript_1,,,"Cambridge, University Library, MS Kk.6.33",manuscript-composite,,MS-KK-00006-00033,,,,,,,,,,,,,,,,,,,,,,,,,,,,,,,,,,,,,,,,,,,,,,,,,,,,,,,,,,,,,,,,,
_measure_3,manuscript_1,,,"Cambridge, University Library, MS Kk.6.33",part,,,Codex: 2 leaves. 140 105,2.0,,,,,,,,,,,,,,,,,,140.0,140.0,140.0,105.0,105.0,105.0,,,,mm,1.0,1.0,1.0,,,,,,,,,,,,24 37,37.0,24.0,110-1130,130.0,110.0,80-90,90.0,80.0,mm,,,,,,,,,,,,
_measure_4,manuscript_1,,,"Cambridge, University Library, MS Kk.6.33",part,,,Codex: 15 leaves. 160 105,15.0,,,,,,,,,,,,,,,,,,160.0,160.0,160.0,105.0,105.0,105.0,,,,mm,1.0,1.0,1.0,,,,,,,,,,,,31.0,31.0,31.0,105.0,105.0,105.0,75.0,75.0,75.0,mm,,,,,,,,,,,leadpoint,below
_measure_5,manuscript_1,,,"Cambridge, University Library, MS Kk.6.33",part,,,Codex: 92 leaves. 160 110,92.0,,,,,,,,,,,,,,,,,,160.0,160.0,160.0,110.0,110.0,110.0,,,,mm,1.0,1.0,1.0,,,,,,,,,,,,23 28,28.0,23.0,105.0,105.0,105.0,75.0,75.0,75.0,mm,,,,,,,,,,,leadpoint,below
_measure_1,manuscript_12219,,,"Cambridge, University Library, MS Kk.6.34",manuscript,,MS-KK-00006-00034,,,,,,,,,,,,,,,,,,,,156.0,156.0,156.0,114.0,114.0,114.0,,,,mm,1.0,1.0,1.0,,,,,,,,,,,,22.0,22.0,22.0,116 71,116 71,116 71,87 70,87 70,87 70,mm,,,,,,,,,,,,
_measure_1,manuscript_1,,,"Cambridge, University Library, MS Ll.2.2",manuscript,,MS-LL-00002-00002,Codex: i + 2 + 231 + 4 + i leaves. 335 235-240,231.0,6.0,2.0,,,,,,,,,,,,,,,,335.0,335.0,335.0,235-240,240.0,235.0,,,,mm,2.0,2.0,2.0,,,,,,,,,,,,52.0,52.0,52.0,240-245,245.0,240.0,160.0,160.0,160.0,mm,,,,,,,,,,,Leadpoint,below
_measure_2,manuscript_1,,,"Cambridge, University Library, MS Ll.2.2",manuscript,,MS-LL-00002-00002,,,,,,,,,,,,,,,,,,,,,,,,,,,,,,,,,,,,,,,,,,,,,,,,,,,,,,,,,,,,,,,,,
_measure_1,manuscript_12220,,,"Cambridge, University Library, MS Ll.2.13",manuscript,,MS-LL-00002-00013,,,,,,,,,,,,,,,,,,,,285.0,285.0,285.0,178.0,178.0,178.0,,,,mm,1.0,1.0,1.0,,,,,,,,,,,,23.0,23.0,23.0,190.0,190.0,190.0,90.0,90.0,90.0,mm,,,,,,,,,,,ink,above
_measure_1,manuscript_12221,,,"Cambridge, University Library, MS Ll.4.12",manuscript,,MS-LL-00004-00012,,,,,,,,,,,,,,,,,,,,297.0,297.0,297.0,218.0,218.0,218.0,,,,mm,1.0,1.0,1.0,,,,,,,,,,,,29 36,36.0,29.0,210.0,210.0,210.0,147.0,147.0,147.0,mm,,,,,,,,,,,,
_measure_2,manuscript_12221,,,"Cambridge, University Library, MS Ll.4.12",manuscript,,MS-LL-00004-00012,,,,,,,,,,,,,,,,,,,,297.0,297.0,297.0,218.0,218.0,218.0,,,,mm,2.0,2.0,2.0,,,,,,,,,,,,31 35,35.0,31.0,215.0,215.0,215.0,145.0,145.0,145.0,mm,,,,,,,,,,,,
_measure_1,manuscript_12224,,,"Cambridge, University Library, MS Ll.5.4",manuscript,,MS-LL-00005-00004,Codex ii + 2 + 146 + 1 + ii 310 200,146.0,3.0,4.0,,,,,,,,,,,,,,,,310.0,310.0,310.0,200.0,200.0,200.0,,,,mm,1.0,1.0,1.0,,,,,,,,,,,,43 52,52.0,43.0,280-290,290.0,280.0,140-160,160.0,140.0,mm,,,,,,,,,,,hardpoint,
_measure_2,manuscript_12224,,,"Cambridge, University Library, MS Ll.5.4",manuscript,,MS-LL-00005-00004,,,,,,,,,,,,,,,,,,,,,,,,,,,,,,,,,,,,,,,,,,,,,,,,,,,,,,,,,,,,,,,,,
_measure_1,manuscript_12225,,,"Cambridge, University Library, MS Mm.1.11",manuscript,,MS-MM-00001-00011,"Codex ii + ii + 108 + ii , 210 140",108.0,2.0,4.0,,,,,,,,,,,,,,,,210.0,210.0,210.0,140.0,140.0,140.0,,,,mm,1.0,1.0,1.0,,,,,,,,,,,,15 24,24.0,15.0,175.0,175.0,175.0,115.0,115.0,115.0,mm,,,,,,,,,,,,
_measure_2,manuscript_12225,,,"Cambridge, University Library, MS Mm.1.11",manuscript,,MS-MM-00001-00011,,,,,,,,,,,,,,,,,,,,,,,,,,,,,,,,,,,,,,,,,,,,,,,,,,,,,,,,,,,,,,,,,
_measure_1,manuscript_12226,,,"Cambridge, University Library, MS Mm.1.17",manuscript-composite,,MS-MM-00001-00017,Codex 1 + 132 ca. 220/225 160-164,132.0,1.0,,,,,,,,,,,,,,,,,ca. 220/225,ca. 220/225,ca. 220/225,160-164,160-164,160-164,,,,mm,,,,,,,,,,,,,,,,,,,,,,,,,,,,,,,,,,,,
_measure_2,manuscript_12226,,,"Cambridge, University Library, MS Mm.1.17",part,,,"ff. 1-16, 17, 17[a]-19 Codex 20 , 225 164 f. 17[a] Leaf 1 , 110 75",21.0,,,,,,,,,,,,,,,,,,225 110,225 110,225 110,164 75,164 75,164 75,,,,mm,1.0,1.0,1.0,,,,,,,,,,,,23.0,23.0,23.0,170.0,170.0,170.0,100.0,100.0,100.0,mm,,,,,,,,,,,,
_measure_3,manuscript_12226,,,"Cambridge, University Library, MS Mm.1.17",part,,,"ff. 1-16, 17, 17[a]-19 Codex 20 , 225 164 f. 17[a] Leaf 1 , 110 75",21.0,,,,,,,,,,,,,,,,,,225 110,225 110,225 110,164 75,164 75,164 75,,,,mm,1.0,1.0,1.0,,,,,,,,,,,,28.0,28.0,28.0,165.0,165.0,165.0,105.0,105.0,105.0,mm,,,,,,,,,,,,
_measure_4,manuscript_12226,,,"Cambridge, University Library, MS Mm.1.17",part,,,"ff. 20-26, 27-29, 30-63 Codex 43 225 165 ff. [26a], 29a Leaf 2 ca. 150 93/100",45.0,,,,,,,,,,,,,,,,,,225 150,225 150,225 150,165 93/100,165 100,165 93,,,,mm,1.0,1.0,1.0,,,,,,,,,,,,23.0,23.0,23.0,160.0,160.0,160.0,95.0,95.0,95.0,mm,,,,,,,,,,,,
_measure_5,manuscript_12226,,,"Cambridge, University Library, MS Mm.1.17",part,,,Codex 66 220 160,66.0,,,,,,,,,,,,,,,,,,220.0,220.0,220.0,160.0,160.0,160.0,,,,mm,1.0,1.0,1.0,,,,,,,,,,,,20.0,20.0,20.0,165.0,165.0,165.0,100.0,100.0,100.0,mm,,,,,,,,,,,,
_measure_6,manuscript_12226,,,"Cambridge, University Library, MS Mm.1.17",part,,,Codex 66 220 160,66.0,,,,,,,,,,,,,,,,,,220.0,220.0,220.0,160.0,160.0,160.0,,,,mm,1.0,1.0,1.0,,,,,,,,,,,,23.0,23.0,23.0,160.0,160.0,160.0,95.0,95.0,95.0,mm,,,,,,,,,,,,
_measure_1,manuscript_12227,,,"Cambridge, University Library, MS Mm.6.9",manuscript,,MS-MM-00006-00009,,,,,,,,,,,,,,,,,,,,185.0,185.0,185.0,135.0,135.0,135.0,,,,mm,1.0,1.0,1.0,,,,,,,,,,,,28 30,30.0,28.0,122.0,122.0,122.0,92.0,92.0,92.0,mm,,,,,,,,,,,hardpoint,below
_measure_2,manuscript_12227,,,"Cambridge, University Library, MS Mm.6.9",manuscript,,MS-MM-00006-00009,,,,,,,,,,,,,,,,,,,,,,,,,,,,,,,,,,,,,,,,,,,,,,,,,,,,,,,,,,,,,,,,,
_measure_3,manuscript_12227,,,"Cambridge, University Library, MS Mm.6.9",manuscript,,MS-MM-00006-00009,,,,,,,,,,,,,,,,,,,,,,,,,,,,,,,,,,,,,,,,,,,,,,,,,,,,,,,,,,,,,,,,,
_measure_4,manuscript_12227,,,"Cambridge, University Library, MS Mm.6.9",manuscript,,MS-MM-00006-00009,,,,,,,,,,,,,,,,,,,,,,,,,,,,,,,,,,,,,,,,,,,,,,,,,,,,,,,,,,,,,,,,,
_measure_1,manuscript_1,,,"Cambridge, University Library, MS Mm.6.17",manuscript-composite,,MS-MM-00006-00017,Codex: i + 1 + 7 | 4 ; 65 ; 40 ; 20 + 2 + i leaves.,136.0,3.0,2.0,,,,,,,,,,,,,,,,,,,,,,,,,,,,,,,,,,,,,,,,,,,,,,,,,,,,,,,,,,,,,
_measure_2,manuscript_1,,,"Cambridge, University Library, MS Mm.6.17",manuscript-composite,,MS-MM-00006-00017,,,,,,,,,,,,,,,,,,,,,,,,,,,,,,,,,,,,,,,,,,,,,,,,,,,,,,,,,,,,,,,,,
_measure_3,manuscript_1,,,"Cambridge, University Library, MS Mm.6.17",part,,,Codex: 7 leaves. 220 165,7.0,,,,,,,,,,,,,,,,,,220.0,220.0,220.0,165.0,165.0,165.0,,,,mm,1.0,1.0,1.0,,,,,,,,,,,,30 32,32.0,30.0,105.0,105.0,105.0,75.0,75.0,75.0,mm,,,,,,,,,,,none,below
_measure_4,manuscript_1,,,"Cambridge, University Library, MS Mm.6.17",part,,,Codex: 4 ; 65 ; 40 ; 20 + 2 leaves.,129.0,2.0,,,,,,,,,,,,,,,,,220.0,220.0,220.0,160.0,160.0,160.0,,,,mm,1.0,1.0,1.0,,,,,,,,,,,,30 33,33.0,30.0,155.0,155.0,155.0,120.0,120.0,120.0,mm,,,,,,,,,,,leadpoint,below
_measure_1,manuscript_12230,,,"Cambridge, University Library, MS Nn.1.21",manuscript,,MS-NN-00001-00021,Codex iii + 1 + 181 + iii 327 232,180.0,1.0,6.0,,,,,,,,,,,,,,,,327.0,327.0,327.0,232.0,232.0,232.0,,,,mm,2.0,2.0,2.0,,,,,,,,,,,,30.0,30.0,30.0,242.0,242.0,242.0,157.0,157.0,157.0,mm,,,,,,,,,,,hardpoint,mixed
_measure_2,manuscript_12230,,,"Cambridge, University Library, MS Nn.1.21",manuscript,,MS-NN-00001-00021,,,,,,,,,,,,,,,,,,,,,,,,,,,,,,,,,,,,,,,,,,,,,,,,,,,,,,,,,,,,,,,,,
_measure_3,manuscript_12230,,,"Cambridge, University Library, MS Nn.1.21",manuscript,,MS-NN-00001-00021,,,,,,,,,,,,,,,,,,,,,,,,,,,,,,,,,,,,,,,,,,,,,,,,,,,,,,,,,,,,,,,,,
_measure_1,manuscript_76566,,,"Cambridge, University Library, MS Nn.1.22",manuscript,,MS-NN-00001-00022,Codex iii + 166 + iii 327 232,166.0,,6.0,,,,,,,,,,,,,,,,327.0,327.0,327.0,232.0,232.0,232.0,,,,mm,2.0,2.0,2.0,,,,,,,,,,,,30.0,30.0,30.0,242.0,242.0,242.0,157.0,157.0,157.0,mm,,,,,,,,,,,hardpoint,mixed
_measure_2,manuscript_76566,,,"Cambridge, University Library, MS Nn.1.22",manuscript,,MS-NN-00001-00022,,,,,,,,,,,,,,,,,,,,,,,,,,,,,,,,,,,,,,,,,,,,,,,,,,,,,,,,,,,,,,,,,
_measure_3,manuscript_76566,,,"Cambridge, University Library, MS Nn.1.22",manuscript,,MS-NN-00001-00022,,,,,,,,,,,,,,,,,,,,,,,,,,,,,,,,,,,,,,,,,,,,,,,,,,,,,,,,,,,,,,,,,
_measure_1,manuscript_12231,,,"Cambridge, University Library, MS Nn.1.23",manuscript,,MS-NN-00001-00023,iii + 272 + i 315 220,272.0,,4.0,,,,,,,,,,,,,,,,315.0,315.0,315.0,220.0,220.0,220.0,,,,mm,2.0,2.0,2.0,,,,,,,,,,,,30.0,30.0,30.0,260.0,260.0,260.0,163.0,163.0,163.0,mm,,,,,,,,,,,,
_measure_2,manuscript_12231,,,"Cambridge, University Library, MS Nn.1.23",manuscript,,MS-NN-00001-00023,iii + 272 + i 315 220,272.0,,4.0,,,,,,,,,,,,,,,,315.0,315.0,315.0,220.0,220.0,220.0,,,,mm,2.0,2.0,2.0,,,,,,,,,,,,29.0,29.0,29.0,230.0,230.0,230.0,155.0,155.0,155.0,mm,,,,,,,,,,,hardpoint,
_measure_3,manuscript_12231,,,"Cambridge, University Library, MS Nn.1.23",manuscript,,MS-NN-00001-00023,,,,,,,,,,,,,,,,,,,,,,,,,,,,,,,,,,,,,,,,,,,,,,,,,,,,,,,,,,,,,,,,,
_measure_1,manuscript_12232,,,"Cambridge, University Library, MS Nn.1.24",manuscript,,MS-NN-00001-00024,Codex v + 26 + i 320 220,26.0,,6.0,,,,,,,,,,,,,,,,320.0,320.0,320.0,220.0,220.0,220.0,,,,mm,1.0,1.0,1.0,,,,,,,,,,,,30.0,30.0,30.0,220.0,220.0,220.0,123.0,123.0,123.0,mm,,,,,,,,,,,,
_measure_2,manuscript_12232,,,"Cambridge, University Library, MS Nn.1.24",manuscript,,MS-NN-00001-00024,,,,,,,,,,,,,,,,,,,,,,,,,,,,,,,,,,,,,,,,,,,,,,,,,,,,,,,,,,,,,,,,,
_measure_3,manuscript_12232,,,"Cambridge, University Library, MS Nn.1.24",manuscript,,MS-NN-00001-00024,,,,,,,,,,,,,,,,,,,,,,,,,,,,,,,,,,,,,,,,,,,,,,,,,,,,,,,,,,,,,,,,,
_measure_1,manuscript_12237,,,"Cambridge, University Library, MS Nn.2.34",manuscript,,MS-NN-00002-00034,Codex iii + 212 + i 290 215,212.0,4.0,,,,,,,,,,,,,,,,,290.0,290.0,290.0,215.0,215.0,215.0,,,,mm,1.0,1.0,1.0,,,,,,,,,,,,29 33,33.0,29.0,225.0,225.0,225.0,158.0,158.0,158.0,mm,,,,,,,,,,,,
_measure_2,manuscript_12237,,,"Cambridge, University Library, MS Nn.2.34",manuscript,,MS-NN-00002-00034,Codex iii + 212 + i 290 215,212.0,4.0,,,,,,,,,,,,,,,,,290.0,290.0,290.0,215.0,215.0,215.0,,,,mm,1.0,1.0,1.0,,,,,,,,,,,,32 41,41.0,32.0,235.0,235.0,235.0,155.0,155.0,155.0,mm,,,,,,,,,,,,
_measure_3,manuscript_12237,,,"Cambridge, University Library, MS Nn.2.34",manuscript,,MS-NN-00002-00034,,,,,,,,,,,,,,,,,,,,,,,,,,,,,,,,,,,,,,,,,,,,,,,,,,,,,,,,,,,,,,,,,
_measure_1,manuscript_12238,,,"Cambridge, University Library, MS Nn.2.36",manuscript,,MS-NN-00002-00036,Codex iii + 235 + iii 276 212,235.0,,6.0,,,,,,,,,,,,,,,,276.0,276.0,276.0,212.0,212.0,212.0,,,,mm,2.0,2.0,2.0,,,,,,,,,,,,22 24,24.0,22.0,155-170,170.0,155.0,125.0,125.0,125.0,mm,,,,,,,,,,,hardpoint,mixed
_measure_2,manuscript_12238,,,"Cambridge, University Library, MS Nn.2.36",manuscript,,MS-NN-00002-00036,Codex iii + 235 + iii 276 212,235.0,,6.0,,,,,,,,,,,,,,,,276.0,276.0,276.0,212.0,212.0,212.0,,,,mm,2.0,2.0,2.0,,,,,,,,,,,,22 23,23.0,22.0,160-167,167.0,160.0,127-140,140.0,127.0,mm,23 24,24.0,23.0,,,,,,,,hardpoint,mixed
_measure_3,manuscript_12238,,,"Cambridge, University Library, MS Nn.2.36",manuscript,,MS-NN-00002-00036,Codex iii + 235 + iii 276 212,235.0,,6.0,,,,,,,,,,,,,,,,276.0,276.0,276.0,212.0,212.0,212.0,,,,mm,2.0,2.0,2.0,,,,,,,,,,,,24.0,24.0,24.0,170.0,170.0,170.0,125.0,125.0,125.0,mm,,,,,,,,,,,hardpoint,below
_measure_4,manuscript_12238,,,"Cambridge, University Library, MS Nn.2.36",manuscript,,MS-NN-00002-00036,Codex iii + 235 + iii 276 212,235.0,,6.0,,,,,,,,,,,,,,,,276.0,276.0,276.0,212.0,212.0,212.0,,,,mm,2.0,2.0,2.0,,,,,,,,,,,,24.0,24.0,24.0,157-170,170.0,157.0,125.0,125.0,125.0,mm,,,,,,,,,,,hardpoint,below
_measure_5,manuscript_12238,,,"Cambridge, University Library, MS Nn.2.36",manuscript,,MS-NN-00002-00036,Codex iii + 235 + iii 276 212,235.0,,6.0,,,,,,,,,,,,,,,,276.0,276.0,276.0,212.0,212.0,212.0,,,,mm,1.0,1.0,1.0,,,,,,,,,,,,30 33,33.0,30.0,170-180,180.0,170.0,145.0,145.0,145.0,mm,,,,,,,,,,,hardpoint,below
_measure_6,manuscript_12238,,,"Cambridge, University Library, MS Nn.2.36",manuscript,,MS-NN-00002-00036,Codex iii + 235 + iii 276 212,235.0,,6.0,,,,,,,,,,,,,,,,276.0,276.0,276.0,212.0,212.0,212.0,,,,mm,1.0,1.0,1.0,,,,,,,,,,,,24 25,25.0,24.0,170.0,170.0,170.0,135.0,135.0,135.0,mm,,,,,,,,,,,hardpoint,mixed
_measure_1,manuscript_12239,,,"Cambridge, University Library, MS Nn.2.39",manuscript,,MS-NN-00002-00039,"Codex iii + 98 + iii , 280 197",98.0,6.0,,,,,,,,,,,,,,,,,280.0,280.0,280.0,197.0,197.0,197.0,,,,mm,1.0,1.0,1.0,,,,,,,,,,,,27.0,27.0,27.0,190.0,190.0,190.0,110.0,110.0,110.0,mm,,,,,,,,,,,,
_measure_1,manuscript_12240,,,"Cambridge, University Library, MS Nn.2.41",manuscript,,MS-NN-00002-00041,Volume I: ii + 157 + ii 212-228 Volume II: ii + 258 + ii 260 218-225,157.0,,6.0,,,,,,,,,,,,,,,,260 260,260 260,260 260,212-228 218-225,228 225,212 218,,,,mm,1.0,1.0,1.0,,,,,,,,,,,,33.0,33.0,33.0,,,,,,,,,,,180-185,185.0,180.0,140-145,145.0,140.0,mm,hardpoint,mixed
_measure_2,manuscript_12240,,,"Cambridge, University Library, MS Nn.2.41",manuscript,,MS-NN-00002-00041,Volume I: ii + 157 + ii 212-228 Volume II: ii + 258 + ii 260 218-225,157.0,,6.0,,,,,,,,,,,,,,,,260 260,260 260,260 260,212-228 218-225,228 225,212 218,,,,mm,1.0,1.0,1.0,,,,,,,,,,,,32 33,33.0,32.0,180.0,180.0,180.0,140.0,140.0,140.0,mm,,,,,,,,,,,hardpoint,below
_measure_1,manuscript_12241,,,"Cambridge, University Library, MS Nn.3.3",manuscript,,MS-NN-00003-00003,,,,,,,,,,,,,,,,,,,,260-265,265.0,260.0,170-190,190.0,170.0,,,,mm,1.0,1.0,1.0,,,,,,,,,,,,16.0,16.0,16.0,190.0,190.0,190.0,100.0,100.0,100.0,mm,,,,,,,,,,,,
_measure_2,manuscript_12241,,,"Cambridge, University Library, MS Nn.3.3",manuscript,,MS-NN-00003-00003,,,,,,,,,,,,,,,,,,,,260-265,265.0,260.0,170-190,190.0,170.0,,,,mm,1.0,1.0,1.0,,,,,,,,,,,,16 17,17.0,16.0,230.0,230.0,230.0,110.0,110.0,110.0,mm,,,,,,,,,,,,
_measure_1,manuscript_12242,,,"Cambridge, University Library, MS Nn.3.8",manuscript,,MS-NN-00003-00008,Codex iii + 80 + iii 240 170,80.0,3.0,3.0,,,,,,,,,,,,,,,,240.0,240.0,240.0,170.0,170.0,170.0,,,,mm,1.0,1.0,1.0,,,,,,,,,,,,21.0,21.0,21.0,145.0,145.0,145.0,80.0,80.0,80.0,mm,,,,,,,,,,,,
_measure_1,manuscript_12243,,,"Cambridge, University Library, MS Nn.3.13",manuscript,,MS-NN-00003-00013,"Codex iii + 200 + iii , 213 155",200.0,,6.0,,,,,,,,,,,,,,,,213.0,213.0,213.0,155.0,155.0,155.0,,,,mm,1.0,1.0,1.0,,,,,,,,,,,,11 20,20.0,11.0,175.0,175.0,175.0,115.0,115.0,115.0,mm,,,,,,,,,,,,
_measure_2,manuscript_12243,,,"Cambridge, University Library, MS Nn.3.13",manuscript,,MS-NN-00003-00013,,,,,,,,,,,,,,,,,,,,,,,,,,,,,,,,,,,,,,,,,,,,,,,,,,,,,,,,,,,,,,,,,
_measure_3,manuscript_12243,,,"Cambridge, University Library, MS Nn.3.13",manuscript,,MS-NN-00003-00013,,,,,,,,,,,,,,,,,,,,,,,,,,,,,,,,,,,,,,,,,,,,,,,,,,,,,,,,,,,,,,,,,
_measure_1,manuscript_12244,,,"Cambridge, University Library, MS Nn.3.14",manuscript-composite,,MS-NN-00003-00014,,,,,,,,,,,,,,,,,,,,207-217,217.0,207.0,145-155,155.0,145.0,,,,mm,,,,,,,,,,,,,,,,,,,,,,,,,,,,,,,,,,,,
_measure_2,manuscript_12244,,,"Cambridge, University Library, MS Nn.3.14",part,,,,,,,,,,,,,,,,,,,,,,,,,,,,,,,,1.0,1.0,1.0,,,,,,,,,,,,19 20,20.0,19.0,170.0,170.0,170.0,70.0,70.0,70.0,mm,,,,,,,,,,,,
_measure_3,manuscript_12244,,,"Cambridge, University Library, MS Nn.3.14",part,,,,,,,,,,,,,,,,,,,,,,,,,,,,,,,,1.0,1.0,1.0,,,,,,,,,,,,16 22,22.0,16.0,160.0,160.0,160.0,100.0,100.0,100.0,mm,,,,,,,,,,,,
_measure_4,manuscript_12244,,,"Cambridge, University Library, MS Nn.3.14",part,,,,,,,,,,,,,,,,,,,,,,,,,,,,,,,,1.0,1.0,1.0,,,,,,,,,,,,24.0,24.0,24.0,170.0,170.0,170.0,105.0,105.0,105.0,mm,,,,,,,,,,,,
_measure_5,manuscript_12244,,,"Cambridge, University Library, MS Nn.3.14",part,,,,,,,,,,,,,,,,,,,,,,,,,,,,,,,,1.0,1.0,1.0,,,,,,,,,,,,22.0,22.0,22.0,160.0,160.0,160.0,120.0,120.0,120.0,mm,,,,,,,,,,,,
_measure_1,manuscript_12245,,,"Cambridge, University Library, MS Nn.3.15",manuscript-composite,,MS-NN-00003-00015,,,,,,,,,,,,,,,,,,,,200.0,200.0,200.0,140.0,140.0,140.0,,,,mm,,,,,,,,,,,,,,,,,,,,,,,,,,,,,,,,,,,,
_measure_2,manuscript_12245,,,"Cambridge, University Library, MS Nn.3.15",part,,,,,,,,,,,,,,,,,,,,,,,,,,,,,,,,1.0,1.0,1.0,,,,,,,,,,,,29.0,29.0,29.0,140.0,140.0,140.0,70.0,70.0,70.0,mm,,,,,,,,,,,,
_measure_3,manuscript_12245,,,"Cambridge, University Library, MS Nn.3.15",part,,,,,,,,,,,,,,,,,,,,,,,,,,,,,,,,1.0,1.0,1.0,,,,,,,,,,,,19 20,20.0,19.0,170.0,170.0,170.0,70.0,70.0,70.0,mm,,,,,,,,,,,,
_measure_4,manuscript_12245,,,"Cambridge, University Library, MS Nn.3.15",part,,,,,,,,,,,,,,,,,,,,,,,,,,,,,,,,1.0,1.0,1.0,,,,,,,,,,,,32.0,32.0,32.0,150.0,150.0,150.0,110.0,110.0,110.0,mm,,,,,,,,,,,,
_measure_5,manuscript_12245,,,"Cambridge, University Library, MS Nn.3.15",part,,,,,,,,,,,,,,,,,,,,,,,,,,,,,,,,1.0,1.0,1.0,,,,,,,,,,,,13 28,28.0,13.0,150.0,150.0,150.0,80.0,80.0,80.0,mm,,,,,,,,,,,,
_measure_1,manuscript_12246,,,"Cambridge, University Library, MS Nn.3.16",manuscript-composite,,MS-NN-00003-00016,,,,,,,,,,,,,,,,,,,,206.0,206.0,206.0,135.0,135.0,135.0,,,,mm,,,,,,,,,,,,,,,,,,,,,,,,,,,,,,,,,,,,
_measure_2,manuscript_12246,,,"Cambridge, University Library, MS Nn.3.16",part,,,,,,,,,,,,,,,,,,,,,,,,,,,,,,,,1.0,1.0,1.0,,,,,,,,,,,,10.0,10.0,10.0,130.0,130.0,130.0,80.0,80.0,80.0,mm,,,,,,,,,,,,
_measure_3,manuscript_12246,,,"Cambridge, University Library, MS Nn.3.16",part,,,,,,,,,,,,,,,,,,,,,,,,,,,,,,,,1.0,1.0,1.0,,,,,,,,,,,,11 13,13.0,11.0,165.0,165.0,165.0,85.0,85.0,85.0,mm,,,,,,,,,,,,
_measure_1,manuscript_12247,,,"Cambridge, University Library, MS Nn.3.17",manuscript-composite,,MS-NN-00003-00017,,,,,,,,,,,,,,,,,,,,200.0,200.0,200.0,140.0,140.0,140.0,,,,mm,,,,,,,,,,,,,,,,,,,,,,,,,,,,,,,,,,,,
_measure_2,manuscript_12247,,,"Cambridge, University Library, MS Nn.3.17",part,,,,,,,,,,,,,,,,,,,,,,,,,,,,,,,,1.0,1.0,1.0,,,,,,,,,,,,20.0,20.0,20.0,160.0,160.0,160.0,65.0,65.0,65.0,mm,,,,,,,,,,,,
_measure_3,manuscript_12247,,,"Cambridge, University Library, MS Nn.3.17",part,,,,,,,,,,,,,,,,,,,,,,,,,,,,,,,,1.0,1.0,1.0,,,,,,,,,,,,19.0,19.0,19.0,160.0,160.0,160.0,70.0,70.0,70.0,mm,,,,,,,,,,,,
_measure_1,manuscript_12248,,,"Cambridge, University Library, MS Nn.3.18",manuscript,,MS-NN-00003-00018,Codex 8 + 3 + 299 + 3 + 8 210 135,305.0,6.0,16.0,,,,,,,,,,,,,,,,210.0,210.0,210.0,135.0,135.0,135.0,,,,mm,1.0,1.0,1.0,,,,,,,,,,,,29.0,29.0,29.0,162.0,162.0,162.0,95.0,95.0,95.0,mm,,,,,,,,,,,,
_measure_1,manuscript_12250,,,"Cambridge, University Library, MS Nn.4.2",manuscript,,MS-NN-00004-00002,,,,,,,,,,,,,,,,,,,,200.0,200.0,200.0,141.0,141.0,141.0,,,,mm,1.0,1.0,1.0,,,,,,,,,,,,18.0,18.0,18.0,135.0,135.0,135.0,75.0,75.0,75.0,mm,,,,,,,,,,,hardpoint,below
_measure_1,manuscript_12252,,,"Cambridge, University Library, MS Nn.4.8",manuscript-composite,,MS-NN-00004-00008,iii + 172 + iii 161-170 116,172.0,,6.0,,,,,,,,,,,,,,,,161-170,170.0,161.0,116.0,116.0,116.0,,,,mm,,,,,,,,,,,,,,,,,,,,,,,,,,,,,,,,,,,,
_measure_2,manuscript_12252,,,"Cambridge, University Library, MS Nn.4.8",manuscript-composite,,MS-NN-00004-00008,,,,,,,,,,,,,,,,,,,,,,,,,,,,,,,,,,,,,,,,,,,,,,,,,,,,,,,,,,,,,,,,,
_measure_3,manuscript_12252,,,"Cambridge, University Library, MS Nn.4.8",part,,,,,,,,,,,,,,,,,,,,,,,,,,,,,,,,1.0,1.0,1.0,,,,,,,,,,,,23 27,27.0,23.0,140-145,145.0,140.0,92-96,96.0,92.0,mm,,,,,,,,,,,hardpoint,
_measure_4,manuscript_12252,,,"Cambridge, University Library, MS Nn.4.8",part,,,,,,,,,,,,,,,,,,,,,,,,,,,,,,,,1.0,1.0,1.0,,,,,,,,,,,,20 28,28.0,20.0,130-150,150.0,130.0,90-100,100.0,90.0,mm,,,,,,,,,,,hardpoint,
_measure_5,manuscript_12252,,,"Cambridge, University Library, MS Nn.4.8",part,,,,,,,,,,,,,,,,,,,,,,,,,,,,,,,,1.0,1.0,1.0,,,,,,,,,,,,32.0,32.0,32.0,200.0,200.0,200.0,125.0,125.0,125.0,mm,,,,,,,,,,,hardpoint,
_measure_1,manuscript_12254,,,"Cambridge, University Library, MS Nn.4.42b",manuscript,,MS-NN-00004-00042-B,,,,,,,,,,,,,,,,,,,,105.0,105.0,105.0,70.0,70.0,70.0,,,,mm,1.0,1.0,1.0,,,,,,,,,,,,16.0,16.0,16.0,75.0,75.0,75.0,50.0,50.0,50.0,mm,,,,,,,,,,,,
_measure_1,manuscript_12274,,,"Cambridge, University Library, MS Or. 929",manuscript,,MS-OR-00929,Codex i + 186 + i 252 170,186.0,,2.0,,,,,,,,,,,,,,,,252.0,252.0,252.0,170.0,170.0,170.0,,,,mm,2.0,2.0,2.0,,,,,,,,,,,,23 41,41.0,23.0,200.0,200.0,200.0,120.0,120.0,120.0,mm,,,,,,,,,,,hardpoint,mixed
_measure_1,manuscript_12276,,,"Cambridge, University Library, MS Or. 1699.Π.X",manuscript,,MS-OR-01699-Π-X,Fragment (bifolium) 2 252 229,2.0,,,,,,,,,,,,252.0,252.0,229.0,229.0,229.0,mm,,,,,,,,,,,2.0,2.0,2.0,,,,,,,,,,,,34.0,34.0,34.0,249.0,249.0,249.0,205.0,205.0,205.0,mm,,,,,,,,,,,hardpoint,along
_measure_1,manuscript_12273,,,"Cambridge, University Library, MS Or. 1700.2.3.1",manuscript,,MS-OR-01700-BOX-00002-00003-00001,,,,,,,,,,,,,85.0,85.0,85.0,108.0,108.0,108.0,mm,,,,,,,,,,,,,,,,,,,,,,,,,,,,,,,,,,,,,,,,,,,,,,
_measure_1,manuscript_12283,,,"Cambridge, Westminster College, MS WGL9/6",manuscript,,MS-WESTMINSTER-WGL-00009-00006,,,,,,,,,,,,,,125.0,125.0,180.0,180.0,180.0,mm,,,,,,,,,,,1.0,1.0,1.0,,,,,,,,,,,,12.0,12.0,12.0,,,,155.0,155.0,155.0,mm,,,,,,,,,,,,
_measure_1,manuscript_1,,,MS 7,manuscript,,,ii modern flyleaves + 185 folios + ii modern flyleaves 315 210,185.0,,4.0,,,,,,,,,,,,,,,,315.0,315.0,315.0,210.0,210.0,210.0,,,,mm,1.0,1.0,1.0,,,,,,,,,,,,54.0,54.0,54.0,250.0,250.0,250.0,155.0,155.0,155.0,mm,,,,,,,,,,,leadpoint,
_measure_1,manuscript_1,,,MS 8,manuscript-composite,,MS-DD-00001-00011,,,,,,,,,,,,,,,,,,,,,,,,,,,,,,,,,,,,,,,,,,,,,,,,,,,,,,,,,,,,,,,,,
_measure_2,manuscript_1,,,MS 8,part,,,iii modern flyleaves + 131 folios 290 210-220,131.0,,1.0,,,,,,,,,,,,,,,,290.0,290.0,290.0,210-220,220.0,210.0,,,,mm,1.0,1.0,1.0,,,,,,,,,,,,,,,212-220,220.0,212.0,138-152,152.0,138.0,mm,,,,,,,,,,,plummet,
_measure_3,manuscript_1,,,MS 8,part,,,,,,,,,,,,,,,,,,,,,,288.0,288.0,288.0,212.0,212.0,212.0,,,,mm,2.0,2.0,2.0,,,,,,,,,,,,55.0,55.0,55.0,206.0,206.0,206.0,,157.0,115.0,mm,,,,,,,,,,,plummet,
_measure_1,manuscript_1,,,MS 9,manuscript,,MS9,ii modern flyleaves + 60 folios + ii modern flyleaves 290 205,60.0,,4.0,,,,,,,,,,,,,,,,290.0,290.0,290.0,205.0,205.0,205.0,,,,mm,2.0,2.0,2.0,,,,,,,,,,,,56.0,56.0,56.0,238.0,238.0,238.0,149.0,149.0,149.0,mm,,,,,,,,,,,crayon,
_measure_1,,,,MS 10,manuscript,,,,,,,,,,,,,,,,,,,,,,290.0,290.0,290.0,214.0,214.0,214.0,,,,mm,1.0,1.0,1.0,,,,,,,,,,,,36 37,37.0,36.0,192.0,192.0,192.0,136.0,136.0,136.0,mm,,,,,,,,,,,,
_measure_1,manuscript_1,,,MS 13,manuscript,,MS13,iii paper flyleaves + 181 folios + iii paper flyleaves 268 188,181.0,,6.0,,,,,,,,,,,,,,,,268.0,268.0,268.0,188.0,188.0,188.0,,,,mm,2.0,2.0,2.0,,,,,,,,,,,,40.0,40.0,40.0,175–190,190.0,175.0,125.0,125.0,125.0,mm,,,,,,,,,,,crayon,
_measure_1,manuscript_1,,,MS 15,manuscript,,MS15,iii modern parchment flyleaves + 141 folios + iii modern parchment flyleaves. Leaves lost between fols. 33–34 (stub numbered 33b). 266 182,141.0,,6.0,,,,,,,,,,,,,,,,266.0,266.0,266.0,182.0,182.0,182.0,,,,mm,2.0,2.0,2.0,,,,,,,,,,,,51.0,51.0,51.0,210.0,210.0,210.0,144.0,144.0,144.0,mm,,,,,,,,,,,crayon,
_measure_1,,,,MS 18,manuscript,,,,,,,,,,,,,,,,,,,,,,260.0,260.0,260.0,178.0,178.0,178.0,,,,mm,2.0,2.0,2.0,,,,,,,,,,,,41.0,41.0,41.0,200.0,200.0,200.0,134.0,134.0,134.0,mm,,,,,,,,,,,,
_measure_1,manuscript_1,,,MS 19,manuscript,,MS19,i original parchment flyleaf + 313 folios + 1 original parchment flyleaf 261 183,313.0,,2.0,,,,,,,,,,,,,,,,261.0,261.0,261.0,183.0,183.0,183.0,,,,mm,1.0,1.0,1.0,,,,,,,,,,,,37.0,37.0,37.0,180.0,180.0,180.0,110.0,110.0,110.0,mm,,,,,,,,,,,plummet,
_measure_1,,,,MS 25,manuscript,,,,,,,,,,,,,,,,,,,,,,245.0,245.0,245.0,177.0,177.0,177.0,,,,mm,2.0,2.0,2.0,,,,,,,,,,,,46.0,46.0,46.0,205.0,205.0,205.0,145.0,145.0,145.0,mm,,,,,,,,,,,,
_measure_1,,,,MS 26,manuscript,,,,,,,,,,,,,,,,,,,,,,245.0,245.0,245.0,185.0,185.0,185.0,,,,mm,,,,,,,,,,,,,,,,,,170.0,170.0,170.0,140.0,140.0,140.0,mm,,,,,,,,,,,,
_measure_1,,,,MS 28,manuscript,,,,,,,,,,,,,,,,,,,,,,185.0,185.0,185.0,110.0,110.0,110.0,,,,mm,,,,,,,,,,,,,,,,,,179.0,179.0,179.0,179.0,179.0,179.0,mm,,,,,,,,,,,,
_measure_1,,,,MS 55,manuscript,,,ii modern parchment flyleaves + 99 folios + ii modern parchment flyleaves 116 72,99.0,,4.0,,,,,,,,,,,,,,,,116.0,116.0,116.0,72.0,72.0,72.0,,,,mm,1.0,1.0,1.0,,,,,,,,,,,,33 34,34.0,33.0,96.0,96.0,96.0,45.0,45.0,45.0,mm,,,,,,,,,,,plummet,
_measure_1,manuscript_12107,,,MS Add. 2603,manuscript-composite,,MS-ADD-02603,Codex 1 + 409 | 47 + 2,456.0,3.0,,,,,,,,,,,,,,,,,,,,,,,,,,,,,,,,,,,,,,,,,,,,,,,,,,,,,,,,,,,,,,
_measure_2,manuscript_12107,,,MS Add. 2603,part,,,"Fragments, comprising a single leaf with a stub at the front of the mmanuscript and a bifolium at the rear 3 245 140-150",3.0,,,,,,,,,,,,,,,,,,245.0,245.0,245.0,140-150,150.0,140.0,,,,mm,1.0,1.0,1.0,,,,,,,,,,,,,,,,,,230.0,230.0,230.0,mm,,,,,,,,,,,,
_measure_3,manuscript_12107,,,MS Add. 2603,part,,,Codex 409 250 160-170,409.0,,,,,,,,,,,,,,,,,,250.0,250.0,250.0,160-170,170.0,160.0,,,,mm,1.0,1.0,1.0,,,,,,,,,,,,25 32,32.0,25.0,180.0,180.0,180.0,120.0,120.0,120.0,mm,,,,,,,,,,,,
_measure_4,manuscript_12107,,,MS Add. 2603,part,,,Codex 47 250 160,47.0,,,,,,,,,,,,,,,,,,250.0,250.0,250.0,160.0,160.0,160.0,,,,mm,1.0,1.0,1.0,,,,,,,,,,,,28 33,33.0,28.0,190-200,200.0,190.0,110.0,110.0,110.0,mm,,,,,,,,,,,,
_measure_1,manuscript_1,,,MS Add. 3303(3),manuscript,,MS-ADD-03303-00003,1 leaf. Unfolded dimensions: 290 205-210 Folded dimensions: 145 65-72,1.0,,,,,,,,,,,,,,,,,,290.0,290.0,290.0,205-210,210.0,205.0,,,,mm,,,,,,,,,,,,,,,,,,,,,,,,,,,,,,,,,,,ink,
_measure_1,manuscript_1,,,MS Add. 5948,manuscript,,MS-ADD-05948,,,,,,,,,,,,,,,,,,,,254-256,256.0,254.0,199-204,204.0,199.0,,,,mm,2.0,2.0,2.0,,,,,,,,,,,,45.0,45.0,45.0,207.0,207.0,207.0,164-167,167.0,164.0,mm,,,,,,,,,,,hardpoint,above
_measure_1,,,,MS Add. 6447,manuscript-composite,,,Codex iv + 47 + i 320 225,47.0,,5.0,,,,,,,,,,,,,,,,320.0,320.0,320.0,225.0,225.0,225.0,,,,mm,,,,,,,,,,,,,,,,,,,,,,,,,,,,,,,,,,,,
_measure_2,,,,MS Add. 6447,manuscript-composite,,,,,,,,,,,,,,,,,,,,,,,,,,,,,,,,,,,,,,,,,,,,,,,,,,,,,,,,,,,,,,,,,,,
_measure_3,,,,MS Add. 6447,part,,,"Fragment, comprising two originally contiguous leaves, now preserved as pastedowns. Between the end of the text on the front pastedown, and the beginning of the text on the rear pastedown, one page of text is obscured. It is not possible to determine whether the recto or verso side of each leaf is visible. 2 ff.",2.0,,,,,,,,,,,,,,,,,,,,,,,,,,,,2.0,2.0,2.0,,,,,,,,,,,,50.0,50.0,50.0,265.0,265.0,265.0,150.0,150.0,150.0,mm,,,,,,,,,,,leadpoint,below
_measure_4,,,,MS Add. 6447,part,,,"Fragment, comprising two originally contiguous leaves, now preserved as pastedowns. Between the end of the text on the front pastedown, and the beginning of the text on the rear pastedown, one page of text is obscured. It is not possible to determine whether the recto or verso side of each leaf is visible. 2 ff.",2.0,,,,,,,,,,,,,,,,,,,,,,,,,,,,,,,,,,,,,,,,,,,,,,,,,,,,,,,,,,,,,,leadpoint,
_measure_5,,,,MS Add. 6447,part,,,,,,,,,,,,,,,,,,,,,,,,,,,,,,,,2.0,2.0,2.0,,,,,,,,,,,,50.0,50.0,50.0,235.0,235.0,235.0,180.0,180.0,180.0,mm,,,,,,,,,,,leadpoint,below
_measure_6,,,,MS Add. 6447,part,,,,,,,,,,,,,,,,,,,,,,,,,,,,,,,,2.0,2.0,2.0,,,,,,,,,,,,25 51,51.0,25.0,120-125,125.0,120.0,180.0,180.0,180.0,mm,,,,,,,,,,,leadpoint,below
_measure_7,,,,MS Add. 6447,part,,,,,,,,,,,,,,,,,,,,,,,,,,,,,,,,,,,,,,,,,,,,,,,,,,,,,,,,,,,,,,,,,,,
_measure_1,manuscript_1,,,MS Dd.1.11,manuscript-composite,,MS-DD-00001-00011,iv + 2 + 232 + 60 1 + 2 + iv,292.0,5.0,8.0,,,,,,,,,,,,,,,,,,,,,,,,,,,,,,,,,,,,,,,,,,,,,,,,,,,,,,,,,,,,,
_measure_2,manuscript_1,,,MS Dd.1.11,part,,,"Fragment, comprising two portions of a legal document. 2",2.0,,,,,,,,,,,,,,,,,,,,,,,,,,,,,,,,,,,,,,,,,,,,,,,,,,,,,,,,,,,,,,,
_measure_3,manuscript_1,,,MS Dd.1.11,part,,,232,232.0,,,,,,,,,,,,,,,,,,,,,,,,,,,,2.0,2.0,2.0,,,,,,,,,,,,28.0,28.0,28.0,275.0,275.0,275.0,165.0,165.0,165.0,mm,,,,,,,,,,,leadpoint,below
_measure_4,manuscript_1,,,MS Dd.1.11,part,,,60,60.0,,,,,,,,,,,,,,,,,,,,,,,,,,,,2.0,2.0,2.0,,,,,,,,,,,,46 57,57.0,46.0,275-290,290.0,275.0,185-195,195.0,185.0,mm,,,,,,,,,,,leadpoint,below
_measure_5,manuscript_1,,,MS Dd.1.11,part,,,60,60.0,,,,,,,,,,,,,,,,,,,,,,,,,,,,,,,,,,,,,,,,,,,,,,,,,,,,,,,,,,,,,,,
_measure_1,,,,MS Dd.1.16,manuscript,,MS-DD-00001-00016,Codex iii + 2 + 285 + 2 + iii 215 145,285.0,4.0,6.0,,,,,,,,,,,,,,,,215.0,215.0,215.0,145.0,145.0,145.0,,,,mm,2.0,2.0,2.0,,,,,,,,,,,,,,,,,,,,,,,,,,,,,,,,leadpoint,above
_measure_2,,,,MS Dd.1.16,manuscript,,MS-DD-00001-00016,Codex iii + 2 + 285 + 2 + iii 215 145,285.0,4.0,6.0,,,,,,,,,,,,,,,,215.0,215.0,215.0,145.0,145.0,145.0,,,,mm,2.0,2.0,2.0,,,,,,,,,,,,45.0,45.0,45.0,290-295,295.0,290.0,185-190,190.0,185.0,mm,,,,,,,,,,,leadpoint,above
_measure_1,manuscript_1,,,MS Gg.5.35,manuscript,,MS-GG-00005-000035,Codex ii + 1 + i + 1 + 443 + iii 215 145,443.0,2.0,6.0,,,,,,,,,,,,,,,,215.0,215.0,215.0,145.0,145.0,145.0,,,,mm,,,,,,,,,,,,,,,,,,185.0,185.0,185.0,110.0,110.0,110.0,mm,,,,,,,,,,,hardpoint,
_measure_2,manuscript_1,,,MS Gg.5.35,manuscript,,MS-GG-00005-000035,Codex ii + 1 + i + 1 + 443 + iii 215 145,443.0,2.0,6.0,,,,,,,,,,,,,,,,215.0,215.0,215.0,145.0,145.0,145.0,,,,mm,1.0,1.0,1.0,,,,,,,,,,,,31.0,31.0,31.0,,,,,,,,,,,,,,,,,,,above
_measure_3,manuscript_1,,,MS Gg.5.35,manuscript,,MS-GG-00005-000035,Codex ii + 1 + i + 1 + 443 + iii 215 145,443.0,2.0,6.0,,,,,,,,,,,,,,,,215.0,215.0,215.0,145.0,145.0,145.0,,,,mm,1.0,1.0,1.0,,,,,,,,,,,,40.0,40.0,40.0,,,,,,,,,,,,,,,,,,,above
_measure_4,manuscript_1,,,MS Gg.5.35,manuscript,,MS-GG-00005-000035,Codex ii + 1 + i + 1 + 443 + iii 215 145,443.0,2.0,6.0,,,,,,,,,,,,,,,,215.0,215.0,215.0,145.0,145.0,145.0,,,,mm,2.0,2.0,2.0,,,,,,,,,,,,40.0,40.0,40.0,,,,,,,,,,,,,,,,,,,above
_measure_1,manuscript_1,,,MS Gg.6.42,manuscript-composite,,MS-GG-00006-00042,Codex: i + 2 + 236 + i leaves 210 140,236.0,2.0,2.0,,,,,,,,,,,,,,,,210.0,210.0,210.0,140.0,140.0,140.0,,,,mm,,,,,,,,,,,,,,,,,,,,,,,,,,,,,,,,,,,,
_measure_2,manuscript_1,,,MS Gg.6.42,part,,,Codex: 211 leaves 210 140,211.0,,,,,,,,,,,,,,,,,,210.0,210.0,210.0,140.0,140.0,140.0,,,,mm,1.0,1.0,1.0,,,,,,,,,,,,26.0,26.0,26.0,170.0,170.0,170.0,100.0,100.0,100.0,mm,,,,,,,,,,,leadpoint,below
_measure_3,manuscript_1,,,MS Gg.6.42,part,,,1 sheet 140 180,1.0,,,,,,,,,,,,,,,,,,140.0,140.0,140.0,180.0,180.0,180.0,,,,mm,,,,,,,,,,,,,,,,,,,,,,,,,,,,,,,,,,,,
_measure_4,manuscript_1,,,MS Gg.6.42,part,,,Codex: leaves,10.0,,,,,,,,,,,,,,,,,,,,,,,,,,,,1.0,1.0,1.0,,,,,,,,,,,,20.0,20.0,20.0,160.0,160.0,160.0,100.0,100.0,100.0,mm,,,,,,,,,,,leadpoint,above
_measure_5,manuscript_1,,,MS Gg.6.42,part,,,Codex: 15 leaves,15.0,,,,,,,,,,,,,,,,,,,,,,,,,,,,1.0,1.0,1.0,,,,,,,,,,,,30 32,32.0,30.0,165.0,165.0,165.0,100.0,100.0,100.0,mm,,,,,,,,,,,leadpoint,below
_measure_6,manuscript_1,,,MS Gg.6.42,part,,,Codex: 15 leaves,15.0,,,,,,,,,,,,,,,,,,,,,,,,,,,,2.0,2.0,2.0,,,,,,,,,,,,23 30,30.0,23.0,,,,,,,,,,,,,,,,,,leadpoint,above
_measure_1,manuscript_12062,,,MS Kk.4.25,manuscript,,MS-Kk-00004-00025,Codex i + 125 + i 285 195,125.0,,2.0,,,,,,,,,,,,,,,,285.0,285.0,285.0,195.0,195.0,195.0,,,,mm,2.0,2.0,2.0,,,,,,,,,,,,32.0,32.0,32.0,210.0,210.0,210.0,145.0,145.0,145.0,mm,,,,,,,,,,,leadpoint,above
_measure_1,manuscript_1,,,"Peterborough Cathedral, MS 1",manuscript,,MS-PETERBOROUGH-00001,"Codex: iv + 9 + 382 + 13 + iv leaves. The manuscript contains perhaps three sets of medieval endleaves, an accretion that reflects successive rebindings (see Binding for further details). 310 230",382.0,22.0,8.0,,,,,,,,,,,,,,,,310.0,310.0,310.0,230.0,230.0,230.0,,,,mm,1.0,1.0,1.0,,,,,,,,,,,,35.0,35.0,35.0,220-230,230.0,220.0,155-160,160.0,155.0,mm,,,,,,,,,,,leadpoint,below
_measure_2,manuscript_1,,,"Peterborough Cathedral, MS 1",manuscript,,MS-PETERBOROUGH-00001,,,,,,,,,,,,,,,,,,,,,,,,,,,,,,,,,,,,,,,,,,,,,,,,,,,,,,,,,,,,,,,,,
_measure_3,manuscript_1,,,"Peterborough Cathedral, MS 1",manuscript,,MS-PETERBOROUGH-00001,,,,,,,,,,,,,,,,,,,,,,,,,,,,,,,,,,,,,,,,,,,,,,,,,,,,,,,,,,,,,,,,,
_measure_4,manuscript_1,,,"Peterborough Cathedral, MS 1",manuscript,,MS-PETERBOROUGH-00001,,,,,,,,,,,,,,,,,,,,,,,,,,,,,,,,,,,,,,,,,,,,,,,,,,,,,,,,,,,,,,,,,
_measure_5,manuscript_1,,,"Peterborough Cathedral, MS 1",manuscript,,MS-PETERBOROUGH-00001,,,,,,,,,,,,,,,,,,,,,,,,,,,,,,,,,,,,,,,,,,,,,,,,,,,,,,,,,,,,,,,,,
_measure_6,manuscript_1,,,"Peterborough Cathedral, MS 1",manuscript,,MS-PETERBOROUGH-00001,,,,,,,,,,,,,,,,,,,,,,,,,,,,,,,,,,,,,,,,,,,,,,,,,,,,,,,,,,,,,,,,,
_measure_7,manuscript_1,,,"Peterborough Cathedral, MS 1",manuscript,,MS-PETERBOROUGH-00001,,,,,,,,,,,,,,,,,,,,,,,,,,,,,,,,,,,,,,,,,,,,,,,,,,,,,,,,,,,,,,,,,
_measure_1,manuscript_1,,,"St John's College, MS D.24",manuscript,,SJC-MS-D-00004,Codex: 1 + 353 leaves. 255 190,353.0,1.0,,,,,,,,,,,,,,,,,255.0,255.0,255.0,190.0,190.0,190.0,,,,mm,2.0,2.0,2.0,,,,,,,,,,,,34 36,36.0,34.0,160-170,170.0,160.0,100.0,100.0,100.0,mm,,,,,,,,,,,ink,below
_measure_2,manuscript_1,,,"St John's College, MS D.24",manuscript,,SJC-MS-D-00004,Codex: 1 + 353 leaves. 255 190,353.0,1.0,,,,,,,,,,,,,,,,,255.0,255.0,255.0,190.0,190.0,190.0,,,,mm,1.0,1.0,1.0,,,,,,,,,,,,,,,195.0,195.0,195.0,170.0,170.0,170.0,mm,,,,,,,,,,,none,
_measure_1,manuscript_1,,,St John's College MS E.29,manuscript-composite,,MS-SJC-E-00029,Codex: 4 | 110 leaves.,114.0,,,,,,,,,,,,,,,,,,,,,,,,,,,,,,,,,,,,,,,,,,,,,,,,,,,,,,,,,,,,,,,
_measure_2,manuscript_1,,,St John's College MS E.29,part,,,Codex: 4 leaves. 215 160,4.0,,,,,,,,,,,,,,,,,,220.0,220.0,220.0,165.0,165.0,165.0,,,,mm,1.0,1.0,1.0,,,,,,,,,,,,33.0,33.0,33.0,100.0,200.0,160.0,150.0,160.0,100.0,mm,,,,,,,,,,,crayon,above
_measure_3,manuscript_1,,,St John's College MS E.29,part,,,Codex: 4 leaves. 215 160,4.0,,,,,,,,,,,,,,,,,,220.0,220.0,220.0,165.0,165.0,165.0,,,,mm,2 3,3.0,2.0,,,,,,,,,,,,,,,,,,,,,mm,,,,,,,,,,,crayon,above
_measure_4,manuscript_1,,,St John's College MS E.29,part,,,Codex: 110 leaves. 220 170,110.0,,,,,,,,,,,,,,,,,,220.0,220.0,220.0,170.0,170.0,170.0,,,,mm,1.0,1.0,1.0,,,,,,,,,,,,24 26,26.0,24.0,120-135,135.0,120.0,75-80,80.0,75.0,mm,,,,,,,,,,,leadpoint,above
_measure_1,manuscript_12041,,,Trinity College MS R.9.20,manuscript,,MS-TRINITY-R-00009-00020,,,,,,,,,,,,,,,,,,,,205.0,205.0,205.0,155.0,155.0,155.0,,,,mm,1.0,1.0,1.0,,,,,,,,,,,,24.0,24.0,24.0,150.0,150.0,150.0,100.0,100.0,100.0,mm,,,,,,,,,,,,
