metadata: deco UID,metadata: file URL,metadata: collection,metadata: ms ID,metadata: shelfmark,metadata: ms type,metadata: part name,metadata: part ID,overview: decoration,overview: description,overview: type,locus: locus,locus: from,locus: to,date: date,date: when,date: not before,date: not after,date: certainty,date: calendar,people: scribe name(s),people: scribe ID(s),people: signer name(s),people: signer ID(s),people: artist name(s),people: artist ID(s),people: patron name(s),people: patron ID(s),people: dedicatee name(s),people: dedicatee ID(s),people: former owner name(s),people: former owner ID(s),people: donor name(s),people: donor ID(s),people: other name(s),people: other ID(s),orgs: name(s),orgs: ID(s),places: name(s),places: ID(s),bibliography: bibl(s),bibliography: ref(s),bibliography: ref URI(s)
_deco_1,manuscript_1,,,"Cambridge, Emmanuel College, MS 95",part,,,,This part of the manuscript does not contain any significant forms of decoration.,,,,,,,,,,,,,,,,,,,,,,,,,,,,,,,,,
_deco_1,manuscript_1,,,"Cambridge, Emmanuel College, MS 69",manuscript,,MS-EMMANUEL-COLLEGE-00069,,"A full-page drawing of a diagram of the winds on f. 1v, consisting of a green circle with inside it two yellow spokes aligned with the cardinal directions of which the names are written inside frames of black and red ink at their relevant positions. Poems on the names of the winds are written inside the resulting four sections inside the circle.",miniature,,,,,,,,,,,,,,,,,,,,,,,,,,,,,,,,
_deco_1,manuscript_1,,,"Cambridge, Emmanuel College, MS 70",manuscript,,MS-EMMANUEL-COLLEGE-00070,,"Anthropomorphised tinted drawings of the major constellations with the stars in red on ff. 110v as follows: f. 89v: Aries f. 90r: Taurus f. 90v: Gemini (the twins labelled as 'Castor' and 'Pollux', naked and winged, Pollux holding a harp) f. 91r: Cancer f. 91v: Leof. 92r: Virgo (holding a ?wheatsheaf)f. 92v: Libra (crowned and robed, holding a scale)f. 93r: Scorpiof. 93v: Sagittarius (a lion's body fused with a horse's, a man's head and arms, with bow and arrow)f. 94r: Capricornf. 94v: Aquarius (a man emptying a ewer)f. 95r: Piscesf. 96r: Ursa major, Ursa minor, and Draco ('serpens tortuosus') f. 96v: Draco (a draconid)f. 97r: Hercules (nude, with sword and pelt of a lion attacking a serpent in a tree) f. 97r: Corona f. 97v: Serpentarius being held by a naked Ophiuchus who stands on Scorpius f. 98r: Boetes (a figure wearing a hat and robe and holding a sickle and a spear)f. 98v: 'Agitator' or 'Ophictus' (a figure wearing a hat and a robe and holding a spear in one hand and two rodent-like creatures in the other and standing in a chariot pulled by three horsesf. 99r: Cepheus (?Orion) (a robed figure with hands raised and wearing a sword) f. 99v: Cassiopoeia (robed and sitting on some steps and framed by two vertical and two horizontal swords) f. 100r: Pegasusf. 100v: Andromeda (bearded, wearing a hat and robe, arms raised) f. 101r: Perseus (wearing a cloak and shield and holding a sword and a bearded head of the Gorgon) f. 101r: Triangulus f. 101v: the Pleiades or the Seven Sisters, named in this manuscript as 'Gallina siue clocha' (seven female figures in robes with loose hair)f. 102r: Lyraf. 102v: Cygnusf. 103r: quila (an eagle standing on an arrow)f. 103v: Vultur cadens (a robed man piercing the breast of a large bird with a spear and standing on an arrow) f. 104r: Cetus (a large fish with a nude man below and some hills and a city in the distance) f. 104v:Eridianus (a man in a robe and crown sitting on a bench in a garden and playing a dulcimer)f. 105r: Delphinus (a large creature with scales lying on some ?hills with a city in the distance) f. 105v: Orion (a figure wearing plate armor and holding a sword and shield)f. 106r: Canis f. 106r: Lepusf. 106v: Navis f. 107r: Astronochus (a female centaur)f. 107r: Demon meridianus without any stars marked (two robed figures sitting, the one on the right holds up a large oval ring) f. 107v: Piscis magnus et minor (two fish in water, the upper one smaller, the lower one larger) f. 108r: Putheus (five demons, some chained, surrounding a large tusked humanoid face) f. 108v: Centaurus (a male centaur carrying a spear, a hare, a ?bear, and a censer)f. 109r: Hydra (a large snake approaching a tree bearing a crow and an ewer on its back) f. 109v: Cyon (or 'Antecanis') f. 110r: Equus secundus (a winged horse)f. 110r: Tarabellumf. 110v: Vexillum f. 89v: Aries f. 90r: Taurus f. 90v: Gemini (the twins labelled as 'Castor' and 'Pollux', naked and winged, Pollux holding a harp) f. 91r: Cancer f. 91v: Leof. 92r: Virgo (holding a ?wheatsheaf)f. 92v: Libra (crowned and robed, holding a scale)f. 93r: Scorpiof. 93v: Sagittarius (a lion's body fused with a horse's, a man's head and arms, with bow and arrow)f. 94r: Capricornf. 94v: Aquarius (a man emptying a ewer)f. 95r: Piscesf. 96r: Ursa major, Ursa minor, and Draco ('serpens tortuosus') f. 96v: Draco (a draconid)f. 97r: Hercules (nude, with sword and pelt of a lion attacking a serpent in a tree) f. 97r: Corona f. 97v: Serpentarius being held by a naked Ophiuchus who stands on Scorpius f. 98r: Boetes (a figure wearing a hat and robe and holding a sickle and a spear)f. 98v: 'Agitator' or 'Ophictus' (a figure wearing a hat and a robe and holding a spear in one hand and two rodent-like creatures in the other and standing in a chariot pulled by three horsesf. 99r: Cepheus (?Orion) (a robed figure with hands raised and wearing a sword) f. 99v: Cassiopoeia (robed and sitting on some steps and framed by two vertical and two horizontal swords) f. 100r: Pegasusf. 100v: Andromeda (bearded, wearing a hat and robe, arms raised) f. 101r: Perseus (wearing a cloak and shield and holding a sword and a bearded head of the Gorgon) f. 101r: Triangulus f. 101v: the Pleiades or the Seven Sisters, named in this manuscript as 'Gallina siue clocha' (seven female figures in robes with loose hair)f. 102r: Lyraf. 102v: Cygnusf. 103r: quila (an eagle standing on an arrow)f. 103v: Vultur cadens (a robed man piercing the breast of a large bird with a spear and standing on an arrow) f. 104r: Cetus (a large fish with a nude man below and some hills and a city in the distance) f. 104v:Eridianus (a man in a robe and crown sitting on a bench in a garden and playing a dulcimer)f. 105r: Delphinus (a large creature with scales lying on some ?hills with a city in the distance) f. 105v: Orion (a figure wearing plate armor and holding a sword and shield)f. 106r: Canis f. 106r: Lepusf. 106v: Navis f. 107r: Astronochus (a female centaur)f. 107r: Demon meridianus without any stars marked (two robed figures sitting, the one on the right holds up a large oval ring) f. 107v: Piscis magnus et minor (two fish in water, the upper one smaller, the lower one larger) f. 108r: Putheus (five demons, some chained, surrounding a large tusked humanoid face) f. 108v: Centaurus (a male centaur carrying a spear, a hare, a ?bear, and a censer)f. 109r: Hydra (a large snake approaching a tree bearing a crow and an ewer on its back) f. 109v: Cyon (or 'Antecanis') f.110r: Equus secundus (a winged horse)f. 110r: Tarabellumf. 110v: Vexillum",miniature,,,,,,,,,,,,,,,,,,,,,,,,,,,,,,,,
_deco_1,manuscript_1,,,"Cambridge, Emmanuel College, MS 66",part,,,,Plain initals in red or blue at the major and minor divisions of the text.,plainInit,,,,,,,,,,,,,,,,,,,,,,,,,,,,,,,,
_deco_1,manuscript_1,,,"Cambridge, University Library, MS Ii.3.17",part,,,,Red and blue initials and pilcrows.,plainInit,,,,,,,,,,,,,,,,,,,,,,,,,,,,,,,,
_deco_1,manuscript_1,,,,manuscript,,MS-FF-00001-00025-00004,,"Four-line initial in blue with infill and marginal flourishing in red at the opening of the text. Two-line initials alternating in red and green, with infill and marginal flourishing in contrasting blue or green, at the beginning of each chapter. On ff. 69r-71r, the flourishing is executed in brown rather than red.",flourInit,,,,,,,,,,,,,,,,,,,,,,,,,,,,,,,,
_deco_1,manuscript_1,,,,manuscript,,MS-II-00006-00031,,"Three- or four-line plain cadel-style initials in black, with simple infill and marginal flourishing in ink (ff. 1r, 20v).",cadel,,,,,,,,,,,,,,,,,,,,,,,,,,,,,,,,
_deco_1,manuscript_1,,,"Cambridge, University Library, MS Ii.5.11",manuscript,,MS-II-00005-00011,,"6v: Full-page miniature of the arms of King Henry VII of England (b. 1457 – d. 1509) impaled with those of his wife, Elizabeth of York (b. 1486, d. 1503). The heraldic achievement on f. 6v can be described as follows: Crown: circlet with alternate fleurs-de-lis and crosses pattée, 6 arches shown, over a red velvet cap trimmed with ermine . Other manuscripts bearing ownership marks relating to Henry VII and/or Elizabeth of York include: Escutcheon: Per pale. Dexter, Quarterly of four, 1st and 4th France, 2nd and 3rd England; Sinister, Quarterly of four, 1st Quaterly France and England, 2nd and 3rd Or a Cross gules (de Burgh), 4th Barry or and azure on a Chief of the first two pallets between two base esquires of the second over all an Inescutcheon argent (Mortimer) Supporters: A red dragon and a white talbot gorged gules studded or Cambridge, University Library, MS Nn.6.46 Cambridge, Magdalene College, Pepys Library MS 1760 London, British Library, MS Add. 33736 London, British Library, MS Royal 19 B.xvi London, British Library, MS Royal 16 F.ii, f. 1r Crown: circlet with alternate fleurs-de-lis and crosses pattée, 6 arches shown, over a red velvet cap trimmed with ermine Escutcheon: Per pale. Dexter, Quarterly of four, 1st and 4th France, 2nd and 3rd England; Sinister, Quarterly of four, 1st Quaterly France and England, 2nd and 3rd Or a Cross gules (de Burgh), 4th Barry or and azure on a Chief of the first two pallets between two base esquires of the second over all an Inescutcheon argent (Mortimer) Supporters: A red dragon and a white talbot gorged gules studded or Cambridge, University Library, MS Nn.6.46Cambridge, Magdalene College, Pepys Library MS 1760London, British Library, MS Add. 33736London, British Library, MS Royal 19 B.xvi London, British Library, MS Royal 16 F.ii, f. 1rFor further information see: Kathleen Scott, 'Manuscripts for Henry VII, his household and family' in S. Panayatova (ed.), . The Cambridge Illuminations: the Conference Papers (London, 2007), pp. 279–286 Kathleen Scott, 'Manuscripts for Henry VII, his household and family' in S. Panayatova (ed.), The Cambridge Illuminations: the Conference Papers (London, 2007), pp. 279–286The Cambridge Illuminations: the Conference Papers",miniature,,,,,,,,,,,,,,,,,,,,,,,,,,,,,,"Cambridge, University Library, MS Nn.6.46; Cambridge, Magdalene College, Pepys Library MS 1760; London, British Library, MS Add. 33736 ; London, British Library, MS Royal 19 B.xvi ; London, British Library, MS Royal 16 F.ii, f. 1r; Kathleen Scott, 'Manuscripts for Henry VII, his household and family' in S. Panayatova (ed.), The Cambridge Illuminations: the Conference Papers (London, 2007), pp. 279–286","London, British Library, MS Add. 33736; London, British Library, MS Royal 19 B.xvi",http://searcharchives.bl.uk/IAMS_VU2:LSCOP_BL:IAMS040-002024632 http://searcharchives.bl.uk/IAMS_VU2:LSCOP_BL:IAMS040-002107608
_deco_1,manuscript_1,,,,manuscript,,MS-FF-00004-00042,,"Miniatures: Thirteen (originally fifteen) full-page miniatures, framed by green, blue, orange, ochre or pink panels linked by gold quadrilobes and surrounded by short black sprays terminating in gold disks and ivy leaves. 10v: Throne of Mercy ('Domine deus omnipotens') 12v: Vernicle ('Salve sancta facies') 14v: St John the Baptist ('Gaude Iohannes Baptista')[before 16r: ?St Thomas of Canterbury; miniature removed ('Gaude lux londaniarum')] 17v: St Christopher ('Sancte Cristofore') 19v: St Catherine ('Gaude virgo Katherina') 21v: St Mary Magdalene ('Gaude pia magdalena') 23v: Annunciation (Matins of the Virgin) 51v: Our Lady of Humility ('Salve virgo virginum') 74v: Deposition (Hours of the Passion) 91v: Man of Sorrows (Psalms of the Passion) 98v: Last Judgement (Penitential Psalms) 109v: funeral service (Office of the Dead) 126v: Christ holding or blessing three souls carried to heaven by two angels ('Commendatio animarum')[before 135r: ?St Jerome; miniature removed ('Beatus ieronimus')] 10v: Throne of Mercy ('Domine deus omnipotens') 12v: Vernicle ('Salve sancta facies') 14v: St John the Baptist ('Gaude Iohannes Baptista')[before 16r: ?St Thomas of Canterbury; miniature removed ('Gaude lux londaniarum')] 17v: St Christopher ('Sancte Cristofore') 19v: St Catherine ('Gaude virgo Katherina') 21v: St Mary Magdalene ('Gaude pia magdalena') 23v: Annunciation (Matins of the Virgin) 51v: Our Lady of Humility ('Salve virgo virginum') 74v: Deposition (Hours of the Passion) 91v: Man of Sorrows (Psalms of the Passion) 98v: Last Judgement (Penitential Psalms) 109v: funeral service (Office of the Dead) 126v: Christ holding or blessing three souls carried to heaven by two angels ('Commendatio animarum')[before 135r: ?St Jerome; miniature removed ('Beatus ieronimus')]",miniature,,,,,,,,,,,,,,,,,,,,,,,,,,,,,,,,
_deco_1,manuscript_1,,,,part,,,,Three- to four-line initials in red at the start of each book.,plainInit,,,,,,,,,,,,,,,,,,,,,,,,,,,,,,,,
_deco_1,manuscript_1,,,,part,,,,"Twelve full-page suffrage miniatures, framed and on tooled gold or diapered pink and blue ground, in pairs at alternating openings before the Calendar. Their style is associated with the Queen Mary Psalter workshop ( ). The same artist worked on a Psalter made for a patron in the Norwich diocese, which later passed to Peterborough Abbey (London, British Library, Royal MS 2.B.vii ). Cambridge, Corpus Christi College, MS 53 1v: woman (perhaps intended to represent the commissioner or an early owner of the manuscript) kneeling in veneration before a sainted archbishop. The archbishop (?St Thomas, ?St Edmund) was altered from being a bishop (perhaps originally St Hugh, as in the Calendar) by the substitution of a cross for a crozier and the addition of a pallium. The arms of the Reymes family also appear to have been added to the woman's mantle. 2r: St Catherine and St Margaret 3v: St George 4r: St Christopher 5v: Annunciation 6r: Nativity 7v: Resurrection 8r: Ascension 9v: Coronation of Virgin 10r: Christ in Majesty, with Evangelists' symbols 11v: Virgin and Child 12r: Crucifixion London, British Library, Royal MS 2.B.vii Cambridge, Corpus Christi College, MS 53 1v: woman (perhaps intended to represent the commissioner or an early owner of the manuscript) kneeling in veneration before a sainted archbishop. The archbishop (?St Thomas, ?St Edmund) was altered from being a bishop (perhaps originally St Hugh, as in the Calendar) by the substitution of a cross for a crozier and the addition of a pallium. The arms of the Reymes family also appear to have been added to the woman's mantle. 2r: St Catherine and St MargaretSt CatherineSt Margaret 3v: St GeorgeSt George 4r: St Christopher St Christopher 5v: Annunciation Annunciation 6r: NativityNativity 7v: ResurrectionResurrection 8r: AscensionAscension 9v: Coronation of VirginCoronation of Virgin 10r: Christ in Majesty, with Evangelists' symbolsChrist in Majesty, with Evangelists' symbols 11v: Virgin and Child Virgin and Child 12r: Crucifixion Crucifixion",miniature,,,,,,,,,,,,,,,,,,,,,,,,,,,,,,"London, British Library, Royal MS 2.B.vii; Cambridge, Corpus Christi College, MS 53","London, British Library, Royal MS 2.B.vii; Cambridge, Corpus Christi College, MS 53",http://searcharchives.bl.uk/IAMS_VU2:LSCOP_BL:IAMS040-002105818 https://parker.stanford.edu/parker/catalog/gs233db8425
_deco_1,manuscript_1,,,"Cambridge, University Library, MS Ee.2.29",part,,,,Two-line initials in blue or red ink.,colinit,,,,,,,,,,,,,,,,,,,,,,,,,,,,,,,,
_deco_1,manuscript_1,,,"Cambridge, University Library, MS Dd.5.76",part,,,,One large (3-line) initial in red ink on f. 3v.,colInit,,,,,,,,,,,,,,,,,,,,,,,,,,,,,,,,
_deco_1,manuscript_1,,,,part,,,,"Four-line initial in red, with infill and marginal flourishing drawn in brown ink (f. 2:1r).",flourInit,,,,,,,,,,,,,,,,,,,,,,,,,,,,,,,,
_deco_1,manuscript_1,,,,manuscript,,MS-II-00006-00032,,"Four figures, lower two with satchels, arranged around cross with star/flower in circle at intersection ()",miniature,1v,1v,1v,,,,,,,,,,,,,,,,,,,,,,,,,,,,,
_deco_1,manuscript_1,,,,manuscript,,MS-ADD-03021,,"Two-line, and occasionally three-, four-, or five-line, plain initials, alternating in red or blue (occasionally in two colours) (with some use of green in Parts 8 and 9), sometimes with simple internal void decoration. Versions executed in imitation where further documents have been added to the contents at a later date, or gaps left for initials to be completed later.",initial,,,,,,,,,,,,,,,,,,,,,,,,,,,,,,,,
_deco_1,manuscript_1,,,,part,,,,"Plain initials in brown ink, at the opening of some of the documents on f. 1:ii recto.",plainInit,,,,,,,,,,,,,,,,,,,,,,,,,,,,,,,,
_deco_1,manuscript_1,,,,manuscript,,MS-ADD-03020,,"12-line geometric or puzzle initial in red and blue, with infill and marginal pen flourishing in red and blue ink, with zoomorphic beasts, vine leaves and looped foliage within the initial, at the beginning of the first charter (f. 12r).",flourInit,,,,,,,,,,,,,,,,,,,,,,,,,,,,,,,,
_deco_1,manuscript_1,,,,part,,,,"3r: six-line initial in green, with red and green infill and flourishing. 61v: eight-line initial in brown ink, with internal void decoration and flourishing.",flourInit,,,,,,,,,,,,,,,,,,,,,,,,,,,,,,,,
_deco_1,manuscript_1,,,,manuscript,,MS-DD-00013-00027,,"Each piece begins with an elaborate large gold initial decorated with red pen work. The initial A to the first piece, on folio 1r has coloured foliate decoration with penwork extending into the upper and left margins of the page.",initial,,,,,,,,,,,,,,,,,,,,,,,,,,,,,,,,
_deco_1,manuscript_1,,,"Cambridge, University Library, MS Add. 9309",manuscript,,MS-ADD-09309,,1 large (5-line) initial in brown ink decorated with cadels and a fish on f. 8v.,cadel,,,,,,,,,,,,,,,,,,,,,,,,,,,,,,,,
_deco_1,manuscript_1,,,"Cambridge, University Library, MS Ee.3.59",manuscript,,MS-EE-00003-00059,,": Kings Alfred, Edgar, and Ethelred II, enthroned, with two angels.",miniature,3v,3v,3v,,,,,,,,,,,,,,,,,,,,,,,,,,,,,
_deco_1,manuscript_1,,,,manuscript,,MS-KK-00001-00024,,"Plain initials, in the same ink as the text, outlined by dots of red. At chapter divisions, these occupy the blank space above and below the written line (e.g. ff. 131v, 169v, 174r, 177r, 179r) . At verse divisions, they are slightly larger than the written line.",plainInit,,,,,,,,,,,,,,,,,,,,,,,,,,,,,,,,
_deco_1,manuscript_1,,,"Cambridge, University Library, MS Ff.5.5",manuscript,,MS-FF-00005-00005,,"On f. 8r is a large (10-line) blue and pink initial on a gold ground and with partial (3-sided) bar borders with acanthus leaves in gold, blue, purple, and white. Inside the intial is a miniature of King Richard II, seated, with crown and sceptre.",histInit,,,,,,,,,,,,,,,,,,,,,,,,,,,,,,,,
_deco_1,manuscript_1,,,"Cambridge, University Library, MS Gg.4.6",manuscript,,MS-GG-00004-00006,,"The decoration has been identified as the work of a single artist, (see Rouse and Rouse (2000), vol. 2, p. 203). Richard de Montbaston (fl. 1325-1353)Richard de Montbaston",,,,,,,,,,,,,,,,,,,,,,,,,Richard de Montbaston (fl. 1325-1353); Richard de Montbaston,,,,,,,,
_deco_1,manuscript_1,,,"Cambridge, University Library, MS Kk.6.33",part,,,,Two small capitals highlighted in red ink on f. ii recto.,plainInit,,,,,,,,,,,,,,,,,,,,,,,,,,,,,,,,
_deco_1,manuscript_1,,,,manuscript,,MS-LL-00005-00018,,"No illumination, illustration or rubrication occurs in MS Ll.5.18. Larger, more decorative handwriting with otiose strokes and additional flourishes is adopted for the titles of the two saints’ lives ( and ) and far more significantly in the case of the Lydgate. The scribe also shows a greater preponderance for otiose strokes in the verse. Underlining of occasional passages throughout.",,f. 25r; f. 29v,25r 29v,25r 29v,,,,,,,,,,,,,,,,,,,,,,,,,,,,,
_deco_1,manuscript_1,,,,part,,,,"Part I (pages 1-40): B initials (15 lines) with foliage infill in similar palette (light blue, green and orange), but by different artists, one initial on burnished gold ground on page 3, the other of powdered gold on page 21.",initial,,,,,,,,,,,,,,,,,,,,,,,,,,,,,,,,
_deco_1,manuscript_1,,,"Cambridge, University Library, MS Dd.12.23",manuscript,,MS-DD-00012-00023,,"Plain red initials (ff. 6r, 7v, 15r, 25r, 26v, 53v, 65v, 67v), in one instance ornamented with red-brown infill and marginal flourishing (f. 26v).",decInit,,,,,,,,,,,,,,,,,,,,,,,,,,,,,,,,
_deco_1,manuscript_1,,,"Cambridge, University Library, MS Mm.6.17",part,,,,"Two-line red initials, in Quires 2 and 17 only.",colInit,,,,,,,,,,,,,,,,,,,,,,,,,,,,,,,,
_deco_1,manuscript_1,,,MS Add. 3303(3),manuscript,,MS-ADD-03303-00003,,"Two large miniatures: The style of decoration suggests that it was made at the very end of the 14th century or at the very beginning of the 15th century, perhaps in London. The style of hair and beady eyes of the two figures may be a late reflection of the Westminster style of the Litlyngton Missal (ex inf. Nicholas Rogers and Lynda Dennison). Vein Man: drawing in black, with lines drawn in red ink connecting the locations of key veins with relevant captions. Zodiac Man: in an arrow-shaped field, a painted figure in ?oxidised silver or dark pigment, bearing the emblems of the zodiac on various parts of his body, on a checkered ground in red and green, with an illuminated border. Vein Man: drawing in black, with lines drawn in red ink connecting the locations of key veins with relevant captions.Vein ManZodiac Man: in an arrow-shaped field, a painted figure in ?oxidised silver or dark pigment, bearing the emblems of the zodiac on various parts of his body, on a checkered ground in red and green, with an illuminated border. Zodiac Man",miniature,,,,,,,,,,,,,,,,,,,,,,,,,,,,,,,,
_deco_1,manuscript_1,,,"Cambridge, University Library, MS Kk.6.30",part,,,,"Alchemical drawings in brown ink, showing: alchemical furnaces and vessels on f. 11v; furnaces on ff. 17r, 17v, 19v, and 39r; alchemical vessels on ff. 26v, 28r [with a heart], 31r, and 34r; and vessels with a distillation setup on f. 28v; and a list of alchemical symbols on f. 38v.",drawing,,,,,,,,,,,,,,,,,,,,,,,,,,,,,,,,
_deco_1,manuscript_1,,,"Cambridge, University Library, MS Dd.6.9",manuscript,,MS-DD-00006-00009,,The manuscript does not contain any significant forms of decoration.,,,,,,,,,,,,,,,,,,,,,,,,,,,,,,,,,
_deco_1,manuscript_1,,,"Cambridge, University Library, MS Ii.4.6",part,,,,"Plain initials in green, red or blue.",colInit,,,,,,,,,,,,,,,,,,,,,,,,,,,,,,,,
_deco_1,manuscript_1,,,"Cambridge, University Library, MS Add. 2994",part,,,,"Decorative embellishment for the opening initial and ascenders on the top line of most leaves ff. 1-68, and occasonally for the topmost lines on a leaf, and the opening lines of subdivisions of the texts thereafter.",other,,,,,,,,,,,,,,,,,,,,,,,,,,,,,,,,
_deco_1,manuscript_1,,,MS Gg.6.42,part,,,,f. : standing figure with the note Ennon proprium est nomen hominis,miniature,9r,9r,9r,,,,,,,,,,,,,,,,,,,,,,,,,,,,,
_deco_1,manuscript_1,,,,manuscript,,MS-II-00002-00004,,Titles are in metallic red in the script and hand of the text.,title,,,,,,,,,,,,,,,,,,,,,,,,,,,,,,,,
_deco_1,manuscript_1,,,"Cambridge, University Library, MS Dd.8.12",part,,,,"Flourished initials (blue initial, red pen-flourishing) 3-5 lines high at the opening of each new textual item, e.g., f. 3r.",flourInit,,,,,,,,,,,,,,,,,,,,,,,,,,,,,,,,
_deco_1,manuscript_1,,,"Cambridge, University Library, MS Dd.5.5",manuscript,,MS-DD-00005-00005,,"The column miniatures, decorated borders, marginal grotesques and bas-de-page scenes have been identified as the work of a single artist, known as (a diminutive form of Matthieu), a professional illuminator who worked in Paris during the second quarter of the fourteenth century, in the circle of 'Mahiet' Mahiet (French illuminator, 14th century) .Jean PucellePucelle, Jean, active 1320'Mahiet'Mahiet (French illuminator, 14th century)Jean PucellePucelle, Jean, active 1320",,,,,,,,,,,,,,,,,,,,,,,,,"'Mahiet'; Mahiet (French illuminator, 14th century); Jean Pucelle; Pucelle, Jean, active 1320",,,,,,,,
_deco_1,manuscript_1,,,"Cambridge, University Library, MS Add. 5368",manuscript,,MS-ADD-05368,,Single-colour initial with minor penwork flourishing in the 'Arabesque' style at the opening of the text on f. 5r.,flourInit,,,,,,,,,,,,,,,,,,,,,,,,,,,,,,,,
_deco_1,manuscript_1,,,"Cambridge, University Library, MS Ff.6.51",part,,,,Partial (one-sided) border of blue and red penwork on f. 4r.,border,,,,,,,,,,,,,,,,,,,,,,,,,,,,,,,,
_deco_1,manuscript_1,,,,manuscript,,MS-MM-00005-00031,,"Miniatures: (1/3 to 1/2 page): Friar Alexander receiving communion and writing (); Vision of Christ and seven candlesticks (); Bishop Timothy and Church of Ephesus (); St Polycarp and Churches of Smyrna, Sardis, Philadelphia and Laodicea (); St Carpus and Church of Pergamon (); St Irinaeus and Church of Thiatyra (); adoration of Christ by Elders, St John weeping, Angel proclaiming ‘Who is worthy’, King David pointing at Lion of Judah (); adoration of Lamb (); First Seal, White Horse: Emperor Gaius (); Second Seal, Red Horse: Nero persecuting Sts Peter and Paul with Christians (); Third Seal, Black Horse: Titus weighing thirty Jews and one denarium on scales (); Fourth Seal, Pale Horse: Domitian killing Christians (); Fifth Seal, souls of martyrs killed by Trajan beneath altar (); Sixth Seal, earthquake: first Christian Emperors Philip and Mark, Pope Fabian with bishop (); Emperors Philip and Mark killed by Decius, Pope Marcellinus and others martyred by Diocletian and Maximian (); Angel with Seal of Living God interpreted as Constantine the Great, four Angels stepping on winds and interpreted as Emperors Maximinus, Maxentius, Licinius and Severus, 32v); adoration of Lamb (); Sts Paul and John martyred by Julian the Apostate (); First Trumpet, rain of fire on earth: Angel interpreted as heretic Valens (); Second Trumpet, fire cast on sea interpreted as heresy of Macedonius (); Third Trumpet, burning star interpreted as Pelagian heresy falls from heaven and poisons water which men drink and die (); Fourth Trumpet, darkening of sun and moon interpreted as heresy of Eutyches (); Great Angel interpreted as Emperor Justin, Seven Thunders, Pope (?) John eating book (); heretics before Justinian (); St Benedict offered bread at Easter, led into monastery, and ordering raven to take poisoned bread away (); Angel addressing St John interpreted as Pope Felix, Pope Felix with measuring rod in Temple (); Pope Silverius and Patriarch Menas holding keys, destroying enemies with fire blazing out of their mouths, killed by beast-headed Belisarius, and resurrected in heaven (); Virgin Mary weaving, Christ Child beside her, Presentation in Temple, Virgin Mary mounted on donkey, Christ carried by Joseph (); Pope Boniface IV dedicating Pantheon, two Romans and emperor Phocas standing by (); congregation listening to preacher’s sermon on Dives and Lazarus (); seven-headed Dragon, Woman clothed with sun, her son Heraclius taken up to heaven (); Archangel Michael saving Heraclius and Christians from Dragon (); seven-headed Beast rising from sea and worshipped (); Christians leading infidel into captivity, Chosroes II killed by Heraclius (); Heraclius returning Cross to Temple in Jerusalem (); Beast interpreted as Mohamed rising from earth, False Prophet calling down fire, causing people to worship Beast and his statue, and killing those who do not (); Lamb adored on Sion by laymen and Benedictine monks with Abbot Petronax (); first Angel saying ‘Fear God’ and interpreted as Archbishop Boniface (); second Angel interpreted as Pope Gregory II, fall of Babylon interpreted as fall of Philip, Emperor of the Greeks (); third Angel interpreted as Pope Gregory III, judgement of those who worship Beast interpreted as Emperor Leo (); St John writing ‘Blessed are those who die in the Lord’, princes and others who become Benedictine monks and die in the Lord (); fifth Angel interpreted as Pope Stephen III, Pepin harvesting, i.e., defeating Langobards (); sixth Angel interpreted as Pope Adrian I, altar on fire, seventh Angel interpreted as Charlemagne, vintage (); blood streaming out of city, i.e., kingdom of the Franks, after revolts in Saxony (); seven Angels (); harpers on sea of glass representing baptism (); giving of vials (); first vial poured on earth by Angel interpreted as Charlemagne (); second vial poured on sea by Angel interpreted as pope Leo III (); fourth vial poured on sun interpreted as pope Gregory V by Angel interpreted as Crescentius, Patrician of Rome (); fifth vial poured by Angel interpreted as Otto III on seats of Crescentius and his son John (); sixth vial poured on Euphrates by Angel interpreted as Gregory VII preparing way for three kings (); frogs coming out of mouths of Dragon, Beast and False Prophet, three kings (); St Bernard of Clairvaux sending monks to daughter houses, Cistercian monks at work, four Cistercian abbots (); five allegorical beasts: black wild boar for deceitful, pale horse for lascivious, yellow lion for fierce, grey wolf for cunning and rapacious, and red hound for wrathful man (); seventh vial poured out by Angel interpreted as Alexius I Comnenos (); Angel representing Emperor Alexius offers to show St John destruction of Great Whore (); Great Whore seated on Beast (); Lamb triumphs over kings (); Angel interpreted as Adhemar papal legate, fall of Babylon (); flight from and lament over sins of Babylon (); Angel representing duke Gotefridus casts millstone into sea (); celebration of triumph (); Lamb and his bride (); Baldwin of Flanders and Godfrey of Bouillon, army of Hospitalers, Templars, and Teutonic Knights (); birds summoned by Angel interpreted as Patriarch Arnold (); battle between Beast’s army and Baldwin’s army (); Dragon interpreted as Emperor Henry, chained by Angel interpreted as Pope Calixtus II (); Concordat of Worms (); Emperor Lothar III and Pope Innocent II (); martyrs’ souls (); worship of Beast and Holy Cross ().",miniature,1v; 6v; 7r; 8v; 9v; 11r; 21v; 22r; 23v; 25r; 25v-26r; 27v; 28v; 30r; 30v; 34v; 36v; 37r; 38r; 39v; 40v; 41v; 42v; 54v; 65r; 68v; 73v; 74r; 74v; 76r; 78v; 79r; 80v; 81v; 85r; 89r; 91r; 91v; 92v; 94r; 96r; 97r; 99v; 100v; 101r; 102v; 103v; 104v; 105r; 106v; 108r; 111v; 113r; 114v; 119v; 120r; 121v; 123r; 125r; 126v; 128r; 129v; 131v; 139r; 140r; 141r; 144r; 144v; 180v; 182r; 185v,1v 6v 7r 8v 9v 11r 21v 22r 23v 25r 25v 27v 28v 30r 30v 34v 36v 37r 38r 39v 40v 41v 42v 54v 65r 68v 73v 74r 74v 76r 78v 79r 80v 81v 85r 89r 91r 91v 92v 94r 96r 97r 99v 100v 101r 102v 103v 104v 105r 106v 108r 111v 113r 114v 119v 120r 121v 123r 125r 126v 128r 129v 131v 139r 140r 141r 144r 144v 180v 182r 185v,1v 6v 7r 8v 9v 11r 21v 22r 23v 25r 26r 27v 28v 30r 30v 34v 36v 37r 38r 39v 40v 41v 42v 54v 65r 68v 73v 74r 74v 76r 78v 79r 80v 81v 85r 89r 91r 91v 92v 94r 96r 97r 99v 100v 101r 102v 103v 104v 105r 106v 108r 111v 113r 114v 119v 120r 121v 123r 125r 126v 128r 129v 131v 139r 140r 141r 144r 144v 180v 182r 185v,,,,,,,,,,,,,,,,,,,,,,,,,,,,,
_deco_1,manuscript_1,,,,manuscript,,MS-KK-00005-00016,,"Plain initials, in the same ink as the text, outlined by dots of red.",plainInit,,,,,,,,,,,,,,,,,,,,,,,,,,,,,,,,
_deco_1,manuscript_1,,,"Cambridge, University Library, MS Ff.6.53",manuscript,,MS-FF-00006-00053,,"Large red initials with brown penwork decoration inside the letter and pen-flourishing, mostly four- to five-lines, but opening with a six-line initial on f. 1r with partial (three-sided) border of pen-flourshing in brown ink with red accents; one initial on f. 61r features pen-flourishing with a bearded man's head; and one on f. 110r a flower. One five-line black initial in a frame of red ink and with red pen-flourshing on f. 84r. Small one- or two-line initials in red, some with some pen flourishing in brown ink.",flourInit,,,,,,,,,,,,,,,,,,,,,,,,,,,,,,,,
_deco_1,manuscript_1,,,"Cambridge, University Library, MS Ff.1.23",manuscript,,MS-FF-00001-00023,,"Full-page miniatures preceding Psalms 1, 51, 101 and 109, in ink, tinted in brown, orange, green and yellow: 4v: David playing harp, inspired by Holy Spirit, surrounded by Asaph, Eman, Ethan and Idithun holding musical instruments under arch, frame with square corner bosses. 88r: Crucifixion with weeping personifications of Sol and Luna, Virgin, St John writing on tablet: 'Et ego vidi et testimonium', hand of God above Christ on Cross inscribed 'Lignum vite'. 171r: Christ in mandorla carried by four angels, blessing, holding book and supporting scroll inscribed: 'Ego sum deus qui reddo unicumque iuxta sua opera'. 195v: Christ trampling on lion and basilisk, whose tongue he pierces with cross shaft, carrying tablet inscribed: 'Super aspidem et basiliscum ambulabis'. 4v: David playing harp, inspired by Holy Spirit, surrounded by Asaph, Eman, Ethan and Idithun holding musical instruments under arch, frame with square corner bosses. David playing harp, inspired by Holy Spiritsurrounded by Asaph, Eman, Ethan and Idithun holding musical instruments 88r: Crucifixion with weeping personifications of Sol and Luna, Virgin, St John writing on tablet: 'Et ego vidi et testimonium', hand of God above Christ on Cross inscribed 'Lignum vite'. Crucifixion with weeping personifications of Sol and Luna, Virgin, St John writing on tablet: 'Et ego vidi et testimonium', hand of God above Christ on Cross inscribed 'Lignum vite'. 171r: Christ in mandorla carried by four angels, blessing, holding book and supporting scroll inscribed: 'Ego sum deus qui reddo unicumque iuxta sua opera'. Christ in mandorla carried by four angels, blessing, holding book and supporting scroll inscribed: 'Ego sum deus qui reddo unicumque iuxta sua opera'. 195v: Christ trampling on lion and basilisk, whose tongue he pierces with cross shaft, carrying tablet inscribed: 'Super aspidem et basiliscum ambulabis'. Christ trampling on lion and basilisk, whose tongue he pierces with cross shaft, carrying tablet inscribed: 'Super aspidem et basiliscum ambulabis'.",miniature,,,,,,,,,,,,,,,,,,,,,,,,,,,,,,,,
_deco_1,manuscript_1,,,"Cambridge, University Library, MS Ii.2.12",manuscript,,MS-II-00002-00012,,"One- to two-line plain initials, in red.",plainInit,,,,,,,,,,,,,,,,,,,,,,,,,,,,,,,,
_deco_1,manuscript_1,,,,manuscript,,,,Two line plain initials in red at textual divisions.,plainInit,,,,,,,,,,,,,,,,,,,,,,,,,,,,,,,,
_deco_1,manuscript_1,,,,manuscript,,MS-II-00001-00033,,"Two- to four-line initials in red, occasionally with additional foliate decoration or internal ornamental voids. Initials are somewhat more elaborate in the 'core' section of the manuscript - note in particular the zoomorphic additions to the initial on f. 61r - but the leaf / vine extensions continue into subsequent quires, indicating that they were completed in one stint, and / or by the same hand, or efforts were made to ensure a consistency of presentation. Some initials executed in green on ff. 214r-227v.",decInit,,,,,,,,,,,,,,,,,,,,,,,,,,,,,,,,
_deco_1,manuscript_1,,,"Cambridge, University Library, MS Ii.6.43",part,,,,Rubrics in red throughout the manuscript.,rubrication,,,,,,,,,,,,,,,,,,,,,,,,,,,,,,,,
_deco_1,manuscript_1,,,MS Add. 5948,manuscript,,MS-ADD-05948,,One- and two-line initials in black.,plainInit,,,,,,,,,,,,,,,,,,,,,,,,,,,,,,,,
_deco_1,manuscript_1,,,"Cambridge, University Library, MS Add. 3120",part,,,,Headings in red ink.,rubrication,,,,,,,,,,,,,,,,,,,,,,,,,,,,,,,,
_deco_1,manuscript_1,,,"Cambridge, University Library, MS Ee.5.18",part,,,,Marginal headers in red ink.,rubrication,,,,,,,,,,,,,,,,,,,,,,,,,,,,,,,,
_deco_1,manuscript_1,,,"Cambridge, University Library, MS Add. 4087",manuscript,,MS-ADD-04087,,"Diagrams of alchemical instruments and proceses in brown and red ink drawn in the margins of ff. 56v, 57v, and 85v; a circular space has been left blank on f. 100r for a wind diagram.",diagram,,,,,,,,,,,,,,,,,,,,,,,,,,,,,,,,
_deco_1,manuscript_1,,,,manuscript,,MS-GG-00001-00001,,"Full-page miniature at end of L'image du monde: 390r God blessing, holding orb, upon orange rainbow on blue ground within pink and brown mandorla; below, Creation represented as eight concentric circles in blue, brown, pink, green, red and orange, innermost containing fish and surrounding central roundel which shows man with spade between trees. L'image du monde 390r God blessing, holding orb, upon orange rainbow on blue ground within pink and brown mandorla; below, Creation represented as eight concentric circles in blue, brown, pink, green, red and orange, innermost containing fish and surrounding central roundel which shows man with spade between trees.",miniature,,,,,,,,,,,,,,,,,,,,,,,,,,,,,,,,
_deco_1,manuscript_1,,,"Cambridge, University Library, MS Add. 9213",part,,,,"Flourished initial in the 'Arabesque' style on f. 1r at the opening of the main text in red, green, and blue. Minor flourished initials in red and blue with marginal flourishes confined to the height of the initial at significant divisions of the text.",flourInit,,,,,,,,,,,,,,,,,,,,,,,,,,,,,,,,
_deco_1,manuscript_1,,,,manuscript,,MS-GG-00004-00018,,"Two- to six-line initials in blue and rose, filled with stylised rose, blue, orange or brown leaves on burnished gold ground, at the opening of the Prologue and Book One, at Prosa 10 of Book Three and the opening of Book Five (ff. 1r, 3v, 56r, 94r). Blue and rose branches and acanthus leaves, extending from the initials and into green-leaved sprays with rose, blue and brown vegetation and gold discs.",colInit,,,,,,,,,,,,,,,,,,,,,,,,,,,,,,,,
_deco_1,manuscript_1,,,"Cambridge, University Library, MS Dd.6.29",manuscript,,MS-DD-00006-00029,,"1r: Zodiac Man: a male figure with animals representing the twelve zodiac signs, distributed across his body; with captions. 27r-30r: Thirty-four coloured jordans (urinary flasks); ff. 32v-33r three additional jordans without colour.",illustration,,,,,,,,,,,,,,,,,,,,,,,,,,,,,,,,
_deco_1,manuscript_1,,,,manuscript,,MS-ADD-04126,,"St John on Patmos (Sequences of the Gospels); in the foreground, a young man and his wife kneel in prayer (presumably the original owners of the manuscript on which this replica is based)",miniature,13r,13r,13r,,,,,,,,,,,,,,,,,,,,,,,,,,,,,
_deco_1,manuscript_1,,,"Cambridge, University Library, MS Add. 4085",manuscript,,MS-ADD-04085,,"f. : two clerics singing (8 lines, Psalm 97)",histInit,1r,1r,1r,,,,,,,,,,,,,,,,,,,,,,,,,,,,,
_deco_1,manuscript_1,,,,manuscript,,MS-000GG-00004-00031,,Latin material in the text or rubrics is written in red in Piers Plowman.,,,,,,,,,,,,,,,,,,,,,,,,,,,,,,,,,
_deco_1,manuscript_1,,,"Cambridge, University Library, MS Ee.5.22",manuscript,,MS-EE-00005-00022,,Minor initials have small decorative flourishes such as dots or decorative bars (or both) in the counterspaces.,plainInit,,,,,,,,,,,,,,,,,,,,,,,,,,,,,,,,
_deco_1,manuscript_1,,,"Cambridge, University Library, MS Gg.4.27(1)",part,,,,"?Full-page miniature (?perhaps an author portrait), now missing except for small pieces of marginal decoration preserved on the remaining stub (f. 130v). Miniatures to the Canterbury Tales: one-third to one-half of a page in size, in colours with flourished borders sketched roughly in ink (apparently by a later hand). Tales narrators are each shown mounted on a horse. Most of the miniatures have been lost (see f. 174v for an example). 'Representations of the pilgrims, portrait figures on horses, occur in other manuscripts of the Canterbury Tales, but only the Ellesmere and 'Oxford' manuscripts have analogues of the figures which survive in Gg...The three surviving representations of the Vices and Virtues are unique in surviving Chaucer manuscripts... The style of surviving pictures in Gg.4.27(1) suggests that there was probably more than one artist involved in the production of the manuscript' (Parkes and Beadle (1979-80), vol. 3, pp. 58-59). Ellesmere = . 'Oxford' = California, San Marino, Huntington Library MS. El. 26 C 9 + Manchester, John Rylands Library, MS English 63. Philadelphia, Rosenbach Collection, MS 1084/2 186r: Reeve 192v: Cook 222r: Wife of Bath 306r: Pardoner 352r: Monk 395r: Manciple 416r: Envy (astride a dog, handing it a bone); Charity (wearing triple-crowned tiara and holding a sceptre and flaming winged heart); outline sketch in orange crayon for crowned female figure in the gutter margin to the left of Envy 432r: Gluttony (astride a bear, holding a bird and a piece of rope); Abstinence (holding a lily in one hand and a jug in the other) 433r: Lechery (astride a ram, holding it by a horn with one hand, and bearing a bird with lock and chain in the other); Chastity Canterbury TalesCalifornia, San Marino, Huntington Library MS. El. 26 C 9Manchester, John Rylands Library, MS English 63Philadelphia, Rosenbach Collection, MS 1084/2186r: Reeve192v: Cook222r: Wife of Bath306r: Pardoner352r: Monk395r: Manciple416r: Envy (astride a dog, handing it a bone); Charity (wearing triple-crowned tiara and holding a sceptre and flaming winged heart); outline sketch in orange crayon for crowned female figure in the gutter margin to the left of EnvyEnvyCharity432r: Gluttony (astride a bear, holding a bird and a piece of rope); Abstinence (holding a lily in one hand and a jug in the other)GluttonyAbstinence433r: Lechery (astride a ram, holding it by a horn with one hand, and bearing a bird with lock and chain in the other); Chastity LecheryChastity",miniature,,,,,,,,,,,,,,,,,,,,,,,,,,,,,,"California, San Marino, Huntington Library MS. El. 26 C 9; Manchester, John Rylands Library, MS English 63; Philadelphia, Rosenbach Collection, MS 1084/2","California, San Marino, Huntington Library MS. El. 26 C 9; Manchester, John Rylands Library, MS English 63; Philadelphia, Rosenbach Collection, MS 1084/2",https://hdl.huntington.org/digital/collection/p15150coll7/id/2838 https://www.digitalcollections.manchester.ac.uk/view/MS-ENGLISH-00063/1 https://rosenbach.catalogaccess.com/archives/35475
_deco_1,manuscript_1,,,,manuscript,,MS-NN-00004-00001,,"Crucifixion, including Robert de Clercq kneeling at lower left with mitre and crosier, surrounded by representations of Agony in the Garden, Betrayal, Ecce Homo, and St Veronica with cloth before Christ carrying the Cross (facing text with rubricated heading Oratio sacerdotis ante missam, )",miniature,4v,4v,4v,,,,,,,,,,,,,,,,,,,,,,,,,,,,,
_deco_1,manuscript_1,,,,part,,,,"Seven- to fourteen-line geometric/puzzle initials in blue and dark red, with infill and marginal pen flourishing in red and blue ink, at the beginning of the prologue (f. 3r) and at the beginning of each of the four books (ff. 5r, 16v, 132v, 208v).",flourInit,,,,,,,,,,,,,,,,,,,,,,,,,,,,,,,,
_deco_1,manuscript_1,,,"Cambridge, University Library, MS Add. 6865",part,,,,"Flourished initials of the 'Arabesque' type, several lines high at the major divisions of the text; red initials with minor decorative elements sometimes added in yellow.",flourInit,,,,,,,,,,,,,,,,,,,,,,,,,,,,,,,,
_deco_1,manuscript_1,,,"Cambridge, University Library, MS Dd.8.19",part,,,,Headers rubricated in red ink throughout,rubrication,,,,,,,,,,,,,,,,,,,,,,,,,,,,,,,,
_deco_1,manuscript_1,,,,part,,,,"Three-line initial in red at the beginning of the main text (f. 8v) and two- or one-line initials at the beginning of the prologue, list of chapters, and the chapters themselves, alternating in a metallic red and purple. Some initials, especially Ð, are filled in with red.",colInit,,,,,,,,,,,,,,,,,,,,,,,,,,,,,,,,
_deco_1,manuscript_1,,,"Cambridge, University Library, MS Dd.10.44",part,,,,Large (2- or 5-line) initials in blue or red ink.,colInit,,,,,,,,,,,,,,,,,,,,,,,,,,,,,,,,
_deco_1,manuscript_1,,,,manuscript,,MS-EE-00004-00024,,Miniatures comprising zodiac signs and occupations of months within the Calendar on burnished gold and patterned red or blue ground within barbed quatrefoils set on blue or red patterned ground in gold frames (some rubbed): 1r: November: beating for acorns; Sagittarius 1v: December: slaughtering pig; Capricorn 2r: March: pruning vines; Aries 2v: April: man holding branch and bird; Taurus 3r: September: harvesting and treading grapes; Libra 3v: October: sowing; Scorpio 1r: November: beating for acorns; Sagittarius beating for acornsSagittarius 1v: December: slaughtering pig; Capricornslaughtering pigCapricorn 2r: March: pruning vines; Ariespruning vinesAries 2v: April: man holding branch and bird; Taurusman holding branch and birdTaurus 3r: September: harvesting and treading grapes; Libraharvesting and treading grapesLibra 3v: October: sowing; ScorpiosowingScorpio,miniature,,,,,,,,,,,,,,,,,,,,,,,,,,,,,,,,
_deco_1,manuscript_1,,,"Cambridge, University Library, MS Dd.13.3",manuscript,,MS-DD-00013-00003,,"Sixteen-line initial behind a column miniature of Innocent IV, enthroned and holding a book, blessing a cardinal and two tonsured clerks, one kneeling with hands on the book (f. 2r).",miniature,,,,,,,,,,,,,,,,,,,,,,,,,,,,,,,,
_deco_1,manuscript_1,,,"Cambridge, University Library, MS Ii.6.5",part,,,,"Offset of a light blue initial (perhaps a 'C' or an 'O') in the inner margin of ii recto, but actual initial not present on the adjacent leaf.",plainInit,,,,,,,,,,,,,,,,,,,,,,,,,,,,,,,,
_deco_1,manuscript_1,,,"Cambridge, University Library, MS Ii.6.39",part,,,,"Large (2-4 lines) initials in red or green, often with minor penwork decoration and pen-flourishing in the opposite colour.",colInit,,,,,,,,,,,,,,,,,,,,,,,,,,,,,,,,
_deco_1,manuscript_1,,,MS Dd.1.11,part,,,,Gaps of three to four lines left for decorated initials at textual divisions.,unfilled,,,,,,,,,,,,,,,,,,,,,,,,,,,,,,,,
_deco_1,manuscript_1,,,"Cambridge, University Library, MS Ll.2.2",manuscript,,MS-LL-00002-00002,,"A circular diagram representing the world, divided in four quarters representing Asia, Paradisus, Europa, and Affrica (f. 136r).",diagram,,,,,,,,,,,,,,,,,,,,,,,,,,,,,,,,
_deco_1,manuscript_1,,,"Cambridge, University Library, MS Dd.3.52",manuscript,,MS-DD-00003-00052,,Drawing of a medical instrument (needle) in brown ink within the text on f. 136v and of a hazel rod with an opening in the middle (through which the head of a patient suffering from nosebleeds should be placed) in brown and red ink in the inner margin of f. 250v.,diagram,,,,,,,,,,,,,,,,,,,,,,,,,,,,,,,,
_deco_1,manuscript_1,,,"Cambridge, University Library, MS Ii.3.21",part,,,,"Three- to five-line initials in blue, with infill and marginal flourishing in red.",flourInit,,,,,,,,,,,,,,,,,,,,,,,,,,,,,,,,
_deco_1,manuscript_1,,,"Cambridge, University Library, MS Ee.1.15",part,,,,Circular astrological diagrams in brown ink on f. 2r and f. 3r.,diagram,,,,,,,,,,,,,,,,,,,,,,,,,,,,,,,,
_deco_1,manuscript_1,,,"Cambridge, University Library, MS Dd.3.51",part,,,,Rubrication in red in on f. 1r; unfilled spaces left for rubrication on ff. 1v-5r.,rubrication,,,,,,,,,,,,,,,,,,,,,,,,,,,,,,,,
_deco_1,manuscript_1,,,,manuscript,,MS-ADD-03206-00001,,There is a three-line initial in red on 4 at the beginning of the Canons of Edgar ('R' in 'Riht'). Some initial capital letters are black and coloured with red.,colInit,,,,,,,,,,,,,,,,,,,,,,,,,,,,,,,,
_deco_1,manuscript_1,,,"Cambridge, University Library, MS Ff.3.9",manuscript,,MS-FF-00003-00009,,"Eleven- or twelve-line initials in blue, entwined in scrolls of green, orange and rose foliage, hybrid creatures and a human head on red or red and blue ground, at the (ff. 2r, 56r).",decInit,,,,,,,,,,,,,,,,,,,,,,,,,,,,,,,,
_deco_1,manuscript_1,,,MS Gg.5.35,manuscript,,MS-GG-00005-000035,,": Twenty-nine diagrams in acrostic form, executed in red, yellow and brown ink, to Carmina 1-28, including Crucifixion (), four angels (, Agnus Dei and Evangelist symbols () and kneeling before a cross (Rabanus MaurusRabanus Maurus, Archbishop of Mainz, 784?-856).",diagram,211r-225r; 211v; 213r; 218v; 225r,211r 211v 213r 218v 225r,225r 211v 213r 218v 225r,,,,,,,,,,,,,,,,,,,,,"Rabanus Maurus; Rabanus Maurus, Archbishop of Mainz, 784?-856",,,,,,,,
_deco_1,manuscript_1,,,"Cambridge, University Library, MS Ii.6.17",manuscript,,MS-II-00006-00017,,Three-line red initial with pen-flourishing in black and red ink on f. 2r; and five-line initial in black ink with penwork decoration and pen-flourishing in black ink on f. 56r.,decInit,,,,,,,,,,,,,,,,,,,,,,,,,,,,,,,,
_deco_1,manuscript_1,,,,manuscript,,MS-II-00006-00002,,"Miniatures: Twenty-one (originally twenty-two) full-page miniatures, each on single leaves and probably prepared by an artist as a standard set: 10v: Throne of Mercy ('Domine deus omnipotens') 12v: Vernicle ('Salve sancta facies') 14v: St Michael and dragon ('Gaude princeps superiorum') 16v: St Christopher ('O sancta Cristofore') 18v: St John the Evangelist (left) and St John the Baptist (right) ('Gaude Iohannes Baptista'; 'Beate Iohannes Baptista'; 'Gaude pater via morum') 22v: St George and dragon ('Georgi martyr') 24v: St Catherine ('Gaude virgo Katherina') 26v: St Margaret ('Gaude virgo Margareta') 28v: St Anne with Virgin and Child (memoria removed)[30v: ?St Mary Magdalene; miniature removed ('Gaude pia magdalena')] 33v: Annunciation ('Matins of Virgin') 37v: Visitation (Lauds) 44v: Nativity (Prime) 47v: Annunciation to the Shepherds (Terce) 49v: Adoration of the Magi (Sext) 51v: Massacre of the Innocents (None) 53v: Flight into Egypt (Vespers) 55v: Presentation in the Temple (Compline) 59v: Our Lady of Humility ('Salve virgo virginum') 68v: Crucifixion ('Omnibus consideratis paradisus voluptatis') 75v: Man of Sorrows with Instruments of the Passion ('Penitential Psalms') 84v: Funeral service ('Office of the Dead') 10v: Throne of Mercy ('Domine deus omnipotens')Throne of Mercy 12v: Vernicle ('Salve sancta facies')Vernicle 14v: St Michael and dragon ('Gaude princeps superiorum')St Michael and dragon 16v: St Christopher ('O sancta Cristofore')St Christopher 18v: St John the Evangelist (left) and St John the Baptist (right) ('Gaude Iohannes Baptista'; 'Beate Iohannes Baptista'; 'Gaude pater via morum')St John the EvangelistSt John the Baptist 22v: St George and dragon ('Georgi martyr')St George and dragon 24v: St Catherine ('Gaude virgo Katherina')St Catherine 26v: St Margaret ('Gaude virgo Margareta')St Margaret 28v: St Anne with Virgin and Child (memoria removed)St Anne with Virgin and Child[30v: ?St Mary Magdalene; miniature removed ('Gaude pia magdalena')] 33v: Annunciation ('Matins of Virgin')Annunciation 37v: Visitation (Lauds)Visitation 44v: Nativity (Prime)Nativity 47v: Annunciation to the Shepherds (Terce)Annunciation to the Shepherds 49v: Adoration of the Magi (Sext)Adoration of the Magi 51v: Massacre of the Innocents (None)Massacre of the Innocents 53v: Flight into Egypt (Vespers)Flight into Egypt 55v: Presentation in the Temple (Compline)Presentation in the Temple 59v: Our Lady of Humility ('Salve virgo virginum')Our Lady of Humility 68v: Crucifixion ('Omnibus consideratis paradisus voluptatis')Crucifixion 75v: Man of Sorrows with Instruments of the Passion ('Penitential Psalms')Man of Sorrows with Instruments of the Passion 84v: Funeral service ('Office of the Dead')Funeral service",miniature,,,,,,,,,,,,,,,,,,,,,,,,,,,,,,,,
_deco_1,manuscript_1,,,"Cambridge, University Library, MS Dd.5.53",part,,,,Drawing of a medical instrument (clister) in brown ink on ff. 88v.,diagram,,,,,,,,,,,,,,,,,,,,,,,,,,,,,,,,
_deco_1,manuscript_1,,,,manuscript,,,,"Folios 131r-133v feature crude pen-and-ink renderings of coats of arms, illustrating the notes from Nicholas Upton's De re militari. De re militari",drawing,,,,,,,,,,,,,,,,,,,,,,,,,,,,,,,,
_deco_1,manuscript_1,,,"Cambridge, University Library, MS Hh.6.11",manuscript,,MS-HH-00006-00011,,Folios 5-64: pen-flourished initials in red and blue.,flourInit,,,,,,,,,,,,,,,,,,,,,,,,,,,,,,,,
_deco_1,manuscript_1,,,"Cambridge, University Library, MS Kk.1.6",part,,,,"One- to nine-line blue initial with red penwork decoration and pen-flourishing throughout, some of which are heavily stained, see ff. 82v, 131r, 148r, and 148v.",flourInit,,,,,,,,,,,,,,,,,,,,,,,,,,,,,,,,
_deco_1,manuscript_1,,,"Cambridge, University Library, MS Dd.4.24",manuscript,,MS-DD-00004-00024,,"Two- to six-line initials in blue, with infill and marginal flourishing in red, at the openings of prologues and tales, and occasionally at intermediate points within.",flourInit,,,,,,,,,,,,,,,,,,,,,,,,,,,,,,,,
_deco_1,manuscript_1,,,"Cambridge, University Library, MS Dd.15.15",manuscript-composite,,MS-DD-00015-00015,,"Circular or heart-shaped foliage designs in red and blue on the fore-edges, perhaps original to the volume and certainly prior to the fourteenth century.",foreedge,,,,,,,,,,,,,,,,,,,,,,,,,,,,,,,,
_deco_1,manuscript_1,,,,manuscript,,,,"Spaces left for initials, two to four lines in size; not filled in.",unfilled,,,,,,,,,,,,,,,,,,,,,,,,,,,,,,,,
_deco_1,manuscript_1,,,"Cambridge, University Library, MS Dd.11.45",part,,,,Large (2-line) plain red initials.,colInit,,,,,,,,,,,,,,,,,,,,,,,,,,,,,,,,
_deco_1,manuscript_1,,,"Cambridge, University Library, MS Hh.6.13",part,,,,Two- and one-line plain red initials on ff. 3r-77r.,plainInit,,,,,,,,,,,,,,,,,,,,,,,,,,,,,,,,
_deco_1,manuscript_1,,,"Cambridge, University Library, MS Gg.6.3",manuscript,,MS-GG-00006-00003,,"Numerous diagrams in brown and red ink (and once with blue on f. 136v) throughout the manuscript; most contain with geometric figures, mainly relating to astronomy, but some feature identifiable objects such as vessels (f. 314v), and a church and defensive towers (ff. 317v–320r).",diagram,,,,,,,,,,,,,,,,,,,,,,,,,,,,,,,,
_deco_1,manuscript_1,,,,manuscript,,MS-DD-00001-00014,,": 11-line initial F (with stem extending the full length of the page) in pink, blue and gold, enclosing St Jerome reading at a desk under a gothic arch on a gold ground.",histInit,2r,2r,2r,,,,,,,,,,,,,,,,,,,,,,,,,,,,,
_deco_1,manuscript_1,,,"Cambridge, Trinity College, MS R.14.41",part,,,,This part of the manuscript does not contain any significant forms of decoration.,,,,,,,,,,,,,,,,,,,,,,,,,,,,,,,,,
_deco_1,manuscript_1,,,"Cambridge, Trinity College, MS O.7.23",manuscript,,MS-TRINITY-COLLEGE-O-00007-00023,,"Marginal drawings in brown ink, illustrating experiments and arguments: a mirror with a sword (f. 14a verso) a tun (f. 15v) and a cross (f. 21v).",drawing,,,,,,,,,,,,,,,,,,,,,,,,,,,,,,,,
_deco_1,manuscript_1,,,"Cambridge, Trinity College, MS O.2.13",part,,,,One large (4 lines) green initial on f. 100r.,colInit,,,,,,,,,,,,,,,,,,,,,,,,,,,,,,,,
_deco_1,manuscript_1,,,"Cambridge, Trinity College, MS O.7.20",part,,,,"Manicules in brown and red ink with inscriptions in Middle English (see ff. 1:17r, 1:18r, 1:18v, 1:23r, 1:30r, 1:32v).",drawing,,,,,,,,,,,,,,,,,,,,,,,,,,,,,,,,
_deco_1,manuscript_1,,,"Cambridge, Trinity College, MS R.14.52",manuscript,,MS-TRINITY-COLLEGE-R-00014-00052,,Two Guidonian hands in dark ink with text and music notation in black and red ink on f. 256a recto.,diagram,,,,,,,,,,,,,,,,,,,,,,,,,,,,,,,,
_deco_1,manuscript_1,,,"Cambridge, Trinity College, MS O.7.31",manuscript,,MS-TRINITY-COLLEGE-O-00007-00031,,One- and two-line plain red initials throughout.,colInit,,,,,,,,,,,,,,,,,,,,,,,,,,,,,,,,
_deco_1,manuscript_1,,,"Cambridge, Trinity College, MS R.14.44",part,,,,Large (2-3 lines) plain initials in red ink.,plainInit,,,,,,,,,,,,,,,,,,,,,,,,,,,,,,,,
_deco_1,manuscript_1,,,"Cambridge, Trinity College, MS O.9.10",manuscript,,MS-TRINITY-COLLEGE-O-00009-00010,,An original drawing of a dog with a collar and a bell in dark ink in the lower margin of f. 71v. The dog is accompanied by a banderol that cautions the reader: Bewar of my shappe (these words are repeated on f. 144v by a different 15th- or 16th-century hand on f. 144v). Bewar of my shappe,drawing,,,,,,,,,,,,,,,,,,,,,,,,,,,,,,,,
_deco_1,manuscript_1,,,"Cambridge, Trinity College, MS R.14.51",manuscript,,MS-TRINITY-COLLEGE-R-00014-00051,,"A large (full-page) drawing in dark ink, featuring a circular horsemill inside a roundel, probably representing a rebus, with below the name Bussell written in large decorated letters flanked by a standing human figure in prayer. Bussell",drawing,,,,,,,,,,,,,,,,,,,,,,,,,,,,,,,,
_deco_1,manuscript_1,,,"Cambridge, Trinity College, MS O.9.39",part,,,,Titles and explicits written in red ink.,rubrication,,,,,,,,,,,,,,,,,,,,,,,,,,,,,,,,
_deco_1,manuscript_1,,,"Cambridge, Trinity College, MS O.3.11",manuscript,,MS-TRINITY-COLLEGE-O-00003-00011,,"Large (3 lines) red in initials in frameworks of blue penwork decoration with pen-flourishing in the same colour extending into the margins. However, blank spaces and guide letters show that such initials were planned but never finished for the text from f. 133r onwards.",flourInit,,,,,,,,,,,,,,,,,,,,,,,,,,,,,,,,
_deco_1,manuscript_1,,,"Cambridge, Trinity College, MS O.8.2",part,,,,Large plain initials in blue or red at the beginning of new lines.,colInit,,,,,,,,,,,,,,,,,,,,,,,,,,,,,,,,
_deco_1,manuscript_1,,,"Cambridge, Trinity College, MS O.2.49",manuscript,,MS-TRINITY-COLLEGE-O-00002-00049,,"Marginal, intra-textual and half-page drawings (ff. 40r-40v) of medical patients, ingredients, instruments in brown ink, but sometimes with wounds and blood highlighted in red ink.",drawing,,,,,,,,,,,,,,,,,,,,,,,,,,,,,,,,
_deco_1,manuscript_1,,,"Cambridge, Trinity College, MS R.14.31",part,,,,No significant decoration in this Part.,none,,,,,,,,,,,,,,,,,,,,,,,,,,,,,,,,
_deco_1,manuscript_1,,,"Cambridge, Trinity College, MS O.1.57",part,,,,"Folios 1:2v-1:3r have full-page drawings in dark ink, featuring (from left to right) a deer lying on a forest floor, an unidentified creature (? ape) in a tree, a bird of prey (? eagle) holding an empty banderole in their beak, an owl, a hare, a standing deer, a rabbit emerging from their hole, a dog biting the deer's front leg, a squirrel in a tree, and a second bird of prey (hawk) holding a lure in its claws. The two deer may be references to the White Hart-emblem used by King Richard II. This is suggested by the fact that the standing deer is displayed with heraldic imagery: it wears a royal crown with a chain around its neck (gorged and chained).",drawing,,,,,,,,,,,,,,,,,,,,,,,,,,,,,,,,
_deco_1,manuscript_1,,,"Cambridge, Trinity College, MS R.14.32",part,,,,A large (2 lines) plain red initial (C) has been added to one of the many spaces that have been left blank for decorated initials on f. 70r. C,colInit,,,,,,,,,,,,,,,,,,,,,,,,,,,,,,,,
_deco_1,manuscript_1,,,"Cambridge, Trinity College, MS O.2.47",manuscript,,MS-TRINITY-COLLEGE-O-00002-00047,,Small marginal diagram of alchemical vessels in the outer margin of f. 13v. Small marginal diagram of a ?candle in a candle-holder in the outer margin of f. 38v and f. 39v.,diagram,,,,,,,,,,,,,,,,,,,,,,,,,,,,,,,,
_deco_1,manuscript_1,,,"Cambridge, Trinity College, MS O.2.53",manuscript,,MS-TRINITY-COLLEGE-O-00002-00053,,One small (1 line) plain initial in red ink and inside a frame of red ink on f. 35v.,plainInit,,,,,,,,,,,,,,,,,,,,,,,,,,,,,,,,
_deco_1,manuscript_1,,,"Cambridge, Trinity College, MS O.8.35",manuscript,,MS-TRINITY-COLLEGE-O-00008-00035,,"A full-page drawing of King Henry VI in dark ink (no colours) on f. [ii] verso: the king stands dressed in royal robe, holding a sceptre and wearing a crown, with, above him, a banderol that reads: henricus .vj. Rex anglie. henricus .vj. Rex anglie",drawing,,,,,,,,,,,,,,,,,,,,,,,,,,,,,,,,
_deco_1,manuscript_1,,,"Cambridge, Trinity College, MS B.14.19",part,,,,Large (2 lines) initials in blue or red with penwork decoration inside the letter and pen-flourishing extending into the margins in the opposite colour.,flourInit,,,,,,,,,,,,,,,,,,,,,,,,,,,,,,,,
_deco_1,manuscript_1,,,"Cambridge, Trinity College, MS R.3.20",manuscript,,MS-TRINITY-COLLEGE-R-00003-00020,,Large (2 to 4 lines) initials in dark brown ink or outlines in dark brown ink featuring minor forms of decoration.,plainInit,,,,,,,,,,,,,,,,,,,,,,,,,,,,,,,,
_deco_1,manuscript_1,,,"Cambridge, Trinity College, MS O.8.36",manuscript,,MS-TRINITY-COLLEGE-00008-00036,,Drawings of two alchemical flasks in dark ink on f. 38r; and two more in the outer margin and within the text on f. 63v.,drawing,,,,,,,,,,,,,,,,,,,,,,,,,,,,,,,,
_deco_1,manuscript_1,,,"Cambridge, Trinity College, MS O.1.71",manuscript,,MS-TRINITY-COLLEGE-O-00001-00071,,Two diagrams representing swan marks drawn in dark ink on ff. c verso-d recto.,diagram,,,,,,,,,,,,,,,,,,,,,,,,,,,,,,,,
_deco_1,manuscript_1,,,"Cambridge, Trinity College, MS O.1.65",part,,,,"Mechanical drawings in brown ink on ff. 1:1r, 1:2r-1:2v and 1:25r-1:25v.",drawing,,,,,,,,,,,,,,,,,,,,,,,,,,,,,,,,
_deco_1,manuscript_1,,,"Cambridge, Trinity College, MS R.14.29",part,,,,"Large (3-6 lines) puzzle initials in blue and red with penwork decoratin inside the letter and pen-flourishing extending into the margins in both colours (see ff. 2r, 6v, 46r, 47v, 68v, 71v, 105r, 107r).",flourInit,,,,,,,,,,,,,,,,,,,,,,,,,,,,,,,,
_deco_1,manuscript_1,,,"Cambridge, Trinity College, MS R.14.39",part,,,,A small drawing of a furnace with a vessel in dark ink on f. [1:126b] recto.,drawing,,,,,,,,,,,,,,,,,,,,,,,,,,,,,,,,
_deco_1,manuscript_1,,,"Cambridge, Trinity College, MS O.8.31",part,,,,No significant decoration in this Part.,none,,,,,,,,,,,,,,,,,,,,,,,,,,,,,,,,
_deco_1,manuscript_1,,,"Cambridge, Trinity College, MS O.1.77",manuscript,,MS-TRINITY-COLLEGE-O-00001-00077,,"Folios 24v-27r: the 'Twenty Jordans' illustrated sequence of urine flask diagnostic indications. Folio 178v: simple diagram of a ?distillation flask in the outer margin Folio 95v: a 'Zodiac Man' diagram, the man rendered in text-ink and the zodiac labels written in red.",diagram,,,,,,,,,,,,,,,,,,,,,,,,,,,,,,,,
_deco_1,manuscript_1,,,"Cambridge, Trinity College, MS O.9.37",manuscript,,MS-TRINITY-COLLEGE-O-00009-00037,,One large (5 lines) 'champ' initial: a gold initial in a frame with a blue and purple ground with spraywork in green and gold on f. 31r.,flourInit,,,,,,,,,,,,,,,,,,,,,,,,,,,,,,,,
_deco_1,manuscript_1,,,"Cambridge, Trinity College, MS O.1.13",part,,,,"Drawings of urine flasks (jordans) in brown ink (uncoloured) on ff. 23v [2], 25r-25v [2 x 4], and 24r-24v [2 x 4].",drawing,,,,,,,,,,,,,,,,,,,,,,,,,,,,,,,,
_deco_1,manuscript_1,,,"Cambridge, Trinity College, MS O.9.32",manuscript,,MS-TRINITY-COLLEGE-O-00009-00032,,Display script with cadels in dark ink at the beginning of each new recipe collection.,cadel,,,,,,,,,,,,,,,,,,,,,,,,,,,,,,,,
_deco_1,manuscript_1,,,"Cambridge, Trinity College, MS VI.18.2",manuscript,,MS-TRINITY-COLLEGE-VI-00018-00002,,One large (4-line) blue and red initial inside a frame or red and brown penwork and pen-flourishing in the same colours extending into the inner margin on f. 4r.,flourInit,,,,,,,,,,,,,,,,,,,,,,,,,,,,,,,,
_deco_1,manuscript_1,,,"Cambridge, Trinity College, MS O.2.21",part,,,,Flourished initial at the beginning of the text on f. 2r - red and blue puzzle initial with red and blue labrynthine flourishing extending into the upper and inner margin.,flourInit,,,,,,,,,,,,,,,,,,,,,,,,,,,,,,,,
_deco_1,manuscript_1,,,"Cambridge, King's College, MS 16",part,,,,Vein Man diagram (f. 1:146h recto).,diagram,,,,,,,,,,,,,,,,,,,,,,,,,,,,,,,,
_deco_1,manuscript_1,,,MS 19,manuscript,,MS19,,"Floriate pen-flourishes in black (sometimes black and red) to each statute and heading, some sporadic rubrication of the text.",initial,,,,,,,,,,,,,,,,,,,,,,,,,,,,,,,,
_deco_1,manuscript_1,,,,manuscript,,,,Blue and red flourished initials,initial,,,,,,,,,,,,,,,,,,,,,,,,,,,,,,,,
_deco_1,manuscript_1,,,,manuscript,,,,"Three red and blue parted initials [3-6ll] flourished and filled with penwork in both colours for Job (fol. 7r), Judith (fol. 52v) and Jeremiah (fol. 98r); alternate red and blue initials [2-9 ll] with blue and red pen flourishing and infill in both colours for the other biblical books, some prologues and numbers of chapters. Simpler penwork motifs in blue and red respectively for other chapters, prologues and lesser text divisions; alternate red and blue initials for prologues (fols. 63r-65v) alternate red and blue capitals for running headers; one line red and blue paraph marks, occasionally flourished; one-line red and blue Roman numerals in margins for chapters; capitals highlighted in red.",initials,,,,,,,,,,,,,,,,,,,,,,,,,,,,,,,,
_deco_1,manuscript_1,,,MS 8,part,,,,Brown penwork initials [3 l.] with minor geometric and foliate flourishing.,flourInit,,,,,,,,,,,,,,,,,,,,,,,,,,,,,,,,
_deco_1,manuscript_1,,,,manuscript,,,,The initial is a full-length figure of St Martin in red outline with touches of green and blue nimbus holding book and crosier across him (fol. 2b).,,,,,,,,,,,,,,,,,,,,,,,,,,,,,,,,,
_deco_1,manuscript_1,,,MS 9,manuscript,,MS9,,"Ornamental initials [2 l.] in alternate red with blue pen-flourishing and blue with red pen-flourishing for sub-divisions of text, fols. 49v–50r; red penwork initials [2 l.] for sub-divisions of text in remainder of MS; red penwork paragraph marks [1 l.] for minor text divisions Space left for 4 l. decorated initials for Books (main divisions of text).",flourishing,,,,,,,,,,,,,,,,,,,,,,,,,,,,,,,,
_deco_1,manuscript_1,,,,manuscript,,,,"Title in green and red capitals (fol. 1); Initial with medallion of fiddler; (fol. 1r) large red, blue and green capitals, and a fine initial full of dragons in good early English style. Colophon in red, blue and green capitals (fol. 213v). Lib. IV has a tall nimbed figure standing on a contorted man (fol. 36r).",,,,,,,,,,,,,,,,,,,,,,,,,,,,,,,,,
_deco_1,manuscript_1,,,MS 7,manuscript,,,,Red penwork initials,initial,,,,,,,,,,,,,,,,,,,,,,,,,,,,,,,,
_deco_1,manuscript_1,,,MS 13,manuscript,,MS13,,"Guide-words for rubrics, but only filled in (haphazardly) from fol. 60r onwards",rubrication,,,,,,,,,,,,,,,,,,,,,,,,,,,,,,,,
_deco_1,manuscript_1,,,,manuscript,,,,"The volume is very copiously illustrated, and in a very curious way. There are two sets of pictures : the one illustrates the text, the other consists of a series of full-page pictures (in nearly all cases) which are appropriate only to a religious book, and as I take it, must be copied from a Psalter. Psalters usually had a series of preliminary paintings illustrating the Life of Christ, and the principal Saints. All these pictures are by the same hand. They are extremely roughly drawn and coloured, almost no gold is used. The originals were probably very fine.",,,,,,,,,,,,,,,,,,,,,,,,,,,,,,,,,
_deco_1,manuscript_1,,,,manuscript,,,,"There are at the beginning of the book some admirable decorative initials in gold and colours. These have a green edging. They should be compared with two MSS. at Trinity College, B.5.3 and O.5.8. The initials in question are on f.2r, f.3v (this is a pink initial with gold filling, and inside ground of gold, on blue ground. Within it is Moses, with red nimbus, white beard, pink mantle over white, kneeling. On R. in green medallion a bust of Christ with red nimbus holding a scroll which has been inscribed in cent. xv. (Hutton Ricardo Ihesu miserere memento), f 13 e (Lib. II), f. 21 b (Lib. III), f. 3o b (Prol. and text of Lib. iv). After this the initials have no grounds, and no gold is employed.",,,,,,,,,,,,,,,,,,,,,,,,,,,,,,,,,
_deco_1,manuscript_1,,,,manuscript,,,,Initials with blue and red pen flourishing and infill in both colours throughout. One illustration showing two ladders: Heaven and Hell (fol. 92),,,,,,,,,,,,,,,,,,,,,,,,,,,,,,,,,
_deco_1,manuscript_1,,,,manuscript,,,,"f.1r is bordered mainly with gold, containing also red, blue and green foliage. At the upper corner on right is a grotesque figure playing a bag-pipe, lower down is a large shield of England and France ancient, quarterly. In the lower margin are two white harts with gold antlers, gorged with gold crowns, being cognizances of Richard II. In the initial, which is of blue patterned in white, is a figure of Richard II. throned with sceptre, in blue mantle lined with ermine over pink tunic. Gold ground with incised patterns. f.8r is bordered and has initial of John Baptist holding a lamb and preaching to four people. Gold ground as before. John Baptist appears in the Wilton diptych as one of Richard II’s patrons. f. 11r has partial border and decorative initial. f.13r has border and initial, Emperor on left and nimbed Pope on right supporting a small church between them. Each has a triple crown. Ground as before. Each of the twelve parts has partial border and decorative initial. The flourished ornament of the smaller initials is very good. It is in red and blue.",,,,,,,,,,,,,,,,,,,,,,,,,,,,,,,,,
_deco_1,manuscript_1,,,,manuscript,,,,"One illumination of the Virgin holding the infant Jesus, with Netter kneeling at Mary’s feet",,,,,,,,,,,,,,,,,,,,,,,,,,,,,,,,,
_deco_1,manuscript_1,,,MS 15,manuscript,,MS15,,"Red penwork initials [1 – 4 l.] for Prologue, each subject and Index",rubrication,,,,,,,,,,,,,,,,,,,,,,,,,,,,,,,,
_deco_1,manuscript_1,,,,manuscript,,,,Excellently decorated initials in blue and red.,initial,,,,,,,,,,,,,,,,,,,,,,,,,,,,,,,,
_deco_1,manuscript_1,,,"Cambridge, Corpus Christi College, MS 416",manuscript,,MS-CCCC-00416,,"Decorative initials in a simple 'Arabesque' style, typically 3-6 lines high at the beginning of major and minor divisions of the text in red or purple, some with minor acanthus frills and flourishing, e.g., the 'M' on f. 121v, or the 'F' on f. 83v.",decInit,,,,,,,,,,,,,,,,,,,,,,,,,,,,,,,,
_deco_1,manuscript_1,,,"Cambridge, Corpus Christi College, MS 210",part,,,,This part of the manuscript does not contain any significant forms of decoration.,,,,,,,,,,,,,,,,,,,,,,,,,,,,,,,,,
_deco_1,manuscript_1,,,"Cambridge, Corpus Christi College, MS 388",manuscript,,MS-CCCC-00388,,Large (2-line) initials in blue with penwork decoration and pen-flourishing in red ink.,flourInit,,,,,,,,,,,,,,,,,,,,,,,,,,,,,,,,
_deco_1,manuscript_1,,,"Cambridge, Corpus Christi College, MS 405",part,,,,Portion of a notarial mark belonging to John Stoberd present in the upper outer corner of f. i verso.,drawing,,,,,,,,,,,,,,,,,,,,,,,,,,,,,,,,
_deco_1,manuscript_1,,,"Cambridge, Corpus Christi College, MS 374",part,,,,Large initials with cadels in brown ink on f. 55r with many spaces for decorated initials left unfinished throughout ff. 1r-69v.,decInit,,,,,,,,,,,,,,,,,,,,,,,,,,,,,,,,
_deco_1,manuscript_1,,,"Cambridge, Corpus Christi College, MS 412",part,,,,No significant decoration in this Part.,none,,,,,,,,,,,,,,,,,,,,,,,,,,,,,,,,
_deco_1,manuscript_1,,,"Cambridge, Corpus Christi College, MS 61",manuscript,,MS-CCCC-00061,,"Folio 1v features a full-page miniature which shows a man in a wooden pulpit wearing a scarlet cloth addressing a group of seated and standing men and women. This group includes a prince in a gold robe and a lady in diadem against a background of hills and trees. In the right corner of the background there is a pink-coloured turreted castle with a group of people in front of it: this group shows a crowned queen in blue over white and a (?) wreathed king in red in front of it. Before them a prince kneels presenting a gold cap or crown. In the left background and further away, there is dark castle on a rock from which a grop of brightly clad figures descends. The miniature is painted on a gold ground and surmoun5ed by a full border of acanthus leaves in scarlet, blue and pink on a gold ground with extending tendrils, gold besants and coloured leaves. Many interpretations of this frontispiece exist but scholars generally agree that the man in the pulpit is Geoffrey Chaucer and that the man in gold brocade who immediately stands before him is Richard II (1367-1400) [although others have suggested that he is a later English king or Charles d'Orleans]. For further discussion of the miniature and possible identification of the members in the audience see e.g. Brusendorff (1925); Galway (1949); Williams (1962); Kendrick (1987); Lerer (1993); Scott (1996); Helmbold (2008); Coleman (2010); Helmbold (2010); Carruthers (2014); Howes (2021). The miniature and borders are thought to have been executed by an English artist who was either trained in France or by a French artist in England [see Scott (2000)]. According to Scott (2000), the same artist worked on the decoration of at least three other extant manuscripts: Olim Longleat, Longleat House, MS 24 London, British Library, Royal MS 8 G III Oxford, Bodleian Library MS Auct. F. inf. 1.1 Olim Longleat, Longleat House, MS 24OlimLondon, British Library, Royal MS 8 G IIIOxford, Bodleian Library MS Auct. F. inf. 1.1They possibly also worked on the borders in: London, British Library, Cotton MS Claudius D I London, British Library, Cotton MS Nero C VI Paris, Bibliothèque Nationale de France, MS lat. 1196 London, British Library, Cotton MS Claudius D ILondon, British Library, Cotton MS Nero C VIParis, Bibliothèque Nationale de France, MS lat. 1196",miniature,,,,,,,,,,,,,,,,,,,,,,,,,,,,,,"Olim Longleat, Longleat House, MS 24; London, British Library, Royal MS 8 G III; Oxford, Bodleian Library MS Auct. F. inf. 1.1; London, British Library, Cotton MS Claudius D I; London, British Library, Cotton MS Nero C VI; Paris, Bibliothèque Nationale de France, MS lat. 1196","Olim Longleat, Longleat House, MS 24; London, British Library, Royal MS 8 G III; Oxford, Bodleian Library MS Auct. F. inf. 1.1; London, British Library, Cotton MS Claudius D I; London, British Library, Cotton MS Nero C VI; Paris, Bibliothèque Nationale de France, MS lat. 1196",https://medieval.bodleian.ox.ac.uk/catalog/manuscript_725 https://archivesetmanuscrits.bnf.fr/ark:/12148/cc59131x
_deco_1,manuscript_1,,,"Cambridge, Corpus Christi College, MS 456",part,,,,No significant decoration in this Part.,none,,,,,,,,,,,,,,,,,,,,,,,,,,,,,,,,
_deco_1,manuscript_1,,,"Cambridge, Corpus Christi College, MS 335",part,,,,Folio i verso contains a large notarial mark in brown ink.,drawing,,,,,,,,,,,,,,,,,,,,,,,,,,,,,,,,
_deco_1,manuscript_1,,,"Cambridge, Corpus Christi College, MS 41",part,,,,No significant decoration in this Part.,none,,,,,,,,,,,,,,,,,,,,,,,,,,,,,,,,
_deco_1,manuscript_1,,,"Cambridge, Corpus Christi College, MS 354",manuscript,,MS-CCCC-00354,,Inserted into the text space in the lower left corner of f. 60r is a rectancular diagram (measuring 70 x 60mm) in brown ink that shows the relative proportions of three Pythagorean hammers (this is the figure to which the text refers). figure,diagram,,,,,,,,,,,,,,,,,,,,,,,,,,,,,,,,
_deco_1,manuscript_1,,,"Peterborough Cathedral, MS 1",manuscript,,MS-PETERBOROUGH-00001,,"Four-line initial in blue with red and blue infill and marginal flourishing (f. 17r | i recto) and two-line versions, alternating as above or in red with blue infill and flourishing, at intervals throughout the text. Differences in style and proportion indicate their execution by several hands, all of the 13th century.",flourInit,,,,,,,,,,,,,,,,,,,,,,,,,,,,,,,,
_deco_1,manuscript_1,,,,manuscript,,MS-ADD-03389,,Indented six-line white vinestem initial touched with red and yellow at the head of the text.,initial,,,,,,,,,,,,,,,,,,,,,,,,,,,,,,,,
_deco_1,manuscript_1,,,,manuscript,,,,"Three full page illustrations depicting , , and , preceding Psalm 1, Psalm 51 and Psalm 101 respectively. Facing each full page illustration is an elaborately decorated introductory page with a large initial incorporating a beast on a background of interlaced paws and tails. These introductory pages have an interlaced border. Smaller ornamented capitals mark the start of each Psalm, alternating between ‘ribbon animal’ and ‘knotted wire’ decorations. The initials at the start of each verse are simply decorated with a fill of alternating colours. The palette throughout consists of yellow, brownish purple, lighter purple, and orange.",,David having fought a lion; the Cruxificion; David’s victory over Goliath,1v 35v 68v,1v 35v 68v,,,,,,,,,,,,,,,,,,,,,,,,,,,,,
_deco_1,manuscript_1,,,"Cambridge, St John's College, MS K.49",manuscript,,MS-SJC-K-00049,,Rubrics in red ink.,rubrication,,,,,,,,,,,,,,,,,,,,,,,,,,,,,,,,
_deco_1,manuscript_1,,,"St John's College, MS D.24",manuscript,,SJC-MS-D-00004,,"Historiated initials depiciting scenes of medical treatment or daily life present at the beginning of some texts in the volume: On f. 23r, an initial M with a physician examining a large flask and a woman holding a basket. On f. 59v, an initial D with a physician examining a large flask. On f. 103r, an initial U with a physician examining a large flask standing next to a woman in bed, and another female figure (?a nurse) in the background. On f. 113r, an initial C depicting a surgical scene with a physician holding a knife and grasping the head of a man holding a bowl. On f. 167r, an initial D with a man and woman embracing eachother. All of the historiated initials are enclosed in blue and pink rectangular frames, with details added in white and orange-red, and the figures placed in the counterspaces on a gold ground. On f. 23r, an initial M with a physician examining a large flask and a woman holding a basket. On f. 59v, an initial D with a physician examining a large flask. On f. 103r, an initial U with a physician examining a large flask standing next to a woman in bed, and another female figure (?a nurse) in the background. On f. 113r, an initial C depicting a surgical scene with a physician holding a knife and grasping the head of a man holding a bowl. On f. 167r, an initial D with a man and woman embracing eachother.",histInit,,,,,,,,,,,,,,,,,,,,,,,,,,,,,,,,
_deco_1,manuscript_1,,,"Cambridge, St John's College, MS G.4",manuscript,,MS-SJC-G-00004,,Plain initials in red at the major and minor divisions of the text; some initials are a little more decorative at the more significant textual divisions and have elements of 'arabesque' flourishing.,plainInit,,,,,,,,,,,,,,,,,,,,,,,,,,,,,,,,
_deco_1,manuscript_1,,,"Cambridge, St John's College, MS D.3",part,,,,No significant decoration in this Part.,none,,,,,,,,,,,,,,,,,,,,,,,,,,,,,,,,
_deco_1,manuscript_1,,,,manuscript,,,,"At the top-right and bottom-right corners of the front cover, there appears a distinctive and unusual stitched quadrilateral pattern: this does not seem to have served any obvious practical function, and may have been decorative (although any decoration is, and would have been, hidden by the wrap-around cover).",,,,,,,,,,,,,,,,,,,,,,,,,,,,,,,,,
_deco_1,manuscript_1,,,"Cambridge, St John's College, MS D.4",part,,,,Plain initials in blue and occasionally in red at the major and minor divisions of the texts.,plainInit,,,,,,,,,,,,,,,,,,,,,,,,,,,,,,,,
_deco_1,manuscript_1,,,"Cambridge, St John's College, MS B.15",part,,,,Diagram in red ink of a lead plate with five crosses used for a charm to heal wounds on f. 1:23v.,diagram,,,,,,,,,,,,,,,,,,,,,,,,,,,,,,,,
_deco_1,manuscript_1,,,,manuscript,,,,"The Kalendar is illustrated with a roundel containing the Signs of the Zodiac for each month. The Hours of the Virgin begin with a large historiated initial with gold ground. Minor initials to the sections of the Hours are in gold, green, and brown. Four full page paintings with two scenes to a page follow on the versos of folios . Folio is occupied by the frontispiece to the Psalter, which consists of a magnificent B of interlaced work on gold ground framed in pink, gold and other colours, and edged with green. In the initial is a small David with harp. At the angles are medallions. At the top are two men playing fiddles of varying forms. At the bottom are two men seated speaking. The Psalter contains ten historiated initials. Each psalm and prayer has a gold initial with coloured fill. Line fillings are flourishes in blue or red.",,27-30; 31v,27v 31v,30v 31v,,,,,,,,,,,,,,,,,,,,,,,,,,,,,
_deco_1,manuscript_1,,,St John's College MS E.29,part,,,,Two-line initials in blue or red with penwork decoration and pen-flourishing in the opposite colour throughout.,flourInit,,,,,,,,,,,,,,,,,,,,,,,,,,,,,,,,
_deco_1,manuscript_1,,,"Cambridge, St John's College, MS E.6",part,,,,Large plain initials in blue or red ink.,colInit,,,,,,,,,,,,,,,,,,,,,,,,,,,,,,,,
_deco_1,manuscript_1,,,"Cambridge, Jesus College, MS Q.D.4",part,,,,"Flourished initials executed with a rather blunt pen in red and black at some of the major and minor divisions of the text, see e.g., f. 74r.",flourInit,,,,,,,,,,,,,,,,,,,,,,,,,,,,,,,,
_deco_1,manuscript_1,,,"Cambridge, Jesus College, MS Q.G.25",manuscript,,MS-JESUS-Q-G-00025,,"Drawings of a man or boy with a face on his belly, and two dogs playing with one another, in brown ink in the lower margin of f. 14r.",drawing,,,,,,,,,,,,,,,,,,,,,,,,,,,,,,,,
_deco_1,manuscript_1,,,"Cambridge, Jesus College, MS Q.D.2",part,,,,"No significant decoration in this Part. Spaces left for musical staves and neumes, but all are blank.",none,,,,,,,,,,,,,,,,,,,,,,,,,,,,,,,,
_deco_1,manuscript_1,,,"Cambridge, Jesus College, Q.G.23",manuscript,,MS-JESUS-Q-B-00023,,"In-text miniatures of medical instruments in colours on ff. 184v-185, 221v.",miniature,,,,,,,,,,,,,,,,,,,,,,,,,,,,,,,,
_deco_1,manuscript_1,,,"Cambridge, Jesus College, MS Q.B.10",manuscript,,MS-JESUS-Q-B-00010,,"A foliate interlace initial in white, yellow, red, green, and purple on f. 117v topped with a dragon. Major initials in red and green in the 'Arabesque' style on ff. 5r, 52r, and 125r at the other major divisisions of the texts.",decInit,,,,,,,,,,,,,,,,,,,,,,,,,,,,,,,,
_deco_1,manuscript_1,,,"Cambridge, Jesus College, MS Q.D.1",part,,,,"Large (2 lines) plain initials in red ink on ff. 56r, 57v, 58v, 59r, 59v.",plainInit,,,,,,,,,,,,,,,,,,,,,,,,,,,,,,,,
_deco_1,manuscript_1,,,"Cambridge, Jesus College, MS Q.G.12",manuscript,,MS-Q-G-00012,,Two large (3-line) initials in red ink on f. 1r.,colInit,,,,,,,,,,,,,,,,,,,,,,,,,,,,,,,,
_deco_1,manuscript_1,,,"Cambridge, Magdalene College, Pepys MS 1236",manuscript,,MS-MAGDALENE-PEPYS-01236,,A circular diagram representing a scientific instrucment drawn in brown ink on f. 94v.,diagram,,,,,,,,,,,,,,,,,,,,,,,,,,,,,,,,
_deco_1,manuscript_1,,,"Cambridge, Magdalene College, Pepys MS 878",manuscript,,MS-MAGDALENE-PEPYS-00878,,Small and large (1-2 lines) plain red initials.,colInit,,,,,,,,,,,,,,,,,,,,,,,,,,,,,,,,
_deco_1,manuscript_1,,,"Cambridge, Magdalene College, Pepys MS 1047",manuscript,,MS-MAGDALENE-PEPYS-01047,,Recipe headers have been written in red ink.,rubrication,,,,,,,,,,,,,,,,,,,,,,,,,,,,,,,,
_deco_1,manuscript_1,,,"Cambridge, Magdalene College, Pepys MS 1307",manuscript,,MS-MAGDALENE-PEPYS-01307,,Initials in red in the 'Lombardic Capitals' style at the major and minor divisions of the text.,plainInit,,,,,,,,,,,,,,,,,,,,,,,,,,,,,,,,
_deco_1,manuscript_1,,,"Cambridge, Magdalene College, Pepys MS 1661",part,,,,Large (2-line) plain initials in blue or red ink.,plainInit,,,,,,,,,,,,,,,,,,,,,,,,,,,,,,,,
_deco_1,manuscript_1,,,"Cambridge, Magdalene College, MS Pepys 911",part,,,,Flourished initials in red and blue (red intiials with blue pen flourishing or the reverse) at the minor divisions of the text.,flourInit,,,,,,,,,,,,,,,,,,,,,,,,,,,,,,,,
_deco_1,manuscript_1,,,"Cambridge, Pembroke College, MS 237",manuscript,,MS-PEMBROKE-00237,,"At the opening of the text, a three-line initial in blue, with infill and marginal flourishing in red, with rectilinear borders in red and blue in the left-hand margin (f. 1r). In the rest of the manuscript, three-line initials in blue, with infill and marginal flourishing in red.",flourInit,,,,,,,,,,,,,,,,,,,,,,,,,,,,,,,,
_deco_1,manuscript_1,,,"Cambridge, Pembroke College, MS 243",manuscript,,MS-PEMBROKE-00243,,"At the opening of the proheme, a large cadel in brown ink (f. 1r).",cadel,,,,,,,,,,,,,,,,,,,,,,,,,,,,,,,,
_deco_1,manuscript_1,,,"Cambridge, Pembroke College, MS 54",manuscript,,MS-PEMBROKE-00054,,"Large historiated initial E in gold, green and white, on a pink square ground with thin green border, filled with blue. God above the cross-bar, directing Joshua and people below. Joshua and God hold a scroll arranged diagonally, with an inscription written in red ink: 'Moyses seruus meus mortuus est; surge, transi Iordanem istum, tu et omnes populus tecum' (Ios. 1:1-2) (f. 4r).God above the cross-bar, directing Joshua and people below",histInit,,,,,,,,,,,,,,,,,,,,,,,,,,,,,,,,
_deco_1,manuscript_1,,,"Cambridge, Pembroke College, MS 120",part,,,,"Twelve full-page framed miniatures, usually divided into three or occasionally two registers, illustrating episodes from the life of Christ. Outlined in ink (same as used for the text) by a single hand, in the style of the 'Alexis Master' of the St Albans Psalter (Hildesheim, Dombibl. St Gotthard MS 1) and New York, Pierpont Morgan Library, MS M.736). New York, Pierpont Morgan Library, MS M.736 1. The Wicked Husbandman The Wicked Husbandman2. Cleansing of the Temple Cleansing of the Temple3. Miracle of the Loaves and Fishes Miracle of the Loaves and Fishes 4. Healing of the man born blind Healing of the man born blind5. The Woman taken in adultery The Woman taken in adultery6. Raising of Lazarus Raising of Lazarus 7. Parable of the Good Samaritan: a traveller attacked by robbers, a priest and a Levite pass by Parable of the Good Samaritan: a traveller attacked by robbers, a priest and a Levite pass by8. The Good Samartian tends the traveller's wounds, sets him on his mount and brings him to an inn The Good Samartian tends the traveller's woundssets him on his mount and brings him to an inn 9. Zachaeus in the fig tree Zachaeus in the fig tree 10. Christ disputing with the Jews, who stone him Christ disputing with the Jewswho stone him11. Parable of the guest without a wedding garment Parable of the guest without a wedding garment12. Entry into Jerusalem Entry into Jerusalem 13. The Last Supper The Last Supper14. Christ washes the disciples' feet Christ washes the disciples' feet15. The Betrayal The Betrayal 16. The Flagellation; Christ crowned with thorns The FlagellationChrist crowned with thorns17. Procession to Calvary; Simon bearing the Cross Procession to CalvarySimon bearing the Cross18. The Crucifixion The Crucifixion 19. The Deposition The Deposition20. The Entombment; the Jews ask Pilate for a guard The Entombmentthe Jews ask Pilate for a guard21. The soldiers asleep; Angel addressing the Women at the Sepulchre The soldiers asleepAngel addressing the Women at the Sepulchre 22. The Harrowing of Hell; Noli me tangere The Harrowing of HellNoli me tangere23. The Journey to Emmaus: Cleopas and Peter meet Christ, all dressed as pilgrims; Supper at Emmaus The Journey to Emmaus: Cleopas and Peter meet Christ, all dressed as pilgrimsSupper at Emmaus24. Cleopas and Peter returning from Emmaus; Inredulity of Thomas, who touches Christ's wound Cleopas and Peter returning from EmmausInredulity of Thomas, who touches Christ's wound 25. Christ seated at a table, four disciples bringing food (fish and honeycomb) (Luke 24:42); Lake Tiberias: Peter walking on the water towards Christ, Christ on the shore, directing the disciples Christ seated at a tablefour disciples bringing food (fish and honeycomb) (Luke 24:42)Peter walking on the water towards ChristChrist on the shore, directing the disciples26. Miraculous draught of fishes, Peter carrying the net ashore; Fish and bread laid on the fire Miraculous draught of fishes, Peter carrying the net ashoreFish and bread laid on the fire27. Christ on the mountain, disciples touching his feet (Matthew 28:16-19); Christ appears to the Eleven disciples at table (Mark 16:14) Christ on the mountain, disciples touching his feet (Matthew 28:16-19)Christ appears to the Eleven disciples at table (Mark 16:14) 28. The Ascension The Ascension29. The dance of Salome, the beheading of John the Baptist, his head presented on a platter at the banqueting table The dance of Salomethe beheading of John the Baptisthis head presented on a platter at the banqueting table 30. God and Christ as identical persons, enthroned, in a mandorla between cherubim God and Christ as identical persons, enthroned, in a mandorla between cherubim31. Pentecost Pentecost 32. Last Judgement Last Judgement",miniature,,,,,,,,,,,,,,,,,,,,,,,,,,,,,,,"New York, Pierpont Morgan Library, MS M.736",https://www.themorgan.org/manuscript/143847
_deco_1,manuscript_1,,,"Cambridge, Pembroke College, MS 56",manuscript,,MS-PEMBROKE-00056,,Bury style.,,,,,,,,,,,,,,,,,,,,,,,,,,,,,,,,,
_deco_1,manuscript_1,,,"Cambridge, Pembroke College, MS 258",part,,,,"Inhabited initial with faces amid floral and foliate motifs on f. 7r. Puzzle initial, red and brown on f. 9r.",decInit,,,,,,,,,,,,,,,,,,,,,,,,,,,,,,,,
_deco_1,manuscript_1,,,"Cambridge, Pembroke College, MS 301",manuscript,,MS-PEMBROKE-00301,,"Fifteen full-page Canon Tables at different stages of completion, comprising architectual frames in gold and Winchester-style foliage: the first eleven tables in a bright and soft palette, dominated by light blue, green, pink and yellow; the last four tables drawn in the same red ink as the previous tables, but only partially painted in dark blue, red, green and orange. 1v: column-style frame; Agnus Dei with cruciform halo, book and cross-tipped staff in top spandrel; four lower spandrels contain the Evangelists' symbols, winged and holding closed books, in the order: Luke, Matthew, John, Mark. 2r: medallion-style frame, with Winchester-style radiating foliage or interlace pattern; Christ in Majesty within a mandorla, holding closed book and blessing in top arch; two lower arches contain gesturing angels. 2v: medallion-style frame; the Virgin within a mandorla, holding closed book and a palm or sceptre, in top spandrel; two lower spandrels contain female saints, one with a cross and the other with a closed book. 3r: column-style frame; Archangel Michael at top with a staff or sceptre and a pair of scales, flanked by buildings. 3v: column-style frame; angel with a sceptre or staff, blowing trumpet, flanked by buildings. 4r: column-style frame, with small medallions halfway up and lion masks spewing foliage upwards and inwards in lower corners; St Peter (tonsured, with halo and key) at top, blessing and flanked by two saints carrying a sceptre and a scroll. 4v: column-style frame, with small medallions halfway up and lion masks spewing foliage upwards and inwards in lower corners; third column (Lucas) empty; tonsured and bearded saint (perhaps St Paul) holding and pointing at closed book at top, flanked by two saints, one holding a book with cross on it, the other presenting with covered hands a round gold object with two blue dots (the sacrament?). 5r: frame with small foliage and medallions; three equal arches contain three male saints: the first with fillet, cross-topped staff and closed book; the second with scroll and palm branch; the third with closed book. 5v: frame with small foliage and medallions; three qual arches contain three male saints: the first with cross-topped staff and closed book; the second with closed book; the third with sceptre and clsoed book. 6r: column-type frame, lion masks facing inwards at lower ends; dragons with interlaced tails in two outer arches; male saints with closed books in two inner arches. 6v: column-type frame, lion masks facing inwards at lower ends; lions in two outer arches; male saints with staff in two inner arches. 7r: gold arches with Winchester-style foliage, medallions and a blessing saint with closed book; the bases of central and both outer columns have pairs of addorsed lions biting each other's tails. 7v: gold arches with Winchester-style foliage, blessing saint and addorsed lions. 8r: column-style frame; two angels in upper arches: one with scroll; other with closed book. 8v: column-style frame; two angels in upper arches, one holding dish with round objects, the other in Orans pose. 1v: column-style frame; Agnus Dei with cruciform halo, book and cross-tipped staff in top spandrel; four lower spandrels contain the Evangelists' symbols, winged and holding closed books, in the order: Luke, Matthew, John, Mark.LukeMatthewJohnMark2r: medallion-style frame, with Winchester-style radiating foliage or interlace pattern; Christ in Majesty within a mandorla, holding closed book and blessing in top arch; two lower arches contain gesturing angels.Christ in Majesty 2v: medallion-style frame; the Virgin within a mandorla, holding closed book and a palm or sceptre, in top spandrel; two lower spandrels contain female saints, one with a cross and the other with a closed book.Virgin within a mandorla3r: column-style frame; Archangel Michael at top with a staff or sceptre and a pair of scales, flanked by buildings.Archangel Michael3v: column-style frame; angel with a sceptre or staff, blowing trumpet, flanked by buildings.4r: column-style frame, with small medallions halfway up and lion masks spewing foliage upwards and inwards in lower corners; St Peter (tonsured, with halo and key) at top, blessing and flanked by two saints carrying a sceptre and a scroll.4v: column-style frame, with small medallions halfway up and lion masks spewing foliage upwards and inwards in lower corners; third column (Lucas) empty; tonsured and bearded saint (perhaps St Paul) holding and pointing at closed book at top, flanked by two saints, one holding a book with cross on it, the other presenting with covered hands a round gold object with two blue dots (the sacrament?).5r: frame with small foliage and medallions; three equal arches contain three male saints: the first with fillet, cross-topped staff and closed book; the second with scroll and palm branch; the third with closed book.5v: frame with small foliage and medallions; three qual arches contain three male saints: the first with cross-topped staff and closed book; the second with closed book; the third with sceptre and clsoed book.6r: column-type frame, lion masks facing inwards at lower ends; dragons with interlaced tails in two outer arches; male saints with closed books in two inner arches.6v: column-type frame, lion masks facing inwards at lower ends; lions in two outer arches; male saints with staff in two inner arches.7r: gold arches with Winchester-style foliage, medallions and a blessing saint with closed book; the bases of central and both outer columns have pairs of addorsed lions biting each other's tails.7v: gold arches with Winchester-style foliage, blessing saint and addorsed lions.8r: column-style frame; two angels in upper arches: one with scroll; other with closed book.8v: column-style frame; two angels in upper arches, one holding dish with round objects, the other in Orans pose.",canonTable,,,,,,,,,,,,,,,,,,,,,,,,,,,,,,,,
_deco_1,manuscript_1,,,"Cambridge, Pembroke College, MS 72",part,,,,In Bury style.,,,,,,,,,,,,,,,,,,,,,,,,,,,,,,,,,
_deco_1,manuscript_1,,,"Cambridge, Pembroke College, MS 67",part,,,,"A large L outlined in the same ink as used for the text, intended for colouring but left unfilled, with the accompanying display script also lacking and presumably also intended to be coloured (f. 3r).",colInit,,,,,,,,,,,,,,,,,,,,,,,,,,,,,,,,
_deco_1,manuscript_1,,,"Cambridge, Pembroke College, MS 70",part,,,,"The opening word of the Gospel (Liber) is written in red capitals (f. 1r). Elsewhere, in the text, are small red initials, for a while highlighted in yellow, a few larger with ornament, one with green.",plainInit,,,,,,,,,,,,,,,,,,,,,,,,,,,,,,,,
_deco_1,manuscript_1,,,"Cambridge, Pembroke College, MS 16",manuscript,,MS-PEMBROKE-00016,,Decoration in the Bury style.,,,,,,,,,,,,,,,,,,,,,,,,,,,,,,,,,
_deco_1,manuscript_1,,,"Cambridge, Pembroke College, MS 28",manuscript,,MS-PEMBROKE-00028,,"Eleven- to thirteen-line initials in colours and gold, in 'Channel Style', with foliage, lions and birds, at the opening of the prologue and each book (ff. 1r (excised), 3r, 68v, 121r and 160r).",decInit,,,,,,,,,,,,,,,,,,,,,,,,,,,,,,,,
_deco_1,manuscript_1,,,"Cambridge, Pembroke College, MS 15",manuscript,,MS-PEMBROKE-00015,,"Zoomorphic initial I in the form of a dragon, in red, green, violet and gold, with heading in capitals in the same colours (f. 36r). dragon",decInit,,,,,,,,,,,,,,,,,,,,,,,,,,,,,,,,
_deco_1,manuscript_1,,,"Cambridge, Fitzwilliam Museum, MS 261",manuscript,,MS-FITZWILLIAM-00261,,"One full scatter border, including flovers, portcullises, a dragon and greyhound, in colours on a yellow (imitation gold) ground on f. 1r.",border,,,,,,,,,,,,,,,,,,,,,,,,,,,,,,,,
_deco_1,manuscript_1,,,"Cambridge, Fitzwilliam Museum, MS 38-1950",part,,,,Three large (2-3 lines) initials in brown ink decorated with cadels on f. ii recto.,cadel,,,,,,,,,,,,,,,,,,,,,,,,,,,,,,,,
_deco_1,manuscript_1,,,"Cambridge, Fitzwilliam Museum, MS McClean 166",manuscript,,MS-FITZWILLIAM-MCCLEAN-00166,,Folio : Unattached sample of acanthus leaf flourishing decoration next to a diagram illustrating the mechanics of a solar eclipse,miniature,38v,38v,38v,,,,,,,,,,,,,,,,,,,,,,,,,,,,,
_deco_1,manuscript_1,,,"Cambridge, Fitzwilliam Museum, Charles Fairfax Murray MS 17",manuscript,,MS-FITZWILLIAM-CHARLES-FAIRFAX-MURRAY-00017,,"Astrological diagrams (nativity charts) drawn in brown or red ink on ff. 8r, 55r, and 79r.",diagram,,,,,,,,,,,,,,,,,,,,,,,,,,,,,,,,
_deco_1,manuscript_1,,,"Cambridge, Fitzwilliam Museum, MS McClean 89",manuscript,,MS-FITZWILLIAM-MUSEUM-MCCLEAN-00089,,"Full-page miniatures all in rectangular frame swith rounded upper edges surrounded by foliate borders (please note that these descriptions are partially based on those by M.R. James): Folio 1v: Memoria de S. Trinitate. God the Father crowned, nimbed, and throned holds the crucified Jesus nimbed before him. The scene set in a paved room with two leaded lights. Folio 3v: Fifteen Oos. The crucifixion. Jesus nimbed on the cross, flanked by the two crucified thieves who hang with contorted limbs. Mary and John the Evangelist, both nimbed, stand belowFolio 9v: Prayer of Bede. A nimbed Pope in blue cope and blue tiara, holding patriarchal cross, a piece of wall behind and a landscape. Folio 33v: Matins of the Virgin. Annunciation scene. Mary nimbed and consulting a book in right of scene, an angel enters from without on left of scene holding scroll with text 'Aue Maria plena dominus tecum'. God the Father in sky above, breath of God indicated by gold rays and supporting a white dove flying toward Mary. Folio 39vLauds of the Virgin. The Visitation. Mary nimbed on left of scene. Elizabeth nimbed on right of scene emerges from a house.Folio 49v: Prime of the Virgin. Mary and Joseph in adoration of Jesus. In a garden or animal enclosure, the infant Jesus nimbed and rayed in the centre of the scene flanked by Mary nimbed and Joseph. A ray of light falls from the sky and touches the head of the infant Jesus. Joseph holds a candle and shelters the flame with his cloak. Two shepherds approach in the distance. Folio 52v: Tierce of the Virgin. Adoration of the magi. In a garden or animal enclosure with building in right background and landscape scenery in left background. Mary nimbed and seated on right of scene holds the nimbed infant Jesus. The three magi or kings cluster around Jesus in centre and left of scene, two crowned and holding golden orbs, one uncrowned and kneeling before Jesus.Folio 54v: Sext of the Virgin. The Flight into Egypt. Set in a rocky landscape with lake in the background. Mary nimbed and seated on donkey holds Jesus nimbed in one arm and holds a bowl out to Josep at right of scene standing at the head of the donkey. Folio 56v: Nones of the Virgin. The Resurrection. Jesus nimbed emerges from a stone tomb, holding patriarchal cross in left hand and raising right hand in benediction. Two soldiers, one at each end of the tomb. Landscape scene in background. Folio 58v: Verspers of the Virgin. The Assumption of Mary. Mary nimbed with hands clasped in prayer is carried into the sky by four angels with pink, green and blue wings. Landscape scenery below. Folio 60v: Compline of the Virgin. The Coronation of Mary. Interior scene with tiled floor and chequered walls. Mary nimbed kneels in left of scene before Jesus nimbed and throned on right of scene holding an orb and raising his right hand in benediction. A canopy behind the throne bears a banner with the word 'MARIA' written in gold. An angel hovers above Mary holding a crown. Folio 68v: Seven psalms. Landscape scene. Jesus nimbed and seated on a rainbow depicted in black and gold with his feet resting on a golden orb. Jesus has arms raised displaying the wounds in his hands, his fingertips touch a sword pointing toward his left ear and a spray of lilies emerging from his right ear. On earth below Mary and John the Evangelist, both nimbed, kneel facing one another. Three heads emerge from graves in the earth. Folio 81v: Office of the Dead. Interior scene. A coffin in the centre of the illustration covered in a blue pall with gold embroidery and flanked by two tall lit candles. Members of the clergy stand to the right of the coffin. Hooded figures in black approach the coffin through a door to the left, landscape scenery visible in the distance. Folio 97v: Commendations. Landscape scene. Two angels carry a white sling bearing a naked figure (a representation of a soul) to heaven. The clouds are parted above and a half-length Jesus nimbed, holding orb, and raising a hand in benediction gazes down at the soul flanked by two more angels. Folio 107v: Psalms of the Passion. Man of Sorrows with the arma christi. Landscape scene. Jesus nimbed and depicted as the Man of Sorrows sits up in his tomb, his arms crossed in front of his chest. The arma christi are represented by the cross, crown of thorns, pillar, sponge on stick, three nails and hammer, pincers, lantern, awl, rods. Folio 112v: Psalter of Saint Jerome. Interior scene. Jerome nimbed and wearing the red of a cardinal stands facing left before a low desk with two sloping faces, his hand on a book. A lion rests on a the tiled floor behind Jerome. Folio 125v: Salue Ihesu. Interior scene. Pope Gregory the Great nimbed and in blue chasuble kneels at altar on right of image on which stands Jesus in front of a tomb as the Man of Sorrows flanked by the arma christi. The arma christi are represented by the cross, crown of thorns, sponge on stick, three nails and hammer, lance, awl, rods. Two cardinals, stand behind Gregory, one wearing a galero and holding a book and a patriarchal cross, the other tonsured and holding a papal tiara. Folio 1v: Memoria de S. Trinitate. God the Father crowned, nimbed, and throned holds the crucified Jesus nimbed before him. The scene set in a paved room with two leaded lights. Folio 3v: Fifteen Oos. The crucifixion. Jesus nimbed on the cross, flanked by the two crucified thieves who hang with contorted limbs. Mary and John the Evangelist, both nimbed, stand belowFolio 9v: Prayer of Bede. A nimbed Pope in blue cope and blue tiara, holding patriarchal cross, a piece of wall behind and a landscape. Folio 33v: Matins of the Virgin. Annunciation scene. Mary nimbed and consulting a book in right of scene, an angel enters from without on left of scene holding scroll with text 'Aue Maria plena dominus tecum'. God the Father in sky above, breath of God indicated by gold rays and supporting a white dove flying toward Mary. 'Aue Maria plena dominus tecum'Folio 39vLauds of the Virgin. The Visitation. Mary nimbed on left of scene. Elizabeth nimbed on right of scene emerges from a house.Folio 49v: Prime of the Virgin. Mary and Joseph in adoration of Jesus. In a garden or animal enclosure, the infant Jesus nimbed and rayed in the centre of the scene flanked by Mary nimbed and Joseph. A ray of light falls from the sky and touches the head of the infant Jesus. Joseph holds a candle and shelters the flame with his cloak. Two shepherds approach in the distance. Folio 52v: Tierce of the Virgin. Adoration of the magi. In a garden or animal enclosure with building in right background and landscape scenery in left background. Mary nimbed and seated on right of scene holds the nimbed infant Jesus. The three magi or kings cluster around Jesus in centre and left of scene, two crowned and holding golden orbs, one uncrowned and kneeling before Jesus.Folio 54v: Sext of the Virgin. The Flight into Egypt. Set in a rocky landscape with lake in the background. Mary nimbed and seated on donkey holds Jesus nimbed in one arm and holds a bowl out to Josep at right of scene standing at the head of the donkey. Folio 56v: Nones of the Virgin. The Resurrection. Jesus nimbed emerges from a stone tomb, holding patriarchal cross in left hand and raising right hand in benediction. Two soldiers, one at each end of the tomb. Landscape scene in background. Folio 58v: Verspers of the Virgin. The Assumption of Mary. Mary nimbed with hands clasped in prayer is carried into the sky by four angels with pink, green and blue wings. Landscape scenery below. Folio 60v: Compline of the Virgin. The Coronation of Mary. Interior scene with tiled floor and chequered walls. Mary nimbed kneels in left of scene before Jesus nimbed and throned on right of scene holding an orb and raising his right hand in benediction. A canopy behind the throne bears a banner with the word 'MARIA' written in gold. An angel hovers above Mary holding a crown. Folio 68v: Seven psalms. Landscape scene. Jesus nimbed and seated on a rainbow depicted in black and gold with his feet resting on a golden orb. Jesus has arms raised displaying the wounds in his hands, his fingertips touch a sword pointing toward his left ear and a spray of lilies emerging from his right ear. On earth below Mary and John the Evangelist, both nimbed, kneel facing one another. Three heads emerge from graves in the earth. Folio 81v: Office of the Dead. Interior scene. A coffin in the centre of the illustration covered in a blue pall with gold embroidery and flanked by two tall lit candles. Members of the clergy stand to the right of the coffin. Hooded figures in black approach the coffin through a door to the left, landscape scenery visible in the distance. Folio 97v: Commendations. Landscape scene. Two angels carry a white sling bearing a naked figure (a representation of a soul) to heaven. The clouds are parted above and a half-length Jesus nimbed, holding orb, and raising a hand in benediction gazes down at the soul flanked by two more angels. Folio 107v: Psalms of the Passion. Man of Sorrows with the arma christi. Landscape scene. Jesus nimbed and depicted as the Man of Sorrows sits up in his tomb, his arms crossed in front of his chest. The arma christi are represented by the cross, crown of thorns, pillar, sponge on stick, three nails and hammer, pincers, lantern, awl, rods. arma christiarma christiFolio 112v: Psalter of Saint Jerome. Interior scene. Jerome nimbed and wearing the red of a cardinal stands facing left before a low desk with two sloping faces, his hand on a book. A lion rests on a the tiled floor behind Jerome. Folio 125v: Salue Ihesu. Interior scene. Pope Gregory the Great nimbed and in blue chasuble kneels at altar on right of image on which stands Jesus in front of a tomb as the Man of Sorrows flanked by the arma christi. The arma christi are represented by the cross, crown of thorns, sponge on stick, three nails and hammer, lance, awl, rods. Two cardinals, stand behind Gregory, one wearing a galero and holding a book and a patriarchal cross, the other tonsured and holding a papal tiara. arma christiarma christi",miniature,,,,,,,,,,,,,,,,,,,,,,,,,,,,,,,,
_deco_1,manuscript_1,,,"Cambridge, Fitzwilliam Museum, MS 51",manuscript,,MS-FITZWILLIAM-00051,,"Twenty-four full-page minatures framed in gold with full acanthus, floral, and spraywork borders. Folio 9v: Christ standing, blessing with open book, and flanked by angels.Folio 15v: Throne of Mercy.Folio 17v: St John the Baptist.Folio 19v: Martyrdom of St Thomas of Canterbury.Folio 21v: St George.Folio 23v: St Christopher.Folio 25v: St Anne with open book, Virgin and Child, and angel.Folio 27v: St Katherine of Alexandria.Folio 29v: St Mary Magdalene.Folio 31v: St Barbara.Folio 33v: St Margaret emerging from dragon in prayer directed at Christ above.Folio 35v: Agony in the Garden.Folio 41v: Arrest of Christ.Folio 52v: Christ before Pilate.Folio 56v: The Flagellation.Folio 59v: Christ carrying the Cross.Folio 62v: The Crucifixion.Folio 65v: The Deposition.Folio 67v: The Entombment.Folio 86v: The Last Judgement with the Virgin Mary and St John the Evangelist interceding.Folio 98v: A funeral service.Folio 114v: Souls carried to heaven by angels.Folio 124v: The Man of Sorrows with the instruments of the Passion.Folio 130v: St Jerome writing. Folio 9v: Christ standing, blessing with open book, and flanked by angels.Folio 15v: Throne of Mercy.Folio 17v: St John the Baptist.Folio 19v: Martyrdom of St Thomas of Canterbury.Folio 21v: St George.Folio 23v: St Christopher.Folio 25v: St Anne with open book, Virgin and Child, and angel.Folio 27v: St Katherine of Alexandria.Folio 29v: St Mary Magdalene.Folio 31v: St Barbara.Folio 33v: St Margaret emerging from dragon in prayer directed at Christ above.Folio 35v: Agony in the Garden.Folio 41v: Arrest of Christ.Folio 52v: Christ before Pilate.Folio 56v: The Flagellation.Folio 59v: Christ carrying the Cross.Folio 62v: The Crucifixion.Folio 65v: The Deposition.Folio 67v: The Entombment.Folio 86v: The Last Judgement with the Virgin Mary and St John the Evangelist interceding.Folio 98v: A funeral service.Folio 114v: Souls carried to heaven by angels.Folio 124v: The Man of Sorrows with the instruments of the Passion.Folio 130v: St Jerome writing.",miniature,,,,,,,,,,,,,,,,,,,,,,,,,,,,,,,,
_deco_1,manuscript_1,,,"Cambridge, Queens' College, MS 25",manuscript,,,,"Rectilinear border of gold, blue and pink, enclosing the text, with conventional foliage in blue, pink, white, green, orange and yellow, symmetrically arranged, and featherwork in black and green, terminating in conventional foliage, for the opening to the text (1r); for the other principal opening in the text (51r), a rectilinear border in the left margin of gold, pink and white, with conventional foliage in pink, blue, white, green, orange and yellow, and featherwork in green, black, gold and colours in the upper and lower margins.",border,,,,,,,,,,,,,,,,,,,,,,,,,,,,,,,,
_deco_1,manuscript_1,,,"Cambridge, Queens' College, MS 50",manuscript,,,,"Miniatures: Seven full-page framed miniatures with full or three-sided acanthus and spraywork border with half- or full-length angels and devotional figures: fol. 15v Hours of the Virgin, Matins, Annunciation fol. 56v Hours of the Eternal Wisdom, Christ among the Doctors fol. 81v Hours of the Holy Spirit, Pentecost, frame inscribed 'Veni sancta spiritus reple tuorum corda fidelium et tui amoris in eius igne et accende qui per diversitatem linguarum cunctarum gentes in unitate' fol. 102v Hours of the Cross, Betrayal, frame inscribed 'Christus passus est pro nobis' fol. 111v Penitential Psalms, David penitent, frame inscribed 'Miserere mei deus secundum magnam misericordiam tuam et secundum multitudinem miseracionum tuarum dele iniquitatem meam' fol. 135v Office of the Dead, Last Judgement, Christ’s head flanked by lily and sword, Virgin Mary and John the Baptist interceding for tonsured figure rising from grave fol. 182v Eucharistic Prayers, Christ washing St Peter’s feet. fol. 15v Hours of the Virgin, Matins, Annunciation fol. 56v Hours of the Eternal Wisdom, Christ among the Doctors fol. 81v Hours of the Holy Spirit, Pentecost, frame inscribed 'Veni sancta spiritus reple tuorum corda fidelium et tui amoris in eius igne et accende qui per diversitatem linguarum cunctarum gentes in unitate' fol. 102v Hours of the Cross, Betrayal, frame inscribed 'Christus passus est pro nobis' fol. 111v Penitential Psalms, David penitent, frame inscribed 'Miserere mei deus secundum magnam misericordiam tuam et secundum multitudinem miseracionum tuarum dele iniquitatem meam' fol. 135v Office of the Dead, Last Judgement, Christ’s head flanked by lily and sword, Virgin Mary and John the Baptist interceding for tonsured figure rising from grave fol. 182v Eucharistic Prayers, Christ washing St Peter’s feet.",miniature,,,,,,,,,,,,,,,,,,,,,,,,,,,,,,,,
_deco_1,manuscript_1,,,"Cambridge, Queens' College, MS 28",manuscript,,,,"Each service opening has a parti-coloured blue and red initial on an outer and inner burnished gold ground, with infill in pink, red and blue shaded in white, with a full or partial rectilinear border of gold, blue and pink shaded in white, and trefoils in the same colours as the infill (e.g. O, 1r; P, 19r; C, 130r).",decInit,,,,,,,,,,,,,,,,,,,,,,,,,,,,,,,,
_deco_1,manuscript_1,,,,manuscript,,,,"Large initials outlined in red ink, partly filled with red and blue. Opening initial on fol. 1 excised. Red, blue, or green plain coloured initials.",initials,,,,,,,,,,,,,,,,,,,,,,,,,,,,,,,,
_deco_1,manuscript_1,,,"Cambridge, Peterhouse, MS 139",part,,,,"Three- to seven-line puzzle initials in blue and red with penwork decoration inside the letter and pen-flourishing in both colours (ff. 1r [x2], 22r, 40r, 52v, 65v, 82v, 94v.",decInit,,,,,,,,,,,,,,,,,,,,,,,,,,,,,,,,
_deco_1,manuscript_1,,,,manuscript,,,,Folios 1r and 2r have red or blue initials flourished in the opposite colour.,flourInit,,,,,,,,,,,,,,,,,,,,,,,,,,,,,,,,
_deco_1,manuscript_1,,,"Cambridge, Peterhouse, MS 106",manuscript,,MS-PETERHOUSE-00106,,"Large (4-8 lines) puzzle initial in blue and red with red penwork decoration inside the letter featuring floral motifs and pen-flourishing in red (ff. 1r, 25r, 41r, 56r, 76v, 98r, 113v, 144r); except for one (f. 1r) which features a hybrid figure and a partial (1-sided) J-border in blue and red (ff. 1r)",decInit,,,,,,,,,,,,,,,,,,,,,,,,,,,,,,,,
_deco_1,manuscript_1,,,"Cambridge, Peterhouse, MS 95",part,,,,Coloured initials of the 'puzzle' type at major textual divisions.,colInit,,,,,,,,,,,,,,,,,,,,,,,,,,,,,,,,
_deco_1,manuscript_1,,,,manuscript,,MS-PET-075-I,,Horoscope with accompanying Latin text on fol. . Equatorium figures on fols (one) and (two),figure,64v; 73v; 74r,64v 73v 74r,64v 73v 74r,,,,,,,,,,,,,,,,,,,,,,,,,,,,,
_deco_1,manuscript_1,,,"Cambridge, Peterhouse, MS 87",manuscript,,MS-PETERHOUSE-00087,,Large (4-6 lines) initials in blue or red with frames of red penwork decoration.,colInit,,,,,,,,,,,,,,,,,,,,,,,,,,,,,,,,
_deco_1,manuscript_1,,,,manuscript,,MS-PETERHOUSE-00130,,"Large decorated initials, with foliage, men or beasts, outlined in red or ink of text, partly filled with red, blue and yellow.",,,,,,,,,,,,,,,,,,,,,,,,,,,,,,,,,
_deco_1,manuscript_1,,,"Cambridge, Peterhouse, MS 118",manuscript,,MS-PETERHOUSE-00118,,Two medical drawings in black ink and outlined in red ink within the text on f. 252r: one of the 'dura mater' and one of a knife called 'levatorie'.,diagram,,,,,,,,,,,,,,,,,,,,,,,,,,,,,,,,
_deco_1,manuscript_1,,,"Cambridge, Peterhouse, MS 247",part,,,,Puzzle initials (red and blue) at the beginning of each new text. Flourished initials with alternately red and blue grounds at major textual divisions flourished in the other colour.,flourInit,,,,,,,,,,,,,,,,,,,,,,,,,,,,,,,,
_deco_1,manuscript_1,,,"Cambridge, Peterhouse, MS 251",part,,,,No significant decorative features in this Part.,none,,,,,,,,,,,,,,,,,,,,,,,,,,,,,,,,
_deco_1,manuscript_1,,,"Cambridge, Peterhouse, MS 182",manuscript,,MS-PETERHOUSE-00182,,Large (2-8 lines) initials in red with decoration inside the letters; the major (8 lines) initial on f. 1r also features foliate pen-flourishing in brown ink; another one on f. 49v features a human faces drawn in red ink inside the letter.,colInit,,,,,,,,,,,,,,,,,,,,,,,,,,,,,,,,
_deco_1,manuscript_1,,,"Cambridge, Peterhouse, MS 168",manuscript,,MS-PETERHOUSE-00168,,"One large, 6-line puzzle initial in blue and red ink with penwork decoration in red ink (f. 1r)",colInit,,,,,,,,,,,,,,,,,,,,,,,,,,,,,,,,
_deco_1,manuscript_1,,,"Cambridge, Peterhouse, MS 222",part,,,,Extensive rubrication.,rubrication,,,,,,,,,,,,,,,,,,,,,,,,,,,,,,,,
_deco_1,manuscript_1,,,,manuscript,,,,Mostly undecorated; red initials. Several tabs are present.,,,,,,,,,,,,,,,,,,,,,,,,,,,,,,,,,
_deco_1,manuscript_1,,,"Cambridge, Peterhouse, MS 178",manuscript,,MS-PETERHOUSE-00178,,"Puzzle initial with additional flourishing at the opening of the volume on f. 1r and at the beginnings of occasional other texts throughout the volume. Flourished initials, e.g., 275v in red and blue at the major and minor divisions of the texts.",flourInit,,,,,,,,,,,,,,,,,,,,,,,,,,,,,,,,
_deco_1,manuscript_1,,,"Cambridge, Clare College, MS 12 ",part,,,,"Marginal illustrations as follows: 79r - a feline creature outlined in red and tinted with blue and anchored to an initial 'M' on the same page by a decorative tendril 80r - human faces incorporated into a spray border in the outer and lower margin extending from an initial 'Y' on the same page 80v - a naked human figure outlined in blue and holding their right knee in the outer margin and anchored to an initial 'A' (for 'arthetica', i.e., arthritic pain) on the same page by a decorative tendril 93vA dragon's head outlined in red with a decorative spray of red and blue flourishes emerging from its mouth into the lower margin and anchored to an initial 'S' on the same page by a decorative tendril 94v a man's head in profile outlined in red and anchored to an initial 'D' on the same page by a decorative tendril 96v - a ?feline creature outlined in red and tinted with ochre and green in the outer margin but enclosed within the matrix of an initial 'D' on the same page 100v - a bird outlined in red in the outer margin of the page, with beak open as if to peck a decorative flourish off an initial 'S' 101v - a dragon outlined in blue and incorporated into a decorative border in the outer and lower margin extending from an initial 'S' on the same page 79r - a feline creature outlined in red and tinted with blue and anchored to an initial 'M' on the same page by a decorative tendril80r - human faces incorporated into a spray border in the outer and lower margin extending from an initial 'Y' on the same page80v - a naked human figure outlined in blue and holding their right knee in the outer margin and anchored to an initial 'A' (for 'arthetica', i.e., arthritic pain) on the same page by a decorative tendril 93vA dragon's head outlined in red with a decorative spray of red and blue flourishes emerging from its mouth into the lower margin and anchored to an initial 'S' on the same page by a decorative tendril94v a man's head in profile outlined in red and anchored to an initial 'D' on the same page by a decorative tendril96v - a ?feline creature outlined in red and tinted with ochre and green in the outer margin but enclosed within the matrix of an initial 'D' on the same page 100v - a bird outlined in red in the outer margin of the page, with beak open as if to peck a decorative flourish off an initial 'S'101v - a dragon outlined in blue and incorporated into a decorative border in the outer and lower margin extending from an initial 'S' on the same page",miniature,,,,,,,,,,,,,,,,,,,,,,,,,,,,,,,,
_deco_1,manuscript_1,,,"Cambridge, Gonville and Caius College, MS 59/153",part,,,,No decorative features in this Part.,none,,,,,,,,,,,,,,,,,,,,,,,,,,,,,,,,
_deco_1,manuscript_1,,,"Cambridge, Gonville and Caius College, MS 230/116",part,,,,"Large (3 staves) blue initials on pp. 3, 345.",colInit,,,,,,,,,,,,,,,,,,,,,,,,,,,,,,,,
_deco_1,manuscript_1,,,"Cambridge, Gonville and Caius College, MS 176/97",part,,,,An astrological chart drawn in black in on p. 15.,diagram,,,,,,,,,,,,,,,,,,,,,,,,,,,,,,,,
_deco_1,manuscript_1,,,"Cambridge, Gonville and Caius College, MS 401/623",part,,,,Empty spaces for minor initials throughout this Part of the manuscript. No other notable decoration.,unfilled,,,,,,,,,,,,,,,,,,,,,,,,,,,,,,,,
_deco_1,manuscript_1,,,"Cambridge, Gonville and Caius College, MS 336/725",part,,,,Drawings of 20 jordans in black ink tained light green or blue in the margins of ff. 69r-69v.,miniature,,,,,,,,,,,,,,,,,,,,,,,,,,,,,,,,
_deco_1,manuscript_1,,,"Cambridge, Gonville and Caius College, MS 373/593",manuscript,,MS-GONVILLE-AND-CAIUS-00373-00593,,Decorative flourish at the end of the text on f. 92v with a decorative sketch of a shield bearing a heraldic device.,marginal,,,,,,,,,,,,,,,,,,,,,,,,,,,,,,,,
_deco_1,manuscript_1,,,"Cambridge, Gonville and Caius College, MS 204/110",part,,,,No notable decorative elements in this Part,none,,,,,,,,,,,,,,,,,,,,,,,,,,,,,,,,
_deco_1,manuscript_1,,,"Cambridge, Gonville and Caius College, MS 451/392",part,,,,Two-line and one-line initials in red ink throughout.,colInit,,,,,,,,,,,,,,,,,,,,,,,,,,,,,,,,
_deco_1,manuscript_1,,,"Cambridge, Gonville and Caius College, MS 178/211",part,,,,One header rubricated in red ink on f. [ii] recto.,rubrication,,,,,,,,,,,,,,,,,,,,,,,,,,,,,,,,
_deco_1,manuscript_1,,,"Cambridge, Gonville and Caius College, MS 159/209",part,,,,No significant decoration in this Part.,none,,,,,,,,,,,,,,,,,,,,,,,,,,,,,,,,
_deco_1,manuscript_1,,,"Cambridge, Gonville and Caius College, MS 345/620",part,,,,"Flourished initials in red, blue and occasionally violet (ff. 1r-46r) and then red only or red and black (ff. 46v-77v) at the major and minor divisions of the texts.",flourInit,,,,,,,,,,,,,,,,,,,,,,,,,,,,,,,,
_deco_1,manuscript_1,,,"Cambridge, Gonville and Caius College, 803/807, no.
                            57",manuscript,,MS-GONVILLE-AND-CAIUS-00803-00807-00057,,Red 'lombardic' capitals with blue flourishing (and the reverse) at the start of each line of text.,flourInit,,,,,,,,,,,,,,,,,,,,,,,,,,,,,,,,
_deco_1,manuscript_1,,,"Cambridge, Gonville and Caius College, MS 400/729",part,,,,"Seven- to ten-line initials in gold, red, green and blue with foliate motifs at the beginning of each text (ff. 5v, 35r, 76r, 84r, 90v).",colInit,,,,,,,,,,,,,,,,,,,,,,,,,,,,,,,,
_deco_1,manuscript_1,,,"Cambridge, Gonville and Caius College, MS 407/413",part,,,,"Small sketch of a bust in profile in ink in the inner margin of f. i verso, now badly damaged.",marginal,,,,,,,,,,,,,,,,,,,,,,,,,,,,,,,,
_deco_1,manuscript_1,,,"Cambridge, Gonville and Caius College, MS 190/223",part,,,,"ff. 1v: Diagram of an eye. ff. 2r-4r: Five full page anatomical diagrams of male figures (s.c. 'Five-Figure Series' or 'Fünfbilderserie'). ff. 4v-6r: Full page diagrams of male reproductive system, internal organs, female reproductive system, and eyes and brain. The diagrams on ff. 2r-6r appear often together as a set of images known as the 'Nine-System Figure Series' (See T. McCall (2016) 1-22). ff. 6v: A diagram illustrative of the connections between the four classical elements (fire, air, water, earth) with Aristotelian (dry, humid, hot, cold) and Platonic (mobile/immobile, thin/stout, and sharp/blunt) properties, including a sketch of the numeric elements of Platonic Lambda diagram.",diagram,,,,,,,,,,,,,,,,,,,,,,,,,,,,,,,,
_deco_1,manuscript_1,,,"Cambridge, Gonville and Caius College, MS 181/214",part,,,,Parts of a red initial T with blue flourishing visible on both strips.,flourInit,,,,,,,,,,,,,,,,,,,,,,,,,,,,,,,,
_deco_1,manuscript_1,,,"Cambridge, Gonville and Caius College, MS 98/50",part,,,,Large brown initials.,plainInit,,,,,,,,,,,,,,,,,,,,,,,,,,,,,,,,
_deco_1,manuscript_1,,,"Cambridge, Gonville and Caius College, MS 366/588",part,,,,Two and three-line initials in red.,colInit,,,,,,,,,,,,,,,,,,,,,,,,,,,,,,,,
_deco_1,manuscript_1,,,"Cambridge, Gonville and Caius College, MS 84/166",part,,,,Large (2- or 5-/6- line) initials in red ink.,colInit,,,,,,,,,,,,,,,,,,,,,,,,,,,,,,,,
_deco_1,manuscript_1,,,"Cambridge, Gonville and Caius College, MS 379/599",part,,,,"Initials in red, Lombardic Capital forms, 1-3 lines high at the start of each significant section of text, typically 3-10 per leaf.",colInit,,,,,,,,,,,,,,,,,,,,,,,,,,,,,,,,
_deco_1,manuscript_1,,,"Cambridge, Gonville and Caius College, MS 200/106",part,,,,Three in-text drawings in red ink illustrating how to cut vines on f. 153.,diagram,,,,,,,,,,,,,,,,,,,,,,,,,,,,,,,,
_deco_1,manuscript_1,,,"Cambridge, Gonville and Caius College, MS 97/49",part,,,,6-line initial with penwork flourishing on f. 1r. Two and three line initials alternating in red and blue with penwork flourishing in the other colour throught the volume.,flourInit,,,,,,,,,,,,,,,,,,,,,,,,,,,,,,,,
_deco_1,manuscript_1,,,"Cambridge, Gonville and Caius College, MS 328/715",part,,,,One partial (3-sided) 'J' border in blue and red ink on f. 1r.,border,,,,,,,,,,,,,,,,,,,,,,,,,,,,,,,,
_deco_1,manuscript_1,,,"Cambridge, Gonville and Caius College, MS 147/197",part,,,,"Two-line initials alternately in blue and red, with penwork decoration and pen-flourishing in the opposite colour.",flourInit,,,,,,,,,,,,,,,,,,,,,,,,,,,,,,,,
_deco_1,manuscript_1,,,,manuscript,,MS-SIDNEYSUSSEX-00095,,1r Initial outline in ink of a monk kneeling to the crowned Virgin; Christ as a child on her knee blessing him.,initial,,,,,,,,,,,,,,,,,,,,,,,,,,,,,,,,
_deco_1,manuscript_1,,,"Cambridge, Sidney Sussex College, MS 51",part,,,,Plain initials in red at the major and minor divisions of the texts.,plainInit,,,,,,,,,,,,,,,,,,,,,,,,,,,,,,,,
_deco_1,manuscript_1,,,"Cambridge, Sidney Sussex College, MS 85",manuscript,,MS-SIDNEYSUSSEX-00085,,"Drawing of a dragon in red ink, serving a textual symbol, on f. 223r.",drawing,,,,,,,,,,,,,,,,,,,,,,,,,,,,,,,,
_deco_1,manuscript_1,,,"Cambridge, Sidney Sussex College, MS 58",manuscript,,MS-SIDNEYSUSSEX-00058,,"Large (4-line) initials in blue or purple in frames with gold grounds and acanthus leaves in colours and gold bar borders with fowers in colours and gold on ff. 1r [full borders], 11r [3-sided borders], 28r [3-sided borders], 36v [3-sided borders], 42v [3-sided borders] 45r [3-sided borders], 54r [full borders].",decInit,,,,,,,,,,,,,,,,,,,,,,,,,,,,,,,,
_deco_1,manuscript_1,,,,manuscript,,MS-00002,,"1r Nine-line initial U depicting Archbishop Rotherham in pontifical vestments with pallium and archiepiscopal cross. Above initial, motto: Da te deo.",initial,,,,,,,,,,,,,,,,,,,,,,,,,,,,,,,,
_deco_1,manuscript_1,,,"Cambridge, Newnham College, MS 4",manuscript,,MS-NEWNHAM-00004,,"An eagle displayed drawn in dark ink with a Lombard letter 'L' in red ink on its chest, standing on a green mound, drawn in the lower margins of ff. 1r, 35r, 68v, and 98v (probably a heraldic badge or rebus: see the Provenance section for possible interpretations).",drawing,,,,,,,,,,,,,,,,,,,,,,,,,,,,,,,,
_deco_10,manuscript_1,,,"Cambridge, Emmanuel College, MS 69",manuscript,,MS-EMMANUEL-COLLEGE-00069,,Underlining in red ink.,other,,,,,,,,,,,,,,,,,,,,,,,,,,,,,,,,
_deco_10,manuscript_1,,,,part,,,,"Two-line puzzle initial in red and blue, with internal void decoration, enclosing animal grosteque in red ink, and supporting marginal flourishing in red and blue ink. One-line initials, alternating in red or blue, with contrasting penwork infill and marginal flourishing in blue or red.",flourInit,,,,,,,,,,,,,,,,,,,,,,,,,,,,,,,,
_deco_10,manuscript_1,,,"Cambridge, University Library, MS Ee.2.29",part,,,,Underlining in brown ink.,other,,,,,,,,,,,,,,,,,,,,,,,,,,,,,,,,
_deco_10,manuscript_1,,,,manuscript,,MS-II-00006-00032,,", Christ",miniature,41v,41v,41v,,,,,,,,,,,,,,,,,,,,,,,,,,,,,
_deco_10,manuscript_1,,,,part,,,,"'Elaborate programmatic coloured script decorations, by the same hand (see Brown (1996), pp. 65-67).",other,,,,,,,,,,,,,,,,,,,,,,,,,,,,,,,,
_deco_10,manuscript_1,,,"Cambridge, University Library, MS Ee.3.59",manuscript,,MS-EE-00003-00059,,": Brithwold announces his dream. Edward as a young man, praying before an altar.",miniature,8r,8r,8r,,,,,,,,,,,,,,,,,,,,,,,,,,,,,
_deco_10,manuscript_1,,,,part,,,,"There are foliage initials (11-20 lines) in blue, rose and burnished gold, as on page 355, page 362, page 406, page 451 and page 497.",initial,,,,,,,,,,,,,,,,,,,,,,,,,,,,,,,,
_deco_10,manuscript_1,,,"Cambridge, University Library, MS Kk.6.30",part,,,,Paraph marks in red.,other,,,,,,,,,,,,,,,,,,,,,,,,,,,,,,,,
_deco_10,manuscript_1,,,MS Gg.6.42,part,,,,"Two full-page drawings tinted in brown, pink and yellow; framed in pink: 5r: , bearing stigmata, standing on a hillock with a younger friar. Both are barefoot, dressed in cowls, cord at waist, and carrying books.St FrancisFrancis, of Assisi, Saint, 1182–1226 5v: Two Dominicans, the bearded one presumably . Both wear hooded cloaks and walk with staffs, one T-shaped and the other with a curved top.St DominicDominic, Saint, 1170–1221 5r: , bearing stigmata, standing on a hillock with a younger friar. Both are barefoot, dressed in cowls, cord at waist, and carrying books.St FrancisFrancis, of Assisi, Saint, 1182–1226St FrancisFrancis, of Assisi, Saint, 1182–12265v: Two Dominicans, the bearded one presumably . Both wear hooded cloaks and walk with staffs, one T-shaped and the other with a curved top.St DominicDominic, Saint, 1170–1221St DominicDominic, Saint, 1170–1221Zutshi dated the drawings stylistically to the middle of the thirteenth century, drawing attention to the lack of a nimbus as evidence of an earlier date and English influence. He argued that the insertion is a direct response to the surrounding text, against Little (p. 41), who saw no connection. ZutshiLittle (p. 41)Nigel Morgan suggested that the artist was directly acquainted with the earlier work of at Matthew ParisParis, Matthew, –1259 and dated the page to the 1240s; St Albans AbbeySt Albans, Benedictine abbeySuzanne Lewis supported this view. Zutshi compared the iconography to a wider range of contemporary examples and did not argue for a connection to St Albans in particular. Nigel Morganwas directly acquaintedMatthew ParisParis, Matthew, –1259St Albans AbbeySt Albans, Benedictine abbeySuzanne LewisZutshi",miniature,,,,,,,,,,,,,,,,,,,,,,,,"St Francis; Francis, of Assisi, Saint, 1182–1226; St Dominic; Dominic, Saint, 1170–1221; Matthew Paris; Paris, Matthew, –1259",,"St Albans Abbey; St Albans, Benedictine abbey",,,,Zutshi; Little (p. 41); Nigel Morgan; Suzanne Lewis; Zutshi,,
_deco_10,manuscript_1,,,"Cambridge, University Library, MS Dd.8.12",part,,,,"Pen-flourished initials (blue initial, red flourishing) for the first lemma beginning with a new letter of the alphabet; due to the number of lemma beginning with 'A' the first lemma in each new pair of initals ('aa' 'ab' 'ac' etc.,) is distinguised with a flourished initial.",flourInit,,,,,,,,,,,,,,,,,,,,,,,,,,,,,,,,
_deco_10,manuscript_1,,,"Cambridge, University Library, MS Ff.6.51",part,,,,Paraphs alternatively in blue and red.,other,,,,,,,,,,,,,,,,,,,,,,,,,,,,,,,,
_deco_10,manuscript_1,,,"Cambridge, University Library, MS Add. 3120",part,,,,"A drawing of a hare in brown ink higlighted in yellow, illustrating a recipe including ingredients taken from the hare to remedy rabies caused by a dog's bite in the outer margin of f. 101r.",other,,,,,,,,,,,,,,,,,,,,,,,,,,,,,,,,
_deco_10,manuscript_1,,,,manuscript,,MS-ADD-04126,,: Flight into Egypt (Vespers),miniature,57r,57r,57r,,,,,,,,,,,,,,,,,,,,,,,,,,,,,
_deco_10,manuscript_1,,,"Cambridge, University Library, MS Add. 4085",manuscript,,MS-ADD-04085,,"ff. , , , , , , and elsewhere: people, animals and grotesques, often interacting with one another",border,7v; 9r; 10r; 14v; 22r; 54v; 58r,7v 9r 10r 14v 22r 54v 58r,7v 9r 10r 14v 22r 54v 58r,,,,,,,,,,,,,,,,,,,,,,,,,,,,,
_deco_10,manuscript_1,,,,manuscript,,MS-NN-00004-00001,,"Border decoration: Various borders framing miniature and text-pages at major divisions and often containing Robert de Clercq’s initials (, , , , ), his coat of arms and/or motto ‘Sperans gaudebo’ (, , , , , , , 102v); architectural designs outlined in gold ink on brown ground (, , ); precious stones and jewellery on violet or pink ground (, ); oak branches, animals, birds, berries and grotesques executed in brown-gold ink on green or blue ground, or in green and gold-brown ink on plain parchment (, , ); tromp l’oeil borders (, , , , , , , ); landscape with birds ()",border,33; 45v; 46; 97v; 101v; 4v; 5; 17v; 36v; 45v; 46v; 69v; 5; 46v; 102v; 17v; 69v; 33; 46; 101v; 36v; 37; 70a; 79v; 80; 97v; 98; 102; 45v,33r 45v 46r 97v 101v 4v 5r 17v 36v 45v 46v 69v 5r 46v 102v 17v 69v 33r 46r 101v 36v 37r 70a(r) 79v 80r 97v 98r 102r 45v,33r 45v 46r 97v 101v 4v 5r 17v 36v 45v 46v 69v 5r 46v 102v 17v 69v 33r 46r 101v 36v 37r 70a(r) 79v 80r 97v 98r 102r 45v,,,,,,,,,,,,,,,,,,,,,,,,,,,,,
_deco_10,manuscript_1,,,"Cambridge, University Library, MS Dd.8.19",part,,,,"Running headers in upper margins of 1r-14r, and 95r-128v, headers in columns indicating a change in speaker ('Confessor' and 'Amans'), and Latin verses, glosses, incipits and explicits rubricated in red ink.",rubrication,,,,,,,,,,,,,,,,,,,,,,,,,,,,,,,,
_deco_10,manuscript_1,,,"Cambridge, University Library, MS Dd.10.44",part,,,,Paraphs in blue or red ink.,other,,,,,,,,,,,,,,,,,,,,,,,,,,,,,,,,
_deco_10,manuscript_1,,,"Cambridge, University Library, MS Ii.6.5",part,,,,Line fillers in red in a loose foliate style on f. 120r.,lineFill,,,,,,,,,,,,,,,,,,,,,,,,,,,,,,,,
_deco_10,manuscript_1,,,"Cambridge, University Library, MS Ii.6.39",part,,,,Line fillers in blue or/and red ink.,lineFill,,,,,,,,,,,,,,,,,,,,,,,,,,,,,,,,
_deco_10,manuscript_1,,,"Cambridge, University Library, MS Dd.5.53",part,,,,Large (2- to 6-line) plain initials in red ink.,plainInit,,,,,,,,,,,,,,,,,,,,,,,,,,,,,,,,
_deco_10,manuscript_1,,,"Cambridge, University Library, MS Dd.11.45",part,,,,One large (5-line) initial in red ink within a frame of brown ink on f. 145r.,colInit,,,,,,,,,,,,,,,,,,,,,,,,,,,,,,,,
_deco_10,manuscript_1,,,"Cambridge, Trinity College, MS R.14.41",part,,,,Small (1 line) regular initials highlighted with red ink.,other,,,,,,,,,,,,,,,,,,,,,,,,,,,,,,,,
_deco_10,manuscript_1,,,"Cambridge, Trinity College, MS O.2.13",part,,,,Regular initials in brown ink highlighted with red ink throughout.,other,,,,,,,,,,,,,,,,,,,,,,,,,,,,,,,,
_deco_10,manuscript_1,,,"Cambridge, Trinity College, MS O.7.20",part,,,,Underlining in red ink.,other,,,,,,,,,,,,,,,,,,,,,,,,,,,,,,,,
_deco_10,manuscript_1,,,"Cambridge, Trinity College, MS R.14.44",part,,,,Paraphs in red ink.,other,,,,,,,,,,,,,,,,,,,,,,,,,,,,,,,,
_deco_10,manuscript_1,,,"Cambridge, Trinity College, MS O.9.10",manuscript,,MS-TRINITY-COLLEGE-O-00009-00010,,"Large (3-4 lines) puzzle initials in blue and red with penwork decoration in red ink at the beginning of new texts or major divisions throughout (but not on ff. 50r-88v and 121r-143v, which do not feature the use of blue ink).",flourInit,,,,,,,,,,,,,,,,,,,,,,,,,,,,,,,,
_deco_10,manuscript_1,,,"Cambridge, Trinity College, MS O.8.2",part,,,,Headings and explicits written in red ink in the margins (perhaps indicating that these were added after the manuscript's main contents were written).,rubrication,,,,,,,,,,,,,,,,,,,,,,,,,,,,,,,,
_deco_10,manuscript_1,,,"Cambridge, Trinity College, MS O.1.57",part,,,,A IHS monogram in large letters (Gothic Textualis) outlined in dark and red ink on f. 2:126v.,colInit,,,,,,,,,,,,,,,,,,,,,,,,,,,,,,,,
_deco_10,manuscript_1,,,"Cambridge, Trinity College, MS B.14.19",part,,,,"A ""J""-border in blue and red ink in the inner margin of f. 164r.",border,,,,,,,,,,,,,,,,,,,,,,,,,,,,,,,,
_deco_10,manuscript_1,,,"Cambridge, Trinity College, MS O.1.65",part,,,,Regular initials highlighted with red ink.,other,,,,,,,,,,,,,,,,,,,,,,,,,,,,,,,,
_deco_10,manuscript_1,,,"Cambridge, Trinity College, MS R.14.29",part,,,,Large (2-3 lines) plain red initials.,colInit,,,,,,,,,,,,,,,,,,,,,,,,,,,,,,,,
_deco_10,manuscript_1,,,"Cambridge, Trinity College, MS O.8.31",part,,,,"Spaces left for minor initials at the start of most lemma, see e.g., 'ariofilatum' on f. 176v under the head word 'gariofilatum'.",unfilled,,,,,,,,,,,,,,,,,,,,,,,,,,,,,,,,
_deco_10,manuscript_1,,,"Cambridge, Trinity College, MS O.9.37",manuscript,,MS-TRINITY-COLLEGE-O-00009-00037,,Underlining in red ink.,other,,,,,,,,,,,,,,,,,,,,,,,,,,,,,,,,
_deco_10,manuscript_1,,,"Cambridge, Trinity College, MS O.1.13",part,,,,Underlining in red ink.,other,,,,,,,,,,,,,,,,,,,,,,,,,,,,,,,,
_deco_10,manuscript_1,,,"Cambridge, King's College, MS 16",part,,,,Paraphs in blue or red ink.,other,,,,,,,,,,,,,,,,,,,,,,,,,,,,,,,,
_deco_10,manuscript_1,,,"Cambridge, Corpus Christi College, MS 405",part,,,,Marginal doodle (of a flourished letter 'A'?) in red and black in the lower margin of f. 80v,,,,,,,,,,,,,,,,,,,,,,,,,,,,,,,,,
_deco_10,manuscript_1,,,"Cambridge, St John's College, MS D.4",part,,,,"Marginal diagram of a womb in the outer margin of f. 153r; the diagram accompanies Muscio's Gynaecia, which has a cycle of images common to several copies of the text, but the diagram in St John's College MS D.4 represents an extreme simplification of the typical diagram. No other diagrams accompany the text. Gynaecia",marginal,,,,,,,,,,,,,,,,,,,,,,,,,,,,,,,,
_deco_10,manuscript_1,,,"Cambridge, St John's College, MS B.15",part,,,,Line-fillers in red ink.,lineFill,,,,,,,,,,,,,,,,,,,,,,,,,,,,,,,,
_deco_10,manuscript_1,,,"Cambridge, St John's College, MS E.6",part,,,,Two large circula star diagrams in brown ink on ff. 24v-25r.,diagram,,,,,,,,,,,,,,,,,,,,,,,,,,,,,,,,
_deco_10,manuscript_1,,,"Cambridge, Magdalene College, Pepys MS 1661",part,,,,Paraphs in blue or red ink.,other,,,,,,,,,,,,,,,,,,,,,,,,,,,,,,,,
_deco_10,manuscript_1,,,"Cambridge, Pembroke College, MS 258",part,,,,Flourished initials in red at the major and minor divisions of the text ff. 58r-90v.,flourInit,,,,,,,,,,,,,,,,,,,,,,,,,,,,,,,,
_deco_10,manuscript_1,,,"Cambridge, Fitzwilliam Museum, MS 261",manuscript,,MS-FITZWILLIAM-00261,,Underlining of text in red ink.,other,,,,,,,,,,,,,,,,,,,,,,,,,,,,,,,,
_deco_10,manuscript_1,,,"Cambridge, Fitzwilliam Museum, MS 38-1950",part,,,,Small (1 line) initials alternating between blue and pink with foliate motifs inside their letters in the opposite colour and orange edges inside gold frames at the beginning of psalm verses.,flourInit,,,,,,,,,,,,,,,,,,,,,,,,,,,,,,,,
_deco_10,manuscript_1,,,"Cambridge, Peterhouse, MS 247",part,,,,Paraph marks in red and blue throughout this Part.,paraph,,,,,,,,,,,,,,,,,,,,,,,,,,,,,,,,
_deco_10,manuscript_1,,,"Cambridge, Peterhouse, MS 251",part,,,,Paraph marks separating the minor divisions of the text in red or blue.,other,,,,,,,,,,,,,,,,,,,,,,,,,,,,,,,,
_deco_10,manuscript_1,,,"Cambridge, Peterhouse, MS 222",part,,,,Plain initials in red at the minor divisions of the text.,plainInit,,,,,,,,,,,,,,,,,,,,,,,,,,,,,,,,
_deco_10,manuscript_1,,,"Cambridge, Clare College, MS 12 ",part,,,,Paraph marks in red or blue to separate minor sections of text.,other,,,,,,,,,,,,,,,,,,,,,,,,,,,,,,,,
_deco_10,manuscript_1,,,"Cambridge, Gonville and Caius College, MS 336/725",part,,,,Underlining in red ink; but also in blue ink on f. 82r.,other,,,,,,,,,,,,,,,,,,,,,,,,,,,,,,,,
_deco_10,manuscript_1,,,"Cambridge, Gonville and Caius College, MS 451/392",part,,,,Initials highlighted in red ink.,other,,,,,,,,,,,,,,,,,,,,,,,,,,,,,,,,
_deco_10,manuscript_1,,,"Cambridge, Gonville and Caius College, MS 159/209",part,,,,Paraph marks in red.,other,,,,,,,,,,,,,,,,,,,,,,,,,,,,,,,,
_deco_10,manuscript_1,,,"Cambridge, Gonville and Caius College, MS 345/620",part,,,,Decorative acanthus-leaf line fills in brown ink on f. 102v.,lineFill,,,,,,,,,,,,,,,,,,,,,,,,,,,,,,,,
_deco_10,manuscript_1,,,"Cambridge, Gonville and Caius College, MS 181/214",part,,,,Guide letters for major and minor initals present within the matrix of the initial.,instructions,,,,,,,,,,,,,,,,,,,,,,,,,,,,,,,,
_deco_10,manuscript_1,,,"Cambridge, Gonville and Caius College, MS 84/166",part,,,,Large (2 lines) initials in red ink.,colInit,,,,,,,,,,,,,,,,,,,,,,,,,,,,,,,,
_deco_10,manuscript_1,,,"Cambridge, Gonville and Caius College, MS 379/599",part,,,,"Puzzle initials in red and blue and with pen-flourished decoration at the openings of major sections of text or new texts, e.g., f. 57r. Pen-flourished initials in red and blue, either a red initial with blue flourishing or the reverse at the openings of minor sections of text, typically 3-5 per page.",flourInit,,,,,,,,,,,,,,,,,,,,,,,,,,,,,,,,
_deco_10,manuscript_1,,,"Cambridge, Gonville and Caius College, MS 200/106",part,,,,"Small, one-line initials highlighted in red ink.",other,,,,,,,,,,,,,,,,,,,,,,,,,,,,,,,,
_deco_10,manuscript_1,,,"Cambridge, Sidney Sussex College, MS 85",manuscript,,MS-SIDNEYSUSSEX-00085,,"Paraphs in red ink, but from from f. 134r alternatively in blue or red ink. Human faces drawn in brown or red ink marking sections of text, including notes in the lower margin of ff. 117r, 211v; and sections on the page in the outer margins of ff. 195v [3x], 196v [1x], and 219v [1x]. Run-over symbols in red (e.g. see f. 12v, 55r) or frames in brown ink (f. 157v). Catchwords surmounted by red dots and written inside frames of brown or red ink. Manicules drawn in margins in brown or red ink or in leadpoint; one featuring with a human face (f. 219v). A tear and sewing thread in f. 28 accentuated with red ink on both sides of the page.",other,,,,,,,,,,,,,,,,,,,,,,,,,,,,,,,,
_deco_10,manuscript_1,,,"Cambridge, Newnham College, MS 4",manuscript,,MS-NEWNHAM-00004,,The texts on ff. 104v-109v were added at a later stage and feature less decorative elements than the text on ff. 1r-104r. They include initials at the beginning of verse lines that are highlighted in red ink; rubrics in red ink; lines in red ink that connect pairs of verse lines (couplets); and line-fillers consisting of red horizontal wavy lines. There is also a small guide letter in red ink ('m') for an uncompleted decorated initial (3-line height) on f. 104v.,,,,,,,,,,,,,,,,,,,,,,,,,,,,,,,,,
_deco_11,manuscript_1,,,"Cambridge, Emmanuel College, MS 69",manuscript,,MS-EMMANUEL-COLLEGE-00069,,Crosses in charms drawn in red ink.,other,,,,,,,,,,,,,,,,,,,,,,,,,,,,,,,,
_deco_11,manuscript_1,,,,part,,,,"Line-fillers comprising geometric and zoomorphic designs, executed in red and blue.",lineFill,,,,,,,,,,,,,,,,,,,,,,,,,,,,,,,,
_deco_11,manuscript_1,,,"Cambridge, University Library, MS Ee.2.29",part,,,,Large (2-3 lines) initials in red ink.,colInit,,,,,,,,,,,,,,,,,,,,,,,,,,,,,,,,
_deco_11,manuscript_1,,,,manuscript,,MS-II-00006-00032,,", Ascension.",miniature,85v,85v,85v,,,,,,,,,,,,,,,,,,,,,,,,,,,,,
_deco_11,manuscript_1,,,,part,,,,Abbreviation signs often touched with yellow.,other,,,,,,,,,,,,,,,,,,,,,,,,,,,,,,,,
_deco_11,manuscript_1,,,"Cambridge, University Library, MS Ee.3.59",manuscript,,MS-EE-00003-00059,,: Edward receives a letter announcing Harthacnut's death. He sails for England.,miniature,8v,8v,8v,,,,,,,,,,,,,,,,,,,,,,,,,,,,,
_deco_11,manuscript_1,,,,part,,,,Osprey,Borders,277,277.0,277.0,,,,,,,,,,,,,,,,,,,,,,,,,,,,,
_deco_11,manuscript_1,,,"Cambridge, University Library, MS Kk.6.30",part,,,,"Two large (5- to 6-line) Champ-style gold initial against a ground of blue and purple and with spraywork in the same colours extending into the margins (ff. 74r, 80v).",decInit,,,,,,,,,,,,,,,,,,,,,,,,,,,,,,,,
_deco_11,manuscript_1,,,MS Gg.6.42,part,,,,"Two fire-breathing dragons painted in blue, red, and orange above the beginning of Prophetia Merlini (f. ). These are fully shaded, in contrast to the line drawings found in most of the volume.",miniature,214v,214v,214v,,,,,,,,,,,,,,,,,,,,,,,,,,,,,
_deco_11,manuscript_1,,,"Cambridge, University Library, MS Dd.8.12",part,,,,"Coloured initials for each lemma, lombardic capitals, alternating red and blue.",plainInit,,,,,,,,,,,,,,,,,,,,,,,,,,,,,,,,
_deco_11,manuscript_1,,,"Cambridge, University Library, MS Ff.6.51",part,,,,Underlining in red.,other,,,,,,,,,,,,,,,,,,,,,,,,,,,,,,,,
_deco_11,manuscript_1,,,"Cambridge, University Library, MS Add. 3120",part,,,,Underlining in red ink.,other,,,,,,,,,,,,,,,,,,,,,,,,,,,,,,,,
_deco_11,manuscript_1,,,,manuscript,,MS-ADD-04126,,: Coronation of the Virgin Mary (Compline),miniature,63r,63r,63r,,,,,,,,,,,,,,,,,,,,,,,,,,,,,
_deco_11,manuscript_1,,,"Cambridge, University Library, MS Add. 4085",manuscript,,MS-ADD-04085,,"ff. , , : satirical comments on Psalm text or illustrations",border,1r; 32r; 61r,1r 32r 61r,1r 32r 61r,,,,,,,,,,,,,,,,,,,,,,,,,,,,,
_deco_11,manuscript_1,,,,manuscript,,MS-NN-00004-00001,,"Line-fillers: Brown bars framed and ornamented in gold ink, and filled with white branches and foliage",other,,,,,,,,,,,,,,,,,,,,,,,,,,,,,,,,
_deco_11,manuscript_1,,,"Cambridge, University Library, MS Ii.6.39",part,,,,Paraphs in blue or red ink.,other,,,,,,,,,,,,,,,,,,,,,,,,,,,,,,,,
_deco_11,manuscript_1,,,"Cambridge, University Library, MS Dd.5.53",part,,,,Headings written in red ink.,rubrication,,,,,,,,,,,,,,,,,,,,,,,,,,,,,,,,
_deco_11,manuscript_1,,,"Cambridge, University Library, MS Dd.11.45",part,,,,Small capitals in red or brown ink throughout.,plainInit,,,,,,,,,,,,,,,,,,,,,,,,,,,,,,,,
_deco_11,manuscript_1,,,"Cambridge, Trinity College, MS R.14.41",part,,,,This part of the manuscript does not contain any significant forms of decoration.,,,,,,,,,,,,,,,,,,,,,,,,,,,,,,,,,
_deco_11,manuscript_1,,,"Cambridge, Trinity College, MS O.2.13",part,,,,Underlining in red ink.,other,,,,,,,,,,,,,,,,,,,,,,,,,,,,,,,,
_deco_11,manuscript_1,,,"Cambridge, Trinity College, MS O.7.20",part,,,,Headings and sub-headings for recipes are written in red ink.,rubrication,,,,,,,,,,,,,,,,,,,,,,,,,,,,,,,,
_deco_11,manuscript_1,,,"Cambridge, Trinity College, MS R.14.44",part,,,,Underlining in red ink.,other,,,,,,,,,,,,,,,,,,,,,,,,,,,,,,,,
_deco_11,manuscript_1,,,"Cambridge, Trinity College, MS O.9.10",manuscript,,MS-TRINITY-COLLEGE-O-00009-00010,,"Large (2-3 lines) plain initials in blue or red, sometimes with minor forms of decoration, typically used for minor textual divisions except for sections of the manuscript that only feature initials in red ink (ff. 50r-88v and 121r-143v). These sections also feature large (3 lines) initials in red ink for major text divisions.",plainInit,,,,,,,,,,,,,,,,,,,,,,,,,,,,,,,,
_deco_11,manuscript_1,,,"Cambridge, Trinity College, MS O.8.2",part,,,,Small (1 line) initials in dark ink occasionally higlighted with red ink.,other,,,,,,,,,,,,,,,,,,,,,,,,,,,,,,,,
_deco_11,manuscript_1,,,"Cambridge, Trinity College, MS O.1.57",part,,,,Large 'KL' plain capitals in blue ink written above the Calendar tables on ff. 2:1r-2:6v.,plainInit,,,,,,,,,,,,,,,,,,,,,,,,,,,,,,,,
_deco_11,manuscript_1,,,"Cambridge, Trinity College, MS B.14.19",part,,,,Headers consising of Roman numerals and initials in blue and red in the upper margins.,other,,,,,,,,,,,,,,,,,,,,,,,,,,,,,,,,
_deco_11,manuscript_1,,,"Cambridge, Trinity College, MS O.1.65",part,,,,Paraphs in red ink.,other,,,,,,,,,,,,,,,,,,,,,,,,,,,,,,,,
_deco_11,manuscript_1,,,"Cambridge, Trinity College, MS R.14.29",part,,,,Numerals and feasts in the Kalendar; and the names of the Signs of the Zodiac in the astrological table on f. 138r written in red ink.,rubrication,,,,,,,,,,,,,,,,,,,,,,,,,,,,,,,,
_deco_11,manuscript_1,,,"Cambridge, Trinity College, MS O.9.37",manuscript,,MS-TRINITY-COLLEGE-O-00009-00037,,Added drawings in brown ink in margins throughout the manuscript: acorns and flower (f. 1r); knotwork motif (f. 2v); knotwork motif (f. 3r); knotwork motif (f. 7r); knotwork motif (f. 20v); flower (f. 22v); a hand holding a flower (f. 23r); a knotwork motif and two squares with geometrif figures (f. 29r); three-dimensional (?) shapes (f. 35r); a bird (f. 39r); a cadel design with a human face (f. 44r); cross lines pattern in plummet (f. 79v); a flower and leaves (f. 110r).,drawing,,,,,,,,,,,,,,,,,,,,,,,,,,,,,,,,
_deco_11,manuscript_1,,,"Cambridge, Trinity College, MS O.1.13",part,,,,Drawings of a woman with a ruff and a swan in brown ink added to the margins of ff. 181v-182r.,drawing,,,,,,,,,,,,,,,,,,,,,,,,,,,,,,,,
_deco_11,manuscript_1,,,"Cambridge, Corpus Christi College, MS 405",part,,,,Large 'puzzle' initial 'A' on f. 127r in red and blue at the head of the first poem in the Part.,flourInit,,,,,,,,,,,,,,,,,,,,,,,,,,,,,,,,
_deco_11,manuscript_1,,,"Cambridge, St John's College, MS D.4",part,,,,"Major initials, typically in red and green with 'Arabesque' flourishing at major divisions of the texts.",flourInit,,,,,,,,,,,,,,,,,,,,,,,,,,,,,,,,
_deco_11,manuscript_1,,,"Cambridge, St John's College, MS B.15",part,,,,Regular capitals in brown ink occasionally highlighted with red ink.,other,,,,,,,,,,,,,,,,,,,,,,,,,,,,,,,,
_deco_11,manuscript_1,,,"Cambridge, St John's College, MS E.6",part,,,,Two large plain initials in red ink on f. 2r.,colInit,,,,,,,,,,,,,,,,,,,,,,,,,,,,,,,,
_deco_11,manuscript_1,,,"Cambridge, Magdalene College, Pepys MS 1661",part,,,,"Drawings of owls added in brown ink to the upper margin and outer margin of p. 108, evidently a pun on the Latin name for owl (""bubo"") and the medical term ""bubo"" (ulcer) that appears in the title of the recipe on this page: Of bubo and ϸe cure of hem. Of bubo and ϸe cure of hem",other,,,,,,,,,,,,,,,,,,,,,,,,,,,,,,,,
_deco_11,manuscript_1,,,"Cambridge, Pembroke College, MS 258",part,,,,Rubrication (red only) specifying headings and topics in the margins of ff. 58r-90v.,rubrication,,,,,,,,,,,,,,,,,,,,,,,,,,,,,,,,
_deco_11,manuscript_1,,,"Cambridge, Fitzwilliam Museum, MS 38-1950",part,,,,"Gold horizontal bars as line-fillers, usually with geometric or foliate motifs in colours but sometimes also featuring hybrid and dragon-like creatures (see ff. 5r, 178r, 187r, 189r, and 213r).",lineFill,,,,,,,,,,,,,,,,,,,,,,,,,,,,,,,,
_deco_11,manuscript_1,,,"Cambridge, Peterhouse, MS 247",part,,,,Plain initials in red at the major and minor divisions of the text in this Part. Some minor initials in dark ink and touched with red.,plainInit,,,,,,,,,,,,,,,,,,,,,,,,,,,,,,,,
_deco_11,manuscript_1,,,"Cambridge, Peterhouse, MS 251",part,,,,"Major initials at the opening of each text: gold initials on a red and blue geometric ground, the grounds further decorated with flourishes in white, and red pen-flourishing extending from the frame of the initial along the length of the adjacent margin, e.g., f. 49v.",decInit,,,,,,,,,,,,,,,,,,,,,,,,,,,,,,,,
_deco_11,manuscript_1,,,"Cambridge, Peterhouse, MS 222",part,,,,Chapter headings in red.,rubcrication,,,,,,,,,,,,,,,,,,,,,,,,,,,,,,,,
_deco_11,manuscript_1,,,"Cambridge, Clare College, MS 12 ",part,,,,"Flourished initials at the major and minor divisions of the text, either a red letter with blue flourishing or the reverse. No decoration after f. 215v.",flourInit,,,,,,,,,,,,,,,,,,,,,,,,,,,,,,,,
_deco_11,manuscript_1,,,"Cambridge, Gonville and Caius College, MS 336/725",part,,,,Drawings of 20 jordans in brown ink on ff. 142v-144r.,miniature,,,,,,,,,,,,,,,,,,,,,,,,,,,,,,,,
_deco_11,manuscript_1,,,"Cambridge, Gonville and Caius College, MS 451/392",part,,,,A human face drawn on the letter 'K' (Kyng) that has been highlighted in red ink in the upper margin of p. 81.,cadel,,,,,,,,,,,,,,,,,,,,,,,,,,,,,,,,
_deco_11,manuscript_1,,,"Cambridge, Gonville and Caius College, MS 159/209",part,,,,Plain red initials at the major and minor divisions of the text.,plainInit,,,,,,,,,,,,,,,,,,,,,,,,,,,,,,,,
_deco_11,manuscript_1,,,"Cambridge, Gonville and Caius College, MS 181/214",part,,,,Plain blue initials in the 'Lombardic capital' style at the major and minor divisions of the text.,plainInit,,,,,,,,,,,,,,,,,,,,,,,,,,,,,,,,
_deco_11,manuscript_1,,,"Cambridge, Gonville and Caius College, MS 84/166",part,,,,Headings in red ink.,rubrication,,,,,,,,,,,,,,,,,,,,,,,,,,,,,,,,
_deco_11,manuscript_1,,,"Cambridge, Gonville and Caius College, MS 379/599",part,,,,Rubrication (red only) at the openings of most major sections of text. The topic of each section of text is given in red in the outer margins of ff. 57r-93v. Paraph marks typically in brown ink and touched with red throughout.,rubrication,,,,,,,,,,,,,,,,,,,,,,,,,,,,,,,,
_deco_11,manuscript_1,,,"Cambridge, Gonville and Caius College, MS 200/106",part,,,,Paraphs in blue or red ink.,other,,,,,,,,,,,,,,,,,,,,,,,,,,,,,,,,
_deco_12,manuscript_1,,,"Cambridge, Emmanuel College, MS 69",manuscript,,MS-EMMANUEL-COLLEGE-00069,,Running numbers in the upper margins highlighted in yellow.,other,,,,,,,,,,,,,,,,,,,,,,,,,,,,,,,,
_deco_12,manuscript_1,,,"Cambridge, University Library, MS Ee.2.29",part,,,,Headings in red ink.,rubrication,,,,,,,,,,,,,,,,,,,,,,,,,,,,,,,,
_deco_12,manuscript_1,,,,manuscript,,MS-II-00006-00032,,", Two Evangelists and two other figures",miniature,1v,1v,1v,,,,,,,,,,,,,,,,,,,,,,,,,,,,,
_deco_12,manuscript_1,,,,part,,,,"Plain initials, alternating in red and blue, two lines, at the beginning of each sequence.",plainInit,,,,,,,,,,,,,,,,,,,,,,,,,,,,,,,,
_deco_12,manuscript_1,,,"Cambridge, University Library, MS Ee.3.59",manuscript,,MS-EE-00003-00059,,": Edward is received in England, and is crowned.",miniature,9r,9r,9r,,,,,,,,,,,,,,,,,,,,,,,,,,,,,
_deco_12,manuscript_1,,,,part,,,,Whale,Borders,299,299.0,299.0,,,,,,,,,,,,,,,,,,,,,,,,,,,,,
_deco_12,manuscript_1,,,"Cambridge, University Library, MS Kk.6.30",part,,,,Large (2- to 4-line) initials in blue ink with penwork decoration inside the letter and pen-flourishing in red ink.,flourInit,,,,,,,,,,,,,,,,,,,,,,,,,,,,,,,,
_deco_12,manuscript_1,,,MS Gg.6.42,part,,,,"Added line drawings in red and blue by the decorator of the rest of the volume in the border of the opening epistle, showing two animals with human heads, one with a crown (f. ).",miniature,214r,214r,214r,,,,,,,,,,,,,,,,,,,,,,,,,,,,,
_deco_12,manuscript_1,,,"Cambridge, University Library, MS Dd.8.12",part,,,,Rubricated headings (red only) introducing a new section of names under a new letter of the alphabet.,rubric,,,,,,,,,,,,,,,,,,,,,,,,,,,,,,,,
_deco_12,manuscript_1,,,"Cambridge, University Library, MS Add. 3120",part,,,,Paraphs in blue or red ink.,other,,,,,,,,,,,,,,,,,,,,,,,,,,,,,,,,
_deco_12,manuscript_1,,,,manuscript,,MS-ADD-04126,,: Crucifixion (Matins of the Cross),miniature,73v,73v,73v,,,,,,,,,,,,,,,,,,,,,,,,,,,,,
_deco_12,manuscript_1,,,"Cambridge, University Library, MS Add. 4085",manuscript,,MS-ADD-04085,,"Line fillers in blue, red and gold with linear, geometric and floral designs.",lineFill,,,,,,,,,,,,,,,,,,,,,,,,,,,,,,,,
_deco_12,manuscript_1,,,"Cambridge, University Library, MS Ii.6.39",part,,,,Two-line initials in red ink.,colInit,,,,,,,,,,,,,,,,,,,,,,,,,,,,,,,,
_deco_12,manuscript_1,,,"Cambridge, University Library, MS Dd.5.53",part,,,,Plain 1-line capitals highglighted with red ink.,cadel,,,,,,,,,,,,,,,,,,,,,,,,,,,,,,,,
_deco_12,manuscript_1,,,"Cambridge, University Library, MS Dd.11.45",part,,,,The text's first 7 lines are rubricated in red ink.,rubrication,,,,,,,,,,,,,,,,,,,,,,,,,,,,,,,,
_deco_12,manuscript_1,,,"Cambridge, Trinity College, MS R.14.41",part,,,,Large (2 lines) initials in red ink.,colInit,,,,,,,,,,,,,,,,,,,,,,,,,,,,,,,,
_deco_12,manuscript_1,,,"Cambridge, Trinity College, MS O.2.13",part,,,,"An illustration of the Eye of Abraham, drawn ink dark ink in the upper outer corner of f. 240v. Eye of Abraham",drawing,,,,,,,,,,,,,,,,,,,,,,,,,,,,,,,,
_deco_12,manuscript_1,,,"Cambridge, Trinity College, MS O.7.20",part,,,,Plain initials in brown ink are sometimes highlighted with red ink.,other,,,,,,,,,,,,,,,,,,,,,,,,,,,,,,,,
_deco_12,manuscript_1,,,"Cambridge, Trinity College, MS O.9.10",manuscript,,MS-TRINITY-COLLEGE-O-00009-00010,,Titles for new works are written in red ink.,rubrication,,,,,,,,,,,,,,,,,,,,,,,,,,,,,,,,
_deco_12,manuscript_1,,,"Cambridge, Trinity College, MS O.8.2",part,,,,Paraphs in red ink.,other,,,,,,,,,,,,,,,,,,,,,,,,,,,,,,,,
_deco_12,manuscript_1,,,"Cambridge, Trinity College, MS O.1.57",part,,,,"Small (1-line) plain initials in blue or red in the Calendar tables on ff. 2:1r-2:6v, and the astrological texts on ff. 2:10v and 2:16v.",plainInit,,,,,,,,,,,,,,,,,,,,,,,,,,,,,,,,
_deco_12,manuscript_1,,,"Cambridge, Trinity College, MS B.14.19",part,,,,Paraphs alternately in blue or red ink.,other,,,,,,,,,,,,,,,,,,,,,,,,,,,,,,,,
_deco_12,manuscript_1,,,"Cambridge, Trinity College, MS O.1.65",part,,,,Virgula suspensiva in red ink.,other,,,,,,,,,,,,,,,,,,,,,,,,,,,,,,,,
_deco_12,manuscript_1,,,"Cambridge, Trinity College, MS R.14.29",part,,,,J-borders for single columns in blue and red ink.,border,,,,,,,,,,,,,,,,,,,,,,,,,,,,,,,,
_deco_12,manuscript_1,,,"Cambridge, Trinity College, MS O.9.37",manuscript,,MS-TRINITY-COLLEGE-O-00009-00037,,"One large knotwork initial ""O"" outlined in dark ink in a large space that may have been left blank for a miniature on f. 3r.",drawing,,,,,,,,,,,,,,,,,,,,,,,,,,,,,,,,
_deco_12,manuscript_1,,,"Cambridge, Trinity College, MS O.1.13",part,,,,This part of the manuscript does not contain any significant forms of decoration.,,,,,,,,,,,,,,,,,,,,,,,,,,,,,,,,,
_deco_12,manuscript_1,,,"Cambridge, Corpus Christi College, MS 405",part,,,,"Plain initial 'B' in a 'Lombardic' style in red on f. 125r, and at the start of each new poem after the first.",plainInit,,,,,,,,,,,,,,,,,,,,,,,,,,,,,,,,
_deco_12,manuscript_1,,,"Cambridge, St John's College, MS D.4",part,,,,"Minor initials typically in red (sometimes green, dark brown, ochre, yellow), with occasional 'Arabesque' flourishing.",plainInit,,,,,,,,,,,,,,,,,,,,,,,,,,,,,,,,
_deco_12,manuscript_1,,,"Cambridge, St John's College, MS B.15",part,,,,Paraphs in red ink.,other,,,,,,,,,,,,,,,,,,,,,,,,,,,,,,,,
_deco_12,manuscript_1,,,"Cambridge, St John's College, MS E.6",part,,,,One large (7-line) initial in red ink in a frame of penwork in brown ink on f. 1r.,flourInit,,,,,,,,,,,,,,,,,,,,,,,,,,,,,,,,
_deco_12,manuscript_1,,,"Cambridge, Magdalene College, Pepys MS 1661",part,,,,"Large (2-line) and small (1-line) initials in blue or red ink, one blue initial with red penwork decoration (p. 218.",plainInit,,,,,,,,,,,,,,,,,,,,,,,,,,,,,,,,
_deco_12,manuscript_1,,,"Cambridge, Pembroke College, MS 258",part,,,,Guide letters for decorative initials in the margins of ff. 58r-90v.,instructions,,,,,,,,,,,,,,,,,,,,,,,,,,,,,,,,
_deco_12,manuscript_1,,,"Cambridge, Fitzwilliam Museum, MS 38-1950",part,,,,"Marginal headings dividing the Litany of Saints, titles of and introductory rubrics to prayers, written in red ink. Entries in the Calendar highlighted in blue or red ink.",rubrication,,,,,,,,,,,,,,,,,,,,,,,,,,,,,,,,
_deco_12,manuscript_1,,,"Cambridge, Peterhouse, MS 247",part,,,,Paraph marks in red in this Part.,[paraph,,,,,,,,,,,,,,,,,,,,,,,,,,,,,,,,
_deco_12,manuscript_1,,,"Cambridge, Peterhouse, MS 251",part,,,,"Minor initials in red or blue at the minor divisions of the text, occasionally with very minor pen-flourishing.",plainInit,,,,,,,,,,,,,,,,,,,,,,,,,,,,,,,,
_deco_12,manuscript_1,,,"Cambridge, Peterhouse, MS 222",part,,,,Paraph marks in red.,other,,,,,,,,,,,,,,,,,,,,,,,,,,,,,,,,
_deco_12,manuscript_1,,,"Cambridge, Gonville and Caius College, MS 336/725",part,,,,"Rotating diagram (volvelle) with three parchment disks organised concentrically on top of each other and fastened to the page; the second and third one have hands in blue and pink with drawings of, respectively, the sun and moon on them in gold and silver; a circular opening on the third (upper) disk reveals a silver layer on the surface that it covers on the disk underneath.",diagram,,,,,,,,,,,,,,,,,,,,,,,,,,,,,,,,
_deco_12,manuscript_1,,,"Cambridge, Gonville and Caius College, MS 451/392",part,,,,Underlining in red ink.,other,,,,,,,,,,,,,,,,,,,,,,,,,,,,,,,,
_deco_12,manuscript_1,,,"Cambridge, Gonville and Caius College, MS 159/209",part,,,,Headings to some minor divisions of the text in red.,rubrication,,,,,,,,,,,,,,,,,,,,,,,,,,,,,,,,
_deco_12,manuscript_1,,,"Cambridge, Gonville and Caius College, MS 181/214",part,,,,Headings to the major and minor divisions of the text are rubricated.,rubrication,,,,,,,,,,,,,,,,,,,,,,,,,,,,,,,,
_deco_12,manuscript_1,,,"Cambridge, Gonville and Caius College, MS 84/166",part,,,,Capitals (1 line) occasionally higlighted in red ink.,other,,,,,,,,,,,,,,,,,,,,,,,,,,,,,,,,
_deco_12,manuscript_1,,,"Cambridge, Gonville and Caius College, MS 379/599",part,,,,"Coloured initials in red at the start of some texts, many texts have space for the initial and a guide letter, but no initial.",colInit,,,,,,,,,,,,,,,,,,,,,,,,,,,,,,,,
_deco_13,manuscript_1,,,"Cambridge, University Library, MS Ee.2.29",part,,,,Capitals highlighted in red ink.,other,,,,,,,,,,,,,,,,,,,,,,,,,,,,,,,,
_deco_13,manuscript_1,,,,manuscript,,MS-II-00006-00032,,", Matthew",miniature,4v,4v,4v,,,,,,,,,,,,,,,,,,,,,,,,,,,,,
_deco_13,manuscript_1,,,,part,,,,"Plain initials, alternating in red and brown (the ink of the main text), one line, throughout each sequence.",plainInit,,,,,,,,,,,,,,,,,,,,,,,,,,,,,,,,
_deco_13,manuscript_1,,,"Cambridge, University Library, MS Ee.3.59",manuscript,,MS-EE-00003-00059,,": Edward has a vision of the devil, seated upon the Danegeld tribute.",miniature,9v,9v,9v,,,,,,,,,,,,,,,,,,,,,,,,,,,,,
_deco_13,manuscript_1,,,,part,,,,Miracle of wolf and priest,Borders,302-304,302.0,304.0,,,,,,,,,,,,,,,,,,,,,,,,,,,,,
_deco_13,manuscript_1,,,"Cambridge, University Library, MS Kk.6.30",part,,,,Small (1-line) initials alternatively red and blue ink.,colInit,,,,,,,,,,,,,,,,,,,,,,,,,,,,,,,,
_deco_13,manuscript_1,,,MS Gg.6.42,part,,,,"Blue two-line initials with red pen flourishing opening the two major divisions in the text, shaded to create depth in contrast to the flat colours used elsewhere in the volume (ff. , ).",flourInit,214v; 214r,214v 214r,214v 214r,,,,,,,,,,,,,,,,,,,,,,,,,,,,,
_deco_13,manuscript_1,,,"Cambridge, University Library, MS Dd.8.12",part,,,,"Genealogical diagrams: diagram outlines in red, names and explanatory phrases in black, typically in a simple 'tree' structure. More complex layouts are present on: 461r, 462r, 465r, and 466r.",diagram,,,,,,,,,,,,,,,,,,,,,,,,,,,,,,,,
_deco_13,manuscript_1,,,"Cambridge, University Library, MS Add. 3120",part,,,,Run-over symbols decorated with human faces and hybrid figures in brown and red ink (e.g. ff. 111r and 168r).,other,,,,,,,,,,,,,,,,,,,,,,,,,,,,,,,,
_deco_13,manuscript_1,,,,manuscript,,MS-ADD-04126,,: Pentecost (Matins of the Holy Spirit),miniature,76v,76v,76v,,,,,,,,,,,,,,,,,,,,,,,,,,,,,
_deco_13,manuscript_1,,,"Cambridge, University Library, MS Ii.6.39",part,,,,"Explicits with display capitals highlighted and either underlined in red ink or placed in a frame of red ink (ff. 196r, 213).",other,,,,,,,,,,,,,,,,,,,,,,,,,,,,,,,,
_deco_13,manuscript_1,,,"Cambridge, University Library, MS Dd.5.53",part,,,,Underlining in red.,other,,,,,,,,,,,,,,,,,,,,,,,,,,,,,,,,
_deco_13,manuscript_1,,,"Cambridge, Trinity College, MS R.14.41",part,,,,Titles of works written in red ink.,rubrication,,,,,,,,,,,,,,,,,,,,,,,,,,,,,,,,
_deco_13,manuscript_1,,,"Cambridge, Trinity College, MS O.2.13",part,,,,"An illustation of alchemical vessels connected to a furnace, drawn ink dark ink in the upper inner corner of f. 240r.",drawing,,,,,,,,,,,,,,,,,,,,,,,,,,,,,,,,
_deco_13,manuscript_1,,,"Cambridge, Trinity College, MS O.7.20",part,,,,Underlining in red ink.,other,,,,,,,,,,,,,,,,,,,,,,,,,,,,,,,,
_deco_13,manuscript_1,,,"Cambridge, Trinity College, MS O.9.10",manuscript,,MS-TRINITY-COLLEGE-O-00009-00010,,Line-fillers consist of wavey lines in red ink.,lineFil,,,,,,,,,,,,,,,,,,,,,,,,,,,,,,,,
_deco_13,manuscript_1,,,"Cambridge, Trinity College, MS O.8.2",part,,,,Underlining in red ink.,other,,,,,,,,,,,,,,,,,,,,,,,,,,,,,,,,
_deco_13,manuscript_1,,,"Cambridge, Trinity College, MS O.1.57",part,,,,Line-fillers consisting of rows of red 'tildes' throughout.,lineFill,,,,,,,,,,,,,,,,,,,,,,,,,,,,,,,,
_deco_13,manuscript_1,,,"Cambridge, Trinity College, MS B.14.19",part,,,,Large (3 to 4 lines) plain blue initials.,plainInit,,,,,,,,,,,,,,,,,,,,,,,,,,,,,,,,
_deco_13,manuscript_1,,,"Cambridge, Trinity College, MS R.14.29",part,,,,One large (7 lines) blue initial S with in both ts upper and compartments a doctor in a dark blue gown holding a jar and speaking with a pupil or fellow doctor in a red gown. The historiated initial is enclosed in a gold frame with a dark red ground (see f. 139r). S,histInit,,,,,,,,,,,,,,,,,,,,,,,,,,,,,,,,
_deco_13,manuscript_1,,,"Cambridge, Trinity College, MS O.9.37",manuscript,,MS-TRINITY-COLLEGE-O-00009-00037,,"A large initial ""C"" in the shape of a winged dragon both on f. 33r (fragmentary) and f. 34r; probably added in the late 16th or early 17th century.",drawing,,,,,,,,,,,,,,,,,,,,,,,,,,,,,,,,
_deco_13,manuscript_1,,,"Cambridge, Trinity College, MS O.1.13",part,,,,Drawings in brown ink of a hand (manicule) pointing at text and a human face in the lower margin of f. 271r.,drawing,,,,,,,,,,,,,,,,,,,,,,,,,,,,,,,,
_deco_13,manuscript_1,,,"Cambridge, Corpus Christi College, MS 405",part,,,,Initials at the beginning of sentences and minor divisions of the text touched with red througout the Part.,other,,,,,,,,,,,,,,,,,,,,,,,,,,,,,,,,
_deco_13,manuscript_1,,,"Cambridge, St John's College, MS D.4",part,,,,Chapter titles typically in two styles: 1) Caroline minuscule in red or green ink 2) rustic capitals in brown ink on a green wash.,rubrication,,,,,,,,,,,,,,,,,,,,,,,,,,,,,,,,
_deco_13,manuscript_1,,,"Cambridge, St John's College, MS B.15",part,,,,"1 large (7 lines) historiated puzzle initial 'A' in blue and red ink with penwork decroation in blue and red ink, featuring interlace and foliate motifs on f. 3:7r. Inside the letter is a figure painted in colours against a gold ground: Christ in a green and purple robe depicted as ""Salvator Mundi"", making the sign of the cross with his right hand while holding a orb in his left hand.",histInit,,,,,,,,,,,,,,,,,,,,,,,,,,,,,,,,
_deco_13,manuscript_1,,,"Cambridge, St John's College, MS E.6",part,,,,Display capitals on f. 1r highlighted in red.,rubrication,,,,,,,,,,,,,,,,,,,,,,,,,,,,,,,,
_deco_13,manuscript_1,,,"Cambridge, Magdalene College, Pepys MS 1661",part,,,,Rubricated letters on pp. 237-238.,rubrication,,,,,,,,,,,,,,,,,,,,,,,,,,,,,,,,
_deco_13,manuscript_1,,,"Cambridge, Pembroke College, MS 258",part,,,,Paraph marks in red ff. 58r-90v.,other,,,,,,,,,,,,,,,,,,,,,,,,,,,,,,,,
_deco_13,manuscript_1,,,"Cambridge, Fitzwilliam Museum, MS 38-1950",part,,,,One large (2 lines) plain red 'D' initial on f. vi verso.,plainInit,,,,,,,,,,,,,,,,,,,,,,,,,,,,,,,,
_deco_13,manuscript_1,,,"Cambridge, Peterhouse, MS 247",part,,,,Outline illustration of a physician holding a (?urine) flask on f. 167r.,marginal,,,,,,,,,,,,,,,,,,,,,,,,,,,,,,,,
_deco_13,manuscript_1,,,"Cambridge, Peterhouse, MS 251",part,,,,"Some minor initials in gold, usually marking a new significant section within a text, e.g., f. 70r.",chrysography,,,,,,,,,,,,,,,,,,,,,,,,,,,,,,,,
_deco_13,manuscript_1,,,"Cambridge, Peterhouse, MS 222",part,,,,Plain initials in red at each new letter in the alphabetised Synonyma. Synonyma,plainInit,,,,,,,,,,,,,,,,,,,,,,,,,,,,,,,,
_deco_13,manuscript_1,,,"Cambridge, Gonville and Caius College, MS 336/725",part,,,,"Drawings of the 'Vein Man' and 'Zodiac Man', in both cases represented by a a naked man drawn in black ink but without veins, body parts and signs of the Zodiac added, on ff. 154r-154v.",diagram,,,,,,,,,,,,,,,,,,,,,,,,,,,,,,,,
_deco_13,manuscript_1,,,"Cambridge, Gonville and Caius College, MS 159/209",part,,,,Paraph marks in red.,other,,,,,,,,,,,,,,,,,,,,,,,,,,,,,,,,
_deco_13,manuscript_1,,,"Cambridge, Gonville and Caius College, MS 181/214",part,,,,Plain blue initials at the opening of the texts on pp. 141 and 273.,plainInit,,,,,,,,,,,,,,,,,,,,,,,,,,,,,,,,
_deco_13,manuscript_1,,,"Cambridge, Gonville and Caius College, MS 84/166",part,,,,Underlining in red ink.,other,,,,,,,,,,,,,,,,,,,,,,,,,,,,,,,,
_deco_13,manuscript_1,,,"Cambridge, Gonville and Caius College, MS 379/599",part,,,,"Guide letters for coloured initials in the margins of most leaves, many initials unfilled, many guide letters partially or totally lost to trimming.",instructions,,,,,,,,,,,,,,,,,,,,,,,,,,,,,,,,
_deco_14,manuscript_1,,,,manuscript,,MS-II-00006-00032,,", Zacharias and Luke ‘compressed’",miniature,29v,29v,29v,,,,,,,,,,,,,,,,,,,,,,,,,,,,,
_deco_14,manuscript_1,,,,part,,,,Rubrics written in red.,rubrication,,,,,,,,,,,,,,,,,,,,,,,,,,,,,,,,
_deco_14,manuscript_1,,,"Cambridge, University Library, MS Ee.3.59",manuscript,,MS-EE-00003-00059,,: Edward watches the thief in his chamber.,miniature,10r,10r,10r,,,,,,,,,,,,,,,,,,,,,,,,,,,,,
_deco_14,manuscript_1,,,,part,,,,Bearded woman,Borders,306,306.0,306.0,,,,,,,,,,,,,,,,,,,,,,,,,,,,,
_deco_14,manuscript_1,,,"Cambridge, University Library, MS Kk.6.30",part,,,,One large initial in a frame of penwork decoration and with pen-flourishing in brown ink (f. 87r),flourInit,,,,,,,,,,,,,,,,,,,,,,,,,,,,,,,,
_deco_14,manuscript_1,,,MS Gg.6.42,part,,,,"Opening rubric, likely added by one of the rubricators of the preceding part (f. , copied from a trimmed guide, f. ).",rubrication,213v; 214r,213v 214r,213v 214r,,,,,,,,,,,,,,,,,,,,,,,,,,,,,
_deco_14,manuscript_1,,,"Cambridge, University Library, MS Dd.8.12",part,,,,"Pen flourished initials (red only, or red and black) at the beginning of new sections of the text.",flourInit,,,,,,,,,,,,,,,,,,,,,,,,,,,,,,,,
_deco_14,manuscript_1,,,"Cambridge, University Library, MS Add. 3120",part,,,,Catchwords sometimes in frames of brown ink.,other,,,,,,,,,,,,,,,,,,,,,,,,,,,,,,,,
_deco_14,manuscript_1,,,,manuscript,,MS-ADD-04126,,: David and attendant watch Bethsheba from a loggia (Penitential Psalms),miniature,79v,79v,79v,,,,,,,,,,,,,,,,,,,,,,,,,,,,,
_deco_14,manuscript_1,,,"Cambridge, University Library, MS Ii.6.39",part,,,,One-line capitals highlighted in red ink.,colInit,,,,,,,,,,,,,,,,,,,,,,,,,,,,,,,,
_deco_14,manuscript_1,,,"Cambridge, University Library, MS Dd.5.53",part,,,,Paraphs in red.,other,,,,,,,,,,,,,,,,,,,,,,,,,,,,,,,,
_deco_14,manuscript_1,,,"Cambridge, Trinity College, MS R.14.41",part,,,,Minor decorative flourishes on ascenders on the top line highlighted with red ink.,cadel,,,,,,,,,,,,,,,,,,,,,,,,,,,,,,,,
_deco_14,manuscript_1,,,"Cambridge, Trinity College, MS O.2.13",part,,,,"Two magical (circular) seals, drawn in dark ink below and illustrating the magical on f. 248r.",drawing,,,,,,,,,,,,,,,,,,,,,,,,,,,,,,,,
_deco_14,manuscript_1,,,"Cambridge, Trinity College, MS O.7.20",part,,,,This part of the manuscript does not contain any significant forms of decoration.,,,,,,,,,,,,,,,,,,,,,,,,,,,,,,,,,
_deco_14,manuscript_1,,,"Cambridge, Trinity College, MS O.9.10",manuscript,,MS-TRINITY-COLLEGE-O-00009-00010,,Paraphs in blue or red ink.,other,,,,,,,,,,,,,,,,,,,,,,,,,,,,,,,,
_deco_14,manuscript_1,,,"Cambridge, Trinity College, MS O.1.57",part,,,,Occasional cadels highlighted in red ink on extenders of letters on the first lines of pages (e.g. see ff. 2:72r-2:77r).,cadels,,,,,,,,,,,,,,,,,,,,,,,,,,,,,,,,
_deco_14,manuscript_1,,,"Cambridge, Trinity College, MS B.14.19",part,,,,Headings written in red ink.,rubrication,,,,,,,,,,,,,,,,,,,,,,,,,,,,,,,,
_deco_14,manuscript_1,,,"Cambridge, Trinity College, MS R.14.29",part,,,,"One large (10 lines) blue initial I with a (5 lines) miniature in a gold frame above it, featuring a physician using a knife to make an incission in the back of a patient's neck. The historiated miniature is enclosed in a gold frame with a blue ground while the initial I is in blue and purple and features a zoomorphic head in red (see f. 166v). II",histInit,,,,,,,,,,,,,,,,,,,,,,,,,,,,,,,,
_deco_14,manuscript_1,,,"Cambridge, Trinity College, MS O.1.13",part,,,,This part of the manuscript does not contain any significant forms of decoration.,,,,,,,,,,,,,,,,,,,,,,,,,,,,,,,,,
_deco_14,manuscript_1,,,"Cambridge, Corpus Christi College, MS 405",part,,,,Initials in 'Lombardic' style in red and occasionally blue at the major and minor divisions of the text.,plainInit,,,,,,,,,,,,,,,,,,,,,,,,,,,,,,,,
_deco_14,manuscript_1,,,"Cambridge, St John's College, MS B.15",part,,,,1 large (5 lines) historiated puzzle initial 'A' in blue and red ink on f. 3:5r. Inside the letter is a figure painted in colours against a gold ground: a physician in an orange rob and wearing a green cap (?) holding up a green-coloured urine flask with their left hand and pinting to the flask with their right hand.,histInit,,,,,,,,,,,,,,,,,,,,,,,,,,,,,,,,
_deco_14,manuscript_1,,,"Cambridge, St John's College, MS E.6",part,,,,Paraphs in red ink on ff. 10v-12r.,other,,,,,,,,,,,,,,,,,,,,,,,,,,,,,,,,
_deco_14,manuscript_1,,,"Cambridge, Magdalene College, Pepys MS 1661",part,,,,Line-fillers consist of horitontal wavy lines in red or blue ink.,lineFill,,,,,,,,,,,,,,,,,,,,,,,,,,,,,,,,
_deco_14,manuscript_1,,,"Cambridge, Pembroke College, MS 258",part,,,,Unfilled space for a decorative initial on f. 92r.,unfilled,,,,,,,,,,,,,,,,,,,,,,,,,,,,,,,,
_deco_14,manuscript_1,,,"Cambridge, Fitzwilliam Museum, MS 38-1950",part,,,,Rubricated letters 'a' and 'v' to indicate Antiphons and Versicles on f. vi verso.,rubrication,,,,,,,,,,,,,,,,,,,,,,,,,,,,,,,,
_deco_14,manuscript_1,,,"Cambridge, Peterhouse, MS 247",part,,,,"Flourished initial in red with ""puzzle"" construction and black acanthus-flourishing on f. 162r. Minor flourished initials in red or black in the ""arabesque"" style at the openings of some minor sections of the texts.",flourInit,,,,,,,,,,,,,,,,,,,,,,,,,,,,,,,,
_deco_14,manuscript_1,,,"Cambridge, Peterhouse, MS 251",part,,,,"Headings, section titles and key words in red in the main text or in the margins.",rubrication,,,,,,,,,,,,,,,,,,,,,,,,,,,,,,,,
_deco_14,manuscript_1,,,"Cambridge, Peterhouse, MS 222",part,,,,Single red lines used as linefillers in each column of the Synonyma Synonyma,lineFill,,,,,,,,,,,,,,,,,,,,,,,,,,,,,,,,
_deco_14,manuscript_1,,,"Cambridge, Gonville and Caius College, MS 336/725",part,,,,Added drawings of a dog chasing a (?) rabbit or hare in brown ink on f. 160v; and four sketches of human faces on f. 161r.,drawing,,,,,,,,,,,,,,,,,,,,,,,,,,,,,,,,
_deco_14,manuscript_1,,,"Cambridge, Gonville and Caius College, MS 159/209",part,,,,No significant decoration in this Part.,none,,,,,,,,,,,,,,,,,,,,,,,,,,,,,,,,
_deco_14,manuscript_1,,,"Cambridge, Gonville and Caius College, MS 181/214",part,,,,Two diagrams in brown ink in the upper half of p. 260.,diagram,,,,,,,,,,,,,,,,,,,,,,,,,,,,,,,,
_deco_14,manuscript_1,,,"Cambridge, Gonville and Caius College, MS 84/166",part,,,,Large (2 or 3 lines) red initials.,colInit,,,,,,,,,,,,,,,,,,,,,,,,,,,,,,,,
_deco_14,manuscript_1,,,"Cambridge, Gonville and Caius College, MS 379/599",part,,,,Rubrics (in red) at the start of most texts and at the start of new sections within each text. Paraph marks in red. Initials at the start of minor sections often in brown and touched with red.,rubrication,,,,,,,,,,,,,,,,,,,,,,,,,,,,,,,,
_deco_15,manuscript_1,,,,manuscript,,MS-II-00006-00032,,", Christ",miniature,41v,41v,41v,,,,,,,,,,,,,,,,,,,,,,,,,,,,,
_deco_15,manuscript_1,,,"Cambridge, University Library, MS Ee.3.59",manuscript,,MS-EE-00003-00059,,": Edward is advised to marry by his nobles. He prays at an altar, seeking guidance.",miniature,10v,10v,10v,,,,,,,,,,,,,,,,,,,,,,,,,,,,,
_deco_15,manuscript_1,,,,part,,,,Hybrid of cow and deer,Borders,307,307.0,307.0,,,,,,,,,,,,,,,,,,,,,,,,,,,,,
_deco_15,manuscript_1,,,"Cambridge, University Library, MS Kk.6.30",part,,,,This part of the manuscript does not contain any significant form of decoration.,,,,,,,,,,,,,,,,,,,,,,,,,,,,,,,,,
_deco_15,manuscript_1,,,MS Gg.6.42,part,,,,Pen-flourished two-line initials alternating between red and blue open new sections of the text.,flourInit,,,,,,,,,,,,,,,,,,,,,,,,,,,,,,,,
_deco_15,manuscript_1,,,"Cambridge, University Library, MS Dd.8.12",part,,,,Red-only rubrication for the opening lines of new sections of the text.,rubric,,,,,,,,,,,,,,,,,,,,,,,,,,,,,,,,
_deco_15,manuscript_1,,,,manuscript,,MS-ADD-04126,,": Woman flees from Death, who is wearing a shroud and wielding an arrow, and is catching her by the skirt (Office of the Dead)",miniature,94v,94v,94v,,,,,,,,,,,,,,,,,,,,,,,,,,,,,
_deco_15,manuscript_1,,,"Cambridge, University Library, MS Ii.6.39",part,,,,Paraphs in red ink.,colInit,,,,,,,,,,,,,,,,,,,,,,,,,,,,,,,,
_deco_15,manuscript_1,,,"Cambridge, Trinity College, MS R.14.41",part,,,,Regular (1 line) initials highlighted with red ink.,other,,,,,,,,,,,,,,,,,,,,,,,,,,,,,,,,
_deco_15,manuscript_1,,,"Cambridge, Trinity College, MS O.2.13",part,,,,Astrological diagrams drawn ink in dark ink on ff. 239r-239v.,diagram,,,,,,,,,,,,,,,,,,,,,,,,,,,,,,,,
_deco_15,manuscript_1,,,"Cambridge, Trinity College, MS O.7.20",part,,,,This part of the manuscript does not contain any significant forms of decoration.,,,,,,,,,,,,,,,,,,,,,,,,,,,,,,,,,
_deco_15,manuscript_1,,,"Cambridge, Trinity College, MS O.9.10",manuscript,,MS-TRINITY-COLLEGE-O-00009-00010,,Underlining in red ink.,other,,,,,,,,,,,,,,,,,,,,,,,,,,,,,,,,
_deco_15,manuscript_1,,,"Cambridge, Trinity College, MS O.1.57",part,,,,"Rubricated numbers in tables, sub-headers in texts, and explicits.",rubrication,,,,,,,,,,,,,,,,,,,,,,,,,,,,,,,,
_deco_15,manuscript_1,,,"Cambridge, Trinity College, MS B.14.19",part,,,,Paraphs in red ink.,other,,,,,,,,,,,,,,,,,,,,,,,,,,,,,,,,
_deco_15,manuscript_1,,,"Cambridge, Trinity College, MS R.14.29",part,,,,One large (4 lines) initial in purple in blue andd purple with a bird in the same colours on top (see f. 140r).,decInit,,,,,,,,,,,,,,,,,,,,,,,,,,,,,,,,
_deco_15,manuscript_1,,,"Cambridge, Trinity College, MS O.1.13",part,,,,This part of the manuscript does not contain any significant forms of decoration.,,,,,,,,,,,,,,,,,,,,,,,,,,,,,,,,,
_deco_15,manuscript_1,,,"Cambridge, Corpus Christi College, MS 405",part,,,,Majuscule letters at the beginning of sentences touched with red.,other,,,,,,,,,,,,,,,,,,,,,,,,,,,,,,,,
_deco_15,manuscript_1,,,"Cambridge, St John's College, MS B.15",part,,,,Large (3-4 lines) puzzle initials in blue and red with penwork in red ink.,flourInit,,,,,,,,,,,,,,,,,,,,,,,,,,,,,,,,
_deco_15,manuscript_1,,,"Cambridge, St John's College, MS E.6",part,,,,Underlining in red ink on ff. 10v-12r.,other,,,,,,,,,,,,,,,,,,,,,,,,,,,,,,,,
_deco_15,manuscript_1,,,"Cambridge, Magdalene College, Pepys MS 1661",part,,,,Paraphs in red.,other,,,,,,,,,,,,,,,,,,,,,,,,,,,,,,,,
_deco_15,manuscript_1,,,"Cambridge, Pembroke College, MS 258",part,,,,Head of a dog sketched on f. 140v.,miniature,,,,,,,,,,,,,,,,,,,,,,,,,,,,,,,,
_deco_15,manuscript_1,,,"Cambridge, Peterhouse, MS 247",part,,,,Plain initials in red or black at the openings of some minor sections of the texts.,plainInit,,,,,,,,,,,,,,,,,,,,,,,,,,,,,,,,
_deco_15,manuscript_1,,,"Cambridge, Peterhouse, MS 251",part,,,,Paraph marks in red and blue to mark the smallest sub-divisions of the text.,other,,,,,,,,,,,,,,,,,,,,,,,,,,,,,,,,
_deco_15,manuscript_1,,,"Cambridge, Peterhouse, MS 222",part,,,,No notable decoration in this Part.,none,,,,,,,,,,,,,,,,,,,,,,,,,,,,,,,,
_deco_15,manuscript_1,,,"Cambridge, Gonville and Caius College, MS 336/725",part,,,,"Three- to five-line initials in blue and purple in frames of gold or in gold in frames of blue, purple, green, and red with partial, three-sided) borders of acanthus leaves and flowers in the same colours (ff. 108r, 128v, 131r, 132v, 136v, 137v, 144v, 145r, 48v, 149v, 156r).",flourInit,,,,,,,,,,,,,,,,,,,,,,,,,,,,,,,,
_deco_15,manuscript_1,,,"Cambridge, Gonville and Caius College, MS 159/209",part,,,,Plain initials in red or blue at the major and some minor divisions of the text.,plainInit,,,,,,,,,,,,,,,,,,,,,,,,,,,,,,,,
_deco_15,manuscript_1,,,"Cambridge, Gonville and Caius College, MS 181/214",part,,,,No notable decorative features in this Part.,none,,,,,,,,,,,,,,,,,,,,,,,,,,,,,,,,
_deco_15,manuscript_1,,,"Cambridge, Gonville and Caius College, MS 84/166",part,,,,Headers in red ink.,rubrication,,,,,,,,,,,,,,,,,,,,,,,,,,,,,,,,
_deco_16,manuscript_1,,,,manuscript,,MS-II-00006-00032,,", Empty cross",miniature,85v,85v,85v,,,,,,,,,,,,,,,,,,,,,,,,,,,,,
_deco_16,manuscript_1,,,"Cambridge, University Library, MS Ee.3.59",manuscript,,MS-EE-00003-00059,,": Edward, enthroned, agrees to marry.",miniature,11r,11r,11r,,,,,,,,,,,,,,,,,,,,,,,,,,,,,
_deco_16,manuscript_1,,,,part,,,,Woman embracing goat and lion,Borders,308,308.0,308.0,,,,,,,,,,,,,,,,,,,,,,,,,,,,,
_deco_16,manuscript_1,,,MS Gg.6.42,part,,,,"On f. , new stanzas exceptionally open with initials alternating between red and green, with red or blue pen flourishing.",flourInit,237r–v,237r,237v,,,,,,,,,,,,,,,,,,,,,,,,,,,,,
_deco_16,manuscript_1,,,,manuscript,,MS-ADD-04126,,": St Francis with stigmata; in the foreground, apparently the same young couple kneel in prayer (Memoriae)",miniature,132v,132v,132v,,,,,,,,,,,,,,,,,,,,,,,,,,,,,
_deco_16,manuscript_1,,,"Cambridge, University Library, MS Ii.6.39",part,,,,Underlining in red ink.,other,,,,,,,,,,,,,,,,,,,,,,,,,,,,,,,,
_deco_16,manuscript_1,,,"Cambridge, Trinity College, MS R.14.41",part,,,,Paraphs in red ink.,other,,,,,,,,,,,,,,,,,,,,,,,,,,,,,,,,
_deco_16,manuscript_1,,,"Cambridge, Trinity College, MS O.2.13",part,,,,"Decorative banderols inscribed with text in dark ink (e.g. ff. 240v, 246r, 246v, etc.).",other,,,,,,,,,,,,,,,,,,,,,,,,,,,,,,,,
_deco_16,manuscript_1,,,"Cambridge, Trinity College, MS O.7.20",part,,,,This part of the manuscript does not contain any significant forms of decoration.,,,,,,,,,,,,,,,,,,,,,,,,,,,,,,,,,
_deco_16,manuscript_1,,,"Cambridge, Trinity College, MS O.9.10",manuscript,,MS-TRINITY-COLLEGE-O-00009-00010,,"Large regular initials in dark ink sometimes higlighted with red ink (see ff. 49v, 51r, 67r).",other,,,,,,,,,,,,,,,,,,,,,,,,,,,,,,,,
_deco_16,manuscript_1,,,"Cambridge, Trinity College, MS O.1.57",part,,,,Regular initials higlighted with red ink throughout.,other,,,,,,,,,,,,,,,,,,,,,,,,,,,,,,,,
_deco_16,manuscript_1,,,"Cambridge, Trinity College, MS B.14.19",part,,,,Plain initials highlighted with red ink.,other,,,,,,,,,,,,,,,,,,,,,,,,,,,,,,,,
_deco_16,manuscript_1,,,"Cambridge, Trinity College, MS R.14.29",part,,,,Large (5 lines) puzzle initials in blue and red with penwork decoration inside the letter and pen-flourishing extending into the margins in the same colours (ff. 175v and 190v).,flourInit,,,,,,,,,,,,,,,,,,,,,,,,,,,,,,,,
_deco_16,manuscript_1,,,"Cambridge, Corpus Christi College, MS 405",part,,,,Large plain initial 'I' in red on f. 251v.,plainInit,,,,,,,,,,,,,,,,,,,,,,,,,,,,,,,,
_deco_16,manuscript_1,,,"Cambridge, St John's College, MS B.15",part,,,,Large (2-3 lines) initials in blue or red ink with penwork decoration in the opposite colour.,flourInit,,,,,,,,,,,,,,,,,,,,,,,,,,,,,,,,
_deco_16,manuscript_1,,,"Cambridge, Magdalene College, Pepys MS 1661",part,,,,Large (2- or 3-line) or small (1-line) plain initials in blue or red ink.,plainInit,,,,,,,,,,,,,,,,,,,,,,,,,,,,,,,,
_deco_16,manuscript_1,,,"Cambridge, Pembroke College, MS 258",part,,,,Rubrication (red only) by underlining to highlight particular letters or passages.,rubrication,,,,,,,,,,,,,,,,,,,,,,,,,,,,,,,,
_deco_16,manuscript_1,,,"Cambridge, Peterhouse, MS 247",part,,,,Rubricated headings (red only) throughout this Part of the manuscript.,rubrication,,,,,,,,,,,,,,,,,,,,,,,,,,,,,,,,
_deco_16,manuscript_1,,,"Cambridge, Peterhouse, MS 251",part,,,,"Incipits, explicits and section headings in red.",rubrication,,,,,,,,,,,,,,,,,,,,,,,,,,,,,,,,
_deco_16,manuscript_1,,,"Cambridge, Peterhouse, MS 222",part,,,,"Red and blue puzzle initial at the opening of the main text (f. 165r. Flourished initials (red initials, blue flourishing) at minor divisions of the text; blue flourishing stops at f. 167v.",flourInit,,,,,,,,,,,,,,,,,,,,,,,,,,,,,,,,
_deco_16,manuscript_1,,,"Cambridge, Gonville and Caius College, MS 336/725",part,,,,Two-line gold ('champ') initials in blue and purple with foliate pen-flourishing in green ink.,flourInit,,,,,,,,,,,,,,,,,,,,,,,,,,,,,,,,
_deco_16,manuscript_1,,,"Cambridge, Gonville and Caius College, MS 159/209",part,,,,Headings at the major and minor divisions of the text in red.,rubrication,,,,,,,,,,,,,,,,,,,,,,,,,,,,,,,,
_deco_16,manuscript_1,,,"Cambridge, Gonville and Caius College, MS 181/214",part,,,,"Plain initials 3-7 lines high at the major and minor divisions of the text in black ink, some with minor decorative flourishes or dots.",plainInit,,,,,,,,,,,,,,,,,,,,,,,,,,,,,,,,
_deco_16,manuscript_1,,,"Cambridge, Gonville and Caius College, MS 84/166",part,,,,Capitals (1 line) occasionally highlighted in red ink.,other,,,,,,,,,,,,,,,,,,,,,,,,,,,,,,,,
_deco_17,manuscript_1,,,,manuscript,,MS-II-00006-00032,,", Four Evangelists",miniature,86,86r,86r,,,,,,,,,,,,,,,,,,,,,,,,,,,,,
_deco_17,manuscript_1,,,"Cambridge, University Library, MS Ee.3.59",manuscript,,MS-EE-00003-00059,,: Reception and coronation of Queen Edith.,miniature,11v,11v,11v,,,,,,,,,,,,,,,,,,,,,,,,,,,,,
_deco_17,manuscript_1,,,,part,,,,St. Kevin and blackbird,Borders,309,309.0,309.0,,,,,,,,,,,,,,,,,,,,,,,,,,,,,
_deco_17,manuscript_1,,,MS Gg.6.42,part,,,,"Citations of works from which the extracts are taken are specified by marginal rubrics, often framed with a line of blue ink, the text beginning with a paraph mark (e.g. ff. , , , , etc.).",rubrication,223r; 224v; 226v; 229r,223r 224v 226v 229r,223r 224v 226v 229r,,,,,,,,,,,,,,,,,,,,,,,,,,,,,
_deco_17,manuscript_1,,,,manuscript,,MS-ADD-04126,,: St Matthew,miniature,15v,15v,15v,,,,,,,,,,,,,,,,,,,,,,,,,,,,,
_deco_17,manuscript_1,,,"Cambridge, University Library, MS Ii.6.39",part,,,,Large (2-6 lines) initials in green or red sometimes with Arabesque motifs in the same or opposite colours inside the letters.,colInit,,,,,,,,,,,,,,,,,,,,,,,,,,,,,,,,
_deco_17,manuscript_1,,,"Cambridge, Trinity College, MS R.14.41",part,,,,Underlining in red ink.,other,,,,,,,,,,,,,,,,,,,,,,,,,,,,,,,,
_deco_17,manuscript_1,,,"Cambridge, Trinity College, MS O.7.20",part,,,,Folios 2:177v-2:178r contain drawings of vessels in brown ink that are placed on furnaces or cauldrons and heated by fires in red ink. Accompanying Latin labels identify these objects.,drawing,,,,,,,,,,,,,,,,,,,,,,,,,,,,,,,,
_deco_17,manuscript_1,,,"Cambridge, Trinity College, MS O.9.10",manuscript,,MS-TRINITY-COLLEGE-O-00009-00010,,"Small regular initials or words at the start of lines are occasionally highlighted in yellow (see ff. 1r-26v, 89r-120v and ff. 137r-143v).",other,,,,,,,,,,,,,,,,,,,,,,,,,,,,,,,,
_deco_17,manuscript_1,,,"Cambridge, Trinity College, MS O.1.57",part,,,,Paraphs in blue or red ink throughout.,other,,,,,,,,,,,,,,,,,,,,,,,,,,,,,,,,
_deco_17,manuscript_1,,,"Cambridge, Trinity College, MS B.14.19",part,,,,Catchwords written inside decorative banderols of dark ink.,other,,,,,,,,,,,,,,,,,,,,,,,,,,,,,,,,
_deco_17,manuscript_1,,,"Cambridge, Trinity College, MS R.14.29",part,,,,Large (2 lines) initials in blue or red with penwork decoration in the opposite colour inside the letter.,flourInit,,,,,,,,,,,,,,,,,,,,,,,,,,,,,,,,
_deco_17,manuscript_1,,,"Cambridge, St John's College, MS B.15",part,,,,"Small (1 line) plain initials in blue or red ink, sometimes with penwork decoration in the opposite colour.",colInit,,,,,,,,,,,,,,,,,,,,,,,,,,,,,,,,
_deco_17,manuscript_1,,,"Cambridge, Magdalene College, Pepys MS 1661",part,,,,Titles in red ink.,rubrication,,,,,,,,,,,,,,,,,,,,,,,,,,,,,,,,
_deco_17,manuscript_1,,,"Cambridge, Pembroke College, MS 258",part,,,,No significant decoration in this Part.,none,,,,,,,,,,,,,,,,,,,,,,,,,,,,,,,,
_deco_17,manuscript_1,,,"Cambridge, Peterhouse, MS 247",part,,,,Plain initials in dark ink touched with red on f. 170r.,plainInit,,,,,,,,,,,,,,,,,,,,,,,,,,,,,,,,
_deco_17,manuscript_1,,,"Cambridge, Peterhouse, MS 251",part,,,,"Spaces left for decorative initials on ff. 92r, 97v, 102v, 105v.",unfilled,,,,,,,,,,,,,,,,,,,,,,,,,,,,,,,,
_deco_17,manuscript_1,,,"Cambridge, Peterhouse, MS 222",part,,,,Plain 'lombardic' initial 'M' at the opening of the text.,plainInit,,,,,,,,,,,,,,,,,,,,,,,,,,,,,,,,
_deco_17,manuscript_1,,,"Cambridge, Gonville and Caius College, MS 336/725",part,,,,One-line capitals in blue or red ink.,colInit,,,,,,,,,,,,,,,,,,,,,,,,,,,,,,,,
_deco_17,manuscript_1,,,"Cambridge, Gonville and Caius College, MS 159/209",part,,,,Paraph marks in red and occasionally in blue throughout the text.,other,,,,,,,,,,,,,,,,,,,,,,,,,,,,,,,,
_deco_17,manuscript_1,,,"Cambridge, Gonville and Caius College, MS 181/214",part,,,,Chapter and section titles in red ink.,rubrication,,,,,,,,,,,,,,,,,,,,,,,,,,,,,,,,
_deco_17,manuscript_1,,,"Cambridge, Gonville and Caius College, MS 84/166",part,,,,Paraphs in red ink.,other,,,,,,,,,,,,,,,,,,,,,,,,,,,,,,,,
_deco_18,manuscript_1,,,,manuscript,,MS-II-00006-00032,,", Christ",miniature,4v,4v,4v,,,,,,,,,,,,,,,,,,,,,,,,,,,,,
_deco_18,manuscript_1,,,"Cambridge, University Library, MS Ee.3.59",manuscript,,MS-EE-00003-00059,,": While at Mass, Edward has a vision of the drowning of the Danish king.",miniature,12r,12r,12r,,,,,,,,,,,,,,,,,,,,,,,,,,,,,
_deco_18,manuscript_1,,,,part,,,,Miracle of bear and ox,Borders,310,310.0,310.0,,,,,,,,,,,,,,,,,,,,,,,,,,,,,
_deco_18,manuscript_1,,,MS Gg.6.42,part,,,,"Marginal notes written in black ink, introduced with a paraph mark touched in red: ff. , , , .",marginal,224r; 224v; 225r; 231r,224r 224v 225r 231r,224r 224v 225r 231r,,,,,,,,,,,,,,,,,,,,,,,,,,,,,
_deco_18,manuscript_1,,,,manuscript,,MS-ADD-04126,,: St Mark,miniature,16v,16v,16v,,,,,,,,,,,,,,,,,,,,,,,,,,,,,
_deco_18,manuscript_1,,,"Cambridge, University Library, MS Ii.6.39",part,,,,Rubrics in red.,rubrication,,,,,,,,,,,,,,,,,,,,,,,,,,,,,,,,
_deco_18,manuscript_1,,,"Cambridge, Trinity College, MS R.14.41",part,,,,Minor decorative flourishes on ascenders on the top line highlighted with red ink.,cadel,,,,,,,,,,,,,,,,,,,,,,,,,,,,,,,,
_deco_18,manuscript_1,,,"Cambridge, Trinity College, MS O.1.57",part,,,,Sub-headers in texts occasionally written in frames of red ink.,other,,,,,,,,,,,,,,,,,,,,,,,,,,,,,,,,
_deco_18,manuscript_1,,,"Cambridge, Trinity College, MS B.14.19",part,,,,Large (2 to 3 lines) plain blue initials.,plainInit,,,,,,,,,,,,,,,,,,,,,,,,,,,,,,,,
_deco_18,manuscript_1,,,"Cambridge, Trinity College, MS R.14.29",part,,,,Titles in red ink.,rubrication,,,,,,,,,,,,,,,,,,,,,,,,,,,,,,,,
_deco_18,manuscript_1,,,"Cambridge, St John's College, MS B.15",part,,,,Headings for recipes written in red ink.,rubrication,,,,,,,,,,,,,,,,,,,,,,,,,,,,,,,,
_deco_18,manuscript_1,,,"Cambridge, Magdalene College, Pepys MS 1661",part,,,,Line-fillers consisting of strings of circles or horizontal wavy lines in blue or red ink.,lineFill,,,,,,,,,,,,,,,,,,,,,,,,,,,,,,,,
_deco_18,manuscript_1,,,"Cambridge, Peterhouse, MS 247",part,,,,Paraph marks in red on f. 170r.,rubrication,,,,,,,,,,,,,,,,,,,,,,,,,,,,,,,,
_deco_18,manuscript_1,,,"Cambridge, Peterhouse, MS 251",part,,,,"Plain initials in red, green, blue, and lilac at the start of major and minor divisions of the text.",plainInit,,,,,,,,,,,,,,,,,,,,,,,,,,,,,,,,
_deco_18,manuscript_1,,,"Cambridge, Peterhouse, MS 222",part,,,,Instruction letters for minor initials in their unfilled spaces throughout.,instructions,,,,,,,,,,,,,,,,,,,,,,,,,,,,,,,,
_deco_18,manuscript_1,,,"Cambridge, Gonville and Caius College, MS 336/725",part,,,,One-line capitals highlighted in yellow ink.,other,,,,,,,,,,,,,,,,,,,,,,,,,,,,,,,,
_deco_18,manuscript_1,,,"Cambridge, Gonville and Caius College, MS 181/214",part,,,,Paraph marks in red.,other,,,,,,,,,,,,,,,,,,,,,,,,,,,,,,,,
_deco_19,manuscript_1,,,,manuscript,,MS-II-00006-00032,,", Crucifixion",miniature,16v,16v,16v,,,,,,,,,,,,,,,,,,,,,,,,,,,,,
_deco_19,manuscript_1,,,"Cambridge, University Library, MS Ee.3.59",manuscript,,MS-EE-00003-00059,,: Edward reports his vision to his nobles.,miniature,12v,12v,12v,,,,,,,,,,,,,,,,,,,,,,,,,,,,,
_deco_19,manuscript_1,,,,part,,,,St. Colman,Borders,311-312,311.0,312.0,,,,,,,,,,,,,,,,,,,,,,,,,,,,,
_deco_19,manuscript_1,,,MS Gg.6.42,part,,,,Versals touched in red.,colInit,,,,,,,,,,,,,,,,,,,,,,,,,,,,,,,,
_deco_19,manuscript_1,,,,manuscript,,MS-ADD-04126,,"Borders: In Quire 6 (37r-44v), each page is framed in a design of gold cords or branchwork, outlined in blue or green.",border,,,,,,,,,,,,,,,,,,,,,,,,,,,,,,,,
_deco_19,manuscript_1,,,"Cambridge, University Library, MS Ii.6.39",part,,,,One-line capitals highlighted in red.,other,,,,,,,,,,,,,,,,,,,,,,,,,,,,,,,,
_deco_19,manuscript_1,,,"Cambridge, Trinity College, MS R.14.41",part,,,,Regular (1 line) initials highlighted with red ink.,other,,,,,,,,,,,,,,,,,,,,,,,,,,,,,,,,
_deco_19,manuscript_1,,,"Cambridge, Trinity College, MS B.14.19",part,,,,Headings copied in red ink.,rubrication,,,,,,,,,,,,,,,,,,,,,,,,,,,,,,,,
_deco_19,manuscript_1,,,"Cambridge, Trinity College, MS R.14.29",part,,,,Regular capitals higlighted in red ink.,other,,,,,,,,,,,,,,,,,,,,,,,,,,,,,,,,
_deco_19,manuscript_1,,,"Cambridge, St John's College, MS B.15",part,,,,Regular capitals in brown ink occasionally highlighted with red ink.,other,,,,,,,,,,,,,,,,,,,,,,,,,,,,,,,,
_deco_19,manuscript_1,,,"Cambridge, Magdalene College, Pepys MS 1661",part,,,,Paraphs in red ink.,other,,,,,,,,,,,,,,,,,,,,,,,,,,,,,,,,
_deco_19,manuscript_1,,,"Cambridge, Peterhouse, MS 247",part,,,,Plain initials in red at the minor divisions of the text.,plainInit,,,,,,,,,,,,,,,,,,,,,,,,,,,,,,,,
_deco_19,manuscript_1,,,"Cambridge, Peterhouse, MS 251",part,,,,Rubrication (red only) for chapter headings and most explicits.,rubrication,,,,,,,,,,,,,,,,,,,,,,,,,,,,,,,,
_deco_19,manuscript_1,,,"Cambridge, Peterhouse, MS 222",part,,,,Unfilled spaces for minor initials throughout.,unfilled,,,,,,,,,,,,,,,,,,,,,,,,,,,,,,,,
_deco_19,manuscript_1,,,"Cambridge, Gonville and Caius College, MS 336/725",part,,,,Linefillers consisting of blue and red wavy lines.,lineFill,,,,,,,,,,,,,,,,,,,,,,,,,,,,,,,,
_deco_19,manuscript_1,,,"Cambridge, Gonville and Caius College, MS 181/214",part,,,,Diagrams in the outer margin of p. 441.,marginal,,,,,,,,,,,,,,,,,,,,,,,,,,,,,,,,
_deco_2,manuscript_1,,,"Cambridge, Emmanuel College, MS 95",part,,,,Headings for recipes written and underlined in red ink.,rubrication,,,,,,,,,,,,,,,,,,,,,,,,,,,,,,,,
_deco_2,manuscript_1,,,"Cambridge, Emmanuel College, MS 69",manuscript,,MS-EMMANUEL-COLLEGE-00069,,"A full-page drawing of medical instruments in black, yellow and red ink on f. 83r.",miniature,,,,,,,,,,,,,,,,,,,,,,,,,,,,,,,,
_deco_2,manuscript_1,,,"Cambridge, Emmanuel College, MS 70",manuscript,,MS-EMMANUEL-COLLEGE-00070,,"Plain initials in red at some textual openings, e.g., ff. 1r, 80r, 128r and some minor divisions of the texts, e.g., 128r.",plainInit,,,,,,,,,,,,,,,,,,,,,,,,,,,,,,,,
_deco_2,manuscript_1,,,"Cambridge, Emmanuel College, MS 66",part,,,,"Flourished initials in red and blue at the major and some minor divisions of the text, a particularly ornate initial on f. 2:1r.",flourInit,,,,,,,,,,,,,,,,,,,,,,,,,,,,,,,,
_deco_2,manuscript_1,,,"Cambridge, University Library, MS Ii.3.17",part,,,,Alchemical marginal sketches: 20r distilling apparatus 24r ‘locus ignis’ 47v table of alchemical symbols 113v circular diagram of planetary system 20r distilling apparatus24r ‘locus ignis’47v table of alchemical symbols113v circular diagram of planetary system,marginal,,,,,,,,,,,,,,,,,,,,,,,,,,,,,,,,
_deco_2,manuscript_1,,,,manuscript,,MS-II-00006-00031,,"One and two-line plain initials in red or black, at the opening of passages of Latin text, occasionally with simple infill and marginal flourishing in black.",colInit,,,,,,,,,,,,,,,,,,,,,,,,,,,,,,,,
_deco_2,manuscript_1,,,"Cambridge, University Library, MS Ii.5.11",manuscript,,MS-II-00005-00011,,"7r: Half-page miniature in colours and gold of Christ enthroned, and nimbed in a pastoral scene. Christ holds an orb in his left hand and holds up his right hand in benediction as a variety of large and small animals gather around him in the scene.",miniature,,,,,,,,,,,,,,,,,,,,,,,,,,,,,,,,
_deco_2,manuscript_1,,,,manuscript,,MS-FF-00004-00042,,"Initials: Twenty-one three- to six-line initials with white ornamentation and blue, purple and orange floral scroll infill on burnished gold ground. At major textual divisions, initials are accompanied by four-sided frames of cusped burnished gold, purple and blue bars with short oak and ivy leaf scrolls and gold studded black sprays. At minor textual divisions, there are identical bars extending from purple-and-orange initials in the left-hand margins. 24r, 28v, 39r, 41r, 42v, 44r, 45v, 46v: Hours of the Virgin. 52r: 'Salve virgo virginum'. 75r, 77v, 78v, 79v, 80v, 81v, 82v: Hours of the Passion. 92r: Psalm 22. 99r: Penitential Psalms. 110r: Office of the Dead. 127r: 'Commendatio animarum'. 135r: Psalter of St Jerome. 24r, 28v, 39r, 41r, 42v, 44r, 45v, 46v: Hours of the Virgin. 52r: 'Salve virgo virginum'. 75r, 77v, 78v, 79v, 80v, 81v, 82v: Hours of the Passion. 92r: Psalm 22. 99r: Penitential Psalms. 110r: Office of the Dead. 127r: 'Commendatio animarum'. 135r: Psalter of St Jerome.",initial,,,,,,,,,,,,,,,,,,,,,,,,,,,,,,,,
_deco_2,manuscript_1,,,,part,,,,"Spaces left for two-line initials at the start of each chapter; left empty, later filled in the 16th century by Parkerian secretaries.",unfilled,,,,,,,,,,,,,,,,,,,,,,,,,,,,,,,,
_deco_2,manuscript_1,,,,part,,,,"12v Rough drawing of St John the Baptist with Lamb, probably added in the 14th century. St John the Baptist with Lamb",sketch,,,,,,,,,,,,,,,,,,,,,,,,,,,,,,,,
_deco_2,manuscript_1,,,"Cambridge, University Library, MS Ee.2.29",part,,,,Paraphs in blue or red ink.,other,,,,,,,,,,,,,,,,,,,,,,,,,,,,,,,,
_deco_2,manuscript_1,,,"Cambridge, University Library, MS Dd.5.76",part,,,,Titles and headings rubricated throughout.,rubrication,,,,,,,,,,,,,,,,,,,,,,,,,,,,,,,,
_deco_2,manuscript_1,,,,part,,,,"Two-line initial in blue, with flourishing drawn in red ink (f. 2:17r).",flourInit,,,,,,,,,,,,,,,,,,,,,,,,,,,,,,,,
_deco_2,manuscript_1,,,,manuscript,,MS-II-00006-00032,,"Bearded, seated figure (head partially effaced by staining) holding sword and flanked by two small figures ()",miniature,4v,4v,4v,,,,,,,,,,,,,,,,,,,,,,,,,,,,,
_deco_2,manuscript_1,,,,manuscript,,MS-ADD-03021,,Litterae notabiliores are touched in red. Some sections have alternating red and blue paragraph marks.,rubrication,,,,,,,,,,,,,,,,,,,,,,,,,,,,,,,,
_deco_2,manuscript_1,,,,part,,,,"Plain initials in red, two-lines at the opening and one-line thereafter, in the missal extract.",plainInit,,,,,,,,,,,,,,,,,,,,,,,,,,,,,,,,
_deco_2,manuscript_1,,,,manuscript,,MS-ADD-03020,,"Rectilinear border in red and blue, descending from the geometric initial and running along the left-hand side of the text-block (f. 12r).",border,,,,,,,,,,,,,,,,,,,,,,,,,,,,,,,,
_deco_2,manuscript_1,,,,part,,,,"Textual divisions marked by two-line plain initials, alternating in red and green.",plainInit,,,,,,,,,,,,,,,,,,,,,,,,,,,,,,,,
_deco_2,manuscript_1,,,"Cambridge, University Library, MS Add. 9309",manuscript,,MS-ADD-09309,,1 large (3-line) initial in brown ink with penwork flourishing on f. 8v.,flourInit,,,,,,,,,,,,,,,,,,,,,,,,,,,,,,,,
_deco_2,manuscript_1,,,"Cambridge, University Library, MS Ee.3.59",manuscript,,MS-EE-00003-00059,,: King Sweyn's oppressions. The flight of Queen Emma to Normandy with her two young sons.,miniature,4r,4r,4r,,,,,,,,,,,,,,,,,,,,,,,,,,,,,
_deco_2,manuscript_1,,,"Cambridge, University Library, MS Ff.5.5",manuscript,,MS-FF-00005-00005,,"Two-line initials in blue or red in frames of penwork decoration in the opposite colour, used only on ff. 2r-6r.",decInit,,,,,,,,,,,,,,,,,,,,,,,,,,,,,,,,
_deco_2,manuscript_1,,,"Cambridge, University Library, MS Gg.4.6",manuscript,,MS-GG-00004-00006,,"Miniatures, all within blue and/or red frames diapered in white and edged in burnished gold. 1/3-page miniature: 3r: Lover's dream, rosebush behind; he sews his sleeve; he stands before vices painted on garden's wall 3r: Lover's dream, rosebush behind; he sews his sleeve; he stands before vices painted on garden's wall Smaller, column miniatures, 8-13 lines in size, on burnished gold or patterned ground: 4r: Hate, Cruelty, Covetousness (4) 4v: Avarice 5r: Envy, Sorrow 5v: Old Age 6r: Hypocrisy 6v: Poverty 7v: Idleness leads Lover into garden 9r: Pleasure 13r: Narcissus 14r: Lover looks into spring of Narcissus 14v: God of Love shoots arrow at Lover 16r: Love captures Lover 16v: Lover becomes Love’s liegeman 22r: Lover, Evil Tongue and Rebuff 23r: Reason descends from Tower to Lover 24r: Lover speaks to Rebuff 25r: Magnanimity speaks to Rebuff 27v: Fear and Shame rouse Rebuff 30r: Jean de Meun as author 49v: Lover and Friend 69v: God of Love addresses his barons 80v: False Seeming and Constrained Abstinence approach Evil Tongue as pilgrims 100r: Magnanimity speaks to Rebuff 4r: Hate, Cruelty, Covetousness (4) 4v: Avarice 5r: Envy, Sorrow 5v: Old Age 6r: Hypocrisy 6v: Poverty 7v: Idleness leads Lover into garden 9r: Pleasure 13r: Narcissus 14r: Lover looks into spring of Narcissus 14v: God of Love shoots arrow at Lover 16r: Love captures Lover 16v: Lover becomes Love’s liegeman 22r: Lover, Evil Tongue and Rebuff 23r: Reason descends from Tower to Lover 24r: Lover speaks to Rebuff 25r: Magnanimity speaks to Rebuff 27v: Fear and Shame rouse Rebuff 30r: Jean de Meun as author 49v: Lover and Friend 69v: God of Love addresses his barons 80v: False Seeming and Constrained Abstinence approach Evil Tongue as pilgrims 100r: Magnanimity speaks to Rebuff",miniature,,,,,,,,,,,,,,,,,,,,,,,,,,,,,,,,
_deco_2,manuscript_1,,,"Cambridge, University Library, MS Kk.6.33",part,,,,Large circular diagram in brown ink with names of the cardinal and intercardinal directions in brown or red ink.,diagram,,,,,,,,,,,,,,,,,,,,,,,,,,,,,,,,
_deco_2,manuscript_1,,,,manuscript,,MS-LL-00005-00018,,"At the end of the Dirrection of a Mannys Life (), The Charter of the Abbey of the Holy Ghost () and the Augustine excerpt () one sees the same practice of filling the end of a line of prose with a distinctive decorative ‘AMEN’. In each instance, this sequence is identical, consisting of each letter capitalised and separated by a decorative marking made up of a tilde stroke intersected by one or two vertical lines. The fact that this distinctive trait is present at the end of the first excerpt may evidence the fact that the same scribe copied the now largely lost first text as part of the surviving manuscript segment as opposed to repurposing a half-used quire to commence this compilation work. This practice is in contrast to the purely decorative line-filling that appears on .",,f. 1r; f. 24v; f. 29r; f. 18r,1r 24v 29r 18r,1r 24v 29r 18r,,,,,,,,,,,,,,,,,,,,,,,,,,,,,
_deco_2,manuscript_1,,,,part,,,,"Part II (pages 41-71): Initial A (16 lines) filled with serpentine dragon on burnished gold ground, with an eagle perching on the top finial on page 41. There is also a 5-line burnished gold B initial on a blue and rose ground on page 41.",initial,,,,,,,,,,,,,,,,,,,,,,,,,,,,,,,,
_deco_2,manuscript_1,,,"Cambridge, University Library, MS Dd.12.23",manuscript,,MS-DD-00012-00023,,"Cadel in black ink, with red infill (f. 67v), and practices / pen-trials for interlaced cadel decoration (f. 24v).",cadel,,,,,,,,,,,,,,,,,,,,,,,,,,,,,,,,
_deco_2,manuscript_1,,,"Cambridge, University Library, MS Mm.6.17",part,,,,One-line capitals highlighted in red throughout.,other,,,,,,,,,,,,,,,,,,,,,,,,,,,,,,,,
_deco_2,manuscript_1,,,MS Add. 3303(3),manuscript,,MS-ADD-03303-00003,,"One-line initials in blue, with red pen infill and limited marginal flourishing, at the beginning of each caption.",flourInit,,,,,,,,,,,,,,,,,,,,,,,,,,,,,,,,
_deco_2,manuscript_1,,,"Cambridge, University Library, MS Kk.6.30",part,,,,Drawing of the herb danewort (Waltworte) in brown ink on f. 11r. Waltworte,drawing,,,,,,,,,,,,,,,,,,,,,,,,,,,,,,,,
_deco_2,manuscript_1,,,"Cambridge, University Library, MS Ii.4.6",part,,,,"From f. 148r (where the second scribal hand begins), the first line of a homily is often written in handsome majuscule letters, alternately red and green or red and black.",rubrication,,,,,,,,,,,,,,,,,,,,,,,,,,,,,,,,
_deco_2,manuscript_1,,,"Cambridge, University Library, MS Add. 2994",part,,,,No significant decorative features.,none,,,,,,,,,,,,,,,,,,,,,,,,,,,,,,,,
_deco_2,manuscript_1,,,MS Gg.6.42,part,,,,f. : peacock with a note on pauo,miniature,40r,40r,40r,,,,,,,,,,,,,,,,,,,,,,,,,,,,,
_deco_2,manuscript_1,,,,manuscript,,MS-II-00002-00004,,"Coloured initials at the start of each chapter, two or three lines in height, are alternately red, blue and green. They usually have guide-letters, and half of the initial is usually indented to the left.",initial,,,,,,,,,,,,,,,,,,,,,,,,,,,,,,,,
_deco_2,manuscript_1,,,"Cambridge, University Library, MS Dd.8.12",part,,,,Rubrics at the openings of texts on ff. 8r and 8v.,rubric,,,,,,,,,,,,,,,,,,,,,,,,,,,,,,,,
_deco_2,manuscript_1,,,"Cambridge, University Library, MS Dd.5.5",manuscript,,MS-DD-00005-00005,,"Miniatures: Thirty-nine 10-line miniatures, framed, some with architectural features, on patterned gold ground. Psalter: 13r: David pointing to his eyes before God (Ps. 26). 21r: David pointing to his mouth before God (Ps. 38). 28v: Fool with club and bread (Ps. 52). 46r: David ringing bells (Ps. 80). 55r: Clerks chanting (Ps. 97). 65r: God the Father and Jesus Christ enthroned (Ps. 109). 13r: David pointing to his eyes before God (Ps. 26). David pointing to his eyes before God 21r: David pointing to his mouth before God (Ps. 38). David pointing to his mouth before God 28v: Fool with club and bread (Ps. 52). 46r: David ringing bells (Ps. 80). David ringing bells 55r: Clerks chanting (Ps. 97). Clerks chanting 65r: God the Father and Jesus Christ enthroned (Ps. 109). God the Father and Jesus Christ enthronedTemporale (following the marked feasts): 91r: Pentecost. 106r: Celebrant with host at altar (Corpus Christi). 91r: Pentecost. Pentecost 106r: Celebrant with host at altar (Corpus Christi). Celebrant with host at altar (Corpus Christi)Sanctorale (following the marked feasts): 199r: St Anthony writing. 207r: Sts Gervase and Prothase. 211r: Nativity of St John the Baptist. 217v: St John and St Paul. 221r: St Peter and St Paul. 236r: Woman (perhaps intended to represent Marie de Saint Pol) praying to St Mary Magdalene. 239r: St James. 246r: Woman (perhaps intended to represent Marie de Saint Pol) praying to St Peter. 253r: Three masons building a cathedral (Blessed Virgin Mary 'de la neif'). 264r: Martyrdom of St Lawrence. 274r: Woman (perhaps intended to be Marie de Saint Pol) praying to St Clare. 280r: Dormition of Virgin (Assumption). 294r: Martyrdom of St Bartholomew. 295r: St Louis enthroned. 299r: St Augustine preaching. 302r: Martyrdom of St John the Baptist. 307v: Nativity of Virgin. 325r: Martyrdom of St Matthew . 331v: Archangel Michael fighting the dragon. 338v: St Francis receiving the stigmata. 358r: Martyrdom of Sts Denis, Rusticus and Eleutherius. 359r: Dedication of a church. 364r: St Mark writing. 368r: St Simon and St Jude. 369v: Group of saints (All Saints). 379v: St Martin and beggar. 386r: St Elizabeth. 388r: Marie de Saint Pol in heraldic mantle praying to St Cecilia. 392v: Martyrdom of St Clement. 397r: Martyrdom of St Catherine of Alexandria. 199r: St Anthony writing. St Anthony writing 207r: Sts Gervase and Prothase. Sts Gervase and Prothase 211r: Nativity of St John the Baptist. Nativity of St John the Baptist 217v: St John and St Paul. St John and St Paul 221r: St Peter and St Paul. St PeterSt Paul 236r: Woman (perhaps intended to represent Marie de Saint Pol) praying to St Mary Magdalene. Woman (perhaps intended to represent Marie de Saint Pol) praying to St Mary Magdalene 239r: St James. St James 246r: Woman (perhaps intended to represent Marie de Saint Pol) praying to St Peter. Woman (perhaps intended to represent Marie de Saint Pol) praying to St Peter 253r: Three masons building a cathedral (Blessed Virgin Mary 'de la neif'). Three masons building a cathedral 264r: Martyrdom of St Lawrence. Martyrdom of St Lawrence 274r: Woman (perhaps intended to be Marie de Saint Pol) praying to St Clare. Woman (perhaps intended to be Marie de Saint Pol) praying to St Clare 280r: Dormition of Virgin (Assumption). Dormition of Virgin (Assumption) 294r: Martyrdom of St Bartholomew. Martyrdom of St Bartholomew 295r: St Louis enthroned. St Louis enthroned 299r: St Augustine preaching. St Augustine preaching 302r: Martyrdom of St John the Baptist. Martyrdom of St John the Baptist 307v: Nativity of Virgin. Nativity of Virgin 325r: Martyrdom of St Matthew .Martyrdom of St Matthew 331v: Archangel Michael fighting the dragon. Archangel Michael fighting the dragon 338v: St Francis receiving the stigmata. St Francis receiving the stigmata 358r: Martyrdom of Sts Denis, Rusticus and Eleutherius. Martyrdom of Sts Denis, Rusticus and Eleutherius 359r: Dedication of a church. Dedication of a church 364r: St Mark writing. St Mark writing 368r: St Simon and St Jude. St SimonSt Jude 369v: Group of saints (All Saints). Group of saints (All Saints) 379v: St Martin and beggar. St Martin and beggar 386r: St Elizabeth. St Elizabeth 388r: Marie de Saint Pol in heraldic mantle praying to St Cecilia. Marie de Saint Pol in heraldic mantle praying to St Cecilia 392v: Martyrdom of St Clement. Martyrdom of St Clement 397r: Martyrdom of St Catherine of Alexandria. Martyrdom of St Catherine of AlexandriaCommon of Saints: 403r: Group of saints. 403r: Group of saints. Group of saints",miniature,,,,,,,,,,,,,,,,,,,,,,,,,,,,,,,,
_deco_2,manuscript_1,,,"Cambridge, University Library, MS Add. 5368",manuscript,,MS-ADD-05368,,"Large plain initials in red or green at the start of each homily, and smaller initials, typically red, at the head of minor sections of text within the homily.",plainInit,,,,,,,,,,,,,,,,,,,,,,,,,,,,,,,,
_deco_2,manuscript_1,,,"Cambridge, University Library, MS Ff.6.51",part,,,,"Two- or three-line blue initials with red penwork decoration on ff. 4r, 32r-33r.",colInit,,,,,,,,,,,,,,,,,,,,,,,,,,,,,,,,
_deco_2,manuscript_1,,,,manuscript,,MS-MM-00005-00031,,Figural initial (15 lines): man climbing up tree foliage ().,initial,3v,3v,3v,,,,,,,,,,,,,,,,,,,,,,,,,,,,,
_deco_2,manuscript_1,,,,manuscript,,MS-KK-00005-00016,,Chapter rubrics and chapter numbers in the list of chapters that precede each book are all written in red.,rubrication,,,,,,,,,,,,,,,,,,,,,,,,,,,,,,,,
_deco_2,manuscript_1,,,"Cambridge, University Library, MS Ff.6.53",manuscript,,MS-FF-00006-00053,,"Abstract and antropomorphic letters 'N' at the beginning of lines on ff. 9r, 46v, 58v, 117r.",decInit,,,,,,,,,,,,,,,,,,,,,,,,,,,,,,,,
_deco_2,manuscript_1,,,"Cambridge, University Library, MS Ff.1.23",manuscript,,MS-FF-00001-00023,,"Borders outlined in black ink and tinted in brown, orange, green and yellow, comprising bars containing acanthus foliage and / or interlace knotwork (ff. 4v, 5r, 88r-88v, 171r-171v), that on f. 88r-88v also incorporating at its mid-points a roundel with an unidentified saint holding a book, one on each side.",border,,,,,,,,,,,,,,,,,,,,,,,,,,,,,,,,
_deco_2,manuscript_1,,,,manuscript,,MS-II-00001-00033,,"Running titles in plummet in the top margins (now almost invisible). Attributed to Glossator B by Traxel (2004, p. 149).",other,,,,,,,,,,,,,,,,,,,,,,,,,,,,,,,,
_deco_2,manuscript_1,,,"Cambridge, University Library, MS Ii.6.43",part,,,,Guide letters for 2-line initials (either planned or in the exemplar) in black or red ink throughout the manuscript.,other,,,,,,,,,,,,,,,,,,,,,,,,,,,,,,,,
_deco_2,manuscript_1,,,"Cambridge, University Library, MS Add. 3120",part,,,,A dragon drawn in penwork of blue and red ink in the lower margin of f. 75r.,bas-de-page,,,,,,,,,,,,,,,,,,,,,,,,,,,,,,,,
_deco_2,manuscript_1,,,"Cambridge, University Library, MS Ee.5.18",part,,,,Headers underlined in red ink.,other,,,,,,,,,,,,,,,,,,,,,,,,,,,,,,,,
_deco_2,manuscript_1,,,"Cambridge, University Library, MS Add. 4087",manuscript,,MS-ADD-04087,,Full serrated border in blue and red ink with penwork foliage at the four corners.,border,,,,,,,,,,,,,,,,,,,,,,,,,,,,,,,,
_deco_2,manuscript_1,,,,manuscript,,MS-GG-00001-00001,,"Small miniatures (10-20 lines) in coloured frames in Apocalypse: 407v St John preaching 408r Vision of Christ and Seven Candlesticks 408v St John asleep and Angel 409r St John writing and Angel 411r St John climbing ladder to heaven 411v Elders adoring Christ, Evangelists' symbols in roundels at frame corners 412v Elders kneeling before Christ flanked by Evangelists' symbols 413r Adoration of Lamb, Evangelists' symbols in corners 413v first seal: white horse accompanied by Lamb, lion and St John 414r second seal: red horse accompanied by Angel 414r third seal: black horse accompanied by eagle 414v fourth seal: pale horse accompanied by bull 415r fifth seal: souls of martyrs 415v sixth seal: earthquake 416r Angels holding four winds 416r Angel rising out of east 416v adoration of God and Lamb 417r an Elder and St John 417r seventh seal: seven trumpets given to Angels, an Angel censing altar 417v first trumpet: hail, rain and blood cast on earth 418r second trumpet: fire cast on sea 418v third trumpet: falling star 418v fourth trumpet: darkening of sun and moon, eagle crying 419r fifth trumpet: falling star, locusts, horse-like locust in mail 419v sixth trumpet: unbinding of four angels 407v army of four angels slaying people (420) 420v Great Angel and seven thunders 421r Angel gives book to St John 421v Angel gives St John rod to measure Temple 422r earth swallowing water spewed by Dragon against Woman 422v seven-headed Beast rising from sea 423r worship of Beast 423v harpers on sea of glass 424v false prophet and followers 425v adoration of Lamb on Mount Sion 426r first Angel: `Fear God' 426v second Angel: fall of Babylon 427r third Angel: harvest of earth 427v grape harvest 428r sixth vial: frogs coming out of mouths of False Prophet, Beast and Dragon 428v seventh vial: earthquake and destruction 429r an Angel with vial showing St John, Great Whore seated on seven-headed Beast 430r Beast goes to perdition, with Angel 431r fall of Babylon 432r Angel casting millstone into sea 432v triumph in heaven 433v the Word of God, sword in mouth, followed by armies of heaven 434v First Resurrection 435r St John before new earth, sky and sea 435v Angel showing St John New Jerusalem 436v ‘The Lamb is Light thereof’ 438r River of Life 439r Angel giving book to St John 439v St John preaching Apocalypse 407v St John preaching 408r Vision of Christ and Seven Candlesticks 408v St John asleep and Angel 409r St John writing and Angel 411r St John climbing ladder to heaven 411v Elders adoring Christ, Evangelists' symbols in roundels at frame corners 412v Elders kneeling before Christ flanked by Evangelists' symbols 413r Adoration of Lamb, Evangelists' symbols in corners 413v first seal: white horse accompanied by Lamb, lion and St John 414r second seal: red horse accompanied by Angel 414r third seal: black horse accompanied by eagle 414v fourth seal: pale horse accompanied by bull 415r fifth seal: souls of martyrs 415v sixth seal: earthquake 416r Angels holding four winds 416r Angel rising out of east 416v adoration of God and Lamb 417r an Elder and St John 417r seventh seal: seven trumpets given to Angels, an Angel censing altar 417v first trumpet: hail, rain and blood cast on earth 418r second trumpet: fire cast on sea 418v third trumpet: falling star 418v fourth trumpet: darkening of sun and moon, eagle crying 419r fifth trumpet: falling star, locusts, horse-like locust in mail 419v sixth trumpet: unbinding of four angels 407v army of four angels slaying people (420) 420v Great Angel and seven thunders 421r Angel gives book to St John 421v Angel gives St John rod to measure Temple 422r earth swallowing water spewed by Dragon against Woman 422v seven-headed Beast rising from sea 423r worship of Beast 423v harpers on sea of glass 424v false prophet and followers 425v adoration of Lamb on Mount Sion 426r first Angel: `Fear God' 426v second Angel: fall of Babylon 427r third Angel: harvest of earth 427v grape harvest 428r sixth vial: frogs coming out of mouths of False Prophet, Beast and Dragon 428v seventh vial: earthquake and destruction 429r an Angel with vial showing St John, Great Whore seated on seven-headed Beast 430r Beast goes to perdition, with Angel 431r fall of Babylon 432r Angel casting millstone into sea 432v triumph in heaven 433v the Word of God, sword in mouth, followed by armies of heaven 434v First Resurrection 435r St John before new earth, sky and sea 435v Angel showing St John New Jerusalem 436v ‘The Lamb is Light thereof’ 438r River of Life 439r Angel giving book to St John 439v St John preaching",miniature,,,,,,,,,,,,,,,,,,,,,,,,,,,,,,,,
_deco_2,manuscript_1,,,"Cambridge, University Library, MS Add. 9213",part,,,,Plain initials in red or blue at minor divisions of the text.,plainInit,,,,,,,,,,,,,,,,,,,,,,,,,,,,,,,,
_deco_2,manuscript_1,,,,manuscript,,MS-GG-00004-00018,,"Three- to five-line initials in red and blue, with penwork flourishing in red, at the opening of Books Two and Three, the Translator's Preface and Book Four (ff. 18r, 38r, 68v, 69r). Red flourishing sprouting from chapter initials.",flourInit,,,,,,,,,,,,,,,,,,,,,,,,,,,,,,,,
_deco_2,manuscript_1,,,"Cambridge, University Library, MS Dd.6.29",manuscript,,MS-DD-00006-00029,,"2v-14r Each calendar month on the verso is followed by an astronomical table on the facing recto, with additional astronomical tables on ff. 13v-14r. Numbers and writing in red ink in calendars and the diagrams. 126r-v Diagrams of eclipses coloured in red and oxidized silver(?).",diagram,,,,,,,,,,,,,,,,,,,,,,,,,,,,,,,,
_deco_2,manuscript_1,,,,manuscript,,MS-ADD-04126,,: St Luke (Sequences of the Gospels),miniature,14v,14v,14v,,,,,,,,,,,,,,,,,,,,,,,,,,,,,
_deco_2,manuscript_1,,,"Cambridge, University Library, MS Add. 4085",manuscript,,MS-ADD-04085,,"f. : fool with club and bread before king (6 lines, Psalm 52)",histInit,2r,5v,2r,,,,,,,,,,,,,,,,,,,,,,,,,,,,,
_deco_2,manuscript_1,,,"Cambridge, University Library, MS Gg.4.27(1)",part,,,,"Blue or purple and rose initials, 4-8 lines, filled with blue, purple, rose and orange leaves (with occasional dragon grotesques), on gold ground (ff. 5r, 175r, 176r, 186v, 192r, 222v, 287r, 306r, 323r, 352r, 395r, 416v, 423v, 427v, 432r, 433r, 445r, 481r). Some have been excised (e.g. f. 359r).",colInit,,,,,,,,,,,,,,,,,,,,,,,,,,,,,,,,
_deco_2,manuscript_1,,,,manuscript,,MS-NN-00004-00001,,"Presentation of the Virgin in Temple (Professio noviciorum, )",miniature,36v,36v,36v,,,,,,,,,,,,,,,,,,,,,,,,,,,,,
_deco_2,manuscript_1,,,,part,,,,"Three-line (and occasionally two-, four- or five-line) plain initials, alternating in red or blue. In the part of the manuscript copied by Hand 3 (ff. 235r-260v), the same style of initial is used, but are of four or five lines in height.",plainInit,,,,,,,,,,,,,,,,,,,,,,,,,,,,,,,,
_deco_2,manuscript_1,,,"Cambridge, University Library, MS Add. 6865",part,,,,Plain red initials for lemma in glossaries and lists of contents and for some minor divisions of the texts.,plainInit,,,,,,,,,,,,,,,,,,,,,,,,,,,,,,,,
_deco_2,manuscript_1,,,"Cambridge, University Library, MS Dd.8.19",part,,,,Two-line initials alternatively in blue and red with penwork decoration in the opposite colour,flourInit,,,,,,,,,,,,,,,,,,,,,,,,,,,,,,,,
_deco_2,manuscript_1,,,"Cambridge, University Library, MS Dd.10.44",part,,,,Line fillers in red ink.,lineFill,,,,,,,,,,,,,,,,,,,,,,,,,,,,,,,,
_deco_2,manuscript_1,,,,manuscript,,MS-EE-00004-00024,,"Six- to ten-line historiated initials, on burnished gold and patterned red or blue ground to each psalm and canticle: 6r: Anointing of David; David and Goliath (Ps. 1) 6r: Pilate and Herod conspire against Christ (or Pilate in debate with the Jews?) (Ps. 2) 6r: Absalom hanging in an oak tree by his hair (Ps. 3) 6r: David asleep (Ps. 4) 6v: Abraham repudiates Hagar (Ps. 5) 6v: David in bed praying to God (Ps. 6) 6v: Shimei threatens to stone David (Ps. 7) 7r: man with winepress (Ps. 8) 7r: acolyte and celebrant praying at altar with chalice and corporal (Ps. 9) 7v: man looking at bird on tree (Ps. 10) 7v: Last Judgement: resurrection of the dead, angels trumpeting (Ps. 11) 7v: priest vested by assistant (Ps. 12) 7v: Jew in pointed hat looking at tree (Ps.13) 8r: Ecclesia with staff-cross and chalice (Ps. 14) 8r: Resurrection (Ps. 15) 8r: David crowned by God (Ps. 16) 8r: Amalekite offers crown to David (Ps. 17) 9r: Pentecost (Ps. 18) 9r: woman praying to Christ (Ps. 19) 9r: David crowned by the Lord before altar (Ps. 20) 9r: Crucifixion (Ps. 21) 9v: group of people led by Jew and woman with child enter city (Ps. 22) 9v: Christ kicking gates of Hell (Ps. 23) 10r: man attacked by two others (Ps. 24) 10r: angel flying out of well-head in mountain (misunderstanding of text: angel / eagle; Ps. 25) 10r: David carrying Goliath's head; women playing and dancing below (Ps. 26) 10v: David praying at altar (Ps. 27) 10v: priest offering lamb at altar (Ps. 28) 10v: acolyte and priest at altar with chalice (Ps. 29) 11r: man catching birds on string (Ps. 30) 11r: baptism of child (Ps. 31) 11v: Christ holding crown and flail (Ps. 32) 11v: David with club and bread (like fool) before three men (Ps. 33) 12r: Christ standing and holding staff-cross (Ps. 34) 12r: Joab and Amasa (Ps. 35) 12v: man picking herbs (Ps. 36) 13r: David with dagger, prophet (Gad?) behind and soldier before him (Ps. 37) 13r: Saul throwing lance at David who is playing harp (Ps. 38) 13v: the Lord holding crown and pulling young David up (Ps. 39) 13v: David giving bread to poor (Ps. 40) 14r: man shooting at stag (Ps. 41) 14r: deacon with circular flabellum and priest at altar with chalice (Ps. 42) 14r: man blowing trumpet in tower, two horsemen below (Ps. 43) 14v: Virgin seated with book above three women playing music (Ps. 44) 14v: Ecclesia and Synagoga (Ps. 45) 14v: Ascension (Ps. 46) 15r: Herod and man breaking ships with axes (Ps. 47) 15r: soul of dying man taken by two devils (Ps. 48) 15v: the Lord repels Jew kneeling with sheaf before altar (Ps. 49) 15v: Nathan pointing to David's eye (misunderstanding of text: eye / sheep; Ps. 50) 15v: Doeg slaying Achimelech (Ps. 51) 16r: Achimelech giving bread to David; Achimelech holding Doeg's lance and pointing at David (Ps. 52) 16r: David cutting Saul's cloak (Ps. 53) 16r: two men in boat (Ps. 54) 16v: David holding lance before Saul in bed (Ps. 55) 16v: David with staff, man kneeling before Saul (Ps. 56) 16v: man balancing bowl on stick above man holding bag and snake (Ps. 57) 16v: Michol lets David out through window (Ps. 58) 17r: David touching gate of burning city with staff (Ps. 59) 17r: David trampling on devil (Ps. 60) 17r: men beneath collapsing tower (Ps. 61) 17v: David seated under tree (Ps. 62) 17v: David seated between trees above man with bow (Ps. 63) 17v: David holding hand of Jew and observed by three Jews in building (Ps. 64) 18r: lioness reviving cub (Ps. 65) 18r: Aaron with flowering rod (Ps. 66) 18r: Moses and Aaron in Ark, with two men (Ark confused with Noah's Ark; Ps. 67) 18v: Michol reproaching David who is playing harp before Ark carried on chariot (Ps. 68) 19r: two men bringing Ishbosheth's head to David (Ps. 69) 19r: David in tower above three horsemen (Ps. 70) 19v: three men worshipping idols (Ps. 71) 19v: Moses breaking Tablets of Law (Ps. 72) 20r: Christ pushes Synagoga away with stick (Ps. 73) 20r: man kneeling in confession before hooded priest in brown cloak (Ps. 74) 20v: the Lord lifting covers of sleeping king (Ps. 75) 20v: David crowned by the Lord (Ps. 76) 20v: Moses striking water out of rock (Ps. 77) 21v: two beasts devouring two corpses (Ps. 78) 21v: Christ between vines (Ps. 79) 22r: horsemen above group of women and two men carrying Ark (Ps. 80) 22r: idols falling before Christ (Ps. 81) 22r: Deborah driving nail into church facade (misunderstanding of text: temple / Sisera's temples, Ps. 82) 22v: acolyte and priest before altar with chalice (Ps. 83) 22v: Nativity (Ps. 84) 22v: bird on altar, another bird flying above (Ps. 85) 23r: Dormition of Virgin (Ps. 86) 23r: man blowing bellows at fire on which man with tied hands and feet is lying (Ps. 87) 23r: Father and Son seated above sun and moon (Ps. 88) 24r: man holding winnowing basket (Ps. 89) 24r: Christ between two candlesticks trampling on lion and dragon (Ps. 90) 24r: David with sword seated between two soldiers (Ps. 91) 24v: Christ blessing and holding book (Ps. 92) 24v: fire sent from above upon man attacking fellow with dagger (Ps. 93) 24v: wise virgin let into house with Christ, foolish virgin shut out (Ps. 94) 25r: layman, acolyte and priest holding host over chalice (Ps. 95) 25r: people at gate meet David riding (Ps. 96) 25r: Death of Absalom; news brought to David (Ps. 97) 25v: Moses holding Tablets and praying to God (Ps. 98) 25v: Christ as Good Shepherd, holding book and club and tending sheep below (Ps. 99) 25v: righteous man on left crowned by Christ, wicked man on right in flames (Ps. 100) 25v: pelican feeding chicks (Ps. 101) 26r: eagle pecking at stone by stream (Ps. 102) 26r: dead donkey by stream (Ps. 103) 26v: Pharaoh giving key to Joseph (Ps. 104) 27r: Jews kneeling to red calf (Ps. 105) 27v: Annunciation to Shepherds (Ps. 106) 28r: Jacob blessing sons (Jacob cross-nimbed; Ps. 107) 28r: Judas' suicide (Ps. 108) 28v: David's last words; David on death bed (Ps. 109) 28v: sacrifice of Isaac (Ps. 110) 28v: man giving bread to poor (Ps. 111) 29r: anointing of David (Ps. 112) 29r: man worshipping an idol above gryllus with bagpipe (Ps. 113) 29r: Samson carrying gates of Gaza (Ps. 114) 29v: layman receiving communion from priest (Ps. 115) 29v: two spies carrying grapes (Ps. 116) 29v: man climbing up tower (Ps. 117) 29v: man reading from book (Ps. 118, Aleph) 30r: man with book looking up to Christ (Beth) 30r: man praying to Christ (Gimel) 30r: David asleep (Daleth) 30r: man turning away from woman (He) 30r: the Lord blessing David in prayer (Vau) 30v: fire behind man attacking fellow with dagger (Zain) 30v: man reading from book (Cheth) 30v: man slaying saint (Teth) 30v: God creating Adam (Jod) 30v: Presentation in Temple (Caph) 31r: God creating sun and moon (Lamed) 31r: youth instructing an old man (Mem) 31r: two men walking, one carrying lantern (Nun) 31r: two doves perching on pinnacles of gabled colonnade above stream (Samech) 31r: Christ speaking to three Jews (Ain) 31r: Annunciation (Pe) 31v: Pentecost (Tsade) 31v: black monk kneeling at altar (Koph) 31v: man shooting at dragon escaping into hole (Resh) 31v: flagellation of saint (Shin) 31v: man carrying blue sheep over shoulders (Tay) 32r: man praying at altar on top of fifteen steps (Ps. 119) 32r: man blowing trumpet from castle tower (Ps. 120) 32r: man entering temple (Ps. 121) 32r: maid looking at hands of her lady (Ps. 122) 32r: God rescuing man from water (Ps. 123) 32r: man touching hand of woman pushed away by the Lord (Ps. 124) 32v: man carrying sack (Ps. 125) 32v: Apostle touching foot before three Jews (Ps. 126) 32v: husband and wife sitting at table with their children (Ps. 127) 32v: man laying stones on back of crouching man (Ps. 128) 32v: Jonah emerging from whale (Ps. 129) 32v: woman nursing child (Ps. 130) 33r: Virgin, with book and palm, and Christ, with book and staff-cross, standing in their tombs (Ps. 131) 33r: Aaron in bed anointed by God (Ps. 132) 33r: Jacob's dream and wrestling with angel (Ps. 133) 33r: man sitting on top of fifteen steps (Ps. 134) 33v: Joshua with three hanged kings (Ps. 135) 33v: Jew sitting by stream, red robe hanging on tree (Ps. 136) 33v: man holding scroll (Ps. 137) 33v: king holding belt (Ps. 138) 34r: two men in combat (Ps. 139) 34r: Virgin with Child, standing (Ps. 140) 34v: two Jews standing by Christ in shroud (Ps. 141) 34v: Resurrection (Ps. 142) 34v: David and Goliath (Ps. 143) 35r: Christ washing David in tub (Ps. 144) 35r: Christ healing cripples (Ps. 145) 35r: stream descending on birds in nest (Ps. 146) 35v: Christ standing in tower, blessing and holding host (Ps. 146) 35v: Christ blessing and holding host above man and an angel (Ps. 147) 35v: St Peter holding string which ties king's hands (Ps. 148) 35v: Christ above angels making music (Ps. 149) 35v: Jew with scroll (Confitebor) 36r: Hezekiah in bed (Ego dixi in dimidio) 36r: Hannah praying at altar from an open book inscribed exultavit cor meum (Exultavit cor meum) 36r: Miriam praying from an open book inscribed cantemus domino (Cantemus domino) 36v: Habakkuk pointing at Christ in manger (Domine audivi) 37r: Moses and Miriam (Audite celi) 37v: clerics singing at lectern (Te deum) 37v: three Hebrews in furnace (Benedicite) 38r: Zacharias and Elizabeth (Benedictus dominus) 38r: Visitation (Magnificat) 38r: Presentation in Temple (Nunc dimittis) 38r: Christ blessing and holding host above angels (Gloria in excelsis) 38v: Christ in Majesty with Evangelist symbols (Quicumque vult) 6r: Anointing of David; David and Goliath (Ps. 1)Anointing of DavidDavid and Goliath 6r: Pilate and Herod conspire against Christ (or Pilate in debate with the Jews?) (Ps. 2)Pilate in debate with the Jews 6r: Absalom hanging in an oak tree by his hair (Ps. 3)Absalom hanging in an oak tree by his hair 6r: David asleep (Ps. 4) 6v: Abraham repudiates Hagar (Ps. 5)Abraham repudiates Hagar 6v: David in bed praying to God (Ps. 6) 6v: Shimei threatens to stone David (Ps. 7)Shimei threatens to stone David 7r: man with winepress (Ps. 8)man with winepress 7r: acolyte and celebrant praying at altar with chalice and corporal (Ps. 9)acolyte and celebrant praying at altar with chalice and corporal 7v: man looking at bird on tree (Ps. 10) 7v: Last Judgement: resurrection of the dead, angels trumpeting (Ps. 11)Last Judgement: resurrection of the dead, angels trumpeting 7v: priest vested by assistant (Ps. 12)priest vested by assistant 7v: Jew in pointed hat looking at tree (Ps.13) 8r: Ecclesia with staff-cross and chalice (Ps. 14)Ecclesia with staff-cross and chalice 8r: Resurrection (Ps. 15)Resurrection 8r: David crowned by God (Ps. 16)David crowned by God 8r: Amalekite offers crown to David (Ps. 17)Amalekite offers crown to David 9r: Pentecost (Ps. 18)Pentecost 9r: woman praying to Christ (Ps. 19) 9r: David crowned by the Lord before altar (Ps. 20)David crowned by the Lord before altar 9r: Crucifixion (Ps. 21)Crucifixion 9v: group of people led by Jew and woman with child enter city (Ps. 22) 9v: Christ kicking gates of Hell (Ps. 23)Christ kicking gates of Hell 10r: man attacked by two others (Ps. 24) 10r: angel flying out of well-head in mountain (misunderstanding of text: angel / eagle; Ps. 25) 10r: David carrying Goliath's head; women playing and dancing below (Ps. 26)David carrying Goliath's head 10v: David praying at altar (Ps. 27) 10v: priest offering lamb at altar (Ps. 28) 10v: acolyte and priest at altar with chalice (Ps. 29)acolyte and priest at altar with chalice 11r: man catching birds on string (Ps. 30) 11r: baptism of child (Ps. 31)baptism of child 11v: Christ holding crown and flail (Ps. 32) 11v: David with club and bread (like fool) before three men (Ps. 33) 12r: Christ standing and holding staff-cross (Ps. 34) 12r: Joab and Amasa (Ps. 35)Joab and Amasa 12v: man picking herbs (Ps. 36) 13r: David with dagger, prophet (Gad?) behind and soldier before him (Ps. 37) 13r: Saul throwing lance at David who is playing harp (Ps. 38)Saul throwing lance at David who is playing harp 13v: the Lord holding crown and pulling young David up (Ps. 39) 13v: David giving bread to poor (Ps. 40) 14r: man shooting at stag (Ps. 41) 14r: deacon with circular flabellum and priest at altar with chalice (Ps. 42)deacon with circular flabellum and priest at altar with chalice 14r: man blowing trumpet in tower, two horsemen below (Ps. 43) 14v: Virgin seated with book above three women playing music (Ps. 44) 14v: Ecclesia and Synagoga (Ps. 45)Ecclesia and Synagoga 14v: Ascension (Ps. 46)Ascension 15r: Herod and man breaking ships with axes (Ps. 47)Herod and man breaking ships with axes 15r: soul of dying man taken by two devils (Ps. 48)soul of dying man taken by two devils 15v: the Lord repels Jew kneeling with sheaf before altar (Ps. 49) 15v: Nathan pointing to David's eye (misunderstanding of text: eye / sheep; Ps. 50)Nathan pointing to David's eye 15v: Doeg slaying Achimelech (Ps. 51)Doeg slaying Achimelech 16r: Achimelech giving bread to David; Achimelech holding Doeg's lance and pointing at David (Ps. 52)Achimelech giving bread to DavidAchimelech holding Doeg's lance and pointing at David 16r: David cutting Saul's cloak (Ps. 53)David cutting Saul's cloak 16r: two men in boat (Ps. 54) 16v: David holding lance before Saul in bed (Ps. 55) 16v: David with staff, man kneeling before Saul (Ps. 56) 16v: man balancing bowl on stick above man holding bag and snake (Ps. 57) 16v: Michol lets David out through window (Ps. 58)Michol lets David out through window 17r: David touching gate of burning city with staff (Ps. 59)David touching gate of burning city with staff 17r: David trampling on devil (Ps. 60) 17r: men beneath collapsing tower (Ps. 61) 17v: David seated under tree (Ps. 62) 17v: David seated between trees above man with bow (Ps. 63) 17v: David holding hand of Jew and observed by three Jews in building (Ps. 64) 18r: lioness reviving cub (Ps. 65) 18r: Aaron with flowering rod (Ps. 66)Aaron with flowering rod 18r: Moses and Aaron in Ark, with two men (Ark confused with Noah's Ark; Ps. 67) 18v: Michol reproaching David who is playing harp before Ark carried on chariot (Ps. 68)Michol reproaching David who is playing harp before Ark carried on chariot 19r: two men bringing Ishbosheth's head to David (Ps. 69)two men bringing Ishbosheth's head to David 19r: David in tower above three horsemen (Ps. 70) 19v: three men worshipping idols (Ps. 71) 19v: Moses breaking Tablets of Law (Ps. 72)Moses breaking Tablets of Law 20r: Christ pushes Synagoga away with stick (Ps. 73)Christ pushes Synagoga away with stick 20r: man kneeling in confession before hooded priest in brown cloak (Ps. 74)man kneeling in confession before hooded priest in brown cloak 20v: the Lord lifting covers of sleeping king (Ps. 75) 20v: David crowned by the Lord (Ps. 76)David crowned by the Lord 20v: Moses striking water out of rock (Ps. 77)Moses striking water out of rock 21v: two beasts devouring two corpses (Ps. 78) 21v: Christ between vines (Ps. 79) 22r: horsemen above group of women and two men carrying Ark (Ps. 80)horsemen above group of women and two men carrying Ark 22r: idols falling before Christ (Ps. 81)idols falling before Christ 22r: Deborah driving nail into church facade (misunderstanding of text: temple / Sisera's temples, Ps. 82)Deborah driving nail into church facade 22v: acolyte and priest before altar with chalice (Ps. 83)acolyte and priest before altar with chalice 22v: Nativity (Ps. 84)Nativity 22v: bird on altar, another bird flying above (Ps. 85) 23r: Dormition of Virgin (Ps. 86)Dormition of Virgin 23r: man blowing bellows at fire on which man with tied hands and feet is lying (Ps. 87)man blowing bellows at fire on which man with tied hands and feet is lying 23r: Father and Son seated above sun and moon (Ps. 88)Father and Son seated above sun and moon 24r: man holding winnowing basket (Ps. 89)man holding winnowing basket 24r: Christ between two candlesticks trampling on lion and dragon (Ps. 90) 24r: David with sword seated between two soldiers (Ps. 91) 24v: Christ blessing and holding book (Ps. 92) 24v: fire sent from above upon man attacking fellow with dagger (Ps. 93) 24v: wise virgin let into house with Christ, foolish virgin shut out (Ps. 94)wise virgin let into house with Christ, foolish virgin shut out 25r: layman, acolyte and priest holding host over chalice (Ps. 95)layman, acolyte and priest holding host over chalice 25r: people at gate meet David riding (Ps. 96) 25r: Death of Absalom; news brought to David (Ps. 97)Death of Absalomnews brought to David 25v: Moses holding Tablets and praying to God (Ps. 98)Moses holding Tablets and praying to God 25v: Christ as Good Shepherd, holding book and club and tending sheep below (Ps. 99)Christ as Good Shepherd, holding book and club and tending sheep below 25v: righteous man on left crowned by Christ, wicked man on right in flames (Ps. 100) 25v: pelican feeding chicks (Ps. 101)pelican feeding chicks 26r: eagle pecking at stone by stream (Ps. 102) 26r: dead donkey by stream (Ps. 103) 26v: Pharaoh giving key to Joseph (Ps. 104) 27r: Jews kneeling to red calf (Ps. 105)Jews kneeling to red calf 27v: Annunciation to Shepherds (Ps. 106)Annunciation to Shepherds 28r: Jacob blessing sons (Jacob cross-nimbed; Ps. 107)Jacob blessing sons 28r: Judas' suicide (Ps. 108)Judas' suicide 28v: David's last words; David on death bed (Ps. 109)David's last wordsDavid on death bed 28v: sacrifice of Isaac (Ps. 110)sacrifice of Isaac 28v: man giving bread to poor (Ps. 111) 29r: anointing of David (Ps. 112)anointing of David 29r: man worshipping an idol above gryllus with bagpipe (Ps. 113)man worshipping an idol above gryllus with bagpipe 29r: Samson carrying gates of Gaza (Ps. 114)Samson carrying gates of Gaza 29v: layman receiving communion from priest (Ps. 115)layman receiving communion from priest 29v: two spies carrying grapes (Ps. 116)two spies carrying grapes 29v: man climbing up tower (Ps. 117) 29v: man reading from book (Ps. 118, Aleph) 30r: man with book looking up to Christ (Beth) 30r: man praying to Christ (Gimel) 30r: David asleep (Daleth) 30r: man turning away from woman (He) 30r: the Lord blessing David in prayer (Vau) 30v: fire behind man attacking fellow with dagger (Zain) 30v: man reading from book (Cheth) 30v: man slaying saint (Teth) 30v: God creating Adam (Jod)God creating Adam 30v: Presentation in Temple (Caph)Presentation in Temple 31r: God creating sun and moon (Lamed)God creating sun and moon 31r: youth instructing an old man (Mem) 31r: two men walking, one carrying lantern (Nun) 31r: two doves perching on pinnacles of gabled colonnade above stream (Samech) 31r: Christ speaking to three Jews (Ain) 31r: Annunciation (Pe)Annunciation 31v: Pentecost (Tsade)Pentecost 31v: black monk kneeling at altar (Koph) 31v: man shooting at dragon escaping into hole (Resh) 31v: flagellation of saint (Shin)flagellation of saint 31v: man carrying blue sheep over shoulders (Tay)man carrying blue sheep over shoulders 32r: man praying at altar on top of fifteen steps (Ps. 119) 32r: man blowing trumpet from castle tower (Ps. 120) 32r: man entering temple (Ps. 121) 32r: maid looking at hands of her lady (Ps. 122) 32r: God rescuing man from water (Ps. 123) 32r: man touching hand of woman pushed away by the Lord (Ps. 124) 32v: man carrying sack (Ps. 125) 32v: Apostle touching foot before three Jews (Ps. 126) 32v: husband and wife sitting at table with their children (Ps. 127) 32v: man laying stones on back of crouching man (Ps. 128) 32v: Jonah emerging from whale (Ps. 129)Jonah emerging from whale 32v: woman nursing child (Ps. 130)woman nursing child 33r: Virgin, with book and palm, and Christ, with book and staff-cross, standing in their tombs (Ps. 131) 33r: Aaron in bed anointed by God (Ps. 132) 33r: Jacob's dream and wrestling with angel (Ps. 133)Jacob's dream and wrestling with angel 33r: man sitting on top of fifteen steps (Ps. 134) 33v: Joshua with three hanged kings (Ps. 135)Joshua with three hanged kings 33v: Jew sitting by stream, red robe hanging on tree (Ps. 136) 33v: man holding scroll (Ps. 137) 33v: king holding belt (Ps. 138) 34r: two men in combat (Ps. 139) 34r: Virgin with Child, standing (Ps. 140)Virgin with Child, standing 34v: two Jews standing by Christ in shroud (Ps. 141)two Jews standing by Christ in shroud 34v: Resurrection (Ps. 142)Resurrection 34v: David and Goliath (Ps. 143)David and Goliath 35r: Christ washing David in tub (Ps. 144) 35r: Christ healing cripples (Ps. 145)Christ healing cripples 35r: stream descending on birds in nest (Ps. 146) 35v: Christ standing in tower, blessing and holding host (Ps. 146) 35v: Christ blessing and holding host above man and an angel (Ps. 147) 35v: St Peter holding string which ties king's hands (Ps. 148) 35v: Christ above angels making music (Ps. 149) 35v: Jew with scroll (Confitebor) 36r: Hezekiah in bed (Ego dixi in dimidio) 36r: Hannah praying at altar from an open book inscribed exultavit cor meum (Exultavit cor meum)Hannah praying at altar from an open book inscribed exultavit cor meum 36r: Miriam praying from an open book inscribed cantemus domino (Cantemus domino) 36v: Habakkuk pointing at Christ in manger (Domine audivi)Habakkuk pointing at Christ in manger 37r: Moses and Miriam (Audite celi) 37v: clerics singing at lectern (Te deum) 37v: three Hebrews in furnace (Benedicite)three Hebrews in furnace 38r: Zacharias and Elizabeth (Benedictus dominus)Zacharias and Elizabeth 38r: Visitation (Magnificat)Visitation 38r: Presentation in Temple (Nunc dimittis)Presentation in Temple 38r: Christ blessing and holding host above angels (Gloria in excelsis) 38v: Christ in Majesty with Evangelist symbols (Quicumque vult)Christ in Majesty with Evangelist symbols",histInit,,,,,,,,,,,,,,,,,,,,,,,,,,,,,,,,
_deco_2,manuscript_1,,,"Cambridge, University Library, MS Dd.13.3",manuscript,,MS-DD-00013-00003,,"Spaces for column miniatures and initials left blank at the beginning of Books Two-Five (ff. 88r, 153r, 204v, 214v).",unfilled,,,,,,,,,,,,,,,,,,,,,,,,,,,,,,,,
_deco_2,manuscript_1,,,"Cambridge, University Library, MS Ii.6.5",part,,,,"Puzzle initial f. 3r. Simple flourished initials in red and blue ff. 3r-62v at major divisions of the text. Some initials unfilled, and then later filled (e.g., f. 49v) by the artist who supplied missing initials throughout the volume, and who supplied all of the major initials from f. 63v onward.",flourInit,,,,,,,,,,,,,,,,,,,,,,,,,,,,,,,,
_deco_2,manuscript_1,,,"Cambridge, University Library, MS Ii.6.39",part,,,,Headers higlighted in red ink.,rubrication,,,,,,,,,,,,,,,,,,,,,,,,,,,,,,,,
_deco_2,manuscript_1,,,MS Dd.1.11,part,,,,Rubrics written in red ink.,rubrication,,,,,,,,,,,,,,,,,,,,,,,,,,,,,,,,
_deco_2,manuscript_1,,,"Cambridge, University Library, MS Ll.2.2",manuscript,,MS-LL-00002-00002,,One six-line puzzle initial in blue and red (f. 15r).,decInit,,,,,,,,,,,,,,,,,,,,,,,,,,,,,,,,
_deco_2,manuscript_1,,,"Cambridge, University Library, MS Dd.3.52",manuscript,,MS-DD-00003-00052,,"Large (5-line) blue initial F historiated with a pointing figure in cap, gown, and hood (perhaps a scholar or physician, or the author) outlined in black on on f. 11r. F",histInit,,,,,,,,,,,,,,,,,,,,,,,,,,,,,,,,
_deco_2,manuscript_1,,,"Cambridge, University Library, MS Ii.3.21",part,,,,"Bar border extending from the now-lost initial on f. 2:9r, framing the opening page of the text of Boethius on three sides, and decorated with stylised blue and purple leaves and flowers, and sprays in black ink with gold discs. According to Binski and Zutshi, '[the] only work of this artist in [the] manuscript' (see Source).",border,,,,,,,,,,,,,,,,,,,,,,,,,,,,,,,,
_deco_2,manuscript_1,,,"Cambridge, University Library, MS Ee.1.15",part,,,,Diagram of a zodiac man in brown ink with yellow used for hair colour on f. 11r.,diagram,,,,,,,,,,,,,,,,,,,,,,,,,,,,,,,,
_deco_2,manuscript_1,,,"Cambridge, University Library, MS Dd.3.51",part,,,,"'Arabesque' initials in red, green, dark blue and ochre (2-17 lines), throughout the manuscript. some with decorative dotting at their perimeter.",flourInit,,,,,,,,,,,,,,,,,,,,,,,,,,,,,,,,
_deco_2,manuscript_1,,,"Cambridge, University Library, MS Ff.3.9",manuscript,,MS-FF-00003-00009,,"Seven-line initial in red, with red floral patterns on green ground (f. 1r).",colInit,,,,,,,,,,,,,,,,,,,,,,,,,,,,,,,,
_deco_2,manuscript_1,,,MS Gg.5.35,manuscript,,MS-GG-00005-000035,,: eight-line zoormorphic interlace M with dragon terminals in red and brown ink.,decInit,1r,1r,1r,,,,,,,,,,,,,,,,,,,,,,,,,,,,,
_deco_2,manuscript_1,,,"Cambridge, University Library, MS Ii.6.17",manuscript,,MS-II-00006-00017,,Two-line plain red initials throughout.,colInit,,,,,,,,,,,,,,,,,,,,,,,,,,,,,,,,
_deco_2,manuscript_1,,,,manuscript,,MS-II-00006-00002,,"Ten five-line initials, in blue or orange with internal white filigree and enclosing scrollwork of blue and orange flowers, on gold background; with gold, blue and mauve single bar borders descending from the initial, sprouting branches tipped with blue, orange and gold flowers, ivy and trefoil leaves, at the Hours of the Virgin (ff. 34r, 38r, 45r, 50r, 52r, 54r, 56r), the Penitential Psalms (f. 76r), the Office of the Dead (f. 85r) and the Commendatio animarum (f. 95v). Commendatio animarumTwo- and three-line initials in gold, on blue and mauve background, at the opening of the months in the Calendar, and of prayers and verses. One-line initials in gold or blue with purple or red pen flourishing.",decInit,,,,,,,,,,,,,,,,,,,,,,,,,,,,,,,,
_deco_2,manuscript_1,,,"Cambridge, University Library, MS Dd.5.53",part,,,,Spaces for large (2- to 6-line) initials have been left blank throughout (but guide letters are present).,plainInit,,,,,,,,,,,,,,,,,,,,,,,,,,,,,,,,
_deco_2,manuscript_1,,,"Cambridge, University Library, MS Hh.6.11",manuscript,,MS-HH-00006-00011,,Folios 5-64: plain initials alternating in red and blue.,plainInit,,,,,,,,,,,,,,,,,,,,,,,,,,,,,,,,
_deco_2,manuscript_1,,,"Cambridge, University Library, MS Kk.1.6",part,,,,One-line plain capitals in blue or red ink.,plainInit,,,,,,,,,,,,,,,,,,,,,,,,,,,,,,,,
_deco_2,manuscript_1,,,"Cambridge, University Library, MS Dd.4.24",manuscript,,MS-DD-00004-00024,,"Occasional calligraphic treatment of litterae notabiliores. From 113v onwards, at intervals, letters ornamented by elongation and fancy ascenders. litterae notabiliores",other,,,,,,,,,,,,,,,,,,,,,,,,,,,,,,,,
_deco_2,manuscript_1,,,"Cambridge, University Library, MS Dd.15.15",part,,,,"At major textual divisions, geometric / 'puzzle' initials of various sizes, in red and blue, with infill and marginal flourishing drawn in red and blue ink: ff. 1r, 7-line; 153v, 11-line; 156v.",flourInit,,,,,,,,,,,,,,,,,,,,,,,,,,,,,,,,
_deco_2,manuscript_1,,,"Cambridge, University Library, MS Dd.11.45",part,,,,Headers with titles at the top of the page rubricated in red ink.,rubrication,,,,,,,,,,,,,,,,,,,,,,,,,,,,,,,,
_deco_2,manuscript_1,,,"Cambridge, University Library, MS Hh.6.13",part,,,,Linefillers in red ink throughout ff. 3r-85v.,lineFill,,,,,,,,,,,,,,,,,,,,,,,,,,,,,,,,
_deco_2,manuscript_1,,,"Cambridge, University Library, MS Gg.6.3",manuscript,,MS-GG-00006-00003,,Diagrams of star constellations in brown and red ink on ff. 120r-121v.,diagram,,,,,,,,,,,,,,,,,,,,,,,,,,,,,,,,
_deco_2,manuscript_1,,,,manuscript,,MS-DD-00001-00014,,": initial I enclosing the six days of Creation with God resting on the seventh, each scene in an oval compartment formed by twisting vines, on alternating ground of blue chequerboard and red with white dots, edged in gold. Figures of Synagoga and Ecclesia in the lower border.",histInit,5r,5r,5r,,,,,,,,,,,,,,,,,,,,,,,,,,,,,
_deco_2,manuscript_1,,,"Cambridge, Trinity College, MS R.14.41",part,,,,Small and large (1-2 lines) plain initials in blue or red ink; the blue ones sometimes featuring minor forms of decoration in red ink.,colInit,,,,,,,,,,,,,,,,,,,,,,,,,,,,,,,,
_deco_2,manuscript_1,,,"Cambridge, Trinity College, MS O.7.23",manuscript,,MS-TRINITY-COLLEGE-O-00007-00023,,One large (3-line) plain red initial on (f. 1r).,colInit,,,,,,,,,,,,,,,,,,,,,,,,,,,,,,,,
_deco_2,manuscript_1,,,"Cambridge, Trinity College, MS O.2.13",part,,,,Large (2 to 3 lines) plain initials in red ink throughout.,plainInit,,,,,,,,,,,,,,,,,,,,,,,,,,,,,,,,
_deco_2,manuscript_1,,,"Cambridge, Trinity College, MS O.7.20",part,,,,One full-page volvelle on f. 1:25v. This wheel chart consists of three paper disks of varying sizes that have been placed on top of each other and are held together with a small disk of parchment that has been sewn to the page with blue thread (see f. 1:25r).,diagram,,,,,,,,,,,,,,,,,,,,,,,,,,,,,,,,
_deco_2,manuscript_1,,,"Cambridge, Trinity College, MS R.14.52",manuscript,,MS-TRINITY-COLLEGE-R-00014-00052,,Twenty urine flasks (jordans) drawn in brown ink with different types of urine as highlighted by the use of colours and gold on ff. 273a verso-273d recto.,diagram,,,,,,,,,,,,,,,,,,,,,,,,,,,,,,,,
_deco_2,manuscript_1,,,"Cambridge, Trinity College, MS O.7.31",manuscript,,MS-TRINITY-COLLEGE-O-00007-00031,,Liturgical instructions rubricated in red ink throughout.,rubrication,,,,,,,,,,,,,,,,,,,,,,,,,,,,,,,,
_deco_2,manuscript_1,,,"Cambridge, Trinity College, MS R.14.44",part,,,,Marginal notae and subheadings written in red ink.,rubrication,,,,,,,,,,,,,,,,,,,,,,,,,,,,,,,,
_deco_2,manuscript_1,,,"Cambridge, Trinity College, MS O.9.10",manuscript,,MS-TRINITY-COLLEGE-O-00009-00010,,"Catchwords written inside decorative banderols in dark ink, almost all accompanied by an animal, hybrid, or human figure in dark or red ink: see 8v (hybrid with a ? flute), 16v (rabbit), 24v (hybrid), 32v (bird), 48v (ape), 56v (hybrid), 64v (a human foot; evidently illustrating the catchwords: habenti pedes),72v (a man with a ? flute), 80v (two feet with stigmas disappearing into a cloud; evidently illustrating the catchwords: Alia die ascendit), 88v (a crowned hybrid with a banderol bidding the reader far wel, 96v (rabbit), 104v (hybrid), 120v (hybrid). habenti pedesAlia die ascenditfar wel",drawing,,,,,,,,,,,,,,,,,,,,,,,,,,,,,,,,
_deco_2,manuscript_1,,,"Cambridge, Trinity College, MS R.14.51",manuscript,,MS-TRINITY-COLLEGE-R-00014-00051,,Large (2 lines) blue initials in frameworks of red penwork decoration with pen-flourishing in red ink extending into the outer margins,flourInit,,,,,,,,,,,,,,,,,,,,,,,,,,,,,,,,
_deco_2,manuscript_1,,,"Cambridge, Trinity College, MS O.9.39",part,,,,Small regular initials highlighted with red ink.,other,,,,,,,,,,,,,,,,,,,,,,,,,,,,,,,,
_deco_2,manuscript_1,,,"Cambridge, Trinity College, MS O.3.11",manuscript,,MS-TRINITY-COLLEGE-O-00003-00011,,Small (1 line) initials in red ink.,plainInit,,,,,,,,,,,,,,,,,,,,,,,,,,,,,,,,
_deco_2,manuscript_1,,,"Cambridge, Trinity College, MS O.8.2",part,,,,Titles of sequences written in red ink.,rubrication,,,,,,,,,,,,,,,,,,,,,,,,,,,,,,,,
_deco_2,manuscript_1,,,"Cambridge, Trinity College, MS O.2.49",manuscript,,MS-TRINITY-COLLEGE-O-00002-00049,,"A square diagram divided into four smaller squares in which the names of the winds are written and which are organised on the outside according to the four elements and cardinal directions, drawn in brown ink (f. 1r).",diagram,,,,,,,,,,,,,,,,,,,,,,,,,,,,,,,,
_deco_2,manuscript_1,,,"Cambridge, Trinity College, MS R.14.31",part,,,,"Flourished initials in the 'Arabesque' style at the major divivisons of the texts. A particularly siginficant initial on f. 1r has marginal flourishing that extends from the initial in the first line of text, down the inner margin and across the lower margin.",flourInit,,,,,,,,,,,,,,,,,,,,,,,,,,,,,,,,
_deco_2,manuscript_1,,,"Cambridge, Trinity College, MS O.1.57",part,,,,Vein Man: a miniature showing a naked man in colours with red lines connecting parts of his body to the surrounding text on f. 2:16v.,miniature,,,,,,,,,,,,,,,,,,,,,,,,,,,,,,,,
_deco_2,manuscript_1,,,"Cambridge, Trinity College, MS R.14.32",part,,,,This part of the manuscript does not contain any significant forms of decoration.,,,,,,,,,,,,,,,,,,,,,,,,,,,,,,,,,
_deco_2,manuscript_1,,,"Cambridge, Trinity College, MS O.2.47",manuscript,,MS-TRINITY-COLLEGE-O-00002-00047,,"Infrequent flourished initials in the text ink; typically an enlarged majuscule letter 3-4 lines high with small decorative pen flourishes perhaps slightly influenced by 'cadels', see e.g., f. 48r 'E' in 'Elixir'.",flourInit,,,,,,,,,,,,,,,,,,,,,,,,,,,,,,,,
_deco_2,manuscript_1,,,"Cambridge, Trinity College, MS O.2.53",manuscript,,MS-TRINITY-COLLEGE-O-00002-00053,,One title rubricated in red ink on f. 33r.,rubrication,,,,,,,,,,,,,,,,,,,,,,,,,,,,,,,,
_deco_2,manuscript_1,,,"Cambridge, Trinity College, MS O.8.35",manuscript,,MS-TRINITY-COLLEGE-O-00008-00035,,Cadels on ascenders of letters (typically initials) on the first lines of pages.,cadel,,,,,,,,,,,,,,,,,,,,,,,,,,,,,,,,
_deco_2,manuscript_1,,,"Cambridge, Trinity College, MS B.14.19",part,,,,"A ""J""-border in blue and red ink in the inner margin of f. 164r.",border,,,,,,,,,,,,,,,,,,,,,,,,,,,,,,,,
_deco_2,manuscript_1,,,"Cambridge, Trinity College, MS R.3.20",manuscript,,MS-TRINITY-COLLEGE-R-00003-00020,,Cadels on the ascenders of letters written on the first lines and the descenders of letters written on the last lines of pages.,cadels,,,,,,,,,,,,,,,,,,,,,,,,,,,,,,,,
_deco_2,manuscript_1,,,"Cambridge, Trinity College, MS O.8.36",manuscript,,MS-TRINITY-COLLEGE-00008-00036,,Drawings of the lower half of an alchemical furnace on f. 49r.,drawing,,,,,,,,,,,,,,,,,,,,,,,,,,,,,,,,
_deco_2,manuscript_1,,,"Cambridge, Trinity College, MS O.1.71",manuscript,,MS-TRINITY-COLLEGE-O-00001-00071,,Partial (one-sided) borders in blue or red on the pages with the tables of contents on ff. e verso-j verso.,border,,,,,,,,,,,,,,,,,,,,,,,,,,,,,,,,
_deco_2,manuscript_1,,,"Cambridge, Trinity College, MS O.1.65",part,,,,Drawings of alchemical vessels in brown and dark ink on ff. 1:50r and 1:53r.,drawing,,,,,,,,,,,,,,,,,,,,,,,,,,,,,,,,
_deco_2,manuscript_1,,,"Cambridge, Trinity College, MS R.14.29",part,,,,Large (2 lines; but one of 5 lines on f. 171r) plain blue or red initials with penwork decoration inside the letter and pen-floursihing exttending into the margin in the opposite colour.,flourInit,,,,,,,,,,,,,,,,,,,,,,,,,,,,,,,,
_deco_2,manuscript_1,,,"Cambridge, Trinity College, MS R.14.39",part,,,,This part of the manuscript does not contain any significant forms of decoration.,,,,,,,,,,,,,,,,,,,,,,,,,,,,,,,,,
_deco_2,manuscript_1,,,"Cambridge, Trinity College, MS O.8.31",part,,,,Minor initials in the 'Lombardic' style in red at the major and minor divisions of the texts.,plainInit,,,,,,,,,,,,,,,,,,,,,,,,,,,,,,,,
_deco_2,manuscript_1,,,"Cambridge, Trinity College, MS O.1.77",manuscript,,MS-TRINITY-COLLEGE-O-00001-00077,,"Folio 1r: Large puzzle initial 'O'(mne) in red blue and taupe (perhaps faded folium) with marginal flourishing extended into a full page frame. Smaller flourished initials, typically blue initials in the 'Lombardic' style 2-3 lines high with red internal and marginal flourishing and occasional taupe (perhaps faded folium) flourishes throughout at the major and minor divisions of the texts.",flourInit,,,,,,,,,,,,,,,,,,,,,,,,,,,,,,,,
_deco_2,manuscript_1,,,"Cambridge, Trinity College, MS O.9.37",manuscript,,MS-TRINITY-COLLEGE-O-00009-00037,,"One large (4 lines) 'champ' initial: a gold initial in a frame with a blue and purple ground with spraywork in green, blue, and gold on f. 122r.",flourInit,,,,,,,,,,,,,,,,,,,,,,,,,,,,,,,,
_deco_2,manuscript_1,,,"Cambridge, Trinity College, MS O.1.13",part,,,,Small (1-2 lines) plain initials in dark brown ink.,plainInit,,,,,,,,,,,,,,,,,,,,,,,,,,,,,,,,
_deco_2,manuscript_1,,,"Cambridge, Trinity College, MS O.9.32",manuscript,,MS-TRINITY-COLLEGE-O-00009-00032,,Small (1 line) plain initials in red or blue at the beginning of new recipes.,plainInit,,,,,,,,,,,,,,,,,,,,,,,,,,,,,,,,
_deco_2,manuscript_1,,,"Cambridge, Trinity College, MS VI.18.2",manuscript,,MS-TRINITY-COLLEGE-VI-00018-00002,,Large (3-line) plain initials in blue or red painted over printed guide letters in blank spaces throughout the manuscript.,plainInit,,,,,,,,,,,,,,,,,,,,,,,,,,,,,,,,
_deco_2,manuscript_1,,,"Cambridge, Trinity College, MS O.2.21",part,,,,Plain initials in red in a 'Lombardic' style at the minor divisions of the texts.,plainInit,,,,,,,,,,,,,,,,,,,,,,,,,,,,,,,,
_deco_2,manuscript_1,,,"Cambridge, King's College, MS 16",part,,,,One large (4 lines) gold initial in a frame of blue and white ('champ' initial) with pen-flourishing ingreen and gold (f. 1:1r).,flourInit,,,,,,,,,,,,,,,,,,,,,,,,,,,,,,,,
_deco_2,manuscript_1,,,MS 8,part,,,,"Display script [4 l.] in alternate red with blue pen-flourishing and blue with red pen-flourishing for incipit, fol. 1r; red penwork initials [1 – ca. 3 l.] for text divisions; red penwork linefillers",flourInit,,,,,,,,,,,,,,,,,,,,,,,,,,,,,,,,
_deco_2,manuscript_1,,,"Cambridge, Corpus Christi College, MS 416",manuscript,,MS-CCCC-00416,,Plain initials in red or purple typically 1-2 lines high in a simple 'Arabesque' style at the minor divisions of the text.,plainInit,,,,,,,,,,,,,,,,,,,,,,,,,,,,,,,,
_deco_2,manuscript_1,,,"Cambridge, Corpus Christi College, MS 210",part,,,,"On p. 129 is a drawing in plummet of the outline (jamb mould) of the stonework on the South porch of St Stephen's Church, Bristol, attributed to the freemason Benedict Cross. Inside the outline is written: Thys ys the Jamemoold of the porthe dore yn the southsyde of the chyrch of seynt stevyn (see Harvey (1969), pp. 316-317). jamb mouldThys ys the Jamemoold of the porthe dore yn the southsyde of the chyrch of seynt stevyn",drawing,,,,,,,,,,,,,,,,,,,,,,,,,,,,,,,,
_deco_2,manuscript_1,,,"Cambridge, Corpus Christi College, MS 388",manuscript,,MS-CCCC-00388,,Headers written in red ink.,rubrication,,,,,,,,,,,,,,,,,,,,,,,,,,,,,,,,
_deco_2,manuscript_1,,,"Cambridge, Corpus Christi College, MS 405",part,,,,No significant decoration in this Part.,none,,,,,,,,,,,,,,,,,,,,,,,,,,,,,,,,
_deco_2,manuscript_1,,,"Cambridge, Corpus Christi College, MS 374",part,,,,Initials highlighted in red ink throughout ff. 70r-74r.,other,,,,,,,,,,,,,,,,,,,,,,,,,,,,,,,,
_deco_2,manuscript_1,,,"Cambridge, Corpus Christi College, MS 412",part,,,,"Puzzle initial, 5 lines high, in red and blue at the opening of the text on f. 1r.",flourInit,,,,,,,,,,,,,,,,,,,,,,,,,,,,,,,,
_deco_2,manuscript_1,,,"Cambridge, Corpus Christi College, MS 61",manuscript,,MS-CCCC-00061,,"Ninety spaces for smaller (16 lines, 24/25 lines, or 30/32 lines) miniatures, planned throughout the manuscript but never made (on these planned miniatures see Fisher (1976); Hardmann (1997)).",miniature,,,,,,,,,,,,,,,,,,,,,,,,,,,,,,,,
_deco_2,manuscript_1,,,"Cambridge, Corpus Christi College, MS 456",part,,,,"Diagram in brown ink of the spheres of the heavens on p. 4. The spheres are labelled as follows from innermost to outermost: 'Luna, Mercurii, Veneris, Solis, Martis, Jouis, Saturni, Spera stellarum fixarum, Spera premobilis'.",diagram,,,,,,,,,,,,,,,,,,,,,,,,,,,,,,,,
_deco_2,manuscript_1,,,"Cambridge, Corpus Christi College, MS 335",part,,,,One large (6 lines) puzzle initial in blue and red with floral motifs outlinsed in red ink inside the letter on f. 1r.,decInit,,,,,,,,,,,,,,,,,,,,,,,,,,,,,,,,
_deco_2,manuscript_1,,,"Cambridge, Corpus Christi College, MS 41",part,,,,"Incomplete drawing of Christ, crucified, outline only, in brown ink on p. 484. On the opposite page, p. 485 an incomplete figure of a ?nude? onlooker standing on a small hill or mound looks over towards Christ. Both illustrations are palimpsest, overwritten with a homily on the Passion Men ðe gehirað nu hu .... Men ðe gehirað nu hu ...",miniature,,,,,,,,,,,,,,,,,,,,,,,,,,,,,,,,
_deco_2,manuscript_1,,,"Cambridge, Corpus Christi College, MS 354",manuscript,,MS-CCCC-00354,,"Inserted into the text space after the second line on f. 60v is, on the left-hand side, a diagram in brown ink illustrating Pythagorean tuning (this is the fygure to which the text refers). fygure",diagram,,,,,,,,,,,,,,,,,,,,,,,,,,,,,,,,
_deco_2,manuscript_1,,,"Peterborough Cathedral, MS 1",manuscript,,MS-PETERBOROUGH-00001,,Litterae notabiliores in the text touched with red.,rubrication,,,,,,,,,,,,,,,,,,,,,,,,,,,,,,,,
_deco_2,manuscript_1,,,,manuscript,,MS-ADD-03389,,Four-line red initial at the start of the Gloria on fol. .,initial,1v,1v,1v,,,,,,,,,,,,,,,,,,,,,,,,,,,,,
_deco_2,manuscript_1,,,"Cambridge, St John's College, MS K.49",manuscript,,MS-SJC-K-00049,,Line fillers in red ink.,lineFill,,,,,,,,,,,,,,,,,,,,,,,,,,,,,,,,
_deco_2,manuscript_1,,,"St John's College, MS D.24",manuscript,,SJC-MS-D-00004,,"Decorative initials throughout at the major divisions of some of the texts, most in the style of the initial S on 124v, or with touches of gold. On f. 187r, there is an initial Q with a winged grotesque and foliate interlace.",decInit,,,,,,,,,,,,,,,,,,,,,,,,,,,,,,,,
_deco_2,manuscript_1,,,"Cambridge, St John's College, MS G.4",manuscript,,MS-SJC-G-00004,,Unfilled space for an initial 'a' on f. 2r.,unfilled,,,,,,,,,,,,,,,,,,,,,,,,,,,,,,,,
_deco_2,manuscript_1,,,"Cambridge, St John's College, MS D.3",part,,,,"Large flourished initials in red and blue at the opening of each codicological unit, i.e, f. 32r and f. 70r, the first one absent due to leaves lost from the volume. Smaller flourished initials at the beginning of most new texts and major sections of text.",flourInit,,,,,,,,,,,,,,,,,,,,,,,,,,,,,,,,
_deco_2,manuscript_1,,,"Cambridge, St John's College, MS D.4",part,,,,Some texts have rubrics and chapter headings in red ink.,rubrication,,,,,,,,,,,,,,,,,,,,,,,,,,,,,,,,
_deco_2,manuscript_1,,,"Cambridge, St John's College, MS B.15",part,,,,"Large (2-line) plain initials in red ink, sometimes with minor foliate motifs inside their letters; one letter features a human face.",colInit,,,,,,,,,,,,,,,,,,,,,,,,,,,,,,,,
_deco_2,manuscript_1,,,St John's College MS E.29,part,,,,Titles and headings have been written in red ink.,rubrication,,,,,,,,,,,,,,,,,,,,,,,,,,,,,,,,
_deco_2,manuscript_1,,,"Cambridge, St John's College, MS E.6",part,,,,Paraphs in blue ink.,other,,,,,,,,,,,,,,,,,,,,,,,,,,,,,,,,
_deco_2,manuscript_1,,,"Cambridge, Jesus College, MS Q.D.4",part,,,,Titles to works and minor divisions of the texts written in red.,rubrication,,,,,,,,,,,,,,,,,,,,,,,,,,,,,,,,
_deco_2,manuscript_1,,,"Cambridge, Jesus College, MS Q.G.25",manuscript,,MS-JESUS-Q-G-00025,,Two sketches of a (?) flower in brown ink on f. 47v.,drawing,,,,,,,,,,,,,,,,,,,,,,,,,,,,,,,,
_deco_2,manuscript_1,,,"Cambridge, Jesus College, MS Q.D.2",part,,,,Plain initials in red in the 'Arabesque' style at the start of each minor division of the text.,plainInit,,,,,,,,,,,,,,,,,,,,,,,,,,,,,,,,
_deco_2,manuscript_1,,,"Cambridge, Jesus College, Q.G.23",manuscript,,MS-JESUS-Q-B-00023,,"Large (4- to 5-line) initials in coulours with foliate motifs inside the letters on gold grounds with full bar borders in gold with acanthus leaves and floral sprays in colours and gold on ff. 20v, 57v, 252r, 348v (impressions of removed initials left on ff. 132v and 199r and remains of a mutiliated initial on f. 235r).",flourInit,,,,,,,,,,,,,,,,,,,,,,,,,,,,,,,,
_deco_2,manuscript_1,,,"Cambridge, Jesus College, MS Q.B.10",manuscript,,MS-JESUS-Q-B-00010,,Plain initials in red or green at the minor divisions of the texts.,plainInit,,,,,,,,,,,,,,,,,,,,,,,,,,,,,,,,
_deco_2,manuscript_1,,,"Cambridge, Jesus College, MS Q.D.1",part,,,,A title rubricated in red ink on f. 52v.,rubrication,,,,,,,,,,,,,,,,,,,,,,,,,,,,,,,,
_deco_2,manuscript_1,,,"Cambridge, Jesus College, MS Q.G.12",manuscript,,MS-Q-G-00012,,Manicules in brown ink throughout the manuscript.,other,,,,,,,,,,,,,,,,,,,,,,,,,,,,,,,,
_deco_2,manuscript_1,,,"Cambridge, Magdalene College, Pepys MS 1236",manuscript,,MS-MAGDALENE-PEPYS-01236,,Large and small (2- and 1-line) plain initials in red or brown ink.,plainInit,,,,,,,,,,,,,,,,,,,,,,,,,,,,,,,,
_deco_2,manuscript_1,,,"Cambridge, Magdalene College, Pepys MS 878",manuscript,,MS-MAGDALENE-PEPYS-00878,,1 large (3 line) red initial with penwork decoration in black ink inside the letter and pen-flourishing in black ink extending into the margin on p. 108.,flourInit,,,,,,,,,,,,,,,,,,,,,,,,,,,,,,,,
_deco_2,manuscript_1,,,"Cambridge, Magdalene College, Pepys MS 1307",manuscript,,MS-MAGDALENE-PEPYS-01307,,Wavy line fills in red ink throughout the volume.,lineFill,,,,,,,,,,,,,,,,,,,,,,,,,,,,,,,,
_deco_2,manuscript_1,,,"Cambridge, Magdalene College, Pepys MS 1661",part,,,,Line-fillers consist of horizontal wavy lines in red ink.,lineFill,,,,,,,,,,,,,,,,,,,,,,,,,,,,,,,,
_deco_2,manuscript_1,,,"Cambridge, Magdalene College, MS Pepys 911",part,,,,Plain initials in red or blue at minor divisions of the text such as new paragraphs or sub-sections.,plainInit,,,,,,,,,,,,,,,,,,,,,,,,,,,,,,,,
_deco_2,manuscript_1,,,"Cambridge, Pembroke College, MS 237",manuscript,,MS-PEMBROKE-00237,,"Spaces for three- and four-line initials, unfilled (ff. 86v-116v).",unfilled,,,,,,,,,,,,,,,,,,,,,,,,,,,,,,,,
_deco_2,manuscript_1,,,"Cambridge, Pembroke College, MS 243",manuscript,,MS-PEMBROKE-00243,,"Five- to eleven-line initials in blue, with infill and marginal flourishing in red.",flourInit,,,,,,,,,,,,,,,,,,,,,,,,,,,,,,,,
_deco_2,manuscript_1,,,"Cambridge, Pembroke College, MS 54",manuscript,,MS-PEMBROKE-00054,,"An arabesque initial P in red, green and blue (f. 1v).",flourInit,,,,,,,,,,,,,,,,,,,,,,,,,,,,,,,,
_deco_2,manuscript_1,,,"Cambridge, Pembroke College, MS 120",part,,,,"Each page containing miniatures was prepared for a border, of which only on those on ff. 1r-3r were filled with paint. The miniatures on 1r-3r were tinted, by a later hand, in blue, green, buff and grey; the rest are sparsely tinted, but those on 5v and 6v left untinted.",border,,,,,,,,,,,,,,,,,,,,,,,,,,,,,,,,
_deco_2,manuscript_1,,,"Cambridge, Pembroke College, MS 56",manuscript,,MS-PEMBROKE-00056,,"The text of each book opens with a large arabesque initial in blue, green or red and a title in red and green capitals. The capitula open with a large blue initial with arabesque ornament in green, red and blue. Jerome's prologue opens with a red, blue and green arabesque initial.capitula",flourInit,,,,,,,,,,,,,,,,,,,,,,,,,,,,,,,,
_deco_2,manuscript_1,,,"Cambridge, Pembroke College, MS 258",part,,,,"Occasional rubrication throughout ff. 1r-20v, typically mminor initials touched with red, and the use of red to underline particular sections of text.",rubrication,,,,,,,,,,,,,,,,,,,,,,,,,,,,,,,,
_deco_2,manuscript_1,,,"Cambridge, Pembroke College, MS 301",manuscript,,MS-PEMBROKE-00301,,"Four full-page framed miniatures with Evangelists' portraits at the beginning of each Gospel: the first in the same palette as the the first eleven Canon Tables, the remaining three unfinished and in the same palette as the last four Canon Tables. Three of the miniatures face full-page openings of the Gospels of Saints Matthew, Luke and John, and one a large (two-thirds of a page) opening of the Gospel of St Mark; both miniatures and incipit pages within Winchester-style frames. 10v: Matthew holding pen and open book; his symbol, the angel, delivering gold scroll from above, lectern shaft issuing from the mouth of a bird. Frame has four Winchetser-style corner medallions and two diamond-shaped vignettes, each containing a beardless male saint with closed book, one also with cross-topped staff. 44v: Mark seated beneath gold arch with Winchester-style medallions, holding open book; his winged lion holds closed book and has trumpet issuing from mouth. Unfinished. 70v: Luke seated before a lectern, holding quill and knife, angel with staff standing behind him. Gold frame with Winchester-style medallions. Unfinished. 108v: John seated before open book, holding pen or knife in right hand, looking at angel standing behind him. Basic frame with foliage in corners. Unfinished. 10v: Matthew holding pen and open book; his symbol, the angel, delivering gold scroll from above, lectern shaft issuing from the mouth of a bird. Frame has four Winchetser-style corner medallions and two diamond-shaped vignettes, each containing a beardless male saint with closed book, one also with cross-topped staff.Matthew 44v: Mark seated beneath gold arch with Winchester-style medallions, holding open book; his winged lion holds closed book and has trumpet issuing from mouth. Unfinished.Mark 70v: Luke seated before a lectern, holding quill and knife, angel with staff standing behind him. Gold frame with Winchester-style medallions. Unfinished.Luke 108v: John seated before open book, holding pen or knife in right hand, looking at angel standing behind him. Basic frame with foliage in corners. Unfinished. John",miniature,,,,,,,,,,,,,,,,,,,,,,,,,,,,,,,,
_deco_2,manuscript_1,,,"Cambridge, Pembroke College, MS 72",part,,,,"Anthropomorphic initial M, outlined in the same ink as that used for the text and tinted red and green, in the form of a seated monk holding red and green dragons with holy wafers in their mouths (f. 1r). monkdragonsholy wafersZoomorphic initial I, outlined in the same ink as that used for the text and tinted yellow, in the form of a dragon with a holy wafer in its mouth (f. 2r). dragonholy wafer",decInit,,,,,,,,,,,,,,,,,,,,,,,,,,,,,,,,
_deco_2,manuscript_1,,,"Cambridge, Pembroke College, MS 67",part,,,,"Red or green initials, some ornamented in one or both colours (ff. 1-85).",plainInit,,,,,,,,,,,,,,,,,,,,,,,,,,,,,,,,
_deco_2,manuscript_1,,,"Cambridge, Pembroke College, MS 70",part,,,,Initials and lemmata highlighted in yellow.,plainInit,,,,,,,,,,,,,,,,,,,,,,,,,,,,,,,,
_deco_2,manuscript_1,,,"Cambridge, Pembroke College, MS 16",manuscript,,MS-PEMBROKE-00016,,"Handsome large initials open the Gospel reading and each book, outlined in the same ink as the text, tinted in red, green, purple and yellow. The following are historiated: 19v: Virgin and Child, Adoration of the Magi 30r: Hercules and the Nemean lion 47r: two men with shields 63r: man playing the fiddle 70r: king reveres Christ 71v: Christ appears to the disciples 90v: man seated 102v: man with arrow, fighting dragon 112v: man entangled with foliage 19v: Virgin and Child, Adoration of the Magi Virgin and ChildAdoration of the Magi 30r: Hercules and the Nemean lion Hercules and the Nemean lion 47r: two men with shields 63r: man playing the fiddle 70r: king reveres Christ 71v: Christ appears to the disciples Christ appears to the disciples 90v: man seated man seated 102v: man with arrow, fighting dragon 112v: man entangled with foliageInitials excised on ff. ii recto, 29v, 32v and 86v.",histInit,,,,,,,,,,,,,,,,,,,,,,,,,,,,,,,,
_deco_2,manuscript_1,,,"Cambridge, Pembroke College, MS 28",manuscript,,MS-PEMBROKE-00028,,"Two-line (occasionally three- or four-line) initials, alternating in red or blue, with contrasting penwork infill and marginal flourishing in blue or red.",flourInit,,,,,,,,,,,,,,,,,,,,,,,,,,,,,,,,
_deco_2,manuscript_1,,,"Cambridge, Pembroke College, MS 15",manuscript,,MS-PEMBROKE-00015,,"Two-line initials in red, green, violet and blue, sometimes with a little foliage ornament.",colInit,,,,,,,,,,,,,,,,,,,,,,,,,,,,,,,,
_deco_2,manuscript_1,,,"Cambridge, Fitzwilliam Museum, MS 261",manuscript,,MS-FITZWILLIAM-00261,,"Partial scatter borders, including flowers and portcullises in colours on yellow (imitation gold) grounds, on ff. 9v, 19r, 20r, 23v [also featuring a dragon and greyhound], and 30v.",border,,,,,,,,,,,,,,,,,,,,,,,,,,,,,,,,
_deco_2,manuscript_1,,,"Cambridge, Fitzwilliam Museum, MS 38-1950",part,,,,"The manuscript contains thirteen half-page miniatures in colours on gold-patterned grounds and inside architectural (Gothic pinnacled canopies) frames: twelve show scenes from the Life of David at the liturgical divisions of the Psalter, and one marks the begining of the Seven Penitential Psalms. The miniatures were painted by a group of artists who produced several psalters and books of hours for the Bohun family. Among this group was the Augustinian friar John de Teye (doc. 1361-1384), who is responsible for the opening miniature in this mansucript (f. 1r). The other paintings were done by a close associate who worked with him on most of Teye's other surviving Bohun manuscripts (see Sandler, Illuminators and Patrons (2014), p. 237). The miniatures show the following scenes: Miniature no. 1 at Psalm 1 ( Beatus vir) on f. 1r: David with raised club threatens a bear devouring one of his sheep (left). David about to sling a stone at a lion seizing a sheep (right). The two scnes are separated by a river with an angel with folded legs hovering above.Miniature no. 2 at Psalm 26 ( Dominus illuminatio mea) on f. 29r: David leading a procession of armed men, carrying Goliath's head and lance, and meeting a company of ladies with musical instruments.Miniature no. 3 at Psalm 38 ( Dixi custodiam) on f. 46r: David fleeing the soldiers of Saul (left). David escaping captivity by climbing down a rope from a window with the help of Michal, Saul's daughter (right).Miniature no. 4 at Psalm 51 ( Quid gloriaris) on f. 61r: King Saul enthroned, surrounded by courtiers, with a kneeling messenger (left). Doeg slays six priests (right).Miniature no. 5 at Psalm 52 ( Dixit insipiens) on f. 62r: David kneeling on a hilltop in the wilderness of Paran and praying to a vision of God in the sky with armed men below (left). David's messenger speaks to Nabal seated on a second hilltop among his flock, with another man shearing sheep (right).Miniature no. 6 at Psalm 68 ( Salvum me fac) on f. 78r: Abigail kneeling and seeking forgiveness from David, who is in full armour and accompanied by an army, and pointing to three horses or donkeys, laden with goods, led by attendants.Miniature no. 7 at Psalm 80 ( Exultate Deo) on f. 99r: The Witch of Endor, kneeling and holding a gold cup, calling up the prophet Samuel who sits upright in his marble tomb (left). The battle of Mount Gilboa with the death of Saul and his armour-bearer (right).Miniature no. 8 at Psalm 97 ( Cantate Domino) on f. 120r: David is anointed by one of a band of eight priests in white (left). David seated on throne is crowned as king of Judah by four bishops while one figure stands to the side holding a mace (right).Miniature no. 9 at Psalm 101 ( Domine exaudi) on f. 123r: Bathseba bathing in stream among trees, attended by three women, while David watches from a turret (left). David on a throne surrounded by five courtiers hands a sealed document for Joab to a messenger, kneeling (right).Miniature no. 10 at Psalm 109 ( Dixit Dominus) on f. 142v: David prostrating, while his crown lies on the ground and a group of men (one holding a mace) points at him, before the prophet Jonathan who is guided by God, above in the sky (left). Bathseba holding her hands clasped and standing at a bed with her ill child lying on the coverlet. Below, David prostrates in prayer with his crown lying next to him (right).Miniature no. 11 at Psalm 119 ( Ad dominum cum tribularer) on f. 163v: The crowning of David at Rabbath by two bishops (left). The battle between the armies of David and Absalom in the wood at Ephraim (right).Miniature no. 12 at Psalm 137 ( Confitebor tibi) on f. 174v: David on throne commands Amasa to muster the men of Judah. Five men stand behind Amasa, one with a mace points to the scene on the right (left). Joab kills Amasa with a sword. Abishai, standing behind Joab, watches the event (right). Miniature no. 13 at the opening of the Penitential Psalms on f. 207r: The Last Judgement: Christ enthroned displaying wounds, his feet on a rainbow, and accompanied by four angels holding the instruments of the Passion. Below the arc of the rainbow, the dead rise from their graves, one crowned and two with mitres. Miniature no. 1 at Psalm 1 (Beatus vir) on f. 1r: David with raised club threatens a bear devouring one of his sheep (left). David about to sling a stone at a lion seizing a sheep (right). The two scnes are separated by a river with an angel with folded legs hovering above.Beatus virMiniature no. 2 at Psalm 26 (Dominus illuminatio mea) on f. 29r: David leading a procession of armed men, carrying Goliath's head and lance, and meeting a company of ladies with musical instruments.Dominus illuminatio meaMiniature no. 3 at Psalm 38 (Dixi custodiam) on f. 46r: David fleeing the soldiers of Saul (left). David escaping captivity by climbing down a rope from a window with the help of Michal, Saul's daughter (right).Dixi custodiamMiniature no. 4 at Psalm 51 (Quid gloriaris) on f. 61r: King Saul enthroned, surrounded by courtiers, with a kneeling messenger (left). Doeg slays six priests (right).Quid gloriarisMiniature no. 5 at Psalm 52 (Dixit insipiens) on f. 62r: David kneeling on a hilltop in the wilderness of Paran and praying to a vision of God in the sky with armed men below (left). David's messenger speaks to Nabal seated on a second hilltop among his flock, with another man shearing sheep (right).Dixit insipiensMiniature no. 6 at Psalm 68 (Salvum me fac) on f. 78r: Abigail kneeling and seeking forgiveness from David, who is in full armour and accompanied by an army, and pointing to three horses or donkeys, laden with goods, led by attendants.Salvum me facMiniature no. 7 at Psalm 80 (Exultate Deo) on f. 99r: The Witch of Endor, kneeling and holding a gold cup, calling up the prophet Samuel who sits upright in his marble tomb (left). The battle of Mount Gilboa with the death of Saul and his armour-bearer (right).Exultate DeoMiniature no. 8 at Psalm 97 (Cantate Domino) on f. 120r: David is anointed by one of a band of eight priests in white (left). David seated on throne is crowned as king of Judah by four bishops while one figure stands to the side holding a mace (right).Cantate DominoMiniature no. 9 at Psalm 101 (Domine exaudi) on f. 123r: Bathseba bathing in stream among trees, attended by three women, while David watches from a turret (left). David on a throne surrounded by five courtiers hands a sealed document for Joab to a messenger, kneeling (right).Domine exaudiMiniature no. 10 at Psalm 109 (Dixit Dominus) on f. 142v: David prostrating, while his crown lies on the ground and a group of men (one holding a mace) points at him, before the prophet Jonathan who is guided by God, above in the sky (left). Bathseba holding her hands clasped and standing at a bed with her ill child lying on the coverlet. Below, David prostrates in prayer with his crown lying next to him (right).Dixit DominusMiniature no. 11 at Psalm 119 (Ad dominum cum tribularer) on f. 163v: The crowning of David at Rabbath by two bishops (left). The battle between the armies of David and Absalom in the wood at Ephraim (right).Ad dominum cum tribularerMiniature no. 12 at Psalm 137 (Confitebor tibi) on f. 174v: David on throne commands Amasa to muster the men of Judah. Five men stand behind Amasa, one with a mace points to the scene on the right (left). Joab kills Amasa with a sword. Abishai, standing behind Joab, watches the event (right). Confitebor tibiMiniature no. 13 at the opening of the Penitential Psalms on f. 207r: The Last Judgement: Christ enthroned displaying wounds, his feet on a rainbow, and accompanied by four angels holding the instruments of the Passion. Below the arc of the rainbow, the dead rise from their graves, one crowned and two with mitres.",miniature,,,,,,,,,,,,,,,,,,,,,,,,,,,,,,,,
_deco_2,manuscript_1,,,"Cambridge, Fitzwilliam Museum, MS McClean 166",manuscript,,MS-FITZWILLIAM-MCCLEAN-00166,,Folio : Small tinted drawing of a peacock,miniature,39r,39r,39r,,,,,,,,,,,,,,,,,,,,,,,,,,,,,
_deco_2,manuscript_1,,,"Cambridge, Fitzwilliam Museum, Charles Fairfax Murray MS 17",manuscript,,MS-FITZWILLIAM-CHARLES-FAIRFAX-MURRAY-00017,,"Sphere of Pythagoras drawn in dark ink on f. 77r, accompanied by drawings of two coats of arms in dark ink and higlighted in yellow ink.",diagram,,,,,,,,,,,,,,,,,,,,,,,,,,,,,,,,
_deco_2,manuscript_1,,,"Cambridge, Fitzwilliam Museum, MS McClean 89",manuscript,,MS-FITZWILLIAM-MUSEUM-MCCLEAN-00089,,"Floral and foliate borders typically around the upper, outer and lower margins of leaves with a full-page miniature or the opening of a new text. See for example ff. 9v-10r. In some cases (e.g., f. 13r), typically when accompanying a historiated initial rather than a full page miniature, the floral and foliate borders are restricted to half the width of the upper and lower margin.",border,,,,,,,,,,,,,,,,,,,,,,,,,,,,,,,,
_deco_2,manuscript_1,,,"Cambridge, Fitzwilliam Museum, MS 51",manuscript,,MS-FITZWILLIAM-00051,,"One half-page initial in a wide decorative frame, added by an English artist: f. 1v: St Anthony with pig.",miniature,,,,,,,,,,,,,,,,,,,,,,,,,,,,,,,,
_deco_2,manuscript_1,,,"Cambridge, Queens' College, MS 25",manuscript,,,,"Pink and white feather-patterned initial (C, 8 ll., 1r) on an outer and inner burnished gold ground, with infill of conventional foliage of blue and pink shaded in white and green and orange shaded in yellow, for the opening to the text. Parti-coloured pink and blue white-patterned initial (D, 4 ll., 51r) on an outer and inner burnished gold ground, with infill of conventional foliage in pink and blue shaded in white and green and orange shaded in yellow, for the other principal opening in the text. Gold initials (2 ll.) on an outer parti-coloured blue, or blue and pink ground, patterned in white, and an inner blue or black ground, with infill of conventional foliage in green, blue, orange or pink, highlighted in white or yellow, with featherwork in black and green, terminating in gold trefoils, for the chapter openings (e.g. 3v).",decInit,,,,,,,,,,,,,,,,,,,,,,,,,,,,,,,,
_deco_2,manuscript_1,,,"Cambridge, Queens' College, MS 50",manuscript,,,,"Red and blue parted initials (5-8 ll.) with occasional internal voided decoration and infill of acanthus, animals and profiles on richly pen-flourished ground highlighted in green and forming full or three-sided borders at main text divisions (e.g. H, 16r; H, 112r; M, 135r). Blue initials (3-4 ll.) with internal voided decoration and extensive red pen-flourishing incorporating foliage and grotesques, frequently highlighted in green, and forming one-sided borders for lesser text divisions (e.g. B, 78r; H, 120v; O, 164r). Alternate blue and red initials (2 ll.) with red and violet pen-flourishing and occasional green highlights (e.g. H, 113r; M, 160v).",flourInit,,,,,,,,,,,,,,,,,,,,,,,,,,,,,,,,
_deco_2,manuscript_1,,,"Cambridge, Queens' College, MS 28",manuscript,,,,"Large blue initials with toothed pen-flourishing in red; large black initials with toothed pen-flourishing in black and red, sometimes embellished with heads in profile (e.g. A, 137v), animals (e.g. D, 47v) or fish (e.g. D, 48r).",flourInit,,,,,,,,,,,,,,,,,,,,,,,,,,,,,,,,
_deco_2,manuscript_1,,,,manuscript,,,,Red highlighting.,rubrication,,,,,,,,,,,,,,,,,,,,,,,,,,,,,,,,
_deco_2,manuscript_1,,,"Cambridge, Peterhouse, MS 139",part,,,,Two-line initials in blue or red with pen-work decoration in the opposite colour.,colInit,,,,,,,,,,,,,,,,,,,,,,,,,,,,,,,,
_deco_2,manuscript_1,,,,manuscript,,,,Very occasional plain red or blue initials.,colInit,,,,,,,,,,,,,,,,,,,,,,,,,,,,,,,,
_deco_2,manuscript_1,,,"Cambridge, Peterhouse, MS 106",manuscript,,MS-PETERHOUSE-00106,,Small (2 lines) initials in blue or red with penwork decoration and pen-flourishing in the opposite colour (but red initials also are flourised in blue-green),decInit,,,,,,,,,,,,,,,,,,,,,,,,,,,,,,,,
_deco_2,manuscript_1,,,"Cambridge, Peterhouse, MS 95",part,,,,Minor initials in red or blue in the 'Lombardic' style throughout this Part from f. iv recto onward.,plainInit,,,,,,,,,,,,,,,,,,,,,,,,,,,,,,,,
_deco_2,manuscript_1,,,"Cambridge, Peterhouse, MS 87",manuscript,,MS-PETERHOUSE-00087,,Paraphs in blue or red.,other,,,,,,,,,,,,,,,,,,,,,,,,,,,,,,,,
_deco_2,manuscript_1,,,,manuscript,,MS-PETERHOUSE-00130,,Historiated initial on (Mary Magdalen anointing Christ’s feet).,,folio 189,189r,189r,,,,,,,,,,,,,,,,,,,,,,,,,,,,,
_deco_2,manuscript_1,,,"Cambridge, Peterhouse, MS 118",manuscript,,MS-PETERHOUSE-00118,,"Large (3-4 lines) initials outlined in red ink with penwork decoration and pen-flourishing in red and brown ink (ff. 1r, 171r, 236r [with a human face]).",flourInit,,,,,,,,,,,,,,,,,,,,,,,,,,,,,,,,
_deco_2,manuscript_1,,,"Cambridge, Peterhouse, MS 247",part,,,,Incipits and explicits in red. Paraph marks in red or blue.,rubrication,,,,,,,,,,,,,,,,,,,,,,,,,,,,,,,,
_deco_2,manuscript_1,,,"Cambridge, Peterhouse, MS 251",part,,,,Opening initial on f. 1r is a gold initial with red flourishing. Other major initials are blue with red flourishing.,flourInit,,,,,,,,,,,,,,,,,,,,,,,,,,,,,,,,
_deco_2,manuscript_1,,,"Cambridge, Peterhouse, MS 182",manuscript,,MS-PETERHOUSE-00182,,Headings written in red ink.,rubrication,,,,,,,,,,,,,,,,,,,,,,,,,,,,,,,,
_deco_2,manuscript_1,,,"Cambridge, Peterhouse, MS 168",manuscript,,MS-PETERHOUSE-00168,,"Two- to four-line red initials with blue (violet) pen-flourishing until f. 180, with blue initials in frames of red penwork decoration after that.",colInit,,,,,,,,,,,,,,,,,,,,,,,,,,,,,,,,
_deco_2,manuscript_1,,,"Cambridge, Peterhouse, MS 222",part,,,,Instructions for decorative initials in their unfilled spaces.,instructions,,,,,,,,,,,,,,,,,,,,,,,,,,,,,,,,
_deco_2,manuscript_1,,,"Cambridge, Peterhouse, MS 178",manuscript,,MS-PETERHOUSE-00178,,Inital letter of each line of the capitula list on ff. 1r-9r written in alternate red and blue 'lombardic' capitals.,plainInit,,,,,,,,,,,,,,,,,,,,,,,,,,,,,,,,
_deco_2,manuscript_1,,,"Cambridge, Clare College, MS 12 ",part,,,,Outline sketches of busts of a man and a woman in the lower margins of ff. 29v-30r. The male figure's hat and hairstyle are suggestive of late-15th or early 16th century fashions.,drawing,,,,,,,,,,,,,,,,,,,,,,,,,,,,,,,,
_deco_2,manuscript_1,,,"Cambridge, Gonville and Caius College, MS 59/153",part,,,,"Maniculae, and doodles with human heads around initials, e.g. pp. 79, 81, 86, 87, 90 etc.",decInit,,,,,,,,,,,,,,,,,,,,,,,,,,,,,,,,
_deco_2,manuscript_1,,,"Cambridge, Gonville and Caius College, MS 230/116",part,,,,Small (1 line) initials in blue or red ink.,colInit,,,,,,,,,,,,,,,,,,,,,,,,,,,,,,,,
_deco_2,manuscript_1,,,"Cambridge, Gonville and Caius College, MS 176/97",part,,,,Underlining in red ink on pp. 12-13 and 23,other,,,,,,,,,,,,,,,,,,,,,,,,,,,,,,,,
_deco_2,manuscript_1,,,"Cambridge, Gonville and Caius College, MS 401/623",part,,,,Flourished initials with red grounds and blue flourishing or the reverse at the major and minor divisions of the text.,flourInit,,,,,,,,,,,,,,,,,,,,,,,,,,,,,,,,
_deco_2,manuscript_1,,,"Cambridge, Gonville and Caius College, MS 336/725",part,,,,A two-page uroscopic diagram consisting of a large circle in red ink with an inner ring consisting of seven yellow circles that are organised around a central blue circle (ff. 77v-78r).,diagram,,,,,,,,,,,,,,,,,,,,,,,,,,,,,,,,
_deco_2,manuscript_1,,,"Cambridge, Gonville and Caius College, MS 373/593",manuscript,,MS-GONVILLE-AND-CAIUS-00373-00593,,"Flourished initials in red, light brown, and dark brown at most major textual divisions. Flourished initials at the major divisions often have hatched shading.",flourInit,,,,,,,,,,,,,,,,,,,,,,,,,,,,,,,,
_deco_2,manuscript_1,,,"Cambridge, Gonville and Caius College, MS 204/110",part,,,,Sketch of a ?tonsured head in profile facing left in upper margin of p. 99.,drawing,,,,,,,,,,,,,,,,,,,,,,,,,,,,,,,,
_deco_2,manuscript_1,,,"Cambridge, Gonville and Caius College, MS 451/392",part,,,,One-line capitals highlighted in red ink throughout.,plainInit,,,,,,,,,,,,,,,,,,,,,,,,,,,,,,,,
_deco_2,manuscript_1,,,"Cambridge, Gonville and Caius College, MS 178/211",part,,,,Added ink drawings of an acanthus leaf and a dog on f. [iii] recto. The same hand has also added drawings to ff. [v] verso-[vi] recto.,other,,,,,,,,,,,,,,,,,,,,,,,,,,,,,,,,
_deco_2,manuscript_1,,,"Cambridge, Gonville and Caius College, MS 159/209",part,,,,Plain red initial at the opening of the text.,plainInit,,,,,,,,,,,,,,,,,,,,,,,,,,,,,,,,
_deco_2,manuscript_1,,,"Cambridge, Gonville and Caius College, MS 345/620",part,,,,"Initials occasionally touched with red throughout, e.g., f. 45v, 'gallina'.",plainInit,,,,,,,,,,,,,,,,,,,,,,,,,,,,,,,,
_deco_2,manuscript_1,,,"Cambridge, Gonville and Caius College, MS 400/729",part,,,,"Two- to four-line 'arabesque' and coloured initials in alternating red, green, yellow and blue until f. 54v, after that in alternating red and green; some simple, some decorated with fronds and dots in red, green and yellow.",colInit,,,,,,,,,,,,,,,,,,,,,,,,,,,,,,,,
_deco_2,manuscript_1,,,"Cambridge, Gonville and Caius College, MS 407/413",part,,,,Unfilled spaces for minor decorative initials throughout.,unfilled,,,,,,,,,,,,,,,,,,,,,,,,,,,,,,,,
_deco_2,manuscript_1,,,"Cambridge, Gonville and Caius College, MS 190/223",part,,,,Red initials throughout.,plainInit,,,,,,,,,,,,,,,,,,,,,,,,,,,,,,,,
_deco_2,manuscript_1,,,"Cambridge, Gonville and Caius College, MS 181/214",part,,,,No significant decorative features in this Part.,none,,,,,,,,,,,,,,,,,,,,,,,,,,,,,,,,
_deco_2,manuscript_1,,,"Cambridge, Gonville and Caius College, MS 98/50",part,,,,Syllable hyphenations and abbreviations for 'versiculus' and 'responsorium' written in red ink.,rubrication,,,,,,,,,,,,,,,,,,,,,,,,,,,,,,,,
_deco_2,manuscript_1,,,"Cambridge, Gonville and Caius College, MS 366/588",part,,,,"Each antidote begins with a decorative initial 2-3 lines high in the 'arabesque' style common in English and French manuscripts of this date. Each initial is rendered in red, blue, or green, with decorative pen flourishes in one of the two colours not used as the base-colour of the initial. Due to the structure of the text, there are typically 3-6 decorative initials per page in the manuscript.",decInit,,,,,,,,,,,,,,,,,,,,,,,,,,,,,,,,
_deco_2,manuscript_1,,,"Cambridge, Gonville and Caius College, MS 84/166",part,,,,Headings in red ink.,rubrication,,,,,,,,,,,,,,,,,,,,,,,,,,,,,,,,
_deco_2,manuscript_1,,,"Cambridge, Gonville and Caius College, MS 379/599",part,,,,"Rubricated (red only) headings to each new significant section of text. Main title of work not rubricated, added instead in light brown ink in the upper margin of 1r perhaps in a later hand.",rubric,,,,,,,,,,,,,,,,,,,,,,,,,,,,,,,,
_deco_2,manuscript_1,,,"Cambridge, Gonville and Caius College, MS 200/106",part,,,,"Two-line initials in blue or red, some with pen-work decoration inside the letter and pen-flourishing in the opposite colour (including one with a human face drawn inside the letter on f. 96.",colInit,,,,,,,,,,,,,,,,,,,,,,,,,,,,,,,,
_deco_2,manuscript_1,,,"Cambridge, Gonville and Caius College, MS 97/49",part,,,,Rubrication in the body of the text. Red and blue Roman numerals I-VII as page headings.,rubrication,,,,,,,,,,,,,,,,,,,,,,,,,,,,,,,,
_deco_2,manuscript_1,,,"Cambridge, Gonville and Caius College, MS 328/715",part,,,,"Large (2, 3, or 4 lines) blue initials in frames of red penwork decoration with pen-flourishing in red ink throughout.",flourInit,,,,,,,,,,,,,,,,,,,,,,,,,,,,,,,,
_deco_2,manuscript_1,,,"Cambridge, Gonville and Caius College, MS 147/197",part,,,,Paraphs in blue or red.,other,,,,,,,,,,,,,,,,,,,,,,,,,,,,,,,,
_deco_2,manuscript_1,,,,manuscript,,MS-SIDNEYSUSSEX-00095,,"1r Page framed in gold, pink and blue. Similar but plainer frames at the beginnings of several of the books, e.g. fol. 138r.",border,,,,,,,,,,,,,,,,,,,,,,,,,,,,,,,,
_deco_2,manuscript_1,,,"Cambridge, Sidney Sussex College, MS 51",part,,,,Opening and closing rubrics in red.,rubrication,,,,,,,,,,,,,,,,,,,,,,,,,,,,,,,,
_deco_2,manuscript_1,,,"Cambridge, Sidney Sussex College, MS 85",manuscript,,MS-SIDNEYSUSSEX-00085,,One large (8 lines) initial in red with a wavy motif created with blank space and with penwork decoration inside the letter and pen-flourishing extending into the margins in both brown and red ink (f. 1r).,flourInit,,,,,,,,,,,,,,,,,,,,,,,,,,,,,,,,
_deco_2,manuscript_1,,,"Cambridge, Sidney Sussex College, MS 58",manuscript,,MS-SIDNEYSUSSEX-00058,,"Large (2-line) 'Champ' initials in gold on blue and purple grounds with foliate motifs in white and, once, a human face (f. 76v) and sprays of dark ink.",flourInit,,,,,,,,,,,,,,,,,,,,,,,,,,,,,,,,
_deco_2,manuscript_1,,,,manuscript,,MS-00002,,"1r Full border of feathery foliage scrollwork with arms of Archdiocese of York at bottom centre, accompanied by motto, 'Da te deo'. Rotherham (Vert three roe deer statant argent) at right, and Archdiocese of York impaling Rotherham at top centre. Vert three roe deer statant argent",border,,,,,,,,,,,,,,,,,,,,,,,,,,,,,,,,
_deco_2,manuscript_1,,,"Cambridge, Newnham College, MS 4",manuscript,,MS-NEWNHAM-00004,,A (? bearded) human face in red ink in the upper margin of f. 42r (not part of a cadel).,drawing,,,,,,,,,,,,,,,,,,,,,,,,,,,,,,,,
_deco_20,manuscript_1,,,,manuscript,,MS-II-00006-00032,,", Resurrected Christ surrounded by angels",miniature,41v,41v,41v,,,,,,,,,,,,,,,,,,,,,,,,,,,,,
_deco_20,manuscript_1,,,"Cambridge, University Library, MS Ee.3.59",manuscript,,MS-EE-00003-00059,,: Edward declares his intention to undertake a pilgrimage.,miniature,13r,13r,13r,,,,,,,,,,,,,,,,,,,,,,,,,,,,,
_deco_20,manuscript_1,,,,part,,,,Falcon of St. Bridget,Borders,314,314.0,314.0,,,,,,,,,,,,,,,,,,,,,,,,,,,,,
_deco_20,manuscript_1,,,MS Gg.6.42,part,,,,Rubricated headings and nota bene marks.,rubrication,,,,,,,,,,,,,,,,,,,,,,,,,,,,,,,,
_deco_20,manuscript_1,,,,manuscript,,MS-ADD-04126,,"Initials: Two- to three-line initials in gold or colours on contrasting coloured or gold ground, incorporating fine filigree infill, vines, flowers or fruit.",colInit,,,,,,,,,,,,,,,,,,,,,,,,,,,,,,,,
_deco_20,manuscript_1,,,"Cambridge, University Library, MS Ii.6.39",part,,,,"Run-over symbols (ff. 228r, 240r) highlighted in red.",other,,,,,,,,,,,,,,,,,,,,,,,,,,,,,,,,
_deco_20,manuscript_1,,,"Cambridge, Trinity College, MS R.14.41",part,,,,Paraphs in red ink.,other,,,,,,,,,,,,,,,,,,,,,,,,,,,,,,,,
_deco_20,manuscript_1,,,"Cambridge, Trinity College, MS B.14.19",part,,,,Line-fillers consisting of 'stitching' motifs in red ink.,lineFil,,,,,,,,,,,,,,,,,,,,,,,,,,,,,,,,
_deco_20,manuscript_1,,,"Cambridge, Trinity College, MS R.14.29",part,,,,Paraphs alternating between blue and red ink.,other,,,,,,,,,,,,,,,,,,,,,,,,,,,,,,,,
_deco_20,manuscript_1,,,"Cambridge, Magdalene College, Pepys MS 1661",part,,,,Large (2-line) plain initials in blue or red ink.,plainInit,,,,,,,,,,,,,,,,,,,,,,,,,,,,,,,,
_deco_20,manuscript_1,,,"Cambridge, Peterhouse, MS 247",part,,,,Unfinished circular diagram in dark ink on f. 175v.,diagram,,,,,,,,,,,,,,,,,,,,,,,,,,,,,,,,
_deco_20,manuscript_1,,,"Cambridge, Peterhouse, MS 251",part,,,,Folios 192r and [193] verso: significant initials in black ink with decorative flourishes in black and red.,colInit,,,,,,,,,,,,,,,,,,,,,,,,,,,,,,,,
_deco_20,manuscript_1,,,"Cambridge, Gonville and Caius College, MS 336/725",part,,,,Headers rubricated in red ink; but blue ink is used alongside red ink for the names of cardinal and ordinal directions on the volvelle on f. 159v.,rubrication,,,,,,,,,,,,,,,,,,,,,,,,,,,,,,,,
_deco_20,manuscript_1,,,"Cambridge, Gonville and Caius College, MS 181/214",part,,,,"Plain initials. typically 2-7 lines high in brown ink, some with minor flourish details.",plainInit,,,,,,,,,,,,,,,,,,,,,,,,,,,,,,,,
_deco_21,manuscript_1,,,,manuscript,,MS-II-00006-00032,,"Ornamental and minor initials: initials (2-5 lines) formed of black interlocking stripes, with geometric infill, tinted in yellow and orange, and human and animal heads projecting from finials, at beginning of Gospels and Creed (, , , , ); versals tinted in yellow and orange",initial,2; 5; 17; 30; 42,2r 5r 17r 30r 42r,2r 5r 17r 30r 42r,,,,,,,,,,,,,,,,,,,,,,,,,,,,,
_deco_21,manuscript_1,,,"Cambridge, University Library, MS Ee.3.59",manuscript,,MS-EE-00003-00059,,: The pilgrimage is discussed at court. Two bishops are sent instead.,miniature,13v,13v,13v,,,,,,,,,,,,,,,,,,,,,,,,,,,,,
_deco_21,manuscript_1,,,,part,,,,Scribe at work,Borders,315,315.0,315.0,,,,,,,,,,,,,,,,,,,,,,,,,,,,,
_deco_21,manuscript_1,,,,manuscript,,MS-ADD-04126,,"One-line initials in gold or colours on contrasting coloured or gold ground, incorporating filigree infill.",colInit,,,,,,,,,,,,,,,,,,,,,,,,,,,,,,,,
_deco_21,manuscript_1,,,"Cambridge, University Library, MS Ii.6.39",part,,,,One large black initial with red penwork decoration (f. 242r).,flourInit,,,,,,,,,,,,,,,,,,,,,,,,,,,,,,,,
_deco_21,manuscript_1,,,"Cambridge, Trinity College, MS R.14.41",part,,,,Underlining in red ink.,other,,,,,,,,,,,,,,,,,,,,,,,,,,,,,,,,
_deco_21,manuscript_1,,,"Cambridge, Trinity College, MS B.14.19",part,,,,Regula initials higlighted with red ink.,other,,,,,,,,,,,,,,,,,,,,,,,,,,,,,,,,
_deco_21,manuscript_1,,,"Cambridge, Trinity College, MS R.14.29",part,,,,Underlining in red ink.,other,,,,,,,,,,,,,,,,,,,,,,,,,,,,,,,,
_deco_21,manuscript_1,,,"Cambridge, Magdalene College, Pepys MS 1661",part,,,,Line-fillers consist of horizontal wavy lines in blue or red ink.,lineFill,,,,,,,,,,,,,,,,,,,,,,,,,,,,,,,,
_deco_21,manuscript_1,,,"Cambridge, Gonville and Caius College, MS 336/725",part,,,,Paraphs in blue or red ink.,other,,,,,,,,,,,,,,,,,,,,,,,,,,,,,,,,
_deco_21,manuscript_1,,,"Cambridge, Gonville and Caius College, MS 181/214",part,,,,"Some ascenders in the uppermost lines of text on each page often transformed into stylised fish, see e.g., pp. 368-369.",other,,,,,,,,,,,,,,,,,,,,,,,,,,,,,,,,
_deco_22,manuscript_1,,,,manuscript,,MS-II-00006-00032,,"Border decoration: Full borders, tinted and/or decorated with knotwork, geometric designs, etc., to all miniatures and openings of Gospels; numerous drawings of animals, birds, human figures or simple fan-like shapes in black ink, some tinted in yellow and orange (e.g., , , , , , , )",border,41v; 44; 45v; 51v; 54v; 67; 71v,41v 44r 45v 51v 54v 67r 71v,41v 44r 45v 51v 54v 67r 71v,,,,,,,,,,,,,,,,,,,,,,,,,,,,,
_deco_22,manuscript_1,,,"Cambridge, University Library, MS Ee.3.59",manuscript,,MS-EE-00003-00059,,: The two English bishops travel to Rome by sea.,miniature,14r,14r,14r,,,,,,,,,,,,,,,,,,,,,,,,,,,,,
_deco_22,manuscript_1,,,,part,,,,"Crucifix of Holy Trinity, Dublin",Borders,318,318.0,318.0,,,,,,,,,,,,,,,,,,,,,,,,,,,,,
_deco_22,manuscript_1,,,,manuscript,,MS-ADD-04126,,"Line-fillers formed of patterned strips or stylised twigs is gold, blue, green and red.",lineFill,,,,,,,,,,,,,,,,,,,,,,,,,,,,,,,,
_deco_22,manuscript_1,,,"Cambridge, University Library, MS Ii.6.39",part,,,,"One large, two-line plain red initial (f. 244r).",colInit,,,,,,,,,,,,,,,,,,,,,,,,,,,,,,,,
_deco_22,manuscript_1,,,"Cambridge, Trinity College, MS B.14.19",part,,,,Underlining in red ink.,other,,,,,,,,,,,,,,,,,,,,,,,,,,,,,,,,
_deco_22,manuscript_1,,,"Cambridge, Trinity College, MS R.14.29",part,,,,One large (3 lines) puzzle initial in blue and red with penwork decoration inside the letter and pen-flourishing extending into the inner and upper margins in both colours on f. 198r.,flourInit,,,,,,,,,,,,,,,,,,,,,,,,,,,,,,,,
_deco_22,manuscript_1,,,"Cambridge, Magdalene College, Pepys MS 1661",part,,,,Titles highlighted in red ink.,rubrication,,,,,,,,,,,,,,,,,,,,,,,,,,,,,,,,
_deco_22,manuscript_1,,,"Cambridge, Gonville and Caius College, MS 181/214",part,,,,No significant decoration in this Part.,none,,,,,,,,,,,,,,,,,,,,,,,,,,,,,,,,
_deco_23,manuscript_1,,,"Cambridge, University Library, MS Ee.3.59",manuscript,,MS-EE-00003-00059,,: Edward's bishops are received by the pope in Rome.,miniature,14v,14v,14v,,,,,,,,,,,,,,,,,,,,,,,,,,,,,
_deco_23,manuscript_1,,,,part,,,,Mill,Borders,320,320.0,320.0,,,,,,,,,,,,,,,,,,,,,,,,,,,,,
_deco_23,manuscript_1,,,"Cambridge, University Library, MS Ii.6.39",part,,,,Underlining in red ink.,other,,,,,,,,,,,,,,,,,,,,,,,,,,,,,,,,
_deco_23,manuscript_1,,,"Cambridge, Trinity College, MS B.14.19",part,,,,"1 large (2 lines) plain red initial on f. 243rwith, inside the letter, a human face in brown ink and penwork decoration in brown ink outside the letter featuring the head of a [?] wolf. These decorative features almost certainly were added at a later stage, most likely by a non-professional.",decInit,,,,,,,,,,,,,,,,,,,,,,,,,,,,,,,,
_deco_23,manuscript_1,,,"Cambridge, Trinity College, MS R.14.29",part,,,,Large (2 lines) blue or red initials with penwork decoration in the opposite colour inside the letter and pen-flourishing in the opposite colour extending into the margin.,flourInit,,,,,,,,,,,,,,,,,,,,,,,,,,,,,,,,
_deco_23,manuscript_1,,,"Cambridge, Magdalene College, Pepys MS 1661",part,,,,Paraphs in blue or red ink.,other,,,,,,,,,,,,,,,,,,,,,,,,,,,,,,,,
_deco_23,manuscript_1,,,"Cambridge, Gonville and Caius College, MS 181/214",part,,,,Small foliate sprays attached to letters in the lowest text-lines of pp. 503-504. Decorative 'cadel-style' flourish attached to the word 'capillos' in the upper margin of p. 505.,border,,,,,,,,,,,,,,,,,,,,,,,,,,,,,,,,
_deco_24,manuscript_1,,,"Cambridge, University Library, MS Ee.3.59",manuscript,,MS-EE-00003-00059,,: The two bishops return home.,miniature,15r,15r,15r,,,,,,,,,,,,,,,,,,,,,,,,,,,,,
_deco_24,manuscript_1,,,,part,,,,Abbot Chenach,Borders,321,321.0,321.0,,,,,,,,,,,,,,,,,,,,,,,,,,,,,
_deco_24,manuscript_1,,,"Cambridge, Trinity College, MS B.14.19",part,,,,Large (2 lines) plain red initials.,plainInit,,,,,,,,,,,,,,,,,,,,,,,,,,,,,,,,
_deco_24,manuscript_1,,,"Cambridge, Gonville and Caius College, MS 181/214",part,,,,Unfilled space for a decorative initial 'I' (for 'In nomine') on p. 503; guide letter present.,unfilled,,,,,,,,,,,,,,,,,,,,,,,,,,,,,,,,
_deco_25,manuscript_1,,,"Cambridge, University Library, MS Ee.3.59",manuscript,,MS-EE-00003-00059,,": A hermit receives a vision of St Peter, and commits his experience to writing.",miniature,15v,15v,15v,,,,,,,,,,,,,,,,,,,,,,,,,,,,,
_deco_25,manuscript_1,,,,part,,,,Men with axes,Borders,322,322.0,322.0,,,,,,,,,,,,,,,,,,,,,,,,,,,,,
_deco_25,manuscript_1,,,"Cambridge, Trinity College, MS B.14.19",part,,,,Headings written in red ink.,rubrication,,,,,,,,,,,,,,,,,,,,,,,,,,,,,,,,
_deco_26,manuscript_1,,,"Cambridge, University Library, MS Ee.3.59",manuscript,,MS-EE-00003-00059,,": Edward receives the hermit's letter, urging him to found a church for St Peter at Thorney.",miniature,16r,16r,16r,,,,,,,,,,,,,,,,,,,,,,,,,,,,,
_deco_26,manuscript_1,,,,part,,,,Men with axes,Borders,336,336.0,336.0,,,,,,,,,,,,,,,,,,,,,,,,,,,,,
_deco_26,manuscript_1,,,"Cambridge, Trinity College, MS B.14.19",part,,,,Underlining in red ink.,other,,,,,,,,,,,,,,,,,,,,,,,,,,,,,,,,
_deco_27,manuscript_1,,,"Cambridge, University Library, MS Ee.3.59",manuscript,,MS-EE-00003-00059,,: Edward receives a letter from the pope. Healing of a cripple.,miniature,16v,16v,16v,,,,,,,,,,,,,,,,,,,,,,,,,,,,,
_deco_27,manuscript_1,,,,part,,,,Men with axes,Borders,338,338.0,338.0,,,,,,,,,,,,,,,,,,,,,,,,,,,,,
_deco_28,manuscript_1,,,"Cambridge, University Library, MS Ee.3.59",manuscript,,MS-EE-00003-00059,,: Edward carries the cripple to an altar.,miniature,17r,17r,17r,,,,,,,,,,,,,,,,,,,,,,,,,,,,,
_deco_28,manuscript_1,,,,part,,,,Musicians,Borders,330-331,330.0,331.0,,,,,,,,,,,,,,,,,,,,,,,,,,,,,
_deco_29,manuscript_1,,,"Cambridge, University Library, MS Ee.3.59",manuscript,,MS-EE-00003-00059,,: St Peter appears in a vision to a fisherman on a boat near Westminster.,miniature,17v,17v,17v,,,,,,,,,,,,,,,,,,,,,,,,,,,,,
_deco_29,manuscript_1,,,,part,,,,Man in tub,Borders,339,339.0,339.0,,,,,,,,,,,,,,,,,,,,,,,,,,,,,
_deco_3,manuscript_1,,,"Cambridge, Emmanuel College, MS 95",part,,,,Litterae notabiliores in brown ink and highlighted in red ink.,other,,,,,,,,,,,,,,,,,,,,,,,,,,,,,,,,
_deco_3,manuscript_1,,,"Cambridge, Emmanuel College, MS 69",manuscript,,MS-EMMANUEL-COLLEGE-00069,,"A full-page drawing of the application of medical instruments in black and yellow ink on patients suffering from anal fistula, drawn in colours as viewed from below on f. 83v.",miniature,,,,,,,,,,,,,,,,,,,,,,,,,,,,,,,,
_deco_3,manuscript_1,,,"Cambridge, Emmanuel College, MS 70",manuscript,,MS-EMMANUEL-COLLEGE-00070,,"Paraph marks in red in some texts, e.g., f. 80r.",other,,,,,,,,,,,,,,,,,,,,,,,,,,,,,,,,
_deco_3,manuscript_1,,,"Cambridge, Emmanuel College, MS 66",part,,,,Plain initials in red or blue at some minor divisions of the text.,plainInit,,,,,,,,,,,,,,,,,,,,,,,,,,,,,,,,
_deco_3,manuscript_1,,,"Cambridge, University Library, MS Ii.3.17",part,,,,Outline sketches in the lower margins of f. 160r and f. 161r in faint leadpoint or crayon of a man's head in profile wearing a coif.,marginal,,,,,,,,,,,,,,,,,,,,,,,,,,,,,,,,
_deco_3,manuscript_1,,,,manuscript,,MS-II-00006-00031,,Passages in Latin and paraph marks in red.,rubrication,,,,,,,,,,,,,,,,,,,,,,,,,,,,,,,,
_deco_3,manuscript_1,,,"Cambridge, University Library, MS Ii.5.11",manuscript,,MS-II-00005-00011,,"Almost every chapter in the volume begins with a historiated or decorative initial typically 4-6 lines high set within a square or rectangular frame with gold details and a spray border extending into the adjacent margin(s). The majority of these decorative initials present a literal depiction of the subject of the chapter, but some offer more abstract scenes or occasionally add or remove elements relative to the description of the chapter given in the rubric. The image cycle in CUL MS Ii.5.11 is of wider interest because of its similarities to other manuscript copies of the Regime du corps; the Binski and Zutshi Western Illuminated Manuscripts catalogue refers to similarities between the image cycle in this manuscript and the image cycle in the . A dissertation by Luís Miguel Campos Ribeiro 'Picturing Medieval Health: artistic production and visual discourse in Le Régime du corps of the Ajuda library (Cod 52-XIII-26)' (Lisbon, 2016) discusses CUL MS Ii.5.11 in relation to a similar cycle of images in New York, Morgan Library, MS M.165 , and Jennifer Borland has drawn attention to the similarities of the image cycle in these manuscripts and also Lisbon, Biblioteca Nacional de Portugal, MS Ajuda 52-XIII-26. In the list of the initials below, a description of the initial is given followed by the accompanying rubric in the manuscript (supplied in parentheses). The chapter illustrations are as follows: London, British Library, Sloane MS 2401 - 7r: Bust of a man (?Avicenna) holding an open book in one hand and gesturing to Christ in the half-page miniature above with his other hand - 8v A man sitting outside and raising his hands ('Le premier chapitre de lair') - 9v A mealtime scene - woman and a man sitting at a table set with dishes and other vessels ('Du mengier') - 11r A man sitting outside with a cup under a canopied chair, a servant filling the cup ('Du boire et premierement de leaue') - 12r A man holding a rod. Two men each holding a piece of bread and a cup of wine ('Du uin') - 13r A person sleeping in a bed ('Du dormir') - 14v A man in a canopied bath tub with a table of food ('Du bainguier') - 15v A man and a woman embracing ('Le viie chapitre de aler a femme') - 17v A doctor letting blood from a patient's arm ('Le ixe enquel temps et pourquoy on se doit sanguier') - 20v A doctor performing cupping on the back of a half-naked man ('De uentouser') - 21v A man sitting on riverbank with his legs in the water and leeches on his legs ('Des sansues') - 26v A man sitting on a ?bench or ?commode ('Pourquoy on se doit user le uomir') - 27v A doctor and patient conversing ('Le viiie chapitre pourquoy on se doit garder de pestillence et de corrupcione') - 29r The signs of the zodiac ('Comment on doit garder son corps en chascune saison') - 30v A city ('Le xv . Comment on doit congnoistre les uilles') - 31v A man swimming and another man walking ('Le xvie comment on doit cheminer per terre ou nagier par mer' - 33r A ?pregnant woman in a horned headdress holding a book in a chemise binding ('Le xviie chapitre comment la femme grosse se doit garder') - 34v A woman giving birth to child and being supported by a midwife. Another woman (a ?nurse) bathing a small child in a wooden tub ('Le xviie chapitre comment on doit garder lenfant quant il est nez et comment on doit eslire la noutrice . pour lenfant nourir') - 36v A bloodletting scene - a woman sitting in a chair and extending her arm over a bowl in her lap and letting blood flow from a small incision near her elbow while a man stands in front of her holding another bowl ('Le ixe chapitre comment on doit garder son corps en chascun aage') - 38v A man examining another man's hair ('Comment len doit garder les cheueulx . premier chapitre') - 40v A man gesturing towards another man who is holding a bowl or a dish to his eye ('Comment len doit les yeux garder') - 41v A doctor examining the ear of a patient ('Comment on garder les oreilles') - 42v A man sitting at a table covered in pots and jars, holding a pot in one hand and examining his mouth with the other hand ('De garder les dens et les genciues') - 43v A woman holding a mirror in one hand and standing in front of a table covered in pots and jars ('Le quint de garder le uisage et de donner bonne couleur') - 44v A man drinking from a flask by a table covered in pots and jars ('Comment len doit garder lestomac') - 46r Two men conversing ('Le viie chapitre de garder le foye') - 47r A doctor giving a container of medicine to a patient ('Le viiie chapitre de garder le cuer') - 48r Wheat stalks ('De toutes manieres de blez et premierement du fourment') - 48v Barley stalks ('De orge') - 49r Millet stalks ('Du milet') - 49r A woman sitting at table and cleaning grains of rice ('Du ris') - 49v Oat stalks ('Du aueine') - 49v ?Sorghum stalks ('De rogier melebranche') - 50r Farro stalks ('De far qui est une maniere de ble') - 50r A person sieving wheatbran ('De bren de fourment') - 50r Trees, springs, and a river ('De toutes manieres de buurages . Et premierement de leaue') - 50v Two men making wine ('Du uin') - 51r Two tuns of grain for making ale, the tun closest to the viewer above a fire being tended by a kneeling man ('De ceruoise') - 51r Two men preparing apple wine ('De uin de pommes') - 51v A man making vinegar ('De uinaigre') - 51v A man crushing mulberries in a bucket ('De moure') - 52r Two pigs grazing ('De char de porc') - 52v A cow grazing ('De char de beuf') - 53r Two lambs grazing ('De char de brebis') - 53v Two sheep grazing ('De char de mouton') - 53v A long-horned goat ('De char de bouc') - 54r A goat eating from a tree ('De char de cheure') - 54r Two stags grazing ('Char de cerf et de dam') - 54v A hare ('De char de lieure') - 54v Rabbits and burrows ('Char du connin') - 54v A bear ('De char dours') - 54v Four birds: two flying, two on the ground ('De char de leaux uolans') - 55r A dovecote and doves ('De char de coulon') - 55v Geese and goslings ('De loye') - 55v Ducks ('De la quenne et quanart') - 56r Partridges ('De la perdris') - 56r A pheasant ('Du faisant') - 56r A peacock and a crane ('Du paon et de la grue') - 56v A swan and a heron ('Char de cyne et de hairon') - 56v Three sparrows ('Char de passeret') - 56v A quail and a lark ('De char de quaille et daloe') - 57r A plover and a redwing ('De char de plouuier mauuis') - 59r Two flowering broad bean plants ('De feues') - 59v Two chickpea plants ('De chiches') - 59v Two flowering pea plants ('De pois') - 60r Two lentil plants ('De lentilles') - 60r Two flowering bean plants ('De faisoles') - 60v Two lupin plants ('De lupins') - 60v Incomplete initial for ?orbille, a type of vetch ('Dorbe') - 60v Chickpea plants ('De cerres') - 60v Three flowering vetch plants ('De uesce') - 61r A fig tree ('De figues') - 61v A fruiting grapevine on a trellis ('De roisins') - 62r A fruiting pear tree ('De poires') - 62v A fruiting apple tree ('De pommes') - 62v A fruiting pomegranate tree ('De pommes grenates') - 62v A fruiting quince tree ('De coins') - 63r A fruiting (?lemon) tree ('De pommes citrines') - 63v A date-palm tree ('De dates') - 63v A fruiting peach tree ('De pesches') - 64r A fruiting currant or gooseberry tree ('De groiselles') - 64r A fruiting mulberry tree ('De meures') - 64v A fruiting plum tree ('De prunes') - 65r A fruiting walnut tree ('De grosses noix') - 65v A hazelnut tree ('Noix de coudre') - 65v An almond tree ('De amandes') - 66r An incomplete initial for a fruiting pine nut tree ('Du sein') - 66r A fruiting medlar tree ('Neffles') - 66r A fruiting sweet chestnut tree ('Chastaignes') - 66v An olive tree ('De oliues') - 67r A fruiting and flowering strawberry plant ('De freses') - 67r A fruiting cornelian cherry tree ('De corneilles') - 67r A fruiting service tree (Sorbus domestica) ('De cormes') - 67r A fruiting juniper tree ('De geneure') - 67v A fruiting and flowering winter squash (cucurbita) plant ('De courges') - 67v A fruiting and flowering cucumber plant ('De cocombres') - 67v A pumpkin plant - there is probably a mistake in the rubric here as the scribe has written 'De citrones' (i.e., 'On lemons' or 'On citrus fruits') rather than 'De citroles' (i.e., 'On pumpkins' or 'On squashes'). The plant illustrated here is much more like a pumpkin or squash plant than a citrus tree, and the text of the chapter itself is more appropriate for a description of squashes or pumpkins than any sort of citrus fruit - 68r Two ewers of sugarcane juice on a table ('De canamiel') - 68r Two beehives or skeps on a table ('Du miel') - 68v Cabbage plants ('De choux') - 69r Two flowering leek plants ('De poreaux') - 69r Two onion plants ('De oignons') - 69v Two garlic plants ('De aux') - 69v Two shallot plants ('De eschalongues') - 70r Two flowering mustard plants ('De seneue') - 70r A spinach plant ('De espinoches') - 70r A beet or chard plant ('De Betes') - 70r A flowering borage plant ('De bourraches') - 70v A mallow plant ('De mauues') - 70v Some turnip plants ('De naues') - 70v Some ?caraway plants ('De larais') - 71r A flowering parsnip plant ('De panais') - 71r A ?radish plant ('De rafle') - 71r Two flowering fennel plants ('De fennoul') - 71r A flowering parsley plant ('De persil') - 71r A flowering chervil plant ('De cerfueil') - 71r A lettuce ('De laictues') - 72r A purslane plant ('De pourpie') - 72r A plant painted over with white pigment and mostly obscured ('De parages') - 72v A sage plant ('De sauge') - 72v A mint plant ('De mente') - 72v A basil plant in a pot ('De basilicoq') - 72v A rocket (arugula) plant ('De ruque') - 73r Mushrooms growing in a field ('De champions') - 73v A flowering hyssop plant ('De ysope') - 73v A flowering cress plant ('De cresson') - 73v A flowering clary plant ('De oruale') - 73v A flowering ?elecampane plant ('De nula') - 74r A flowering ?pennyroyal or ?wild thyme plant ('De poulieul') - 74r An incomplete initial for ?southernwood ('De brote') - 74r Fish in a river ('De toutes manieres de poissons et generalment') - 76r A basket of eggs and a hen sitting in a nest ('De eufs') - 77r Cheeses on a table ('De frommage') - 77v A woman milking a cow ('Du lait') - 79r A doctor examining the urine of a male patient - this image is probably misplaced as it accompanies the chapter 'On pepper' ('Du poiure') - 79v A ginger plant ('De gingembre') - 79v A ?cinnamon plant ('De canelle') - 79v An incomplete initial for the chapter on cloves ('De girofle') - 80r A man grinding galangal ('De garingal') - 80v Men grinding cumin ('De commin') - 80v Flowering saffron crocuses ('De safren') - 81r Cubeb trees ('De cubebes') - 81r Cardamon trees ('Cardamon') - 81v An anise plant ('De anis') - 81v A man evaluating nutmeg ('De noix muguecte') - 82r A ?zedoary plant ('De citoual') - 82r A man evaporating salt ('Du sel') - 82r Three doctors conversing ('Du phisonomie') Regime du corpsWestern Illuminated ManuscriptsNew York, Morgan Library, MS M.165Lisbon, Biblioteca Nacional de Portugal, MS Ajuda 52-XIII-26London, British Library, Sloane MS 2401 - 7r: Bust of a man (?Avicenna) holding an open book in one hand and gesturing to Christ in the half-page miniature above with his other hand - 8v A man sitting outside and raising his hands ('Le premier chapitre de lair') - 9v A mealtime scene - woman and a man sitting at a table set with dishes and other vessels ('Du mengier') - 11r A man sitting outside with a cup under a canopied chair, a servant filling the cup ('Du boire et premierement de leaue') - 12r A man holding a rod. Two men each holding a piece of bread and a cup of wine ('Du uin') - 13r A person sleeping in a bed ('Du dormir') - 14v A man in a canopied bath tub with a table of food ('Du bainguier') - 15v A man and a woman embracing ('Le viie chapitre de aler a femme')e - 17v A doctor letting blood from a patient's arm ('Le ixe enquel temps et pourquoy on se doit sanguier')e - 20v A doctor performing cupping on the back of a half-naked man ('De uentouser') - 21v A man sitting on riverbank with his legs in the water and leeches on his legs ('Des sansues') - 26v A man sitting on a ?bench or ?commode ('Pourquoy on se doit user le uomir') - 27v A doctor and patient conversing ('Le viiie chapitre pourquoy on se doit garder de pestillence et de corrupcione')e - 29r The signs of the zodiac ('Comment on doit garder son corps en chascune saison') - 30v A city ('Le xv . Comment on doit congnoistre les uilles') - 31v A man swimming and another man walking ('Le xvie comment on doit cheminer per terre ou nagier par mer'e - 33r A ?pregnant woman in a horned headdress holding a book in a chemise binding ('Le xviie chapitre comment la femme grosse se doit garder')e - 34v A woman giving birth to child and being supported by a midwife. Another woman (a ?nurse) bathing a small child in a wooden tub ('Le xviie chapitre comment on doit garder lenfant quant il est nez et comment on doit eslire la noutrice . pour lenfant nourir')eeslire - 36v A bloodletting scene - a woman sitting in a chair and extending her arm over a bowl in her lap and letting blood flow from a small incision near her elbow while a man stands in front of her holding another bowl ('Le ixe chapitre comment on doit garder son corps en chascun aage')e - 38v A man examining another man's hair ('Comment len doit garder les cheueulx . premier chapitre') - 40v A man gesturing towards another man who is holding a bowl or a dish to his eye ('Comment len doit les yeux garder') - 41v A doctor examining the ear of a patient ('Comment on garder les oreilles') - 42v A man sitting at a table covered in pots and jars, holding a pot in one hand and examining his mouth with the other hand ('De garder les dens et les genciues') - 43v A woman holding a mirror in one hand and standing in front of a table covered in pots and jars ('Le quint de garder le uisage et de donner bonne couleur')er - 44v A man drinking from a flask by a table covered in pots and jars ('Comment len doit garder lestomac') - 46r Two men conversing ('Le viie chapitre de garder le foye')e - 47r A doctor giving a container of medicine to a patient ('Le viiie chapitre de garder le cuer')e - 48r Wheat stalks ('De toutes manieres de blez et premierement du fourment') - 48v Barley stalks ('De orge') - 49r Millet stalks ('Du milet') - 49r A woman sitting at table and cleaning grains of rice ('Du ris') - 49v Oat stalks ('Du aueine') - 49v ?Sorghum stalks ('De rogier melebranche') - 50r Farro stalks ('De far qui est une maniere de ble') - 50r A person sieving wheatbran ('De bren de fourment') - 50r Trees, springs, and a river ('De toutes manieres de buurages . Et premierement de leaue') - 50v Two men making wine ('Du uin') - 51r Two tuns of grain for making ale, the tun closest to the viewer above a fire being tended by a kneeling man ('De ceruoise') - 51r Two men preparing apple wine ('De uin de pommes') - 51v A man making vinegar ('De uinaigre') - 51v A man crushing mulberries in a bucket ('De moure') - 52r Two pigs grazing ('De char de porc') - 52v A cow grazing ('De char de beuf') - 53r Two lambs grazing ('De char de brebis') - 53v Two sheep grazing ('De char de mouton') - 53v A long-horned goat ('De char de bouc') - 54r A goat eating from a tree ('De char de cheure') - 54r Two stags grazing ('Char de cerf et de dam') - 54v A hare ('De char de lieure') - 54v Rabbits and burrows ('Char du connin') - 54v A bear ('De char dours') - 54v Four birds: two flying, two on the ground ('De char de leaux uolans') - 55r A dovecote and doves ('De char de coulon') - 55v Geese and goslings ('De loye') - 55v Ducks ('De la quenne et quanart') - 56r Partridges ('De la perdris') - 56r A pheasant ('Du faisant') - 56r A peacock and a crane ('Du paon et de la grue') - 56v A swan and a heron ('Char de cyne et de hairon') - 56v Three sparrows ('Char de passeret') - 56v A quail and a lark ('De char de quaille et daloe') - 57r A plover and a redwing ('De char de plouuier mauuis') - 59r Two flowering broad bean plants ('De feues') - 59v Two chickpea plants ('De chiches') - 59v Two flowering pea plants ('De pois') - 60r Two lentil plants ('De lentilles') - 60r Two flowering bean plants ('De faisoles') - 60v Two lupin plants ('De lupins') - 60v Incomplete initial for ?orbille, a type of vetch ('Dorbe') - 60v Chickpea plants ('De cerres') - 60v Three flowering vetch plants ('De uesce') - 61r A fig tree ('De figues') - 61v A fruiting grapevine on a trellis ('De roisins') - 62r A fruiting pear tree ('De poires') - 62v A fruiting apple tree ('De pommes') - 62v A fruiting pomegranate tree ('De pommes grenates') - 62v A fruiting quince tree ('De coins') - 63r A fruiting (?lemon) tree ('De pommes citrines') - 63v A date-palm tree ('De dates') - 63v A fruiting peach tree ('De pesches') - 64r A fruiting currant or gooseberry tree ('De groiselles') - 64r A fruiting mulberry tree ('De meures') - 64v A fruiting plum tree ('De prunes') - 65r A fruiting walnut tree ('De grosses noix') - 65v A hazelnut tree ('Noix de coudre') - 65v An almond tree ('De amandes') - 66r An incomplete initial for a fruiting pine nut tree ('Du sein') - 66r A fruiting medlar tree ('Neffles') - 66r A fruiting sweet chestnut tree ('Chastaignes') - 66v An olive tree ('De oliues') - 67r A fruiting and flowering strawberry plant ('De freses') - 67r A fruiting cornelian cherry tree ('De corneilles') - 67r A fruiting service tree (Sorbus domestica) ('De cormes') - 67r A fruiting juniper tree ('De geneure') - 67v A fruiting and flowering winter squash (cucurbita) plant ('De courges') - 67v A fruiting and flowering cucumber plant ('De cocombres') - 67v A pumpkin plant - there is probably a mistake in the rubric here as the scribe has written 'De citrones' (i.e., 'On lemons' or 'On citrus fruits') rather than 'De citroles' (i.e., 'On pumpkins' or 'On squashes'). The plant illustrated here is much more like a pumpkin or squash plant than a citrus tree, and the text of the chapter itself is more appropriate for a description of squashes or pumpkins than any sort of citrus fruit - 68r Two ewers of sugarcane juice on a table ('De canamiel') - 68r Two beehives or skeps on a table ('Du miel') - 68v Cabbage plants ('De choux') - 69r Two flowering leek plants ('De poreaux') - 69r Two onion plants ('De oignons') - 69v Two garlic plants ('De aux') - 69v Two shallot plants ('De eschalongues') - 70r Two flowering mustard plants ('De seneue') - 70r A spinach plant ('De espinoches') - 70r A beet or chard plant ('De Betes') - 70r A flowering borage plant ('De bourraches') - 70v A mallow plant ('De mauues') - 70v Some turnip plants ('De naues') - 70v Some ?caraway plants ('De larais') - 71r A flowering parsnip plant ('De panais') - 71r A ?radish plant ('De rafle') - 71r Two flowering fennel plants ('De fennoul') - 71r A flowering parsley plant ('De persil') - 71r A flowering chervil plant ('De cerfueil') - 71r A lettuce ('De laictues') - 72r A purslane plant ('De pourpie') - 72r A plant painted over with white pigment and mostly obscured ('De parages') - 72v A sage plant ('De sauge') - 72v A mint plant ('De mente') - 72v A basil plant in a pot ('De basilicoq') - 72v A rocket (arugula) plant ('De ruque') - 73r Mushrooms growing in a field ('De champions') - 73v A flowering hyssop plant ('De ysope') - 73v A flowering cress plant ('De cresson') - 73v A flowering clary plant ('De oruale') - 73v A flowering ?elecampane plant ('De nula') - 74r A flowering ?pennyroyal or ?wild thyme plant ('De poulieul') - 74r An incomplete initial for ?southernwood ('De brote') - 74r Fish in a river ('De toutes manieres de poissons et generalment') - 76r A basket of eggs and a hen sitting in a nest ('De eufs') - 77r Cheeses on a table ('De frommage') - 77v A woman milking a cow ('Du lait') - 79r A doctor examining the urine of a male patient - this image is probably misplaced as it accompanies the chapter 'On pepper' ('Du poiure') - 79v A ginger plant ('De gingembre') - 79v A ?cinnamon plant ('De canelle') - 79v An incomplete initial for the chapter on cloves ('De girofle') - 80r A man grinding galangal ('De garingal') - 80v Men grinding cumin ('De commin') - 80v Flowering saffron crocuses ('De safren') - 81r Cubeb trees ('De cubebes') - 81r Cardamon trees ('Cardamon') - 81v An anise plant ('De anis') - 81v A man evaluating nutmeg ('De noix muguecte') - 82r A ?zedoary plant ('De citoual') - 82r A man evaporating salt ('Du sel') - 82r Three doctors conversing ('Du phisonomie')",histInit,,,,,,,,,,,,,,,,,,,,,,,,,,,,,,"New York, Morgan Library, MS M.165 ; Lisbon, Biblioteca Nacional de Portugal, MS Ajuda 52-XIII-26; London, British Library, Sloane MS 2401","New York, Morgan Library, MS M.165; Lisbon, Biblioteca Nacional de Portugal, MS Ajuda 52-XIII-26; London, British Library, Sloane MS 2401",https://www.themorgan.org/manuscript/77081 https://purl.pt/24205 https://www.bl.uk/manuscripts/FullDisplay.aspx?ref=Sloane_MS_2401
_deco_3,manuscript_1,,,,manuscript,,MS-FF-00004-00042,,"Two- and three-line burnished gold initials with blue/purple infill and frames, to verses, prayers and in the Calendar. With gold, blue and purple bars with white patterns and short gold-studded black sprays extending from gold initials in left margins.",initial,,,,,,,,,,,,,,,,,,,,,,,,,,,,,,,,
_deco_3,manuscript_1,,,,part,,,,"Calendar miniatures comprising labours of the months and zodiac signs, on punched gold ground under canopies, in outer margins. Executed by a second artist, related to that of the prefatory suffrage miniatures. 13r: January: Janus feasting; Aquarius 13v: February: man warming himself by fire; Pisces 14r: March: pruning; Aries 14v: April: hawking; Taurus 15r: May: Maying; Gemini 15v: June: mowing; Cancer 16r: July: reaping; Leo 16v: August: threshing; Virgo 17r: September: harvesting grapes; Libra 17v: October: sowing; Scorpio 18r: November: beating for acorns; Sagittarius 18v: December: slaughtering pig; Capricorn 13r: January: Janus feasting; Aquarius JanusfeastingAquarius 13v: February: man warming himself by fire; Piscesman warming himself by firePisces 14r: March: pruning; AriespruningAries 14v: April: hawking; TaurushawkingTaurus 15r: May: Maying; GeminiMayingGemini 15v: June: mowing; CancermowingCancer 16r: July: reaping; LeoreapingLeo 16v: August: threshing; VirgothreshingVirgo 17r: September: harvesting grapes; Libraharvesting grapesLibra 17v: October: sowing; ScorpiosowingScorpio 18r: November: beating for acorns; Sagittariusbeating for acornsSagittarius 18v: December: slaughtering pig; Capricornslaughtering pigCapricorn",miniature,,,,,,,,,,,,,,,,,,,,,,,,,,,,,,,,
_deco_3,manuscript_1,,,"Cambridge, University Library, MS Ee.2.29",part,,,,Underlining in brown or red ink.,other,,,,,,,,,,,,,,,,,,,,,,,,,,,,,,,,
_deco_3,manuscript_1,,,"Cambridge, University Library, MS Dd.5.76",part,,,,Large (6-line) initial in red ink with crosses in brown ink drawn inside the letter and featuring a human face (f. 28r).,decInit,,,,,,,,,,,,,,,,,,,,,,,,,,,,,,,,
_deco_3,manuscript_1,,,,part,,,,Two-line plain initials in red.,plainInit,,,,,,,,,,,,,,,,,,,,,,,,,,,,,,,,
_deco_3,manuscript_1,,,,manuscript,,MS-II-00006-00032,,Figure with halo and satchell (),miniature,16v,16v,16v,,,,,,,,,,,,,,,,,,,,,,,,,,,,,
_deco_3,manuscript_1,,,,part,,,,"Full-page miniatures of the four evangelists. Pages prepared with straightedge and compass. Painted in slate blue, red, brown, yellow and white, with frames surrounded by red dots and decorated with floral motifs and head-masks. Inscriptions identify each evangelist in his human (above) and symbolic (below) form. Brown suggests that the programme of miniatures is ambitious and eclectic, but inexpertly executed, perhaps by several hands (see Brown (1996), pp. 72-115, for full discussion). f. 2:2v St Matthew and angel: +HIC MATHEVS IN HVMANITATE. +HIC MATHEVS IN ANGELICA ASSPECTV VIDETUR f. 2:12v St Mark and lion: +HIC MARCVS IN HVMANITATE. HIC MARCVS IMAGINEM TENET LEONIS f. 2:21v St Luke and ox: +HIC LVCAS IN HVMANITATE. HIC LVCAS FORMAM ACCEPIT VITVLI f. 2:31v St John and eagle: +HIC IOHANNIS [sic] IN HVMANITATE. HIC IOHANNIS VERTIT FRONTEM IN AQVILAM f. 2:2v St Matthew and angel: +HIC MATHEVS IN HVMANITATE. +HIC MATHEVS IN ANGELICA ASSPECTV VIDETUR f. 2:12v St Mark and lion: +HIC MARCVS IN HVMANITATE. HIC MARCVS IMAGINEM TENET LEONIS f. 2:21v St Luke and ox: +HIC LVCAS IN HVMANITATE. HIC LVCAS FORMAM ACCEPIT VITVLI f. 2:31v St John and eagle: +HIC IOHANNIS [sic] IN HVMANITATE. HIC IOHANNIS VERTIT FRONTEM IN AQVILAM",miniature,,,,,,,,,,,,,,,,,,,,,,,,,,,,,,,,
_deco_3,manuscript_1,,,,manuscript,,MS-ADD-03020,,"Two-line, and occasionally three-, four-, or five-line, plain initials, alternating in red or blue (occasionally in two colours), sometimes with simple internal void decoration. Versions executed in imitation where further documents have been added to the contents at a later date, or gaps left for initials to be completed later.",plainInit,,,,,,,,,,,,,,,,,,,,,,,,,,,,,,,,
_deco_3,manuscript_1,,,,part,,,,A band of decorative penwork tinted with yellow separates the end of the Gesta pontificum Anglorum from the beginning of the Provisions of Westminster on f. 61v. Gesta pontificum Anglorum,other,,,,,,,,,,,,,,,,,,,,,,,,,,,,,,,,
_deco_3,manuscript_1,,,"Cambridge, University Library, MS Add. 9309",manuscript,,MS-ADD-09309,,Line-fillers consisting of fern-like leaves in brown ink throughout.,linefiller,,,,,,,,,,,,,,,,,,,,,,,,,,,,,,,,
_deco_3,manuscript_1,,,"Cambridge, University Library, MS Ee.3.59",manuscript,,MS-EE-00003-00059,,: Queen Emma and her sons being received by Duke Richard II of Normandy. The death of King Sweyn.,miniature,4v,4v,4v,,,,,,,,,,,,,,,,,,,,,,,,,,,,,
_deco_3,manuscript_1,,,"Cambridge, University Library, MS Ff.5.5",manuscript,,MS-FF-00005-00005,,"Three-line initials in blue or purple on gold-stamped grounds with sprays of foliate in blue, purple, and white, used only on ff. 8r-201v.",decInit,,,,,,,,,,,,,,,,,,,,,,,,,,,,,,,,
_deco_3,manuscript_1,,,"Cambridge, University Library, MS Gg.4.6",manuscript,,MS-GG-00004-00006,,"Ornamental and minor initials: 3r: Eight-line rose initial on blue background filled with oak leaf scrolls on burnished gold groundBurnished gold initials, 2-4 lines in size, on blue and pink ground diapered in white 3r: Eight-line rose initial on blue background filled with oak leaf scrolls on burnished gold groundBurnished gold initials, 2-4 lines in size, on blue and pink ground diapered in white",decInit,,,,,,,,,,,,,,,,,,,,,,,,,,,,,,,,
_deco_3,manuscript_1,,,"Cambridge, University Library, MS Kk.6.33",part,,,,"Large (1- or 2-line) initials in blue, red, or brown ink throughout the calendar.",colInit,,,,,,,,,,,,,,,,,,,,,,,,,,,,,,,,
_deco_3,manuscript_1,,,,part,,,,"Part III (pages 73-120): Red, green and light blue 11-line arabesque initials, as on page 73 and on page 76.",initial,,,,,,,,,,,,,,,,,,,,,,,,,,,,,,,,
_deco_3,manuscript_1,,,"Cambridge, University Library, MS Dd.12.23",manuscript,,MS-DD-00012-00023,,"Outline genealogical diagram illustrating the descent and relationship between members of two branches of a family connected by two brothers/brothers-in-law, involving individuals named in the case described above (Adam, Symon, Geffray, Wylliam, Robert Thomas and John) (f. 46v).",diagram,,,,,,,,,,,,,,,,,,,,,,,,,,,,,,,,
_deco_3,manuscript_1,,,"Cambridge, University Library, MS Mm.6.17",part,,,,Line fillers in red ink.,lineFill,,,,,,,,,,,,,,,,,,,,,,,,,,,,,,,,
_deco_3,manuscript_1,,,MS Add. 3303(3),manuscript,,MS-ADD-03303-00003,,Names of the signs of the zodiac written in red in the text accompanying Zodiac Man.,rubrication,,,,,,,,,,,,,,,,,,,,,,,,,,,,,,,,
_deco_3,manuscript_1,,,"Cambridge, University Library, MS Kk.6.30",part,,,,A drawing of a wheel with holes in brown ink inserted in (and illustrating) the text on f. 16r.,drawing,,,,,,,,,,,,,,,,,,,,,,,,,,,,,,,,
_deco_3,manuscript_1,,,MS Gg.6.42,part,,,,f. : parrot with a note on psitacus,miniature,145r,145r,145r,,,,,,,,,,,,,,,,,,,,,,,,,,,,,
_deco_3,manuscript_1,,,"Cambridge, University Library, MS Dd.8.12",part,,,,"Red and blue alternating paraph marks at the start of each minor segment of a text (typically every few lines), the opening words of the segment sometimes underlined in red.",other,,,,,,,,,,,,,,,,,,,,,,,,,,,,,,,,
_deco_3,manuscript_1,,,"Cambridge, University Library, MS Dd.5.5",manuscript,,MS-DD-00005-00005,,"Two- to three-line initials, in blue or red/pink, with contrasting red/pink or blue edging at corners, and foliage infill, framed, on burnished gold ground.",colInit,,,,,,,,,,,,,,,,,,,,,,,,,,,,,,,,
_deco_3,manuscript_1,,,"Cambridge, University Library, MS Add. 5368",manuscript,,MS-ADD-05368,,Running headings in the centre of the upper margin of each recto and verso in red. Rubricated titles (in red) at the start of most homilies.,rubrication,,,,,,,,,,,,,,,,,,,,,,,,,,,,,,,,
_deco_3,manuscript_1,,,"Cambridge, University Library, MS Ff.6.51",part,,,,One-line capitals highlighted in red throughout.,plainInit,,,,,,,,,,,,,,,,,,,,,,,,,,,,,,,,
_deco_3,manuscript_1,,,,manuscript,,MS-MM-00005-00031,,Ornamental and minor initials: Gold chapter initials (4-7 lines) on pink/blue or pink/green ground; red capitals.,miniature,,,,,,,,,,,,,,,,,,,,,,,,,,,,,,,,
_deco_3,manuscript_1,,,"Cambridge, University Library, MS Ff.6.53",manuscript,,MS-FF-00006-00053,,One-line capitals highlighted in red.,colInit,,,,,,,,,,,,,,,,,,,,,,,,,,,,,,,,
_deco_3,manuscript_1,,,"Cambridge, University Library, MS Ff.1.23",manuscript,,MS-FF-00001-00023,,"Figural initials: 5r: 19-line Beatus-initial outlined in sepia, tinted in brown and tan, with shafts ending with interlaces, and bows filled with acanthus and linked by mask head, fully framed by acanthus foliage bars with round corner bosses (Ps. 1). Two- to twelve-line initials in red, green and black, formed of, or filled with, foliage scrolls, humans, animals, dragons and grotesques to each Psalm and Canticle, including Agnus Dei (f. 10r) and man with axe (169r). 5r: 19-line Beatus-initial outlined in sepia, tinted in brown and tan, with shafts ending with interlaces, and bows filled with acanthus and linked by mask head, fully framed by acanthus foliage bars with round corner bosses (Ps. 1). Two- to twelve-line initials in red, green and black, formed of, or filled with, foliage scrolls, humans, animals, dragons and grotesques to each Psalm and Canticle, including Agnus Dei (f. 10r) and man with axe (169r).",decInit,,,,,,,,,,,,,,,,,,,,,,,,,,,,,,,,
_deco_3,manuscript_1,,,"Cambridge, University Library, MS Ii.6.43",part,,,,Underlining in red ink.,other,,,,,,,,,,,,,,,,,,,,,,,,,,,,,,,,
_deco_3,manuscript_1,,,"Cambridge, University Library, MS Add. 3120",part,,,,"Full or partial 'J' borders in blue and red on ff. 3r, 3v, 19r, 31v, 32r, 42v, 43r, 58v, 75r, 87v, 121r, 131r, 131v.",border,,,,,,,,,,,,,,,,,,,,,,,,,,,,,,,,
_deco_3,manuscript_1,,,"Cambridge, University Library, MS Ee.5.18",part,,,,Capitals highlighted in red ink.,other,,,,,,,,,,,,,,,,,,,,,,,,,,,,,,,,
_deco_3,manuscript_1,,,"Cambridge, University Library, MS Add. 4087",manuscript,,MS-ADD-04087,,"Large (2- or 5-line) blue initials with red penwork decoration and pen-flourishing throughout. Their style and motifs - serrated acanthus / cabbage leaves, hatched backgrounds and lion's head in profile (f. 269v) is closely similar to that found in the group of manuscripts studied by Lynda Dennison and Nicholas Rogers. Lynda Dennison and Nicholas Rogers, 'A Medieval Best-Seller: Some Examples of Decorated Copies of Higden's Polychronicon', in The Church and Learning in Later Medieval Society: Essays in Honour of R.B. Dobson. Proceedings of the 1999 Harlaxton Symposium, ed. by Caroline M. Barron and Jenny Stratford, Harlaxton Medieval Studies, 11 (Donington: Shaun Tyas, 2002), 80-99PolychroniconThe Church and Learning in Later Medieval Society: Essays in Honour of R.B. Dobson. Proceedings of the 1999 Harlaxton SymposiumLynda Dennison, 'The Significance of Ornamental Penwork in Illuminated and Decorated Manuscripts of the Second Half of the Fourteenth Century', in Tributes to Kathleen L. Scott. English Medieval Manuscripts: Readers, Makers and Illuminators, ed. by Marlene Villalobos Hennessy (London: Harvey Miller, 2009), 31-64.Tributes to Kathleen L. Scott. English Medieval Manuscripts: Readers, Makers and Illuminators",flourInit,,,,,,,,,,,,,,,,,,,,,,,,,,,,,,"Lynda Dennison and Nicholas Rogers, 'A Medieval Best-Seller: Some Examples of Decorated Copies of Higden's Polychronicon', in The Church and Learning in Later Medieval Society: Essays in Honour of R.B. Dobson. Proceedings of the 1999 Harlaxton Symposium, ed. by Caroline M. Barron and Jenny Stratford, Harlaxton Medieval Studies, 11 (Donington: Shaun Tyas, 2002), 80-99; Lynda Dennison, 'The Significance of Ornamental Penwork in Illuminated and Decorated Manuscripts of the Second Half of the Fourteenth Century', in Tributes to Kathleen L. Scott. English Medieval Manuscripts: Readers, Makers and Illuminators, ed. by Marlene Villalobos Hennessy (London: Harvey Miller, 2009), 31-64.",,
_deco_3,manuscript_1,,,,manuscript,,MS-GG-00001-00001,,"Diagrams: 358v-362r, 374v-378v Diagrams of world including its antipodes, elements, moon, sun and their eclipses, seven planets and seven days of week, all illustrating L'image du monde. 490v Diagram of the human brain with five cells or ventriculi representing the five 'powers' of thought (the common or imaging sense, imagination, estimation, cogitation and memory), illustrating Qualiter caput hominis situatur. 358v-362r, 374v-378v Diagrams of world including its antipodes, elements, moon, sun and their eclipses, seven planets and seven days of week, all illustrating L'image du monde.L'image du monde 490v Diagram of the human brain with five cells or ventriculi representing the five 'powers' of thought (the common or imaging sense, imagination, estimation, cogitation and memory), illustrating Qualiter caput hominis situatur.ventriculiQualiter caput hominis situatur",diagram,,,,,,,,,,,,,,,,,,,,,,,,,,,,,,,,
_deco_3,manuscript_1,,,"Cambridge, University Library, MS Add. 9213",part,,,,Rubricated headings (red only).,rubrication,,,,,,,,,,,,,,,,,,,,,,,,,,,,,,,,
_deco_3,manuscript_1,,,,manuscript,,MS-GG-00004-00018,,"Rubrics on f. written in red ink (elsewhere in black ink). Chapter headings written in red ink throughout. 'B' and 'P' written in red ink against lines of text, in order to indicate dialogue between Boethius and Philosophy (see, for example, ff. , , , and in particular , where the names are also given in full within the column of text).",rubrication,3v; 16r-17r; 22v; 24r; 71v,3v 16r 22v 24r 71v,3v 17r 22v 24r 71v,,,,,,,,,,,,,,,,,,,,,,,,,,,,,
_deco_3,manuscript_1,,,"Cambridge, University Library, MS Dd.6.29",manuscript,,MS-DD-00006-00029,,"Raised burnished gold initials, filled and surrounded by purple penwork flourishes (ff. , , , , , , , , , , ).",flourInit,2v; 3v; 4v; 5v; 7v; 8v; 9v; 10v; 11v; 34r; 110r,2v 3v 4v 5v 7v 8v 9v 10v 11v 34r 110r,2v 3v 4v 5v 7v 8v 9v 10v 11v 34r 110r,,,,,,,,,,,,,,,,,,,,,,,,,,,,,
_deco_3,manuscript_1,,,,manuscript,,MS-ADD-04126,,: Agony in the Garden (Passion),miniature,17v,17v,17v,,,,,,,,,,,,,,,,,,,,,,,,,,,,,
_deco_3,manuscript_1,,,"Cambridge, University Library, MS Add. 4085",manuscript,,MS-ADD-04085,,"Three-line figural initials in red or blue on burnished gold ground, usually containing human heads, grotesques, animals or foliage scrolls. Often formed of or extending into the margins, housing hybrid creatures and grotesques painted in blue, red, green, orange and grey on burnished gold ground.",decInit,,,,,,,,,,,,,,,,,,,,,,,,,,,,,,,,
_deco_3,manuscript_1,,,"Cambridge, University Library, MS Gg.4.27(1)",part,,,,"Gold, blue and purple bar borders by two artists, extending from illuminated initials into vines with blue, purple, rose and orange leaves, gold discs, pen sprays and tendrils in one- or three-sided borders. Short sprays with gold discs, blue and purple leaves, extending from gold initials. Further fragments survive on stubs of folios whose initials have been cut out (e.g. ff. 193r, 277r, 381r). 'The style of the surviving borders is archaic and reminiscent of English border decoration at the beginning of the fifteenth century, although the large motifs in the infilling of the accompanying initials is more appropriate to a later date.' (Parkes and Beadle (1979-80), vol. 3, p. 60).",border,,,,,,,,,,,,,,,,,,,,,,,,,,,,,,,,
_deco_3,manuscript_1,,,,manuscript,,MS-NN-00004-00001,,"Christ blessing and holding orb surmounted by cross (Benedictio ornamentorum ecclesie, )",miniature,69v,69v,69v,,,,,,,,,,,,,,,,,,,,,,,,,,,,,
_deco_3,manuscript_1,,,"Cambridge, University Library, MS Add. 6865",part,,,,Rubrication (red only) for titles of texts and headings to some major and minor divisions of the texts.,rubric,,,,,,,,,,,,,,,,,,,,,,,,,,,,,,,,
_deco_3,manuscript_1,,,"Cambridge, University Library, MS Dd.8.19",part,,,,One-line initials alternatively in blue or red,plainInit,,,,,,,,,,,,,,,,,,,,,,,,,,,,,,,,
_deco_3,manuscript_1,,,"Cambridge, University Library, MS Dd.10.44",part,,,,Headings in red ink.,rubrication,,,,,,,,,,,,,,,,,,,,,,,,,,,,,,,,
_deco_3,manuscript_1,,,,manuscript,,MS-EE-00004-00024,,"Ornamental and minor initials: Eight-line blue or rose Calendar initials, filled with foliage and hybrid shapes Seven-line blue and rose initial with foliage infill to index of iconographic subjects Eight-line blue or rose Calendar initials, filled with foliage and hybrid shapesSeven-line blue and rose initial with foliage infill to index of iconographic subjects",colInit,,,,,,,,,,,,,,,,,,,,,,,,,,,,,,,,
_deco_3,manuscript_1,,,"Cambridge, University Library, MS Dd.13.3",manuscript,,MS-DD-00013-00003,,"Eleven-line initial in pink, with foiage infill on gold and blue ground, set against purple ground within a gold frame (f. 2r, Book One).",colInit,,,,,,,,,,,,,,,,,,,,,,,,,,,,,,,,
_deco_3,manuscript_1,,,"Cambridge, University Library, MS Ii.6.5",part,,,,"Plain initials in red or blue at some minor divisions of the text, e.g., ff. 3r-4r. Plain initials in alternating red and green or red and blue for each entry in the list of chapters at the beginning of each book.",plainInit,,,,,,,,,,,,,,,,,,,,,,,,,,,,,,,,
_deco_3,manuscript_1,,,"Cambridge, University Library, MS Ii.6.39",part,,,,Regular (1 line) capitals higlighted in red ink.,other,,,,,,,,,,,,,,,,,,,,,,,,,,,,,,,,
_deco_3,manuscript_1,,,MS Dd.1.11,part,,,,Gaps left in the text for the insertion of diagrams accompanying the commentary.,unfilled,,,,,,,,,,,,,,,,,,,,,,,,,,,,,,,,
_deco_3,manuscript_1,,,"Cambridge, University Library, MS Ll.2.2",manuscript,,MS-LL-00002-00002,,Three-line blue initials in frameworks of red penwork decoration with pen-flourishing in red (ff. 5r-11v).,decInit,,,,,,,,,,,,,,,,,,,,,,,,,,,,,,,,
_deco_3,manuscript_1,,,"Cambridge, University Library, MS Dd.3.52",manuscript,,MS-DD-00003-00052,,"Large (4- to 5-line), medium (2- to 3-line) and small (1-line) initials coloured in blue, red, or in red outlined in blue (ff. 98v, 137v, 143r, 144v, 146v, 147v, 148v, 164r, 242v) ink; some medium-sized blue initials have been highlighted in red (ff. 107v, 132v), while others feature a blue 3-leaf clover inside the letter (f. 108v) and the rubricated prayer-exhortation 'ihesus mercy' inside the letter (f. 186r).",colInit,,,,,,,,,,,,,,,,,,,,,,,,,,,,,,,,
_deco_3,manuscript_1,,,"Cambridge, University Library, MS Ii.3.21",part,,,,"Four- to nine-line initials in blue, rose and purple, filled with blue, purple and orange foliage scrolls, on burnished gold grounds, with branches of leaves in similar colours, at the beginning of the text of each Book (ff. 2:32v, 2:64v, 2:108r, 2:149v). A twelve-line initial of similar design has been excised from f. 2:9r.",decInit,,,,,,,,,,,,,,,,,,,,,,,,,,,,,,,,
_deco_3,manuscript_1,,,"Cambridge, University Library, MS Ee.1.15",part,,,,Diagram of a mnemonic hand in brown ink with red used for the cross section of the wrist on f. 11v.,diagram,,,,,,,,,,,,,,,,,,,,,,,,,,,,,,,,
_deco_3,manuscript_1,,,"Cambridge, University Library, MS Dd.3.51",part,,,,Text and section titles in red throughout.,rubrication,,,,,,,,,,,,,,,,,,,,,,,,,,,,,,,,
_deco_3,manuscript_1,,,"Cambridge, University Library, MS Ff.3.9",manuscript,,MS-FF-00003-00009,,"Four- to ten-line initials in blue, green and red, at chapter divisions.",plainInit,,,,,,,,,,,,,,,,,,,,,,,,,,,,,,,,
_deco_3,manuscript_1,,,MS Gg.5.35,manuscript,,MS-GG-00005-000035,,Two- to six-line red and maroon initials throughout.,plainInit,,,,,,,,,,,,,,,,,,,,,,,,,,,,,,,,
_deco_3,manuscript_1,,,"Cambridge, University Library, MS Ii.6.17",manuscript,,MS-II-00006-00017,,Guide-letters and small (one-line) capitals occasionally highlighted in red ink.,colInit,,,,,,,,,,,,,,,,,,,,,,,,,,,,,,,,
_deco_3,manuscript_1,,,,manuscript,,MS-II-00006-00002,,"Miniatures framed by blue and mauve panels with white patterns, gold ornamentation, and short black sprays terminating in gold ivy leaves, and surmounted by turreted arches, simulating stone masonry. Gold, blue and mauve bbars extending from illuminated initials into branches tipped with blue, orange and gold flowers, ivy and trefoil leaves.",border,,,,,,,,,,,,,,,,,,,,,,,,,,,,,,,,
_deco_3,manuscript_1,,,"Cambridge, University Library, MS Dd.5.53",part,,,,Two large initials J in red ink on ff. 57v and 65v. J,plainInit,,,,,,,,,,,,,,,,,,,,,,,,,,,,,,,,
_deco_3,manuscript_1,,,"Cambridge, University Library, MS Hh.6.11",manuscript,,MS-HH-00006-00011,,Folios 5-64: rubrication in red.,rubrication,,,,,,,,,,,,,,,,,,,,,,,,,,,,,,,,
_deco_3,manuscript_1,,,"Cambridge, University Library, MS Kk.1.6",part,,,,Small capitals highlighted in red throughout.,plainInit,,,,,,,,,,,,,,,,,,,,,,,,,,,,,,,,
_deco_3,manuscript_1,,,"Cambridge, University Library, MS Dd.4.24",manuscript,,MS-DD-00004-00024,,"Paraph marks, in red or blue, used throughout, in the text, rubrics and marginal annotations.",other,,,,,,,,,,,,,,,,,,,,,,,,,,,,,,,,
_deco_3,manuscript_1,,,"Cambridge, University Library, MS Dd.15.15",part,,,,"At minor textual divisions, two- to ten-line initials alternating in red or blue, with contrasting infill and marginal flourishing drawn in blue or red ink.",flourInit,,,,,,,,,,,,,,,,,,,,,,,,,,,,,,,,
_deco_3,manuscript_1,,,"Cambridge, University Library, MS Dd.11.45",part,,,,Underlining in red ink.,other,,,,,,,,,,,,,,,,,,,,,,,,,,,,,,,,
_deco_3,manuscript_1,,,"Cambridge, University Library, MS Hh.6.13",part,,,,Cadels in brown ink on ascenders of words on first lines on ff. 40v-77r.,cadel,,,,,,,,,,,,,,,,,,,,,,,,,,,,,,,,
_deco_3,manuscript_1,,,"Cambridge, University Library, MS Gg.6.3",manuscript,,MS-GG-00006-00003,,Large (2 lines) plain red initials throughout the manuscript.,colInit,,,,,,,,,,,,,,,,,,,,,,,,,,,,,,,,
_deco_3,manuscript_1,,,,manuscript,,MS-DD-00001-00014,,": 12-line initial B in orange, enclosing David playing the harp on a ground of blue chequerboard; the initial is on a rose-coloured ground with white filigree infill and edged in gold.",histInit,179r,179r,179r,,,,,,,,,,,,,,,,,,,,,,,,,,,,,
_deco_3,manuscript_1,,,"Cambridge, Trinity College, MS R.14.41",part,,,,Line-fillers consiting of horizontal red lines.,lineFil,,,,,,,,,,,,,,,,,,,,,,,,,,,,,,,,
_deco_3,manuscript_1,,,"Cambridge, Trinity College, MS O.7.23",manuscript,,MS-TRINITY-COLLEGE-O-00007-00023,,One rubricated sub-heading on on (f. 1r).,rubrication,,,,,,,,,,,,,,,,,,,,,,,,,,,,,,,,
_deco_3,manuscript_1,,,"Cambridge, Trinity College, MS O.2.13",part,,,,Headings for recipes written in red ink.,rubrication,,,,,,,,,,,,,,,,,,,,,,,,,,,,,,,,
_deco_3,manuscript_1,,,"Cambridge, Trinity College, MS O.7.20",part,,,,"Circular astronomical, metereological, prognostic and uroscopic diagrams in brown and red ink on ff. 1:1r (full page); 1:7v (inserted into text); 1:21r (half page); 1:21v (half page); 1:24r (inserted into text); 1:28v (nearly full page); 1:30v (full page); 1:31r (half page); 1:33r (full page).",diagram,,,,,,,,,,,,,,,,,,,,,,,,,,,,,,,,
_deco_3,manuscript_1,,,"Cambridge, Trinity College, MS R.14.52",manuscript,,MS-TRINITY-COLLEGE-R-00014-00052,,Decorative banderols in brown ink for the rubricated headings above drawings of twenty urine flasks (jordans) on ff. 273a verso-273d recto.,drawing,,,,,,,,,,,,,,,,,,,,,,,,,,,,,,,,
_deco_3,manuscript_1,,,"Cambridge, Trinity College, MS O.7.31",manuscript,,MS-TRINITY-COLLEGE-O-00007-00031,,Regular initials (1 line) highlighted with red ink.,other,,,,,,,,,,,,,,,,,,,,,,,,,,,,,,,,
_deco_3,manuscript_1,,,"Cambridge, Trinity College, MS R.14.44",part,,,,Small initials highlighted with red ink.,other,,,,,,,,,,,,,,,,,,,,,,,,,,,,,,,,
_deco_3,manuscript_1,,,"Cambridge, Trinity College, MS O.9.10",manuscript,,MS-TRINITY-COLLEGE-O-00009-00010,,A circular diagram with information for prognostication is drawn in red ink on f. 75v.,diagram,,,,,,,,,,,,,,,,,,,,,,,,,,,,,,,,
_deco_3,manuscript_1,,,"Cambridge, Trinity College, MS R.14.51",manuscript,,MS-TRINITY-COLLEGE-R-00014-00051,,Titles rubricated in red ink.,rubrication,,,,,,,,,,,,,,,,,,,,,,,,,,,,,,,,
_deco_3,manuscript_1,,,"Cambridge, Trinity College, MS O.9.39",part,,,,Paraphs in red ink.,other,,,,,,,,,,,,,,,,,,,,,,,,,,,,,,,,
_deco_3,manuscript_1,,,"Cambridge, Trinity College, MS O.3.11",manuscript,,MS-TRINITY-COLLEGE-O-00003-00011,,Titles and sub-headings written in red ink.,rubrication,,,,,,,,,,,,,,,,,,,,,,,,,,,,,,,,
_deco_3,manuscript_1,,,"Cambridge, Trinity College, MS O.8.2",part,,,,Music staves (4) drawn in red ink with neumes in dark ink.,other,,,,,,,,,,,,,,,,,,,,,,,,,,,,,,,,
_deco_3,manuscript_1,,,"Cambridge, Trinity College, MS O.2.49",manuscript,,MS-TRINITY-COLLEGE-O-00002-00049,,"A simplified outline drawing of the Zodiac Man diagram, accompanied by labels (f. 44r).",diagram,,,,,,,,,,,,,,,,,,,,,,,,,,,,,,,,
_deco_3,manuscript_1,,,"Cambridge, Trinity College, MS R.14.31",part,,,,"Plain initials in the 'Arabesque' style in red, green, and blue with occasional stylised acanthus leaf or 'petal' flourshing at the major and minor divisions of the texts.",plainInit,,,,,,,,,,,,,,,,,,,,,,,,,,,,,,,,
_deco_3,manuscript_1,,,"Cambridge, Trinity College, MS O.1.57",part,,,,Zodiac Man: a miniature showing a naked bearded man with the Signs of the Zodiac in colours and gold on f. 2:10v.,miniature,,,,,,,,,,,,,,,,,,,,,,,,,,,,,,,,
_deco_3,manuscript_1,,,"Cambridge, Trinity College, MS O.2.53",manuscript,,MS-TRINITY-COLLEGE-O-00002-00053,,Illustations of different sides of a dice drawn in brown ink inside the text on f. 41r.,drawing,,,,,,,,,,,,,,,,,,,,,,,,,,,,,,,,
_deco_3,manuscript_1,,,"Cambridge, Trinity College, MS O.8.35",manuscript,,MS-TRINITY-COLLEGE-O-00008-00035,,Headings of texts and individual recipes are rubricated with red ink.,rubrication,,,,,,,,,,,,,,,,,,,,,,,,,,,,,,,,
_deco_3,manuscript_1,,,"Cambridge, Trinity College, MS B.14.19",part,,,,Headers consising of Roman numerals and initials in blue and red in the upper margins.,other,,,,,,,,,,,,,,,,,,,,,,,,,,,,,,,,
_deco_3,manuscript_1,,,"Cambridge, Trinity College, MS O.8.36",manuscript,,MS-TRINITY-COLLEGE-00008-00036,,Circular diagram with names of the planets and Signs of the Zodiac and astrological symbols in brown ink on f. 19v.,diagram,,,,,,,,,,,,,,,,,,,,,,,,,,,,,,,,
_deco_3,manuscript_1,,,"Cambridge, Trinity College, MS O.1.71",manuscript,,MS-TRINITY-COLLEGE-O-00001-00071,,"1 large (8 lines) puzzle initial in blue and red (f. 1r) with, in the same colours: penwork decoration with foliate motifs inside the letter and pen-flourishing extending into the margins.",decInit,,,,,,,,,,,,,,,,,,,,,,,,,,,,,,,,
_deco_3,manuscript_1,,,"Cambridge, Trinity College, MS O.1.65",part,,,,"Drawings of vessels in brown ink on ff. 2:33r, and 2:64r-2:64v.",drawing,,,,,,,,,,,,,,,,,,,,,,,,,,,,,,,,
_deco_3,manuscript_1,,,"Cambridge, Trinity College, MS R.14.29",part,,,,Small (1 line) plain initials in blue or red used in lists of chapters.,colInit,,,,,,,,,,,,,,,,,,,,,,,,,,,,,,,,
_deco_3,manuscript_1,,,"Cambridge, Trinity College, MS R.14.39",part,,,,This part of the manuscript does not contain any significant forms of decoration.,,,,,,,,,,,,,,,,,,,,,,,,,,,,,,,,,
_deco_3,manuscript_1,,,"Cambridge, Trinity College, MS O.8.31",part,,,,"Rubrication in red, typically by underlining headings written in dark ink. Paraph marks in red throughout to mark minor syntax and section divisions.",rubrication,,,,,,,,,,,,,,,,,,,,,,,,,,,,,,,,
_deco_3,manuscript_1,,,"Cambridge, Trinity College, MS O.1.77",manuscript,,MS-TRINITY-COLLEGE-O-00001-00077,,Rubrication throughout at the major and minor divisions of the texts generally by underlining headings and sub-headings in red. Minor divisions within the texts also indiciated by touching the first initial with red.,rubrication,,,,,,,,,,,,,,,,,,,,,,,,,,,,,,,,
_deco_3,manuscript_1,,,"Cambridge, Trinity College, MS O.9.37",manuscript,,MS-TRINITY-COLLEGE-O-00009-00037,,Large (2 lines) initials in blue in frames of red penwork decoration and with pen-flourishing in red ink throughout.,flourInit,,,,,,,,,,,,,,,,,,,,,,,,,,,,,,,,
_deco_3,manuscript_1,,,"Cambridge, Trinity College, MS O.1.13",part,,,,Underlining in brown ink.,other,,,,,,,,,,,,,,,,,,,,,,,,,,,,,,,,
_deco_3,manuscript_1,,,"Cambridge, Trinity College, MS O.9.32",manuscript,,MS-TRINITY-COLLEGE-O-00009-00032,,Line-fillers consisting of diagonal tildes alternating between dark and red ink.,lineFil,,,,,,,,,,,,,,,,,,,,,,,,,,,,,,,,
_deco_3,manuscript_1,,,"Cambridge, Trinity College, MS VI.18.2",manuscript,,MS-TRINITY-COLLEGE-VI-00018-00002,,Paraphs in blue or red ink (alternating pattern).,other,,,,,,,,,,,,,,,,,,,,,,,,,,,,,,,,
_deco_3,manuscript_1,,,"Cambridge, Trinity College, MS O.2.21",part,,,,Summary rubrics to sections of the text on ff. 2r in red in the outer margins. Paraph marks in red to further divide the text according to syntax. Red and blue 'bracketing' to indicate internal groups of 2 and 4 lines of the poem on f. 1v.,rubrication,,,,,,,,,,,,,,,,,,,,,,,,,,,,,,,,
_deco_3,manuscript_1,,,"Cambridge, King's College, MS 16",part,,,,Large (2 lines) blue initial in frames of red penwork decoration and with pen-flourishing in the same colour.,flourInit,,,,,,,,,,,,,,,,,,,,,,,,,,,,,,,,
_deco_3,manuscript_1,,,"Cambridge, Corpus Christi College, MS 416",manuscript,,MS-CCCC-00416,,Rubrication (in red) at the major and minor divisions of the text.,rubrication,,,,,,,,,,,,,,,,,,,,,,,,,,,,,,,,
_deco_3,manuscript_1,,,"Cambridge, Corpus Christi College, MS 210",part,,,,"On p. 84, drawings of three coats of arms in brown ink, without colours but two have blazons written inside their escutcheons (see Harvey (1969), pp. 342-343).",drawing,,,,,,,,,,,,,,,,,,,,,,,,,,,,,,,,
_deco_3,manuscript_1,,,"Cambridge, Corpus Christi College, MS 388",manuscript,,MS-CCCC-00388,,Line-fillers in red ink.,lifeFill,,,,,,,,,,,,,,,,,,,,,,,,,,,,,,,,
_deco_3,manuscript_1,,,"Cambridge, Corpus Christi College, MS 405",part,,,,Unfilled space for a decorative initial 'A' on f. 1r.,unfilled,,,,,,,,,,,,,,,,,,,,,,,,,,,,,,,,
_deco_3,manuscript_1,,,"Cambridge, Corpus Christi College, MS 374",part,,,,Paraphs in red ink throughout ff. 70r-74r.,other,,,,,,,,,,,,,,,,,,,,,,,,,,,,,,,,
_deco_3,manuscript_1,,,"Cambridge, Corpus Christi College, MS 412",part,,,,"Plain initials in red, blue, or touched with yellow (see e.g., f. 29r) at the major and minor divisions of the text. Some initials touched with yellow.",plainInit,,,,,,,,,,,,,,,,,,,,,,,,,,,,,,,,
_deco_3,manuscript_1,,,"Cambridge, Corpus Christi College, MS 61",manuscript,,MS-CCCC-00061,,"Spaces for large (7 lines) decorated initials, planned throughout the manuscript but never made. A later (? 15th-century) hand has added three initials by outlining them in brown ink on ff. 2r ('T'), 27r ('O') and 93v ('L'), of which the first features the bust of a man in profile (? Troilus) and the second the bust of a woman (? Criseyde) in brown ink.",decInit,,,,,,,,,,,,,,,,,,,,,,,,,,,,,,,,
_deco_3,manuscript_1,,,"Cambridge, Corpus Christi College, MS 456",part,,,,"Flourished initials in red and blue at the major and minor divisions of the text, typically a blue initial with red flourishing extending into the outer, upper, and lower margins. Paraph marks in red or blue throughout.",flourInit,,,,,,,,,,,,,,,,,,,,,,,,,,,,,,,,
_deco_3,manuscript_1,,,"Cambridge, Corpus Christi College, MS 335",part,,,,Large (2-6 lines) plain initials in blue and red ink.,colInit,,,,,,,,,,,,,,,,,,,,,,,,,,,,,,,,
_deco_3,manuscript_1,,,"Cambridge, Corpus Christi College, MS 41",part,,,,"Decorative initials combining zoomorphic, gymnastic, and inhabited details, typically rendered in light brown ink, sometimes with a red outline wash. The largest decorative initial is on p. 1, with other smaller initials on pp. 61, 206, 224, 224, 230, 233, 246, 248, 251, 252, 253, 254, 259, 261, 264, 266, 268, 272, 273, 276, 282, 285, 289, 292, 300, 301, 307, 352, 394, 400, 410, 433.",decInit,,,,,,,,,,,,,,,,,,,,,,,,,,,,,,,,
_deco_3,manuscript_1,,,"Cambridge, Corpus Christi College, MS 354",manuscript,,MS-CCCC-00354,,Cadels in brown ink on elongated ascenders of letters on the first lines of ff. 134v-135r.,cadel,,,,,,,,,,,,,,,,,,,,,,,,,,,,,,,,
_deco_3,manuscript_1,,,"Peterborough Cathedral, MS 1",manuscript,,MS-PETERBOROUGH-00001,,"Occasional sketches of faces in the margins, in plummet (e.g. ff. 146v | cxxxi verso, 152r | cxxxvii recto).",drawing,,,,,,,,,,,,,,,,,,,,,,,,,,,,,,,,
_deco_3,manuscript_1,,,,manuscript,,MS-ADD-03389,,Capitals in the first line and throughout are touched with red or yellow.,,,,,,,,,,,,,,,,,,,,,,,,,,,,,,,,,
_deco_3,manuscript_1,,,"Cambridge, St John's College, MS K.49",manuscript,,MS-SJC-K-00049,,Capitals highlighted in red ink.,other,,,,,,,,,,,,,,,,,,,,,,,,,,,,,,,,
_deco_3,manuscript_1,,,"St John's College, MS D.24",manuscript,,SJC-MS-D-00004,,"Flourished initials at major and minor divisions of the text throughout the volume. The flourished initials are typically red with blue labrynthine flourishing (or the reverse), but the bodies of some of the flourished initials are rendered in the 'puzzle' style in red and blue and accompanied by labrynthine flourshing in red or blue.",flourInit,,,,,,,,,,,,,,,,,,,,,,,,,,,,,,,,
_deco_3,manuscript_1,,,"Cambridge, St John's College, MS D.3",part,,,,Plain initials in red or blue at the beginning of minor divisions in the texts.,plainInit,,,,,,,,,,,,,,,,,,,,,,,,,,,,,,,,
_deco_3,manuscript_1,,,"Cambridge, St John's College, MS D.4",part,,,,Paraph marks in red and blue.,other,,,,,,,,,,,,,,,,,,,,,,,,,,,,,,,,
_deco_3,manuscript_1,,,"Cambridge, St John's College, MS B.15",part,,,,A capital letter 'M' decorated with a human face in brown ink on f. 1:12v.,cadel,,,,,,,,,,,,,,,,,,,,,,,,,,,,,,,,
_deco_3,manuscript_1,,,St John's College MS E.29,part,,,,Paraphs in blue or red ink.,other,,,,,,,,,,,,,,,,,,,,,,,,,,,,,,,,
_deco_3,manuscript_1,,,"Cambridge, St John's College, MS E.6",part,,,,Five-line music staves drawn with red ink.,other,,,,,,,,,,,,,,,,,,,,,,,,,,,,,,,,
_deco_3,manuscript_1,,,"Cambridge, Jesus College, MS Q.D.4",part,,,,Initials at the start of new 'sentences' often touched with red.,other,,,,,,,,,,,,,,,,,,,,,,,,,,,,,,,,
_deco_3,manuscript_1,,,"Cambridge, Jesus College, MS Q.G.25",manuscript,,MS-JESUS-Q-G-00025,,"Latin formula and incipits written inside decorative banderols in black ink (e.g. ff. 14r [empty], 37r, 38r, 38v, 48r, 48r).",drawing,,,,,,,,,,,,,,,,,,,,,,,,,,,,,,,,
_deco_3,manuscript_1,,,"Cambridge, Jesus College, MS Q.D.2",part,,,,Chapter headings in red at the minor divisions of the text.,rubrication,,,,,,,,,,,,,,,,,,,,,,,,,,,,,,,,
_deco_3,manuscript_1,,,"Cambridge, Jesus College, Q.G.23",manuscript,,MS-JESUS-Q-B-00023,,"Large (3-line) initials in colours with foliate motifs inside the letters on gold grounds with partial (one-sided) bar borders in gold with acanthus leaves, and floral sprays in colours and gold extending into the upper and lower margins on ff. 29r [featuring a human face], 99v, 173v, 216v, 245r, 282r, 398r and 404r.",flourInit,,,,,,,,,,,,,,,,,,,,,,,,,,,,,,,,
_deco_3,manuscript_1,,,"Cambridge, Jesus College, MS Q.B.10",manuscript,,MS-JESUS-Q-B-00010,,Rubricated headings at the minor divisions of the texts on ff. 5r-51v.,rubrication,,,,,,,,,,,,,,,,,,,,,,,,,,,,,,,,
_deco_3,manuscript_1,,,"Cambridge, Jesus College, MS Q.D.1",part,,,,"On ff. 52v-60r, plain capitals are highlighted with red ink.",other,,,,,,,,,,,,,,,,,,,,,,,,,,,,,,,,
_deco_3,manuscript_1,,,"Cambridge, Magdalene College, Pepys MS 1236",manuscript,,MS-MAGDALENE-PEPYS-01236,,"Large capitals in brown ink decorated with cadels, including human faces (e.g. see f. 14v).",cadels,,,,,,,,,,,,,,,,,,,,,,,,,,,,,,,,
_deco_3,manuscript_1,,,"Cambridge, Magdalene College, Pepys MS 878",manuscript,,MS-MAGDALENE-PEPYS-00878,,Paraphs in red ink.,other,,,,,,,,,,,,,,,,,,,,,,,,,,,,,,,,
_deco_3,manuscript_1,,,"Cambridge, Magdalene College, Pepys MS 1307",manuscript,,MS-MAGDALENE-PEPYS-01307,,Guide letters in light brown ink visible within the matrix of most decorative initials.,instructions,,,,,,,,,,,,,,,,,,,,,,,,,,,,,,,,
_deco_3,manuscript_1,,,"Cambridge, Magdalene College, Pepys MS 1661",part,,,,Headings and sub-headings highlighted in red ink.,rubrication,,,,,,,,,,,,,,,,,,,,,,,,,,,,,,,,
_deco_3,manuscript_1,,,"Cambridge, Magdalene College, MS Pepys 911",part,,,,Section headings in red.,rubrication,,,,,,,,,,,,,,,,,,,,,,,,,,,,,,,,
_deco_3,manuscript_1,,,"Cambridge, Pembroke College, MS 237",manuscript,,MS-PEMBROKE-00237,,Paraphs in blue.,paraphs,,,,,,,,,,,,,,,,,,,,,,,,,,,,,,,,
_deco_3,manuscript_1,,,"Cambridge, Pembroke College, MS 243",manuscript,,MS-PEMBROKE-00243,,Highlighting in red.,other,,,,,,,,,,,,,,,,,,,,,,,,,,,,,,,,
_deco_3,manuscript_1,,,"Cambridge, Pembroke College, MS 54",manuscript,,MS-PEMBROKE-00054,,Red and blue capitals precede the opening of the text (f. 4r).,colInit,,,,,,,,,,,,,,,,,,,,,,,,,,,,,,,,
_deco_3,manuscript_1,,,"Cambridge, Pembroke College, MS 120",part,,,,"Prefaces and each Gospel open with skilfully executed initials painted in shades of blue, green, red, gold, etc. Those to the Gospels contain the Evangelist symbols (ff. 11r, 31v, 70r, 113r). The initial opening I Peter has St Peter with book and keys (f. 113r). St Peter with book and keysThe others are inhabited, principally by dragons and biting beasts (ff. 1r-1v, 8v, 32v, 45v (x2), 47v, 69r, 86v, 88r, 110r-110v, 112v, 115v, 117r-117v, 119v, 120r-120v, 121v-122r, 123r-123v, 124v, 132r-132v, 133v, 141r-141v, 146v, 147r, 150r, 153r, 155v, 157v, 158v, 161r, 163v, 165r, 166r, 167r, 174r).",decInit,,,,,,,,,,,,,,,,,,,,,,,,,,,,,,,,
_deco_3,manuscript_1,,,"Cambridge, Pembroke College, MS 56",manuscript,,MS-PEMBROKE-00056,,"Small initials, plain or arabesqued in red, green and yellow (or combinations thereof).",flourInit,,,,,,,,,,,,,,,,,,,,,,,,,,,,,,,,
_deco_3,manuscript_1,,,"Cambridge, Pembroke College, MS 258",part,,,,Red initials with blue pen flourishing or green initials with red flourishing at the major and minor divisions of the text.,flourInit,,,,,,,,,,,,,,,,,,,,,,,,,,,,,,,,
_deco_3,manuscript_1,,,"Cambridge, Pembroke College, MS 301",manuscript,,MS-PEMBROKE-00301,,"Incipit pages with gold initials and borders at the opening to each Gospel. 11r (for Matthew): interlaced 14-line initial, terminating in bird heads. Frame with four Winchester-style corner medallions and two diamond-shaped vignettes, each framing a beardless male saint with a closed book. 45r: (for Mark): 9-line gold initial, terminating in foliage and interlace with beasts' heads. No frame. 71r: 8-line gold initial, with tail formed of foliage. Gold frame with simple Winchester-style medallions. 109r: 11-line gold initial, terminating in foliage. Basic frame with corner foliage. 11r (for Matthew): interlaced 14-line initial, terminating in bird heads. Frame with four Winchester-style corner medallions and two diamond-shaped vignettes, each framing a beardless male saint with a closed book.45r: (for Mark): 9-line gold initial, terminating in foliage and interlace with beasts' heads. No frame.71r: 8-line gold initial, with tail formed of foliage. Gold frame with simple Winchester-style medallions.109r: 11-line gold initial, terminating in foliage. Basic frame with corner foliage.",decInit,,,,,,,,,,,,,,,,,,,,,,,,,,,,,,,,
_deco_3,manuscript_1,,,"Cambridge, Pembroke College, MS 72",part,,,,Titulus in red and green capitals (f. 1r).Titulus,colInit,,,,,,,,,,,,,,,,,,,,,,,,,,,,,,,,
_deco_3,manuscript_1,,,"Cambridge, Pembroke College, MS 67",part,,,,Passages of gloss begin with large paraphs in the same ink as used for the text.,rubrication,,,,,,,,,,,,,,,,,,,,,,,,,,,,,,,,
_deco_3,manuscript_1,,,"Cambridge, Pembroke College, MS 16",manuscript,,MS-PEMBROKE-00016,,"Same style as above, but decorated with dragons, monsters, etc (ff. 3v, 6r, 17r, 19v, 32r, 41v, 54r, 63r, 71v, 82v, 86r, 108r, 112v).",decInit,,,,,,,,,,,,,,,,,,,,,,,,,,,,,,,,
_deco_3,manuscript_1,,,"Cambridge, Pembroke College, MS 28",manuscript,,MS-PEMBROKE-00028,,"One-line plain initials, alternating in red or blue, at the opening of each entry in lists of capitula.",colInit,,,,,,,,,,,,,,,,,,,,,,,,,,,,,,,,
_deco_3,manuscript_1,,,"Cambridge, Fitzwilliam Museum, MS 261",manuscript,,MS-FITZWILLIAM-00261,,"One large (6 lines) blue initial 'S' with the Beaufort painted in colours painted over, in a frame with a yellow (imitation gold) ground that is continuous with the full scatter border on the same page (f. 1r).",decInit,,,,,,,,,,,,,,,,,,,,,,,,,,,,,,,,
_deco_3,manuscript_1,,,"Cambridge, Fitzwilliam Museum, MS 38-1950",part,,,,"With the exception of the miniature on f. 61r, all the half-page miniatures feature coats of arms in colours on gold grounds at their corners. Most have a coat of arms at each corner, but the miniatures on f. 174v and f. 207r only feature two. The first half-page miniature has two additional coats of arms in the lower corners of the full borders. The coats of arms that extend from the miniatures and borders as follows: f. 1r: [I] France and England quarterly (Edward III from Jan. 1340) [II] Castille and Leon quarterly (the arms of John of Gaunt as king of Castile; a claim he retained until 1386) [III] France and England quarterly, with a label three points argent (heir apparent of the English throne). [IV] England with a label of France, semé-de-lis (Henry Bolingbroke, son of John of Gaunt, as the Lancaster heir) [V] and [VI] Bohun.f. 29r: [I] Bohun [II] Bohun differences by three mullets gules on the bend [III] Butler [IV] Courtenay. f. 46r: [I] France and England quarterly [II] Heir apparent of the English throne. [III] Bohun [IV] Lancaster.f. 62r: [I] England (before 1340) [II] Bohun [III] Bohun differences by three mullets [IV] Lancaster.f. 78r: [I] Bohun [II] Bohun differenced by three mullets [III] Butler [IV] Courtenay.f. 99r: [I] England (before 1340) [II] Bohun [III] Bohun differenced by three mullets [IV] Lancaster.f. 120r: [I] Bohun [II] Butler [III] Courtenay [IV] Bohun differenced by three mullets.f. 123r: [I] England (before 1340) [II] Bohun [III] Bohun differenced by three mullets [IV] England (before 1340).f. 142v: [I] Bohun [II] Bohun differenced by three mullets [III] Butler [IV] Courtenay.f. 163v: [I] England (before 1340) [II] Bohun [III] Bohun differenced by three mullets [IV] England (before 1340).f. 174v: [I] Butler [II] Courtenay.f. 207r: [I] Bohun [II] Bohun differenced by three mullets.Finally, two heraldic shields were added to the outer margin of f. 1r: [A] Henry VI, impaling the arms of Margaret of Anjou surmounted by a royal arched crown. [B] John stafford, Archbishop of Canterbury (Or, on a chevron gules a mitre, within a bordure engrailed sable) f. 1r: [I] France and England quarterly (Edward III from Jan. 1340) [II] Castille and Leon quarterly (the arms of John of Gaunt as king of Castile; a claim he retained until 1386) [III] France and England quarterly, with a label three points argent (heir apparent of the English throne). [IV] England with a label of France, semé-de-lis (Henry Bolingbroke, son of John of Gaunt, as the Lancaster heir) [V] and [VI] Bohun.f. 29r: [I] Bohun [II] Bohun differences by three mullets gules on the bend [III] Butler [IV] Courtenay. f. 46r: [I] France and England quarterly [II] Heir apparent of the English throne. [III] Bohun [IV] Lancaster.f. 62r: [I] England (before 1340) [II] Bohun [III] Bohun differences by three mullets [IV] Lancaster.f. 78r: [I] Bohun [II] Bohun differenced by three mullets [III] Butler [IV] Courtenay.f. 99r: [I] England (before 1340) [II] Bohun [III] Bohun differenced by three mullets [IV] Lancaster.f. 120r: [I] Bohun [II] Butler [III] Courtenay [IV] Bohun differenced by three mullets.f. 123r: [I] England (before 1340) [II] Bohun [III] Bohun differenced by three mullets [IV] England (before 1340).f. 142v: [I] Bohun [II] Bohun differenced by three mullets [III] Butler [IV] Courtenay.f. 163v: [I] England (before 1340) [II] Bohun [III] Bohun differenced by three mullets [IV] England (before 1340).f. 174v: [I] Butler [II] Courtenay.f. 207r: [I] Bohun [II] Bohun differenced by three mullets.Finally, two heraldic shields were added to the outer margin of f. 1r: [A] Henry VI, impaling the arms of Margaret of Anjou surmounted by a royal arched crown. [B] John stafford, Archbishop of Canterbury (Or, on a chevron gules a mitre, within a bordure engrailed sable)",miniature,,,,,,,,,,,,,,,,,,,,,,,,,,,,,,,,
_deco_3,manuscript_1,,,"Cambridge, Fitzwilliam Museum, MS McClean 166",manuscript,,MS-FITZWILLIAM-MCCLEAN-00166,,"Numerous diagrams throughout the volume: Folio 6r: Geometric diagrams in the lower marginFolio 6v: Diagram to find the height of a turret with an illustration of a building with a turret in red and black inkFolios 7r-8r: Several geometric diagrams in the margins for calculating the surface area and significant angles of various shapes. Folio 8rv: Several diagrams for calculating the surface area and volume of 3D objects. Detailed diagrammatic illustration of a bucket on f. 8r, detailed diagrammatic illustration of a barrel and a tankard on f. 8v.Folio 8v: Erased diagrm of three concentric circles, the whole shape divided into quarters at the cardinals, with erased numbers written in the two outermost circles. Folio 17v: Geometric diagram in the lower marginFolio 20v: Spherical diagram of the heavens in red and black, the circles labelled from innermost to outermost as follows: spera lune, spera mercurii, spera uenis, spera solis, spera marcis, spera iouis, spera saturni, spera octaua, primum mobileFolio 36v: Spherical T-O map with the continents (labelled Asia, Africa, Europa) divided into the seven climate zones Folio 37v-38v: Several lunar and solar eclipse diagramsFolio 41r: Spherical diagram of the hevens in red, green and ochre with the circles labelled from innermost to outermost as follows: Spera lune, Spera mercurij, Spera ueneris, Spera solis, Spera martis, Spera iouis, Spera saturni, Spera stellarumFolio 44v: Spherical diagram for astronomical calculationsFolio 48r: Metaphorical diagram illustrating the solar year; draconid ouroboros surrounded by an outer circle bearing the text 'Serpens annus ego dicti sol sic circinat inquo. + Qui fuerat pridem status est iam temporis idem +'Folio 51v: Diagram for comparing solar calculations in the writings of Dionysius Exiguus and Garlandus CompotistaFolio 53r: Diagram expressing the quadripartite harmony and the connections between many natural phenomena (e.g., ages of man, humoral liquids, seasons, elements, cardinal directions) Folio 56rv: Diagram of lunar phases relative to the position of the sunFolio 69v: Circular diagram expressing the relationship between a 19-year lunisolar cycle, the claues terminorum, and the lunar epacts. Folio 71v: Circular diagram. Concentric circles described from innermost (text) circle to outermost (text) circle: 1) 19 year lunisolar cycle, 2) Claues terminorum 3) Cycle of epacts, 4) Cycle of embolisms, 5) Number of weeks between Christmas and the 6th Sunday before Easter Folio 6r: Geometric diagrams in the lower marginFolio 6v: Diagram to find the height of a turret with an illustration of a building with a turret in red and black inkFolios 7r-8r: Several geometric diagrams in the margins for calculating the surface area and significant angles of various shapes. Folio 8rv: Several diagrams for calculating the surface area and volume of 3D objects. Detailed diagrammatic illustration of a bucket on f. 8r, detailed diagrammatic illustration of a barrel and a tankard on f. 8v.Folio 8v: Erased diagrm of three concentric circles, the whole shape divided into quarters at the cardinals, with erased numbers written in the two outermost circles. Folio 17v: Geometric diagram in the lower marginFolio 20v: Spherical diagram of the heavens in red and black, the circles labelled from innermost to outermost as follows: spera lune, spera mercurii, spera uenis, spera solis, spera marcis, spera iouis, spera saturni, spera octaua, primum mobileFolio 36v: Spherical T-O map with the continents (labelled Asia, Africa, Europa) divided into the seven climate zones Folio 37v-38v: Several lunar and solar eclipse diagramsFolio 41r: Spherical diagram of the hevens in red, green and ochre with the circles labelled from innermost to outermost as follows: Spera lune, Spera mercurij, Spera ueneris, Spera solis, Spera martis, Spera iouis, Spera saturni, Spera stellarumFolio 44v: Spherical diagram for astronomical calculationsFolio 48r: Metaphorical diagram illustrating the solar year; draconid ouroboros surrounded by an outer circle bearing the text 'Serpens annus ego dicti sol sic circinat inquo. + Qui fuerat pridem status est iam temporis idem +'Folio 51v: Diagram for comparing solar calculations in the writings of Dionysius Exiguus and Garlandus CompotistaFolio 53r: Diagram expressing the quadripartite harmony and the connections between many natural phenomena (e.g., ages of man, humoral liquids, seasons, elements, cardinal directions) Folio 56rv: Diagram of lunar phases relative to the position of the sunFolio 69v: Circular diagram expressing the relationship between a 19-year lunisolar cycle, the claues terminorum, and the lunar epacts. claues terminorumFolio 71v: Circular diagram. Concentric circles described from innermost (text) circle to outermost (text) circle: 1) 19 year lunisolar cycle, 2) Claues terminorum 3) Cycle of epacts, 4) Cycle of embolisms, 5) Number of weeks between Christmas and the 6th Sunday before Easter Claues terminorum",diagram,,,,,,,,,,,,,,,,,,,,,,,,,,,,,,,,
_deco_3,manuscript_1,,,"Cambridge, Fitzwilliam Museum, Charles Fairfax Murray MS 17",manuscript,,MS-FITZWILLIAM-CHARLES-FAIRFAX-MURRAY-00017,,Large (1 line) plain red initials.,plainInit,,,,,,,,,,,,,,,,,,,,,,,,,,,,,,,,
_deco_3,manuscript_1,,,"Cambridge, Fitzwilliam Museum, MS McClean 89",manuscript,,MS-FITZWILLIAM-MUSEUM-MCCLEAN-00089,,"Historiated initials, typically 7 lines high, the letter typically painted in gold, or in blue with white patterning. Please note that these descriptions are partially based on those by M. R. James: Folio 12r: Omnibus confessoris. Initial D. Interior scene in a church or chapel. A priest in blue chasuble, stands before an altar facing right and elevating the eucharistic bread. Chalice on altar. A woman in a divided hennin kneels on floor behind gazing at a book in front of her. Folio 13r: Memorial of John the Baptist. Initial G. Landscape scene. John the Baptist nimbed holds an open book and gestures to a white lamb beside him. Folio 14r Memorial of Saint George. Initial G. Landscape scene with city in distance. George with tabard and shield in argent with cross gules, seated on horse with green tack and bearing a lance pierces the mouth of the dragon lying in the foreground of the scene. Princess and lamb kneeling to right of scene. King and queen watch from city walls in the distance. Folio 15r: Memorial to Saint Christopher. Initial O. Landscape scene. Christopher nimbed and holding a rod wades through water with a nimbed infant Jesus seated on his shoulders.Folio 16r: Memorial to Saint Anthony. Initial O. Landscape scene. Anthony nimbed and wearing black mantle over red robe and high red hat stands in fire holding an open book and a walking stick. A small quadruped stands to Anthony's right. Folio 17r: Memorial to Saint Erasmus. Initial O. Landscape scene. Erasmus nimbed and nude and stretched on a board, his entrails being wound out by a windlass being turned by a soldier. A king holding a sceptre stands in the centre of the image with a female courtier behind. White mitre on the floor below the board.Folio 18r: Memorial to Saint Nicholas. Initial O. Interior scene. Nicholas on right of scene nimbed and holding crozier, hand raised in benediction toward two nude boys in wooden tub on left of scene. Folio 19r: Memorial to Saint Giles. Initial L. Landscape scene. Giles numbed in black robes and holding crozier stands reading before a wall. A deer paws at Giles' leg. Folio 20r: Memorial to Saint Catherine (Katherine). Initial G. Interior scene. Katherine nimbed and crowned stand over Maxentius holding book and with wheel to side. Folio 21r: Memorial to Saint Margaret. Initial G. Interior scene. Margaret nimbed and hands clasped in prayer rises from the back of a dragon. The dragon is shown with some of Margaret's robe in its mouth. Folio 22r: Memorial to Saint Barbara. Initial G. Landscape scene. Barbara nimbed ?and with palm stands in an enclosed garden gazing at a tower to right of image. Folio 23r: Memorial to Saint Mary Magdalene. Initial G. Landscape scene. Mary Magdalene nimbed stands holding a golden reliquary.Folio 24r: Memorial to Saint Ursula. Initial U. Landscape scene. Ursula nimbed stands in an enclosed garden before a blue banner, arms outstretched and holding an arrow in each hand. Ursula's face has been obliterated through either deliberate damage or possible accidental obscuration through devotional kissing. Folio 25r: Memorial to Saint Anna. Initial G. Interior scene. Anna nimbed and seated with Mary nimbed and reading at her knee.Folio 65r: Salue uirgo. Initial S. Interior scene. Mary nimbed stands before an altar to right with a small angel standing to her left. Folio 124r: O intermerata. Initial O. Interior scene. Mary nimbed and seated holds a nimbed and nude infant Jesus. An angel kneels to the left of the image. Folio 12r: Omnibus confessoris. Initial D. Interior scene in a church or chapel. A priest in blue chasuble, stands before an altar facing right and elevating the eucharistic bread. Chalice on altar. A woman in a divided hennin kneels on floor behind gazing at a book in front of her. Folio 13r: Memorial of John the Baptist. Initial G. Landscape scene. John the Baptist nimbed holds an open book and gestures to a white lamb beside him. Folio 14r Memorial of Saint George. Initial G. Landscape scene with city in distance. George with tabard and shield in argent with cross gules, seated on horse with green tack and bearing a lance pierces the mouth of the dragon lying in the foreground of the scene. Princess and lamb kneeling to right of scene. King and queen watch from city walls in the distance. Folio 15r: Memorial to Saint Christopher. Initial O. Landscape scene. Christopher nimbed and holding a rod wades through water with a nimbed infant Jesus seated on his shoulders.Folio 16r: Memorial to Saint Anthony. Initial O. Landscape scene. Anthony nimbed and wearing black mantle over red robe and high red hat stands in fire holding an open book and a walking stick. A small quadruped stands to Anthony's right. Folio 17r: Memorial to Saint Erasmus. Initial O. Landscape scene. Erasmus nimbed and nude and stretched on a board, his entrails being wound out by a windlass being turned by a soldier. A king holding a sceptre stands in the centre of the image with a female courtier behind. White mitre on the floor below the board.Folio 18r: Memorial to Saint Nicholas. Initial O. Interior scene. Nicholas on right of scene nimbed and holding crozier, hand raised in benediction toward two nude boys in wooden tub on left of scene. Folio 19r: Memorial to Saint Giles. Initial L. Landscape scene. Giles numbed in black robes and holding crozier stands reading before a wall. A deer paws at Giles' leg. Folio 20r: Memorial to Saint Catherine (Katherine). Initial G. Interior scene. Katherine nimbed and crowned stand over Maxentius holding book and with wheel to side. Folio 21r: Memorial to Saint Margaret. Initial G. Interior scene. Margaret nimbed and hands clasped in prayer rises from the back of a dragon. The dragon is shown with some of Margaret's robe in its mouth. Folio 22r: Memorial to Saint Barbara. Initial G. Landscape scene. Barbara nimbed ?and with palm stands in an enclosed garden gazing at a tower to right of image. Folio 23r: Memorial to Saint Mary Magdalene. Initial G. Landscape scene. Mary Magdalene nimbed stands holding a golden reliquary.Folio 24r: Memorial to Saint Ursula. Initial U. Landscape scene. Ursula nimbed stands in an enclosed garden before a blue banner, arms outstretched and holding an arrow in each hand. Ursula's face has been obliterated through either deliberate damage or possible accidental obscuration through devotional kissing. Folio 25r: Memorial to Saint Anna. Initial G. Interior scene. Anna nimbed and seated with Mary nimbed and reading at her knee.Folio 65r: Salue uirgo. Initial S. Interior scene. Mary nimbed stands before an altar to right with a small angel standing to her left. Folio 124r: O intermerata. Initial O. Interior scene. Mary nimbed and seated holds a nimbed and nude infant Jesus. An angel kneels to the left of the image.",histInit,,,,,,,,,,,,,,,,,,,,,,,,,,,,,,,,
_deco_3,manuscript_1,,,"Cambridge, Fitzwilliam Museum, MS 51",manuscript,,MS-FITZWILLIAM-00051,,Twenty historiated initials in white-patterned pink and blue on gold grounds for lesser text divisions: Folio 47r: Holy Spirit.Folio 47v: St Michael.Folio 48r: St Peter and St Paul.Folio 48v: St Andrew.Folio 48v: St Laurence.Folio 49r: St Stephen.Folio 50r: St Nicholas.Folio 50v: All Saints.Folio 71r: Annunciation.Folio 75r: The Virgin and Child.Folio 78r: Presentation of the Virgin to the Temple.Folio 80r: Wound in Christ's right hand.Folio 80r: Wound in Christ's left hand.Folio 80r: The Five Wounds.Folio 80v: Wound in Christ's right foot.Folio 80v: Wound in Christ's left foot.Folio 81v: The Crucixifion with the Virgin Mary and St John the Evangelist.Folio 81v: Empty cross.Folio 82r: St John the Evangelist. Folio 47r: Holy Spirit.Folio 47v: St Michael.Folio 48r: St Peter and St Paul.Folio 48v: St Andrew.Folio 48v: St Laurence.Folio 49r: St Stephen.Folio 50r: St Nicholas.Folio 50v: All Saints.Folio 71r: Annunciation.Folio 75r: The Virgin and Child.Folio 78r: Presentation of the Virgin to the Temple.Folio 80r: Wound in Christ's right hand.Folio 80r: Wound in Christ's left hand.Folio 80r: The Five Wounds.Folio 80v: Wound in Christ's right foot.Folio 80v: Wound in Christ's left foot.Folio 81v: The Crucixifion with the Virgin Mary and St John the Evangelist.Folio 81v: Empty cross.Folio 82r: St John the Evangelist.,histInit,,,,,,,,,,,,,,,,,,,,,,,,,,,,,,,,
_deco_3,manuscript_1,,,"Cambridge, Queens' College, MS 25",manuscript,,,,"Red initials (1 ll.) on plain parchment inner grounds, with infill of stylized leaf and abstract forms in red, with flourishing around the initial and into the margin of abstract forms in red; alternating with gold initials on plain parchment inner grounds, with infill and flourishing of same in purple, for the verse openings throughout the book (e.g. 19r).",flourInit,,,,,,,,,,,,,,,,,,,,,,,,,,,,,,,,
_deco_3,manuscript_1,,,"Cambridge, Queens' College, MS 50",manuscript,,,,Alternate red and blue one-line penwork initials.,colInit,,,,,,,,,,,,,,,,,,,,,,,,,,,,,,,,
_deco_3,manuscript_1,,,"Cambridge, Queens' College, MS 28",manuscript,,,,Alternating red and blue plain initials throughout the text.,colInit,,,,,,,,,,,,,,,,,,,,,,,,,,,,,,,,
_deco_3,manuscript_1,,,"Cambridge, Peterhouse, MS 139",part,,,,Line fillers in red ink.,lineFill,,,,,,,,,,,,,,,,,,,,,,,,,,,,,,,,
_deco_3,manuscript_1,,,,manuscript,,,,Red chapter numbers in the margins.,rubrication,,,,,,,,,,,,,,,,,,,,,,,,,,,,,,,,
_deco_3,manuscript_1,,,"Cambridge, Peterhouse, MS 106",manuscript,,MS-PETERHOUSE-00106,,Titles and subheadings in red ink.,rubrication,,,,,,,,,,,,,,,,,,,,,,,,,,,,,,,,
_deco_3,manuscript_1,,,"Cambridge, Peterhouse, MS 95",part,,,,Headings to chapters and minor divisions of the texts in red.,rubrication,,,,,,,,,,,,,,,,,,,,,,,,,,,,,,,,
_deco_3,manuscript_1,,,,manuscript,,MS-PETERHOUSE-00130,,"Other particularly elaborate examples are on ff. , , , , , .",,72; 115v; 171; 212; 255v; 259v,72r 115v 171r 212r 255v 259v,72r 115v 171r 212r 255v 259v,,,,,,,,,,,,,,,,,,,,,,,,,,,,,
_deco_3,manuscript_1,,,"Cambridge, Peterhouse, MS 118",manuscript,,MS-PETERHOUSE-00118,,"Large (2-3 lines) red initials with penwork decoration in violet or brown ink inside their letters, some with fish motifs (e.g. see ff. 277v, f290r, 297v).",flourInit,,,,,,,,,,,,,,,,,,,,,,,,,,,,,,,,
_deco_3,manuscript_1,,,"Cambridge, Peterhouse, MS 247",part,,,,"Maniculae throughout, but particularly ff. 1r-4r.",other,,,,,,,,,,,,,,,,,,,,,,,,,,,,,,,,
_deco_3,manuscript_1,,,"Cambridge, Peterhouse, MS 251",part,,,,Minor initials plain; red or blue,plainInit,,,,,,,,,,,,,,,,,,,,,,,,,,,,,,,,
_deco_3,manuscript_1,,,"Cambridge, Peterhouse, MS 182",manuscript,,MS-PETERHOUSE-00182,,Capitals (1 line) higlighted in red.,other,,,,,,,,,,,,,,,,,,,,,,,,,,,,,,,,
_deco_3,manuscript_1,,,"Cambridge, Peterhouse, MS 168",manuscript,,MS-PETERHOUSE-00168,,Paraphs in blue or red ink.,other,,,,,,,,,,,,,,,,,,,,,,,,,,,,,,,,
_deco_3,manuscript_1,,,"Cambridge, Peterhouse, MS 222",part,,,,Spaces for unfilled decorative initials throughout.,unfilled,,,,,,,,,,,,,,,,,,,,,,,,,,,,,,,,
_deco_3,manuscript_1,,,"Cambridge, Peterhouse, MS 178",manuscript,,MS-PETERHOUSE-00178,,Section headings rubricated throughout.,rubrication,,,,,,,,,,,,,,,,,,,,,,,,,,,,,,,,
_deco_3,manuscript_1,,,"Cambridge, Clare College, MS 12 ",part,,,,"Inhabited initial on f. 104v, the main body of the initial painted with gold. Major decorative initial on f. 63r with use of gold and foliate motifs. A face outlined in red added to the counterspace of an initial 'O' (for 'Oculi patiuntur' i.e., a chapter on various eye problems) on f. 89r.",decInit,,,,,,,,,,,,,,,,,,,,,,,,,,,,,,,,
_deco_3,manuscript_1,,,"Cambridge, Gonville and Caius College, MS 59/153",part,,,,Plain initials alternating red and blue throughout at the minor divisions of the texts.,plainInit,,,,,,,,,,,,,,,,,,,,,,,,,,,,,,,,
_deco_3,manuscript_1,,,"Cambridge, Gonville and Caius College, MS 230/116",part,,,,Circle in red ink for an unfinished astronomical diagram on p. 306.,diagram,,,,,,,,,,,,,,,,,,,,,,,,,,,,,,,,
_deco_3,manuscript_1,,,"Cambridge, Gonville and Caius College, MS 176/97",part,,,,"Drawings of jordans on pp. 81-103. Initially, the jorands have been coloured in, but they are left unfinished (only outlined in brown ink) after from p. 88 onwards.",miniature,,,,,,,,,,,,,,,,,,,,,,,,,,,,,,,,
_deco_3,manuscript_1,,,"Cambridge, Gonville and Caius College, MS 401/623",part,,,,"Most texts have rubricated (red only) incipits, explicits, and section headings.",rubrication,,,,,,,,,,,,,,,,,,,,,,,,,,,,,,,,
_deco_3,manuscript_1,,,"Cambridge, Gonville and Caius College, MS 336/725",part,,,,"Three 'Pythagorean' circles: two diagrams consisting of concentric circles with geometric shapes at their centres and one rectangular diagram with a lozenge inside it drawn in red ink on, respectively, ff. 67r, 68r, and 68v.",diagram,,,,,,,,,,,,,,,,,,,,,,,,,,,,,,,,
_deco_3,manuscript_1,,,"Cambridge, Gonville and Caius College, MS 373/593",manuscript,,MS-GONVILLE-AND-CAIUS-00373-00593,,Red initials at the minor divisions of the texts.,plainInit,,,,,,,,,,,,,,,,,,,,,,,,,,,,,,,,
_deco_3,manuscript_1,,,"Cambridge, Gonville and Caius College, MS 204/110",part,,,,Flourished initials in the 'Arabesque' style with stylised floral and foliate flourishes in red or blue ink for the 'KL' in the upper register of each calendar page.,flourInit,,,,,,,,,,,,,,,,,,,,,,,,,,,,,,,,
_deco_3,manuscript_1,,,"Cambridge, Gonville and Caius College, MS 451/392",part,,,,Line fillers in red ink.,lineFill,,,,,,,,,,,,,,,,,,,,,,,,,,,,,,,,
_deco_3,manuscript_1,,,"Cambridge, Gonville and Caius College, MS 178/211",part,,,,Large (2-4 lines) plain blue initials.,colInit,,,,,,,,,,,,,,,,,,,,,,,,,,,,,,,,
_deco_3,manuscript_1,,,"Cambridge, Gonville and Caius College, MS 159/209",part,,,,Headings to minor sections occasionally written in red in the margins.,rubrication,,,,,,,,,,,,,,,,,,,,,,,,,,,,,,,,
_deco_3,manuscript_1,,,"Cambridge, Gonville and Caius College, MS 345/620",part,,,,"Occasional line fills in red, e.g., f. 54r.",lineFill,,,,,,,,,,,,,,,,,,,,,,,,,,,,,,,,
_deco_3,manuscript_1,,,"Cambridge, Gonville and Caius College, MS 400/729",part,,,,Chapter headings and section divisions in red.,rubrication,,,,,,,,,,,,,,,,,,,,,,,,,,,,,,,,
_deco_3,manuscript_1,,,"Cambridge, Gonville and Caius College, MS 407/413",part,,,,Guide letters for minor initials throughout.,instructions,,,,,,,,,,,,,,,,,,,,,,,,,,,,,,,,
_deco_3,manuscript_1,,,"Cambridge, Gonville and Caius College, MS 190/223",part,,,,Red rubrics for subsections.,rubrication,,,,,,,,,,,,,,,,,,,,,,,,,,,,,,,,
_deco_3,manuscript_1,,,"Cambridge, Gonville and Caius College, MS 181/214",part,,,,Sketch of a crowned figure in ?crayon the lower margin of p. 12.,marginal,,,,,,,,,,,,,,,,,,,,,,,,,,,,,,,,
_deco_3,manuscript_1,,,"Cambridge, Gonville and Caius College, MS 98/50",part,,,,"Large (6-8 lines) puzzle initials in blue and red at the beginnings of new works (pp. 7, 81, 133).",colInit,,,,,,,,,,,,,,,,,,,,,,,,,,,,,,,,
_deco_3,manuscript_1,,,"Cambridge, Gonville and Caius College, MS 366/588",part,,,,Each antidote section terminates in a red wavy line filler where the entries end more than c. 25mm from the right margin of the text box.,lineFill,,,,,,,,,,,,,,,,,,,,,,,,,,,,,,,,
_deco_3,manuscript_1,,,"Cambridge, Gonville and Caius College, MS 84/166",part,,,,Small (1 line) initials highlighted in red ink.,other,,,,,,,,,,,,,,,,,,,,,,,,,,,,,,,,
_deco_3,manuscript_1,,,"Cambridge, Gonville and Caius College, MS 379/599",part,,,,Illustration of a stylised plant executed in red and blue linework in the outer margin of f. 55r.,miniature,,,,,,,,,,,,,,,,,,,,,,,,,,,,,,,,
_deco_3,manuscript_1,,,"Cambridge, Gonville and Caius College, MS 200/106",part,,,,A line filler in red and blue on f. 153.,lineFil,,,,,,,,,,,,,,,,,,,,,,,,,,,,,,,,
_deco_3,manuscript_1,,,"Cambridge, Gonville and Caius College, MS 97/49",part,,,,Plain red initials and red pilcrows in the first quire only.,plainInit,,,,,,,,,,,,,,,,,,,,,,,,,,,,,,,,
_deco_3,manuscript_1,,,"Cambridge, Gonville and Caius College, MS 328/715",part,,,,Paraphs in blue or red ink.,other,,,,,,,,,,,,,,,,,,,,,,,,,,,,,,,,
_deco_3,manuscript_1,,,"Cambridge, Gonville and Caius College, MS 147/197",part,,,,"Added marginal drawings of a hedgehog or other creature (p. ); and the head of a horse (x2), ejecting matter from its mouth (p. ).",other,26; 37,26 37,26 37,,,,,,,,,,,,,,,,,,,,,,,,,,,,,
_deco_3,manuscript_1,,,,manuscript,,MS-SIDNEYSUSSEX-00095,,"Three-line initials at the start of each miracle in blue with red penwork, occasionally embellished with figures or faces, eg fols 142v, 177v, 180v.",initial,,,,,,,,,,,,,,,,,,,,,,,,,,,,,,,,
_deco_3,manuscript_1,,,"Cambridge, Sidney Sussex College, MS 51",part,,,,"Names of authorities, e.g., Ambrose, Augustine, Fulgentius written in red.",rubrication,,,,,,,,,,,,,,,,,,,,,,,,,,,,,,,,
_deco_3,manuscript_1,,,"Cambridge, Sidney Sussex College, MS 85",manuscript,,MS-SIDNEYSUSSEX-00085,,One large (5 lines) initial with penwork inside the letter and pen-flourishing extending into the margins both outlining foliate motifs in red ink (f. 146r).,flourInit,,,,,,,,,,,,,,,,,,,,,,,,,,,,,,,,
_deco_3,manuscript_1,,,"Cambridge, Sidney Sussex College, MS 58",manuscript,,MS-SIDNEYSUSSEX-00058,,"Small (1-line) initials either in blue in penwork frames of red ink or gold in penwork frames of purple ink, occasionally with pen-flourishing extending into the margins.",flourInit,,,,,,,,,,,,,,,,,,,,,,,,,,,,,,,,
_deco_3,manuscript_1,,,"Cambridge, Newnham College, MS 4",manuscript,,MS-NEWNHAM-00004,,"1 large (7-line) blue initial 'I' in a gold frame with a full bar border in blue and gold with acanthus leaves in and knotwork in blue, madder, white, and gold on f. 1r. Gold ivy leaves and round gold bosses on spray-curl stems. One knotwork boss in blue, white, and gold in the bottom right-hand corner of the border.",border,,,,,,,,,,,,,,,,,,,,,,,,,,,,,,,,
_deco_30,manuscript_1,,,"Cambridge, University Library, MS Ee.3.59",manuscript,,MS-EE-00003-00059,,: St Peter consecrates the Abbey at Westminster.,miniature,18r,18r,18r,,,,,,,,,,,,,,,,,,,,,,,,,,,,,
_deco_30,manuscript_1,,,,part,,,,Two men in coracle,Borders,340,340.0,340.0,,,,,,,,,,,,,,,,,,,,,,,,,,,,,
_deco_31,manuscript_1,,,"Cambridge, University Library, MS Ee.3.59",manuscript,,MS-EE-00003-00059,,: St Peter and a fisherman draw up a net containing two salmon. The fisherman carries St Peter's choice of fish to Bishop Mellitus.,miniature,18v,18v,18v,,,,,,,,,,,,,,,,,,,,,,,,,,,,,
_deco_31,manuscript_1,,,,part,,,,Men blowing St. Patrick's horn,Borders,343,343.0,343.0,,,,,,,,,,,,,,,,,,,,,,,,,,,,,
_deco_32,manuscript_1,,,"Cambridge, University Library, MS Ee.3.59",manuscript,,MS-EE-00003-00059,,: Bishop Mellitus preaches. Edward orders the construction of Westminster Abbey.,miniature,19r,19r,19r,,,,,,,,,,,,,,,,,,,,,,,,,,,,,
_deco_32,manuscript_1,,,,part,,,,Man with twisted feet,Borders,344,344.0,344.0,,,,,,,,,,,,,,,,,,,,,,,,,,,,,
_deco_33,manuscript_1,,,"Cambridge, University Library, MS Ee.3.59",manuscript,,MS-EE-00003-00059,,": An Embassy is dispatched to Rome, and is received by the Pope.",miniature,19v,19v,19v,,,,,,,,,,,,,,,,,,,,,,,,,,,,,
_deco_34,manuscript_1,,,"Cambridge, University Library, MS Ee.3.59",manuscript,,MS-EE-00003-00059,,": The embassy takes its leave of the Pope, and returns home.",miniature,20r,20r,20r,,,,,,,,,,,,,,,,,,,,,,,,,,,,,
_deco_35,manuscript_1,,,"Cambridge, University Library, MS Ee.3.59",manuscript,,MS-EE-00003-00059,,: King Edward receives the Papal charter.,miniature,20v,20v,20v,,,,,,,,,,,,,,,,,,,,,,,,,,,,,
_deco_36,manuscript_1,,,"Cambridge, University Library, MS Ee.3.59",manuscript,,MS-EE-00003-00059,,: King Edward's vision of Christ during the elevation of the Host.,miniature,21r,21r,21r,,,,,,,,,,,,,,,,,,,,,,,,,,,,,
_deco_37,manuscript_1,,,"Cambridge, University Library, MS Ee.3.59",manuscript,,MS-EE-00003-00059,,: The king touches and cures a woman suffering from scrofula.,miniature,21v,21v,21v,,,,,,,,,,,,,,,,,,,,,,,,,,,,,
_deco_38,manuscript_1,,,"Cambridge, University Library, MS Ee.3.59",manuscript,,MS-EE-00003-00059,,: The king cures a blind man.,miniature,22r,22r,22r,,,,,,,,,,,,,,,,,,,,,,,,,,,,,
_deco_39,manuscript_1,,,"Cambridge, University Library, MS Ee.3.59",manuscript,,MS-EE-00003-00059,,: Cure of a second blind man.,miniature,22v,22v,22v,,,,,,,,,,,,,,,,,,,,,,,,,,,,,
_deco_4,manuscript_1,,,"Cambridge, Emmanuel College, MS 69",manuscript,,MS-EMMANUEL-COLLEGE-00069,,"About 140 coloured drawings of medical patients, body parts, instruments, treatments, plants, animals in the outer margins throughout ff. 2r-191v.",miniature,,,,,,,,,,,,,,,,,,,,,,,,,,,,,,,,
_deco_4,manuscript_1,,,"Cambridge, Emmanuel College, MS 66",part,,,,Chapter headings in red.,rubrication,,,,,,,,,,,,,,,,,,,,,,,,,,,,,,,,
_deco_4,manuscript_1,,,"Cambridge, University Library, MS Ii.3.17",part,,,,Flourished initials at divisions of the text; plain red or blue initials with the other colour used for small flourishes that extend only slightly into the adjacent margin.,flourInit,,,,,,,,,,,,,,,,,,,,,,,,,,,,,,,,
_deco_4,manuscript_1,,,"Cambridge, University Library, MS Ii.5.11",manuscript,,MS-II-00005-00011,,Minor initials in gold on blue and purple grounds with white pen-work flourishing throughout the volume.,flourInit,,,,,,,,,,,,,,,,,,,,,,,,,,,,,,,,
_deco_4,manuscript_1,,,,manuscript,,MS-FF-00004-00042,,One- and two-line blue or gold initials with red or purple flourishes.,initial,,,,,,,,,,,,,,,,,,,,,,,,,,,,,,,,
_deco_4,manuscript_1,,,,part,,,,"Border decoration of rich foliage in blue, red, green and gold extending from letter finials and forming full or partial frames, with marginal grotesques and drolleries. The border decoration relates to the Howard Psalter possibly made for John Fitton of Wiggenhall St German's, Norfolk (), the Gorleston Psalter (London, British Library, Arundel MS 83, part I), and the fourteenth-century part of the Alfonso Psalter (London, British Library, Add. MS 49622).London, British Library, Add. MS 24686 London, British Library, Arundel MS 83, part ILondon, British Library, Add. MS 49622London, British Library, Add. MS 24686On f. 19r, heraldic shields suspended from vine sprays projecting inwards from the border, showing the coats of arms of: England (gules, three lions passant guardant in pale or) Unknown (shield defaced, but formerly azure) Aymer de Valence, earl of Pembroke (c. 1270-1324) Pembroke, Aymer de Valence, ca. 1270-1324, earl of England (gules, three lions passant guardant in pale or)Unknown (shield defaced, but formerly azure)Aymer de Valence, earl of Pembroke (c. 1270-1324)Pembroke, Aymer de Valence, ca. 1270-1324, earl ofA further three heraldic shields were once included, suspended from corresponding vine sprays projecting outwards from the border, however all have since been wholly or almost entirely cropped. Also on this page, a decorated initial contains the arms of the Reymes family (gules a cross or engraved or) .",border,,,,,,,,,,,,,,,,,,,,,,,,"Aymer de Valence, earl of Pembroke (c. 1270-1324); Pembroke, Aymer de Valence, ca. 1270-1324, earl of",,,,,,"London, British Library, Arundel MS 83, part I; London, British Library, Add. MS 49622; London, British Library, Add. MS 24686","London, British Library, Arundel MS 83, part I; London, British Library, Add. MS 49622; London, British Library, Add. MS 24686",http://searcharchives.bl.uk/IAMS_VU2:LSCOP_BL:IAMS041-002405108 http://searcharchives.bl.uk/IAMS_VU2:LSCOP_BL:IAMS032-002016448 http://searcharchives.bl.uk/IAMS_VU2:LSCOP_BL:IAMS032-002031972
_deco_4,manuscript_1,,,"Cambridge, University Library, MS Ee.2.29",part,,,,Large (3-4 lines) blue initials on ff. 135r and 142r; and smaller (1 line) plain blue or red initials on ff. 142r-151r.,colInit,,,,,,,,,,,,,,,,,,,,,,,,,,,,,,,,
_deco_4,manuscript_1,,,"Cambridge, University Library, MS Dd.5.76",part,,,,"Large (2-line) initials in brown ink with human, zoomorphic or hybrid heads protruding from them into the margins throughout.",decInit,,,,,,,,,,,,,,,,,,,,,,,,,,,,,,,,
_deco_4,manuscript_1,,,,part,,,,Simple line-fillers drawn neatly in red ink.,lineFill,,,,,,,,,,,,,,,,,,,,,,,,,,,,,,,,
_deco_4,manuscript_1,,,,manuscript,,MS-II-00006-00032,,"Figure with halo and satchel, his hands reaching out through frame ()",miniature,29v,29v,29v,,,,,,,,,,,,,,,,,,,,,,,,,,,,,
_deco_4,manuscript_1,,,,part,,,,"Incipit bars: capitals in various combinations of colours, on coloured grounds and with a yellow border, featuring internal and external dotted decoration.",headpiece,,,,,,,,,,,,,,,,,,,,,,,,,,,,,,,,
_deco_4,manuscript_1,,,,manuscript,,MS-ADD-03020,,Litterae notabiliores are touched in red. Some sections have alternating red and blue paragraph marks.,rubrication,,,,,,,,,,,,,,,,,,,,,,,,,,,,,,,,
_deco_4,manuscript_1,,,,part,,,,Spaces left for book and chapter rubrics not filled in.,unfilled,,,,,,,,,,,,,,,,,,,,,,,,,,,,,,,,
_deco_4,manuscript_1,,,"Cambridge, University Library, MS Add. 9309",manuscript,,MS-ADD-09309,,"Sketch of a castle in brown ink on the leather of the inside upper cover, visible below f. 1r.",other,,,,,,,,,,,,,,,,,,,,,,,,,,,,,,,,
_deco_4,manuscript_1,,,"Cambridge, University Library, MS Ee.3.59",manuscript,,MS-EE-00003-00059,,: A fight on horseback between Cnut and Edmund Ironside. Peace concluded between the two kings. Death of Edmund Ironside.,miniature,5r,5r,5r,,,,,,,,,,,,,,,,,,,,,,,,,,,,,
_deco_4,manuscript_1,,,"Cambridge, University Library, MS Ff.5.5",manuscript,,MS-FF-00005-00005,,Paraphs in blue or red.,other,,,,,,,,,,,,,,,,,,,,,,,,,,,,,,,,
_deco_4,manuscript_1,,,"Cambridge, University Library, MS Gg.4.6",manuscript,,MS-GG-00004-00006,,"Border decoration: 3r: Full frame of gold, blue and red bars and branches, decorated with ivy leaves in gold and colour, with trees and a mask, a rabbit and a hound in lower marginGold ivy leaves extend into margins from smaller miniatures 3r: Full frame of gold, blue and red bars and branches, decorated with ivy leaves in gold and colour, with trees and a mask, a rabbit and a hound in lower marginGold ivy leaves extend into margins from smaller miniatures",border,,,,,,,,,,,,,,,,,,,,,,,,,,,,,,,,
_deco_4,manuscript_1,,,"Cambridge, University Library, MS Kk.6.33",part,,,,"Headers for columns, and Signs of the Zodiac and numbers in tables highlighted in red ink.",rubrication,,,,,,,,,,,,,,,,,,,,,,,,,,,,,,,,
_deco_4,manuscript_1,,,,part,,,,"Part IV (pages 122-194): Arabesque initials (8-21 lines) in green, red, light blue and tan, as on page 123; page 131 and page 132. There is also a green and red 6-line foliage initial on page 187.",initial,,,,,,,,,,,,,,,,,,,,,,,,,,,,,,,,
_deco_4,manuscript_1,,,"Cambridge, University Library, MS Mm.6.17",part,,,,Headings rubricated in red ink throughout.,rubrication,,,,,,,,,,,,,,,,,,,,,,,,,,,,,,,,
_deco_4,manuscript_1,,,"Cambridge, University Library, MS Kk.6.30",part,,,,"Large (2- or 3-line) initials in brown ink with minor forms of decoration (ff. 1r, 16r, 25r, 33v, 41v, 43v).",colInit,,,,,,,,,,,,,,,,,,,,,,,,,,,,,,,,
_deco_4,manuscript_1,,,MS Gg.6.42,part,,,,Pen-flourished two-line initials alternating between red and blue open new sections of the text.,flourInit,,,,,,,,,,,,,,,,,,,,,,,,,,,,,,,,
_deco_4,manuscript_1,,,"Cambridge, University Library, MS Dd.8.12",part,,,,"Historiated initial I on f. 12r with 7 scenes depiciting the seven days of creation as described in Genesis 1-2, each scene enclosed in a round frame in the body of the initial. Creation scenes are rendered on gold grounds, stamped with a floral or star motif. The upper and lower terminals of the initial are filled with foliate and zoomorphic interlace roundels in red, green, blue, pink, and white, but these sections have been damaged by over-trimming, presumably by later binders.",histInit,,,,,,,,,,,,,,,,,,,,,,,,,,,,,,,,
_deco_4,manuscript_1,,,"Cambridge, University Library, MS Dd.5.5",manuscript,,MS-DD-00005-00005,,"Two- to four-line initials in gold or blue, with contrasting black or red penwork infill and marginal flourishing, aligned with the left-hand edge of the text columns.",colInit,,,,,,,,,,,,,,,,,,,,,,,,,,,,,,,,
_deco_4,manuscript_1,,,"Cambridge, University Library, MS Add. 5368",manuscript,,MS-ADD-05368,,"Rubrication instruction text written on relevant leaves along the foreedge of the leaf, facing the gutter.",instructions,,,,,,,,,,,,,,,,,,,,,,,,,,,,,,,,
_deco_4,manuscript_1,,,"Cambridge, University Library, MS Ff.6.51",part,,,,Two-line blue or red initials with with penwork decoration in the opposite colour and sometimes with partial (singl) J-borders in blue and red.,colInit,,,,,,,,,,,,,,,,,,,,,,,,,,,,,,,,
_deco_4,manuscript_1,,,"Cambridge, University Library, MS Ff.6.53",manuscript,,MS-FF-00006-00053,,Diagram lines and line-fillers in red.,linefiller,,,,,,,,,,,,,,,,,,,,,,,,,,,,,,,,
_deco_4,manuscript_1,,,"Cambridge, University Library, MS Ff.1.23",manuscript,,MS-FF-00001-00023,,"88v, 171v, 196r: five- to fifteen-line initials in sepia, green and orange, (Pss. 51, 101, 109), formed partially of or containing knotwork and with foliage infill (Pss. 51, 101) or with foliage infill only (Ps. 109).",colInit,,,,,,,,,,,,,,,,,,,,,,,,,,,,,,,,
_deco_4,manuscript_1,,,"Cambridge, University Library, MS Add. 3120",part,,,,"Large puzzle initials (6-13 lines) in blue and red and penwork decoration in the same colours on ff. 3r, 3v, 19r, 31v, 32r, 42v [2x], 49v [2x], 75r [2x], 87v, 121r [2x], 131r, 131v, 144v.",flourInit,,,,,,,,,,,,,,,,,,,,,,,,,,,,,,,,
_deco_4,manuscript_1,,,"Cambridge, University Library, MS Add. 4087",manuscript,,MS-ADD-04087,,Capitals in the text sometimes touched with red.,plainInit,,,,,,,,,,,,,,,,,,,,,,,,,,,,,,,,
_deco_4,manuscript_1,,,,manuscript,,MS-GG-00001-00001,,"Historiated initials: 8r Blue initial D in pink frame on gold ground with a clerk, presumably Ralph of Linham, and an open book (9 lines) 407r Rose initial S in blue frame on gold ground with St Paul holding a sword and book (11 lines) 510r Blue initial D with pink frame on gold ground with King Boctus and Sydrac the Philosopher (8 lines) 8r Blue initial D in pink frame on gold ground with a clerk, presumably Ralph of Linham, and an open book (9 lines) 407r Rose initial S in blue frame on gold ground with St Paul holding a sword and book (11 lines) 510r Blue initial D with pink frame on gold ground with King Boctus and Sydrac the Philosopher (8 lines)",initial,,,,,,,,,,,,,,,,,,,,,,,,,,,,,,,,
_deco_4,manuscript_1,,,"Cambridge, University Library, MS Add. 9213",part,,,,"Guide letters for flourished initials in the margins, many trimmed away.",instructions,,,,,,,,,,,,,,,,,,,,,,,,,,,,,,,,
_deco_4,manuscript_1,,,"Cambridge, University Library, MS Dd.6.29",manuscript,,MS-DD-00006-00029,,"Pen-work initials in blue with red florishes (ff. , ).",flourInit,20r; 111r-119v,20r 111r,20r 119v,,,,,,,,,,,,,,,,,,,,,,,,,,,,,
_deco_4,manuscript_1,,,,manuscript,,MS-ADD-04126,,: Annunciation (Matins),miniature,24v,24v,24v,,,,,,,,,,,,,,,,,,,,,,,,,,,,,
_deco_4,manuscript_1,,,"Cambridge, University Library, MS Add. 4085",manuscript,,MS-ADD-04085,,"One-line gold or blue verse initials with blue or red pen flourishes. At some points instructions for which letter to paint for the artist are visible, see for example .",flourInit,13v,13v,13v,,,,,,,,,,,,,,,,,,,,,,,,,,,,,
_deco_4,manuscript_1,,,"Cambridge, University Library, MS Gg.4.27(1)",part,,,,"Initials in gold, 3-4 lines, on blue and rose or orange and rose ground (ff. 259r, 281r).",colInit,,,,,,,,,,,,,,,,,,,,,,,,,,,,,,,,
_deco_4,manuscript_1,,,,manuscript,,MS-NN-00004-00001,,"Baptism of Christ (Ordo ad baptisandum puerum, )",miniature,79v,79v,79v,,,,,,,,,,,,,,,,,,,,,,,,,,,,,
_deco_4,manuscript_1,,,"Cambridge, University Library, MS Dd.8.19",part,,,,Paraphs in blue or red,other,,,,,,,,,,,,,,,,,,,,,,,,,,,,,,,,
_deco_4,manuscript_1,,,"Cambridge, University Library, MS Dd.10.44",part,,,,Initials highlighted in red ink.,other,,,,,,,,,,,,,,,,,,,,,,,,,,,,,,,,
_deco_4,manuscript_1,,,,manuscript,,MS-EE-00004-00024,,"One-line initials, alternating in gold or blue, with contrasting blue or red penwork flourishing.",flourInit,,,,,,,,,,,,,,,,,,,,,,,,,,,,,,,,
_deco_4,manuscript_1,,,"Cambridge, University Library, MS Dd.13.3",manuscript,,MS-DD-00013-00003,,"Three- or four-line initials in blue or red, with red or purple flourishes, for causae. causaeTwo- or three-line initials in blue or red, with red or purple florishes, for chapters.",flourInit,,,,,,,,,,,,,,,,,,,,,,,,,,,,,,,,
_deco_4,manuscript_1,,,"Cambridge, University Library, MS Ii.6.5",part,,,,Occasional paraph marks in red or blue. Some initials at the start of sentences touched with red.,other,,,,,,,,,,,,,,,,,,,,,,,,,,,,,,,,
_deco_4,manuscript_1,,,"Cambridge, University Library, MS Ii.6.39",part,,,,Paraphs in red ink.,other,,,,,,,,,,,,,,,,,,,,,,,,,,,,,,,,
_deco_4,manuscript_1,,,MS Dd.1.11,part,,,,"Three- to six-line geometric initials in red and blue, with pen infill and marginal flourishing in the same colours, marking the divisions of the commentary between the books of the De consolatione philosophiae.",flourInit,,,,,,,,,,,,,,,,,,,,,,,,,,,,,,,,
_deco_4,manuscript_1,,,"Cambridge, University Library, MS Ll.2.2",manuscript,,MS-LL-00002-00002,,Two-line initials in red or blue with penwork decoration and pen-flourishing in the opposite colour (ff. 29r-72v and 85r-256v).,decInit,,,,,,,,,,,,,,,,,,,,,,,,,,,,,,,,
_deco_4,manuscript_1,,,"Cambridge, University Library, MS Dd.3.52",manuscript,,MS-DD-00003-00052,,"Line-fillers typically in consisting of diagonal lines in blue ink, ocassionally also in red ink (f. 249v); the line-fillers on ff. 242v-245v consist of diagonal and horizontal lines alternating between blue and red ink.",lineFill,,,,,,,,,,,,,,,,,,,,,,,,,,,,,,,,
_deco_4,manuscript_1,,,"Cambridge, University Library, MS Ii.3.21",part,,,,"Two- to five-line initials in blue, with infill and marginal flourishing in red, at the beginning of each chapter of the text of Boethius and the translation.",flourInit,,,,,,,,,,,,,,,,,,,,,,,,,,,,,,,,
_deco_4,manuscript_1,,,"Cambridge, University Library, MS Ee.1.15",part,,,,Diagram of a lead plate with five crossed drawn in brown ink in the margin of f. 94v.,diagram,,,,,,,,,,,,,,,,,,,,,,,,,,,,,,,,
_deco_4,manuscript_1,,,"Cambridge, University Library, MS Dd.3.51",part,,,,Unfilled spaces for minor initials throughout this Part.,unfilled,,,,,,,,,,,,,,,,,,,,,,,,,,,,,,,,
_deco_4,manuscript_1,,,"Cambridge, University Library, MS Ff.3.9",manuscript,,MS-FF-00003-00009,,Two-line initials in red within the text.,plainInit,,,,,,,,,,,,,,,,,,,,,,,,,,,,,,,,
_deco_4,manuscript_1,,,"Cambridge, University Library, MS Ii.6.17",manuscript,,MS-II-00006-00017,,Line-fillers in red ink.,lineFill,,,,,,,,,,,,,,,,,,,,,,,,,,,,,,,,
_deco_4,manuscript_1,,,,manuscript,,MS-II-00006-00002,,Impaled coats of arms of the Tilney and Thorpe families of Norfolk (f. 2v).,heraldry,,,,,,,,,,,,,,,,,,,,,,,,,,,,,,,,
_deco_4,manuscript_1,,,"Cambridge, University Library, MS Dd.5.53",part,,,,Headings written in red ink.,rubrication,,,,,,,,,,,,,,,,,,,,,,,,,,,,,,,,
_deco_4,manuscript_1,,,"Cambridge, University Library, MS Kk.1.6",part,,,,"Paraphs alternately in blue and red (ff. 2r-147r), and in red (ff. 148r-179v), but with occasional blue ones on ff. 160v, 176v, 176v, 177v",other,,,,,,,,,,,,,,,,,,,,,,,,,,,,,,,,
_deco_4,manuscript_1,,,"Cambridge, University Library, MS Dd.15.15",part,,,,Chapter headings and marginal content markers written in red ink.,rubrication,,,,,,,,,,,,,,,,,,,,,,,,,,,,,,,,
_deco_4,manuscript_1,,,"Cambridge, University Library, MS Dd.11.45",part,,,,Paraphs in red ink.,other,,,,,,,,,,,,,,,,,,,,,,,,,,,,,,,,
_deco_4,manuscript_1,,,"Cambridge, University Library, MS Hh.6.13",part,,,,Rubricated headers throughout ff. 3r-85v.,rubrication,,,,,,,,,,,,,,,,,,,,,,,,,,,,,,,,
_deco_4,manuscript_1,,,"Cambridge, University Library, MS Gg.6.3",manuscript,,MS-GG-00006-00003,,Rubricated titles throughout the manuscript.,rubrication,,,,,,,,,,,,,,,,,,,,,,,,,,,,,,,,
_deco_4,manuscript_1,,,,manuscript,,MS-DD-00001-00014,,"Initials: Numerous blue or rose initials at the openings of biblical books and prologues and key Psalms (1, 26, 38, 52, 68, 80, 97 and 109 - as well as 51 and 101) from 4 to 21 lines in size, on rose or blue and burnished gold ground, patterned in white and filled with green, orange, blue and rose oak-leaf foliage, geometric designs, dragons and hybrids. Gold, blue and rose bars with orange and green five-pointed, tri-lobed and ivy-leaf tendrils sprouting from illuminated initials.",decInit,,,,,,,,,,,,,,,,,,,,,,,,,,,,,,,,
_deco_4,manuscript_1,,,"Cambridge, Trinity College, MS R.14.41",part,,,,Paraphs in blue or red ink.,other,,,,,,,,,,,,,,,,,,,,,,,,,,,,,,,,
_deco_4,manuscript_1,,,"Cambridge, Trinity College, MS O.7.23",manuscript,,MS-TRINITY-COLLEGE-O-00007-00023,,Paraphs in red ink on on (f. 1r) only.,other,,,,,,,,,,,,,,,,,,,,,,,,,,,,,,,,
_deco_4,manuscript_1,,,"Cambridge, Trinity College, MS O.2.13",part,,,,Linefillers consiting of horizontal wavy lines in red ink.,lineFil,,,,,,,,,,,,,,,,,,,,,,,,,,,,,,,,
_deco_4,manuscript_1,,,"Cambridge, Trinity College, MS O.7.20",part,,,,"One large (4 lines) puzzle initial in blue and red ink with penwork decoration in red ink inside the letter a J-border in blue and red ink in the inner margin, and pen-flourishing in red ink extending into the lower margin, on f. 1:20r. J-border",flourInit,,,,,,,,,,,,,,,,,,,,,,,,,,,,,,,,
_deco_4,manuscript_1,,,"Cambridge, Trinity College, MS R.14.52",manuscript,,MS-TRINITY-COLLEGE-R-00014-00052,,Large (2-lines) red initials in frameworks of blue penwork decoration with pen-flourishing in the same colour extending into the margins.,decInit,,,,,,,,,,,,,,,,,,,,,,,,,,,,,,,,
_deco_4,manuscript_1,,,"Cambridge, Trinity College, MS O.7.31",manuscript,,MS-TRINITY-COLLEGE-O-00007-00031,,Underlining in red ink.,other,,,,,,,,,,,,,,,,,,,,,,,,,,,,,,,,
_deco_4,manuscript_1,,,"Cambridge, Trinity College, MS R.14.44",part,,,,This part of the manuscript does not contain any significant forms of decoration.,,,,,,,,,,,,,,,,,,,,,,,,,,,,,,,,,
_deco_4,manuscript_1,,,"Cambridge, Trinity College, MS O.9.10",manuscript,,MS-TRINITY-COLLEGE-O-00009-00010,,"A full-page diagram of the Zodiac Man, bearded and crowned, drawn with dark ink and featuring the names of the Signs of the Zodiac on his body in red ink on f. 76r.",diagram,,,,,,,,,,,,,,,,,,,,,,,,,,,,,,,,
_deco_4,manuscript_1,,,"Cambridge, Trinity College, MS R.14.51",manuscript,,MS-TRINITY-COLLEGE-R-00014-00051,,Line-fillers in blue and red ink.,lineFil,,,,,,,,,,,,,,,,,,,,,,,,,,,,,,,,
_deco_4,manuscript_1,,,"Cambridge, Trinity College, MS O.9.39",part,,,,Underlining in red ink.,other,,,,,,,,,,,,,,,,,,,,,,,,,,,,,,,,
_deco_4,manuscript_1,,,"Cambridge, Trinity College, MS O.3.11",manuscript,,MS-TRINITY-COLLEGE-O-00003-00011,,Initials in brown ink highlighted with red ink.,other,,,,,,,,,,,,,,,,,,,,,,,,,,,,,,,,
_deco_4,manuscript_1,,,"Cambridge, Trinity College, MS O.8.2",part,,,,This part of the manuscript does not contain any significant forms of decoration.,,,,,,,,,,,,,,,,,,,,,,,,,,,,,,,,,
_deco_4,manuscript_1,,,"Cambridge, Trinity College, MS O.2.49",manuscript,,MS-TRINITY-COLLEGE-O-00002-00049,,"A circular diagram divided into eight compartments by diametrical double lines with the names of astronomical events written inside them, drawn in brown ink. On the outside, it shows how the four humours govern each other during the year (f. 66r).",diagram,,,,,,,,,,,,,,,,,,,,,,,,,,,,,,,,
_deco_4,manuscript_1,,,"Cambridge, Trinity College, MS R.14.31",part,,,,Headings to the major and minor divisions of the texts usually written in red.,rubrication,,,,,,,,,,,,,,,,,,,,,,,,,,,,,,,,
_deco_4,manuscript_1,,,"Cambridge, Trinity College, MS O.1.57",part,,,,49 circular drawings of solar and lunar eclipses in blue and gold or pink and gold on ff. 2:7r-2:7v.,diagram,,,,,,,,,,,,,,,,,,,,,,,,,,,,,,,,
_deco_4,manuscript_1,,,"Cambridge, Trinity College, MS O.8.35",manuscript,,MS-TRINITY-COLLEGE-O-00008-00035,,Regular initials are sometimes fainly highlighted with yellow ink.,other,,,,,,,,,,,,,,,,,,,,,,,,,,,,,,,,
_deco_4,manuscript_1,,,"Cambridge, Trinity College, MS B.14.19",part,,,,Paraphs alternately in blue or red ink.,other,,,,,,,,,,,,,,,,,,,,,,,,,,,,,,,,
_deco_4,manuscript_1,,,"Cambridge, Trinity College, MS O.8.36",manuscript,,MS-TRINITY-COLLEGE-00008-00036,,"Drawings of geometric shapes in brown ink, representing alchemical symbols, within the text on on ff. 37r-37v; and a cross in the text on f. 78r.",diagram,,,,,,,,,,,,,,,,,,,,,,,,,,,,,,,,
_deco_4,manuscript_1,,,"Cambridge, Trinity College, MS O.1.71",manuscript,,MS-TRINITY-COLLEGE-O-00001-00071,,"Large (6-7 lines) blue initials with red penwork decoration inside the letter, featuring foliate motifs, and pen-flourishing in red ink extending into the margins.",flourInit,,,,,,,,,,,,,,,,,,,,,,,,,,,,,,,,
_deco_4,manuscript_1,,,"Cambridge, Trinity College, MS O.1.65",part,,,,A drawing of a vessel in brown ink in the inner margin of f. 3:141r.,drawing,,,,,,,,,,,,,,,,,,,,,,,,,,,,,,,,
_deco_4,manuscript_1,,,"Cambridge, Trinity College, MS R.14.29",part,,,,Titles and sub-titles written in red ink.,rubrication,,,,,,,,,,,,,,,,,,,,,,,,,,,,,,,,
_deco_4,manuscript_1,,,"Cambridge, Trinity College, MS R.14.39",part,,,,This part of the manuscript does not contain any significant forms of decoration.,,,,,,,,,,,,,,,,,,,,,,,,,,,,,,,,,
_deco_4,manuscript_1,,,"Cambridge, Trinity College, MS O.8.31",part,,,,Unfilled spaces for minor initials throughout ff. 113r-126v.,unfilled,,,,,,,,,,,,,,,,,,,,,,,,,,,,,,,,
_deco_4,manuscript_1,,,"Cambridge, Trinity College, MS O.1.77",manuscript,,MS-TRINITY-COLLEGE-O-00001-00077,,"Guide letters in dark ink occasionally present within the matrix of a decorative initial, see e.g., f. 97v, 'Pisces' with a small guide letter 'p' visible within the decorative letter 'P'.",instructions,,,,,,,,,,,,,,,,,,,,,,,,,,,,,,,,
_deco_4,manuscript_1,,,"Cambridge, Trinity College, MS O.9.37",manuscript,,MS-TRINITY-COLLEGE-O-00009-00037,,Small (1 or 2 lines) red initials used in the Somnia Danielis (ff. 26r-30v) and the table of contents (ff. 34v-35v). Somnia Danielis,colInit,,,,,,,,,,,,,,,,,,,,,,,,,,,,,,,,
_deco_4,manuscript_1,,,"Cambridge, Trinity College, MS O.1.13",part,,,,"Medical and alchemical vessels drawn in brown ink on ff. 84v, 141r, 142r, 143r, 143v, and 144r.",drawing,,,,,,,,,,,,,,,,,,,,,,,,,,,,,,,,
_deco_4,manuscript_1,,,"Cambridge, Trinity College, MS O.9.32",manuscript,,MS-TRINITY-COLLEGE-O-00009-00032,,Rubricated headings for new collections and recipes throughout.,rubrication,,,,,,,,,,,,,,,,,,,,,,,,,,,,,,,,
_deco_4,manuscript_1,,,"Cambridge, Trinity College, MS O.2.21",part,,,,"Flourished initials at the major and minor divisions of the texts. Large decorative puzzle initial 'C' on f. 5r; letterform in red and blue, counterspace filled with lilac (?folium) ground and white foliate interlace. Lilac decorative flourishes extending into the inner margin.",flourInit,,,,,,,,,,,,,,,,,,,,,,,,,,,,,,,,
_deco_4,manuscript_1,,,"Cambridge, King's College, MS 16",part,,,,large (2 lines) blue initials.,colInit,,,,,,,,,,,,,,,,,,,,,,,,,,,,,,,,
_deco_4,manuscript_1,,,"Cambridge, Corpus Christi College, MS 210",part,,,,"On p. 223 are two nativity charts (horoscopes) for 3 September 1480, one for 6pm (Figure celi die .3. mensis Septembris hora .6. post meridiem anno .1480. de elongacione [?] secundum [?] etcaetera) and another for 5pm (Figura anno mense et die supradictis hora circa .5.). [see Harvey (1969), pp. 300-301].ta de elongacione [?] secundum etcaetera Figure celi die .3. mensis Septembris hora .6. post meridiem anno .1480. de elongacione [?] secundum [?] etcaeteraFigura anno mense et die supradictis hora circa .5.ta de elongacione [?] secundum etcaeterata",diagram,,,,,,,,,,,,,,,,,,,,,,,,,,,,,,,,
_deco_4,manuscript_1,,,"Cambridge, Corpus Christi College, MS 388",manuscript,,MS-CCCC-00388,,One-line capitals higlighted in red ink.,other,,,,,,,,,,,,,,,,,,,,,,,,,,,,,,,,
_deco_4,manuscript_1,,,"Cambridge, Corpus Christi College, MS 405",part,,,,Rubrication (red only) and red paraph marks ff. 3v-5v,rubrication,,,,,,,,,,,,,,,,,,,,,,,,,,,,,,,,
_deco_4,manuscript_1,,,"Cambridge, Corpus Christi College, MS 374",part,,,,Underlining in red ink throughout ff. 70r-74r.,other,,,,,,,,,,,,,,,,,,,,,,,,,,,,,,,,
_deco_4,manuscript_1,,,"Cambridge, Corpus Christi College, MS 412",part,,,,Rubrication in plain red ink at the major and minor divisions of the text.,rubrication,,,,,,,,,,,,,,,,,,,,,,,,,,,,,,,,
_deco_4,manuscript_1,,,"Cambridge, Corpus Christi College, MS 61",manuscript,,MS-CCCC-00061,,"Small (1 line) regular initials E in brown ink occasionally decorated with dog heads. E.g. see line 6 on f. 4r; lines 13 and 17 on f. 5r; and line 31 on f. 9r. The final rubricated explicit on f. 150r contains, alongside a dog head, a human face (on the dog heads, see Kennedy (2022), passim). E",decInit,,,,,,,,,,,,,,,,,,,,,,,,,,,,,,,,
_deco_4,manuscript_1,,,"Cambridge, Corpus Christi College, MS 456",part,,,,"Flourished initials in red and blue at the major and minor divisions of the text, the largest initials 4-5 lines high, blue initial with red marginal flourishing and decoration in the counterspaces.",flourInit,,,,,,,,,,,,,,,,,,,,,,,,,,,,,,,,
_deco_4,manuscript_1,,,"Cambridge, Corpus Christi College, MS 335",part,,,,"Headings, sub-headings, and final rubrics written in red ink.",rubrication,,,,,,,,,,,,,,,,,,,,,,,,,,,,,,,,
_deco_4,manuscript_1,,,"Cambridge, Corpus Christi College, MS 41",part,,,,"Simple decorative initials in dark brown ink, typically an enlarged majuscule with an emphasis on the contrast between thick and thin strokes, sometimes incorporating monogram and cipher techniques to include several letters within one matrix.",plainInit,,,,,,,,,,,,,,,,,,,,,,,,,,,,,,,,
_deco_4,manuscript_1,,,"Cambridge, Corpus Christi College, MS 354",manuscript,,MS-CCCC-00354,,"Added drawing of the outline of the paper's watermark on f. 139r (nevertheless, the drawing deviates from the watermark in that the staff on the bull's head does not feature a six-pointed star but a 'flag'). This drawing is accompained by an added (?) 16th-century inscription: La belle [...]. La belle [...]",drawing,,,,,,,,,,,,,,,,,,,,,,,,,,,,,,,,
_deco_4,manuscript_1,,,"Peterborough Cathedral, MS 1",manuscript,,MS-PETERBOROUGH-00001,,Rubrics in red.,rubrication,,,,,,,,,,,,,,,,,,,,,,,,,,,,,,,,
_deco_4,manuscript_1,,,"Cambridge, St John's College, MS K.49",manuscript,,MS-SJC-K-00049,,Paraphs in red ink.,other,,,,,,,,,,,,,,,,,,,,,,,,,,,,,,,,
_deco_4,manuscript_1,,,"St John's College, MS D.24",manuscript,,SJC-MS-D-00004,,Lombardic capitals in white on blue or pink grounds for the first few words immediately following a major decorative initial.,plainInit,,,,,,,,,,,,,,,,,,,,,,,,,,,,,,,,
_deco_4,manuscript_1,,,"Cambridge, St John's College, MS D.3",part,,,,Rubricated titles to most texts and rubricated chapter and section headings within texts.,rubrication,,,,,,,,,,,,,,,,,,,,,,,,,,,,,,,,
_deco_4,manuscript_1,,,"Cambridge, St John's College, MS D.4",part,,,,"Guide letters visible in the margins adjacent to decorative initials, see e.g., f. 85v.",instructions,,,,,,,,,,,,,,,,,,,,,,,,,,,,,,,,
_deco_4,manuscript_1,,,"Cambridge, St John's College, MS B.15",part,,,,Decorative line-filler consisting of a dragon drawn in red ink on f. 1:9v.,lineFill,,,,,,,,,,,,,,,,,,,,,,,,,,,,,,,,
_deco_4,manuscript_1,,,"Cambridge, St John's College, MS E.6",part,,,,"Interlaced decorative motifs in brown ink added to the lower margin of f. 29v, the inner margin of f. 34v, and the originally empty page of f. 35r.",drawing,,,,,,,,,,,,,,,,,,,,,,,,,,,,,,,,
_deco_4,manuscript_1,,,"Cambridge, Jesus College, MS Q.D.4",part,,,,"Plain initials in red, typically in the 'Lombardic capitals' style at the major and some minor divisions of the texts.",plainInit,,,,,,,,,,,,,,,,,,,,,,,,,,,,,,,,
_deco_4,manuscript_1,,,"Cambridge, Jesus College, MS Q.G.25",manuscript,,MS-JESUS-Q-G-00025,,Manicules in brown ink in margins throughout the manuscript.,drawing,,,,,,,,,,,,,,,,,,,,,,,,,,,,,,,,
_deco_4,manuscript_1,,,"Cambridge, Jesus College, MS Q.D.2",part,,,,"Flourished initials in the 'Arabesque' style in combinations of red, yellow, and green with acanthus 'frills' at the divisions of the texts on ff. 6r-8v.",flourInit,,,,,,,,,,,,,,,,,,,,,,,,,,,,,,,,
_deco_4,manuscript_1,,,"Cambridge, Jesus College, Q.G.23",manuscript,,MS-JESUS-Q-B-00023,,"Large (2 line) Champ-style gold initials in frames with grounds of combinations of green, pink, blue and purple, often but not always with floral sprays in green and gold.",flourInit,,,,,,,,,,,,,,,,,,,,,,,,,,,,,,,,
_deco_4,manuscript_1,,,"Cambridge, Jesus College, MS Q.D.1",part,,,,Large (2 lines) plain initials in red ink throughout.,plainInit,,,,,,,,,,,,,,,,,,,,,,,,,,,,,,,,
_deco_4,manuscript_1,,,"Cambridge, Magdalene College, Pepys MS 1236",manuscript,,MS-MAGDALENE-PEPYS-01236,,Regular initials (1 line) highlighted with red ink.,other,,,,,,,,,,,,,,,,,,,,,,,,,,,,,,,,
_deco_4,manuscript_1,,,"Cambridge, Magdalene College, Pepys MS 878",manuscript,,MS-MAGDALENE-PEPYS-00878,,Underlining in red ink.,other,,,,,,,,,,,,,,,,,,,,,,,,,,,,,,,,
_deco_4,manuscript_1,,,"Cambridge, Magdalene College, Pepys MS 1661",part,,,,Paraphs in red ink.,other,,,,,,,,,,,,,,,,,,,,,,,,,,,,,,,,
_deco_4,manuscript_1,,,"Cambridge, Magdalene College, MS Pepys 911",part,,,,Volvelle consisting of two discs of paper added to f. .,other,vii verso,vii verso,vii verso,,,,,,,,,,,,,,,,,,,,,,,,,,,,,
_deco_4,manuscript_1,,,"Cambridge, Pembroke College, MS 54",manuscript,,MS-PEMBROKE-00054,,"Small initials in red, green or blue (in the text only, not in the gloss).",plainInit,,,,,,,,,,,,,,,,,,,,,,,,,,,,,,,,
_deco_4,manuscript_1,,,"Cambridge, Pembroke College, MS 120",part,,,,"The other books open with inhabited or foliated initials, very like those in . New York, Pierpont Morgan Library. MS M.736 New York, Pierpont Morgan Library. MS M.736",decInit,,,,,,,,,,,,,,,,,,,,,,,,,,,,,,"New York, Pierpont Morgan Library. MS M.736","New York, Pierpont Morgan Library. MS M.736",https://www.themorgan.org/manuscript/143847
_deco_4,manuscript_1,,,"Cambridge, Pembroke College, MS 56",manuscript,,MS-PEMBROKE-00056,,"Sections of text and gloss are divided by red, green or occasionally blue initials, plain or ornamented in the other colour. There are also many small red or green initials.",colInit,,,,,,,,,,,,,,,,,,,,,,,,,,,,,,,,
_deco_4,manuscript_1,,,"Cambridge, Pembroke College, MS 258",part,,,,Frames left for decoration throughout.,unfilled,,,,,,,,,,,,,,,,,,,,,,,,,,,,,,,,
_deco_4,manuscript_1,,,"Cambridge, Pembroke College, MS 301",manuscript,,MS-PEMBROKE-00301,,"On incipit pages, the opening lines of each Gospel are written in gold (ff. 11r, 45r, 71r, 109r).",chrysography,,,,,,,,,,,,,,,,,,,,,,,,,,,,,,,,
_deco_4,manuscript_1,,,"Cambridge, Pembroke College, MS 72",part,,,,Red and pale green initials in the text.,plainInit,,,,,,,,,,,,,,,,,,,,,,,,,,,,,,,,
_deco_4,manuscript_1,,,"Cambridge, Pembroke College, MS 67",part,,,,Folios 87-88 are undecorated.,none,,,,,,,,,,,,,,,,,,,,,,,,,,,,,,,,
_deco_4,manuscript_1,,,"Cambridge, Pembroke College, MS 16",manuscript,,MS-PEMBROKE-00016,,"Small initials, plain or arabesqued in red, green and yellow (or combinations thereof).",flourInit,,,,,,,,,,,,,,,,,,,,,,,,,,,,,,,,
_deco_4,manuscript_1,,,"Cambridge, Pembroke College, MS 28",manuscript,,MS-PEMBROKE-00028,,Capitula written alternately in red or black ink.,rubrication,,,,,,,,,,,,,,,,,,,,,,,,,,,,,,,,
_deco_4,manuscript_1,,,"Cambridge, Fitzwilliam Museum, MS 261",manuscript,,MS-FITZWILLIAM-00261,,"Large (3 to 6 lines) blue and red initials with foliate motifs drawn with white sprays on the letters and large flowers in colours inside the letters, in frames and on coloured grounds that are continuous with the partial scatter borders on the same page (ff. 9v, 19r, 20r, 23v and 30v [featuring a rose surmounted by a crown]).",decInit,,,,,,,,,,,,,,,,,,,,,,,,,,,,,,,,
_deco_4,manuscript_1,,,"Cambridge, Fitzwilliam Museum, MS 38-1950",part,,,,"The lower margin of f. 1r contains a scene in colours, featuring a landscape with six monkeys engaged in, respectively, carrying a dish; fishing; cutting up a fish; heating water in a cauldron using another monkey's body as a pair of bellows for blowing on the fire; and carrying a dish.",bas-de-page,,,,,,,,,,,,,,,,,,,,,,,,,,,,,,,,
_deco_4,manuscript_1,,,"Cambridge, Fitzwilliam Museum, MS McClean 166",manuscript,,MS-FITZWILLIAM-MCCLEAN-00166,,"Folio 12r: Decorative initial 'O' in gold, red, blue, pink and white with an animal head among foliage in the counterspace.",decInit,,,,,,,,,,,,,,,,,,,,,,,,,,,,,,,,
_deco_4,manuscript_1,,,"Cambridge, Fitzwilliam Museum, Charles Fairfax Murray MS 17",manuscript,,MS-FITZWILLIAM-CHARLES-FAIRFAX-MURRAY-00017,,"Headings, incipits explicits, and display script, written in red ink; arabic numerals and astrological symbols drawn in red ink.",rubrication,,,,,,,,,,,,,,,,,,,,,,,,,,,,,,,,
_deco_4,manuscript_1,,,"Cambridge, Fitzwilliam Museum, MS McClean 89",manuscript,,MS-FITZWILLIAM-MUSEUM-MCCLEAN-00089,,"Decorative initials, typically 6-7 lines high at the opening of some passages of text, see e.g., f. 2r. These decorative initials are typically set in a square frame, with the ground of the initial painted blue with white patterning and the counterspace of the initial painted with floral and foliate motifs on a gold ground. Space between the initial and frame filled with a pink ground and white patterning. Decorative initials typically 2 lines high at some minor divisions of the text. Typically a gold initial set in a square frame with blue or pink ground and white highlights. See for example, the 'L' of 'Libera me domine' on f. 2v.",decInit,,,,,,,,,,,,,,,,,,,,,,,,,,,,,,,,
_deco_4,manuscript_1,,,"Cambridge, Fitzwilliam Museum, MS 51",manuscript,,MS-FITZWILLIAM-00051,,"Large (6 lines) pink or blue white-patterned initials with foliage infill on gold grounds and full acanthus, floral, and spraywork borders, facing and mathing those for the full-page miniatures at major text dviisions",decInit,,,,,,,,,,,,,,,,,,,,,,,,,,,,,,,,
_deco_4,manuscript_1,,,"Cambridge, Queens' College, MS 25",manuscript,,,,Chapter-headings in red in the same hand as the text with chapter-numbers up to xxxiiii (45v); unnumbered chapter-heading on 47r; the remaining chapters unrubricated.,rubrication,,,,,,,,,,,,,,,,,,,,,,,,,,,,,,,,
_deco_4,manuscript_1,,,"Cambridge, Queens' College, MS 50",manuscript,,,,Red penwork geometric line-fillers.,lineFill,,,,,,,,,,,,,,,,,,,,,,,,,,,,,,,,
_deco_4,manuscript_1,,,"Cambridge, Queens' College, MS 28",manuscript,,,,"Large blue paragraph marks, toothed on the left of the vertical stroke.",rubrication,,,,,,,,,,,,,,,,,,,,,,,,,,,,,,,,
_deco_4,manuscript_1,,,"Cambridge, Peterhouse, MS 139",part,,,,Rubrics have either been written in red ink or written in brown ink and struck through with a red horizontal line.,rubrication,,,,,,,,,,,,,,,,,,,,,,,,,,,,,,,,
_deco_4,manuscript_1,,,"Cambridge, Peterhouse, MS 106",manuscript,,MS-PETERHOUSE-00106,,Paraphs in blue or red ink.,other,,,,,,,,,,,,,,,,,,,,,,,,,,,,,,,,
_deco_4,manuscript_1,,,"Cambridge, Peterhouse, MS 95",part,,,,flourished initials in red and blue at the opening of each section of main text and gloss.,flourInit,,,,,,,,,,,,,,,,,,,,,,,,,,,,,,,,
_deco_4,manuscript_1,,,"Cambridge, Peterhouse, MS 118",manuscript,,MS-PETERHOUSE-00118,,"Small (1 line) red capitals, some with minor forms of decoration.",colInit,,,,,,,,,,,,,,,,,,,,,,,,,,,,,,,,
_deco_4,manuscript_1,,,"Cambridge, Peterhouse, MS 247",part,,,,"Larger pen-flourished initials in red and blue at the opening of each text in this Part, e.g., f. 47r. Smaller pen-flourished initials in red and blue at the opening of major sections of each text in this Part.",flourInit,,,,,,,,,,,,,,,,,,,,,,,,,,,,,,,,
_deco_4,manuscript_1,,,"Cambridge, Peterhouse, MS 251",part,,,,Rubrication (red only) for chapter headings.,rubrication,,,,,,,,,,,,,,,,,,,,,,,,,,,,,,,,
_deco_4,manuscript_1,,,"Cambridge, Peterhouse, MS 182",manuscript,,MS-PETERHOUSE-00182,,Paraphs in red ink.,other,,,,,,,,,,,,,,,,,,,,,,,,,,,,,,,,
_deco_4,manuscript_1,,,"Cambridge, Peterhouse, MS 222",part,,,,Blue initials with red decorative elements and marginal extension at the major and minor divisions of the text.,flourInit,,,,,,,,,,,,,,,,,,,,,,,,,,,,,,,,
_deco_4,manuscript_1,,,"Cambridge, Peterhouse, MS 178",manuscript,,MS-PETERHOUSE-00178,,Line fills of red minims in the capitula list on ff. .,lineFill,1r-9r,1r,9r,,,,,,,,,,,,,,,,,,,,,,,,,,,,,
_deco_4,manuscript_1,,,"Cambridge, Clare College, MS 12 ",part,,,,"Flourished initials in red and blue at the major divisions of the text, with the most significant initials further embellished with flourishes extended along the inner and/or lower margin, e.g., ff. 9v, 47r, etc.",flourInit,,,,,,,,,,,,,,,,,,,,,,,,,,,,,,,,
_deco_4,manuscript_1,,,"Cambridge, Gonville and Caius College, MS 59/153",part,,,,No significant decoration in this Part.,none,,,,,,,,,,,,,,,,,,,,,,,,,,,,,,,,
_deco_4,manuscript_1,,,"Cambridge, Gonville and Caius College, MS 230/116",part,,,,Large (2-line) initials in blue ink.,colInit,,,,,,,,,,,,,,,,,,,,,,,,,,,,,,,,
_deco_4,manuscript_1,,,"Cambridge, Gonville and Caius College, MS 176/97",part,,,,One large (3-line) dark grey initial 'O' with a human face drawn inside it with black in on p. 85; perhaps added at a later stage.,decInit,,,,,,,,,,,,,,,,,,,,,,,,,,,,,,,,
_deco_4,manuscript_1,,,"Cambridge, Gonville and Caius College, MS 401/623",part,,,,There are no decorative features in this Part of the manuscript.,none,,,,,,,,,,,,,,,,,,,,,,,,,,,,,,,,
_deco_4,manuscript_1,,,"Cambridge, Gonville and Caius College, MS 336/725",part,,,,"A half-page diagram of the twelve signs of the Zodiac, represented by circles in red ink, and their relationships to the planets.",diagram,,,,,,,,,,,,,,,,,,,,,,,,,,,,,,,,
_deco_4,manuscript_1,,,"Cambridge, Gonville and Caius College, MS 373/593",manuscript,,MS-GONVILLE-AND-CAIUS-00373-00593,,Headings and sub-headings in red throughout.,rubrication,,,,,,,,,,,,,,,,,,,,,,,,,,,,,,,,
_deco_4,manuscript_1,,,"Cambridge, Gonville and Caius College, MS 204/110",part,,,,"Calendar headings, dominical letters, Roman calendar reckoning, and particular feasts and astronomical events written in red or blue ink.",rubrication,,,,,,,,,,,,,,,,,,,,,,,,,,,,,,,,
_deco_4,manuscript_1,,,"Cambridge, Gonville and Caius College, MS 451/392",part,,,,Paraphs in red ink.,other,,,,,,,,,,,,,,,,,,,,,,,,,,,,,,,,
_deco_4,manuscript_1,,,"Cambridge, Gonville and Caius College, MS 178/211",part,,,,An added rubric in red ink on f. 130r.,rubrication,,,,,,,,,,,,,,,,,,,,,,,,,,,,,,,,
_deco_4,manuscript_1,,,"Cambridge, Gonville and Caius College, MS 159/209",part,,,,Paraph marks in red. Initials at the minor divisions of the text often touched with red.,other,,,,,,,,,,,,,,,,,,,,,,,,,,,,,,,,
_deco_4,manuscript_1,,,"Cambridge, Gonville and Caius College, MS 345/620",part,,,,Paraph marks in red and black throughout.,other,,,,,,,,,,,,,,,,,,,,,,,,,,,,,,,,
_deco_4,manuscript_1,,,"Cambridge, Gonville and Caius College, MS 407/413",part,,,,"Flourished initials at major and minor divisions of the text: red or blue initials with red, blue, or lilac pen-flourishes that extend into the adjacent margin.",flourInit,,,,,,,,,,,,,,,,,,,,,,,,,,,,,,,,
_deco_4,manuscript_1,,,"Cambridge, Gonville and Caius College, MS 190/223",part,,,,Manicule and line-drawn instruments and body parts in the margins.,other,,,,,,,,,,,,,,,,,,,,,,,,,,,,,,,,
_deco_4,manuscript_1,,,"Cambridge, Gonville and Caius College, MS 181/214",part,,,,"Flourished initials (blue letter, red florushing) on p. 9.",flourInit,,,,,,,,,,,,,,,,,,,,,,,,,,,,,,,,
_deco_4,manuscript_1,,,"Cambridge, Gonville and Caius College, MS 98/50",part,,,,Small (2 lines) blue initials at the beginnings of new chapters throughout.,colInit,,,,,,,,,,,,,,,,,,,,,,,,,,,,,,,,
_deco_4,manuscript_1,,,"Cambridge, Gonville and Caius College, MS 84/166",part,,,,Paraphs in red ink.,other,,,,,,,,,,,,,,,,,,,,,,,,,,,,,,,,
_deco_4,manuscript_1,,,"Cambridge, Gonville and Caius College, MS 379/599",part,,,,Decorated initial 'M' in dark blue and red with white acanthus frills on f. 21r.,decInit,,,,,,,,,,,,,,,,,,,,,,,,,,,,,,,,
_deco_4,manuscript_1,,,"Cambridge, Gonville and Caius College, MS 200/106",part,,,,Headings in red ink.,rubrication,,,,,,,,,,,,,,,,,,,,,,,,,,,,,,,,
_deco_4,manuscript_1,,,"Cambridge, Gonville and Caius College, MS 97/49",part,,,,Rubrics in the first quire only.,rubrication,,,,,,,,,,,,,,,,,,,,,,,,,,,,,,,,
_deco_4,manuscript_1,,,"Cambridge, Gonville and Caius College, MS 328/715",part,,,,"Small (2 lines) red initials in the fifeenth-century additions on ff. [v] recto-[viii] verso, and ff. 174v-176r.",colInit,,,,,,,,,,,,,,,,,,,,,,,,,,,,,,,,
_deco_4,manuscript_1,,,"Cambridge, Gonville and Caius College, MS 147/197",part,,,,"One large, 9-line initial 'P' in blue with a gold bar along its descender with a white-pink dragon biting into it, and with a miniature inside its loop, showing a tonsured surgeon in a purple robe with a blue garment applying a trephine to the head of a patient in blue clothes and with his hands tied up behind his back.",histInit,,,,,,,,,,,,,,,,,,,,,,,,,,,,,,,,
_deco_4,manuscript_1,,,"Cambridge, Sidney Sussex College, MS 51",part,,,,Empty space for an opening initial 'S' on f. .,unfilled,17r,17r,17r,,,,,,,,,,,,,,,,,,,,,,,,,,,,,
_deco_4,manuscript_1,,,"Cambridge, Sidney Sussex College, MS 85",manuscript,,MS-SIDNEYSUSSEX-00085,,"Large and small (1-5 lines) plain initials in red or brown ink with wavy motifs created by blank areas (e.g. see f. 26v, 52v, 63v, 73v, 74v, 75r [2x], 93r, 123r, 124r, 124v, 128v, 133r, 133v, 190r), sometimes with brown or red penwork decoration inside the letters and brown or red pen-flourishing extending into the margins (ff. 115v, 122v [2x], 128v, 130r, 130v [featuring a human face]).",colInit,,,,,,,,,,,,,,,,,,,,,,,,,,,,,,,,
_deco_4,manuscript_1,,,"Cambridge, Sidney Sussex College, MS 58",manuscript,,MS-SIDNEYSUSSEX-00058,,"A cadel decoration on a plain capital in dark ink, featuring the face of an animal (? lion) on f. 1r.",cadels,,,,,,,,,,,,,,,,,,,,,,,,,,,,,,,,
_deco_4,manuscript_1,,,"Cambridge, Newnham College, MS 4",manuscript,,MS-NEWNHAM-00004,,"Large (4 lines) gold initials in frameworks of blue and red penwork and pen-flourishing on ff. 35r, 68v, 98v, beginning the 'Do-well', 'Do-better', and 'Do-best' passus (8, 15, and 20).",flourInit,,,,,,,,,,,,,,,,,,,,,,,,,,,,,,,,
_deco_40,manuscript_1,,,"Cambridge, University Library, MS Ee.3.59",manuscript,,MS-EE-00003-00059,,: The king heals a sick woodsman.,miniature,23r,23r,23r,,,,,,,,,,,,,,,,,,,,,,,,,,,,,
_deco_41,manuscript_1,,,"Cambridge, University Library, MS Ee.3.59",manuscript,,MS-EE-00003-00059,,: Man kneeling before the king. Procession of four blind men.,miniature,23v,23v,23v,,,,,,,,,,,,,,,,,,,,,,,,,,,,,
_deco_42,manuscript_1,,,"Cambridge, University Library, MS Ee.3.59",manuscript,,MS-EE-00003-00059,,": The four blind men are healed, having drunk water in which the king has washed his hands.",miniature,24r,24r,24r,,,,,,,,,,,,,,,,,,,,,,,,,,,,,
_deco_43,manuscript_1,,,"Cambridge, University Library, MS Ee.3.59",manuscript,,MS-EE-00003-00059,,": Quarrel between Harold and Tostig, the sons of Earl Godwin.",miniature,24v,24v,24v,,,,,,,,,,,,,,,,,,,,,,,,,,,,,
_deco_44,manuscript_1,,,"Cambridge, University Library, MS Ee.3.59",manuscript,,MS-EE-00003-00059,,: Death of Earl Godwin at a royal banquet.,miniature,25r,25r,25r,,,,,,,,,,,,,,,,,,,,,,,,,,,,,
_deco_45,manuscript_1,,,"Cambridge, University Library, MS Ee.3.59",manuscript,,MS-EE-00003-00059,,: The king receives a vision of the Seven Sleepers of Ephesus.,miniature,25v,25v,25v,,,,,,,,,,,,,,,,,,,,,,,,,,,,,
_deco_46,manuscript_1,,,"Cambridge, University Library, MS Ee.3.59",manuscript,,MS-EE-00003-00059,,": King Edward gives his ring to St John the Evangelist, who is disguised as a pilgrim.",miniature,26r,26r,26r,,,,,,,,,,,,,,,,,,,,,,,,,,,,,
_deco_47,manuscript_1,,,"Cambridge, University Library, MS Ee.3.59",manuscript,,MS-EE-00003-00059,,: St John gives the king's ring to pilgrims.,miniature,26v,26v,26v,,,,,,,,,,,,,,,,,,,,,,,,,,,,,
_deco_48,manuscript_1,,,"Cambridge, University Library, MS Ee.3.59",manuscript,,MS-EE-00003-00059,,: The pilgrims present the king with his ring. Edward bestows money and plate on the poor.,miniature,27r,27r,27r,,,,,,,,,,,,,,,,,,,,,,,,,,,,,
_deco_49,manuscript_1,,,"Cambridge, University Library, MS Ee.3.59",manuscript,,MS-EE-00003-00059,,: Harold son of Godwin kneels before King Edward. The king is comforted at Mass.,miniature,27v,27v,27v,,,,,,,,,,,,,,,,,,,,,,,,,,,,,
_deco_5,manuscript_1,,,"Cambridge, Emmanuel College, MS 69",manuscript,,MS-EMMANUEL-COLLEGE-00069,,Fourteen coloured drawings of medical patients inside yellow frames inserted in the text on ff. 168r-189r.,miniature,,,,,,,,,,,,,,,,,,,,,,,,,,,,,,,,
_deco_5,manuscript_1,,,"Cambridge, Emmanuel College, MS 66",part,,,,Paraph marks in red or blue.,other,,,,,,,,,,,,,,,,,,,,,,,,,,,,,,,,
_deco_5,manuscript_1,,,"Cambridge, University Library, MS Ii.3.17",part,,,,Plain initials in red or blue at minor divisions of the text.,plainInit,,,,,,,,,,,,,,,,,,,,,,,,,,,,,,,,
_deco_5,manuscript_1,,,,manuscript,,MS-FF-00004-00042,,Capitals highlighted in red.,initial,,,,,,,,,,,,,,,,,,,,,,,,,,,,,,,,
_deco_5,manuscript_1,,,,part,,,,"19r: at the opening of the Hours of the Virgin: a nine-line historiated initial D, executed by a third artistic hand. The figure style of this artist is related to the Bardolf-Vaux Psalter (London, Lambeth Palace Library, MS 233). Letter formed of interlaced vine stems, on coloured ground divided into quarters, formed alternately of red or blue chequered patterns. Contains scene depicting a woman (perhaps intended to represent the commissioner or an early owner of the manuscript) praying to seated Virgin and Child, on punched gold ground. London, Lambeth Palace Library, MS 233seated Virgin and Child79r: at the opening of the Penitential Psalms, a seven-line historiated initial D, executed by a fourth artistic hand. Letter formed of interlaced vine stems, on coloured ground divided into quarters, formed alternately of red or blue chequered patterns, which extend into the interstice of the letter. Contains Christ in Majesty, seated and holding a book, on a burnished, oval-shaped gold ground. Christ in Majesty",histInit,,,,,,,,,,,,,,,,,,,,,,,,,,,,,,"London, Lambeth Palace Library, MS 233",,
_deco_5,manuscript_1,,,"Cambridge, University Library, MS Ee.2.29",part,,,,1 large initial outlined in brown ink coloured with red ink on f. 151v.,colInit,,,,,,,,,,,,,,,,,,,,,,,,,,,,,,,,
_deco_5,manuscript_1,,,"Cambridge, University Library, MS Dd.5.76",part,,,,Spaces left blank for small (1-line) initials throughout.,unfilled,,,,,,,,,,,,,,,,,,,,,,,,,,,,,,,,
_deco_5,manuscript_1,,,,manuscript,,MS-II-00006-00032,,"Figure with satchel, flanked by six small figures ()",miniature,41v,41v,41v,,,,,,,,,,,,,,,,,,,,,,,,,,,,,
_deco_5,manuscript_1,,,,part,,,,"Four powdered gold initials, four to eight lines, decorated with interlace infill, zoomorphic and floral motifs, at beginning of Gospel Passion narratives: Et ligature (f. 2:3r), E (f. 2:13r), A (f. 2:22r), H (f. 2:32r).",decInit,,,,,,,,,,,,,,,,,,,,,,,,,,,,,,,,
_deco_5,manuscript_1,,,"Cambridge, University Library, MS Add. 9309",manuscript,,MS-ADD-09309,,Sketches of human and animal figures on f. 1v in brown ink.,other,,,,,,,,,,,,,,,,,,,,,,,,,,,,,,,,
_deco_5,manuscript_1,,,"Cambridge, University Library, MS Ee.3.59",manuscript,,MS-EE-00003-00059,,: Godwin embraces Edward's brother Alured. Alured brought as a prisoner before King Harald Harefoot.,miniature,5v,5v,5v,,,,,,,,,,,,,,,,,,,,,,,,,,,,,
_deco_5,manuscript_1,,,"Cambridge, University Library, MS Gg.4.6",manuscript,,MS-GG-00004-00006,,"Section and character rubrics throughout the text. Prompts for rubrics are frequently visible in the margins, though were not invariably completed (see, for example, f. 27v).",rubrication,,,,,,,,,,,,,,,,,,,,,,,,,,,,,,,,
_deco_5,manuscript_1,,,"Cambridge, University Library, MS Kk.6.33",part,,,,Paraphs in red ink in the text on f. 14r.,other,,,,,,,,,,,,,,,,,,,,,,,,,,,,,,,,
_deco_5,manuscript_1,,,,part,,,,"Part V (pages 195-202): Light blue I initial with red and green arabesque endings, occupying most of page 195.",initial,,,,,,,,,,,,,,,,,,,,,,,,,,,,,,,,
_deco_5,manuscript_1,,,"Cambridge, University Library, MS Kk.6.30",part,,,,"Manicules drawn in margins in brown ink (e.g. ff. 5v, 14v, 15v, 17r, 22r, 37v, 38v, 39v, 40r, 41v, 42r, 44v, 45v).",colInit,,,,,,,,,,,,,,,,,,,,,,,,,,,,,,,,
_deco_5,manuscript_1,,,MS Gg.6.42,part,,,,"Citations of works from which the extracts are taken are specified by marginal rubrics, either simply framed with a line of blue ink or with simple flourishing (e.g. ff. ), and correlated with each abstract with a red signe de renvoi.",rubrication,7r–9r,7r,8r,,,,,,,,,,,,,,,,,,,,,,,,,,,,,
_deco_5,manuscript_1,,,"Cambridge, University Library, MS Dd.8.12",part,,,,"Coloured initials at the start of each biblical book. There are minor variations in the execution of these initials but all are typically 6-12 lines high, the body of the initial outlined in black and filled in gold, the counterspaces (i.e. the space inside an 'o') filled with a dark blue ground and white pen-flourished decoration, the initial enclosed entirely within a square or rectangular frame outlined in a dark pink and filled with a lighter pink decorated with small clusters of white dots. The remainder of the first word following the large initial is typically written as white Lombardic capitals on a dark blue rectangular ground.",decInit,,,,,,,,,,,,,,,,,,,,,,,,,,,,,,,,
_deco_5,manuscript_1,,,"Cambridge, University Library, MS Dd.5.5",manuscript,,MS-DD-00005-00005,,"Single-line initials in gold or blue, with contrasting black or red penwork infill and flourishing around the edges, interspersed within the columns of text.",colInit,,,,,,,,,,,,,,,,,,,,,,,,,,,,,,,,
_deco_5,manuscript_1,,,"Cambridge, University Library, MS Ff.6.51",part,,,,One-line initials alternatively in blue and red used in the table of contents on 64r.,colInit,,,,,,,,,,,,,,,,,,,,,,,,,,,,,,,,
_deco_5,manuscript_1,,,"Cambridge, University Library, MS Ff.6.53",manuscript,,MS-FF-00006-00053,,"Human faces with red accents attached to capitals on or above the upper line on ff. 46v, 71r, 74v, and 117r, some with knotwork decoration.",cadel,,,,,,,,,,,,,,,,,,,,,,,,,,,,,,,,
_deco_5,manuscript_1,,,"Cambridge, University Library, MS Add. 3120",part,,,,"Large initials (6-11 lines) outlined in blue filled with penwork decoration in red and blue that also surrounds the letters on 3r, 43r, 58v.",flourInit,,,,,,,,,,,,,,,,,,,,,,,,,,,,,,,,
_deco_5,manuscript_1,,,"Cambridge, University Library, MS Add. 4087",manuscript,,MS-ADD-04087,,Headers in red ink.,rubrication,,,,,,,,,,,,,,,,,,,,,,,,,,,,,,,,
_deco_5,manuscript_1,,,,manuscript,,MS-GG-00001-00001,,"Ornamental and minor initials: Blue or purple initials (2-10 lines) on purple or blue and gold ground, with white ornamentation and foliage scroll infill (occasional human or animal heads), at beginning of remaining books (6v, 17r, 21v, 24r, 36v, 46r, 75v, 96r, 111r, 113v, 120r, 122r, 135r, 139v, 261r, 264r, 265r, 265v, 272r, 279v, 294v, 328v, 346r, 347r, 390v, 392v, 393r, 394v, 397v, 399v, 403r, 404v, 440r, 464v, 466v, 469r, 470v, 472v, 474r, 476v, 479v, 484v, 490r, 491r, 495r, 505r, 627r, 628r, 629v). Blue or red initials with red or blue penwork flourishing (2-7 lines) to chapters and subdivisions. Blue or purple initials (2-10 lines) on purple or blue and gold ground, with white ornamentation and foliage scroll infill (occasional human or animal heads), at beginning of remaining books (6v, 17r, 21v, 24r, 36v, 46r, 75v, 96r, 111r, 113v, 120r, 122r, 135r, 139v, 261r, 264r, 265r, 265v, 272r, 279v, 294v, 328v, 346r, 347r, 390v, 392v, 393r, 394v, 397v, 399v, 403r, 404v, 440r, 464v, 466v, 469r, 470v, 472v, 474r, 476v, 479v, 484v, 490r, 491r, 495r, 505r, 627r, 628r, 629v).Blue or red initials with red or blue penwork flourishing (2-7 lines) to chapters and subdivisions.",initial,,,,,,,,,,,,,,,,,,,,,,,,,,,,,,,,
_deco_5,manuscript_1,,,"Cambridge, University Library, MS Dd.6.29",manuscript,,MS-DD-00006-00029,,"Alternating gold and blue one-line initials with purple or red flourishes (ff. , , , , , , , , ).",flourInit,2v; 3v; 4v; 5v; 7v; 8v; 9v; 10v; 11v,2v 3v 4v 5v 7v 8v 9v 10v 11v,2v 3v 4v 5v 7v 8v 9v 10v 11v,,,,,,,,,,,,,,,,,,,,,,,,,,,,,
_deco_5,manuscript_1,,,,manuscript,,MS-ADD-04126,,: Visitation (Lauds),miniature,37v,37v,37v,,,,,,,,,,,,,,,,,,,,,,,,,,,,,
_deco_5,manuscript_1,,,"Cambridge, University Library, MS Add. 4085",manuscript,,MS-ADD-04085,,"ff. , : hunting scenes",border,3r; 29v,3r 29v,3r 29v,,,,,,,,,,,,,,,,,,,,,,,,,,,,,
_deco_5,manuscript_1,,,"Cambridge, University Library, MS Gg.4.27(1)",part,,,,"Initials in blue, 2-6 lines, with infill and marginal flourishing in red ink, some containing faces within the interstices (e.g. ff. 93v, 112r, 349v, 454r, 478v) or human heads or animal heads sprouting from the sides of the initials (e.g. human heads on ff. 10v, 336r, 345v; animal heads on ff. 333v, 478v).",flourInit,,,,,,,,,,,,,,,,,,,,,,,,,,,,,,,,
_deco_5,manuscript_1,,,,manuscript,,MS-NN-00004-00001,,"Entry into Jerusalem (2/3 page, In uigilia natalis domini benedictio, )",miniature,46,46r,46r,,,,,,,,,,,,,,,,,,,,,,,,,,,,,
_deco_5,manuscript_1,,,"Cambridge, University Library, MS Dd.8.19",part,,,,"There are no miniatures, but spaces were left for them on f. 4v and f. 8v, containing an instruction for the illuminator: Hic Imago (see Drimmer, ).The Art of Allusion (2019), pp. 91-92) Hic ImagoDrimmer, The Art of Allusion (2019), pp. 91-92)The Art of Allusion",unfilled,,,,,,,,,,,,,,,,,,,,,,,,,,,,,,"Drimmer, The Art of Allusion (2019), pp. 91-92)",,
_deco_5,manuscript_1,,,"Cambridge, University Library, MS Dd.10.44",part,,,,Paraphs in red ink.,other,,,,,,,,,,,,,,,,,,,,,,,,,,,,,,,,
_deco_5,manuscript_1,,,,manuscript,,MS-EE-00004-00024,,"Borders: shafts extending from initials, in blue, red, rose and gold, terminating in finials supporting or incorporating floral, human, animal and grotesque designs.",border,,,,,,,,,,,,,,,,,,,,,,,,,,,,,,,,
_deco_5,manuscript_1,,,"Cambridge, University Library, MS Dd.13.3",manuscript,,MS-DD-00013-00003,,"Large quantity of marginal decoration, sketched in ink, comprising zoomorphic and floral motifs (f. 91r), scenes (ff. 188r, 189r), human faces, figures and grotesques (e.g. ff. 164v, 186r, 198r), occasionally touched in red ink, extending from cadel-like ascenders and descenders in the upper and lower margins, filling in capitals and framing catchwords and captions, often referring to their content (e.g. ff. 138r, 152r, 157r).",marginal,,,,,,,,,,,,,,,,,,,,,,,,,,,,,,,,
_deco_5,manuscript_1,,,"Cambridge, University Library, MS Ii.6.5",part,,,,"Inhabited initial - animal head with emerging foliage and flowers in the counterspace of the initial 'D', and marginal pen-flourishing (f. 104r).",decInit,,,,,,,,,,,,,,,,,,,,,,,,,,,,,,,,
_deco_5,manuscript_1,,,"Cambridge, University Library, MS Ii.6.39",part,,,,Regular (1 line) capitals highlighted in red ink.,other,,,,,,,,,,,,,,,,,,,,,,,,,,,,,,,,
_deco_5,manuscript_1,,,MS Dd.1.11,part,,,,"Two-line initials in red or blue, with contrasting pen infill and marginal flourishing in the same colours, marking subidivisions of the commentary.",flourInit,,,,,,,,,,,,,,,,,,,,,,,,,,,,,,,,
_deco_5,manuscript_1,,,"Cambridge, University Library, MS Ll.2.2",manuscript,,MS-LL-00002-00002,,Two-line initials in blue (ff. 15r-28v and 73r-84v).,decInit,,,,,,,,,,,,,,,,,,,,,,,,,,,,,,,,
_deco_5,manuscript_1,,,"Cambridge, University Library, MS Dd.3.52",manuscript,,MS-DD-00003-00052,,"Headers in margins and within the text in red ink, occasionally in blue ink (e.g. ff. 83v, 137v, 242r).",rubrication,,,,,,,,,,,,,,,,,,,,,,,,,,,,,,,,
_deco_5,manuscript_1,,,"Cambridge, University Library, MS Ii.3.21",part,,,,"Litterae notabiliores in the text of Boethius, touched with red.",plainInit,,,,,,,,,,,,,,,,,,,,,,,,,,,,,,,,
_deco_5,manuscript_1,,,"Cambridge, University Library, MS Ee.1.15",part,,,,Large brown initials with cadels and minor decorative elements throughout (e.g. f. 65r).,plainInit,,,,,,,,,,,,,,,,,,,,,,,,,,,,,,,,
_deco_5,manuscript_1,,,"Cambridge, University Library, MS Ii.6.17",manuscript,,MS-II-00006-00017,,Cadels in black ink attached to ascenders on the top lines and capitals.,cadel,,,,,,,,,,,,,,,,,,,,,,,,,,,,,,,,
_deco_5,manuscript_1,,,"Cambridge, University Library, MS Dd.5.53",part,,,,Capitals in brown or red ink decorated with cadels.,cadel,,,,,,,,,,,,,,,,,,,,,,,,,,,,,,,,
_deco_5,manuscript_1,,,"Cambridge, University Library, MS Kk.1.6",part,,,,Underlining and corrections in red ink.,other,,,,,,,,,,,,,,,,,,,,,,,,,,,,,,,,
_deco_5,manuscript_1,,,"Cambridge, University Library, MS Dd.15.15",part,,,,"Folios 52v, 54v-55v and 56v: examples of instructions left for the rubrication of chapter headings, written vertically along the fore-edge margin, and partially cropped. Similar instructions written along the edge of the lower margin of ff. 21r and 24r.",instructions,,,,,,,,,,,,,,,,,,,,,,,,,,,,,,,,
_deco_5,manuscript_1,,,"Cambridge, University Library, MS Dd.11.45",part,,,,"Magic squares, one with characters (so-called Zagam figure), and the others with numbers organised in grids on ff. 137v, 138r (2x), 138v (2x), 139r (2x), 139v.",diagrams,,,,,,,,,,,,,,,,,,,,,,,,,,,,,,,,
_deco_5,manuscript_1,,,"Cambridge, University Library, MS Hh.6.13",part,,,,One-line littera notabiliores highlighted in red throughout ff. 3r-85v.,other,,,,,,,,,,,,,,,,,,,,,,,,,,,,,,,,
_deco_5,manuscript_1,,,"Cambridge, University Library, MS Gg.6.3",manuscript,,MS-GG-00006-00003,,Paraphs in red ink throughout the manuscript.,other,,,,,,,,,,,,,,,,,,,,,,,,,,,,,,,,
_deco_5,manuscript_1,,,,manuscript,,MS-DD-00001-00014,,"Blue or red chapter, verse and Psalm initials, from 2 lines to half-page in size, with red or blue penwork flourishing. Sometimes accompanied by full-length rectilinear borders in red and blue. Flourishes projecting from penwork initials often extend to the full length of the page (in the form of rectilinear borders in red and blue, extended with further flourishing into the upper and lower margins), and incorporate floral designs, foliage, grotesques (e.g. 227r, 266v, 269r) or dragons (266v, 337r, 358v).",flourInit,,,,,,,,,,,,,,,,,,,,,,,,,,,,,,,,
_deco_5,manuscript_1,,,"Cambridge, Trinity College, MS R.14.41",part,,,,Small (1 line) regular initials highlighted with red ink.,other,,,,,,,,,,,,,,,,,,,,,,,,,,,,,,,,
_deco_5,manuscript_1,,,"Cambridge, Trinity College, MS O.7.23",manuscript,,MS-TRINITY-COLLEGE-O-00007-00023,,Plain initials highlighted in red ink on on (f. 1r) only.,other,,,,,,,,,,,,,,,,,,,,,,,,,,,,,,,,
_deco_5,manuscript_1,,,"Cambridge, Trinity College, MS O.2.13",part,,,,Regular initial in brown ink occasionally highlighted with red ink.,other,,,,,,,,,,,,,,,,,,,,,,,,,,,,,,,,
_deco_5,manuscript_1,,,"Cambridge, Trinity College, MS O.7.20",part,,,,Large (2-3 lines) blue initials with penwork decoration in red ink inside the letter and pen-flourishing in red ink extending into the inner margins.,flourInit,,,,,,,,,,,,,,,,,,,,,,,,,,,,,,,,
_deco_5,manuscript_1,,,"Cambridge, Trinity College, MS R.14.52",manuscript,,MS-TRINITY-COLLEGE-R-00014-00052,,Small (1 line) plain initials in red ink.,plainInit,,,,,,,,,,,,,,,,,,,,,,,,,,,,,,,,
_deco_5,manuscript_1,,,"Cambridge, Trinity College, MS R.14.44",part,,,,"Drawing of an alembic within the text, and specifically surrounding the word elembicus, on p. 143. elembicus",drawing,,,,,,,,,,,,,,,,,,,,,,,,,,,,,,,,
_deco_5,manuscript_1,,,"Cambridge, Trinity College, MS O.9.10",manuscript,,MS-TRINITY-COLLEGE-O-00009-00010,,"A small drawing within the columns of a six-pointed star in dark and red ink that represents a figure that needs to be drawn on a gemstone or worn on another type of amulet on ff. 69r, and f. 69v.",diagram,,,,,,,,,,,,,,,,,,,,,,,,,,,,,,,,
_deco_5,manuscript_1,,,"Cambridge, Trinity College, MS R.14.51",manuscript,,MS-TRINITY-COLLEGE-R-00014-00051,,Crossed in red ink drawn in the texts of charms throughout the manuscript.,other,,,,,,,,,,,,,,,,,,,,,,,,,,,,,,,,
_deco_5,manuscript_1,,,"Cambridge, Trinity College, MS O.9.39",part,,,,"Large (3-6 lines) and small (1 line) plain blue initials, with the large (6 line) opening initial on f. 1:1r featuring minor forms of outline decoration",plainInit,,,,,,,,,,,,,,,,,,,,,,,,,,,,,,,,
_deco_5,manuscript_1,,,"Cambridge, Trinity College, MS O.3.11",manuscript,,MS-TRINITY-COLLEGE-O-00003-00011,,Paraphs in red ink.,other,,,,,,,,,,,,,,,,,,,,,,,,,,,,,,,,
_deco_5,manuscript_1,,,"Cambridge, Trinity College, MS O.8.2",part,,,,"A scientific circular diagram in brown ink on f. 72v, showing the correspondence between the elements, humours, times of the year, and parts of the world.",diagram,,,,,,,,,,,,,,,,,,,,,,,,,,,,,,,,
_deco_5,manuscript_1,,,"Cambridge, Trinity College, MS O.2.49",manuscript,,MS-TRINITY-COLLEGE-O-00002-00049,,Underlining in brown ink.,other,,,,,,,,,,,,,,,,,,,,,,,,,,,,,,,,
_deco_5,manuscript_1,,,"Cambridge, Trinity College, MS R.14.31",part,,,,No significant decoration in this Part.,none,,,,,,,,,,,,,,,,,,,,,,,,,,,,,,,,
_deco_5,manuscript_1,,,"Cambridge, Trinity College, MS O.1.57",part,,,,"A diagrammatic astronomical drawing in brown ink, consisting of a circle (the moon) with six horizontal lines through its upper half and with the inscription sex in its lower half in dark ink on 2:7r. sex",diagram,,,,,,,,,,,,,,,,,,,,,,,,,,,,,,,,
_deco_5,manuscript_1,,,"Cambridge, Trinity College, MS O.8.35",manuscript,,MS-TRINITY-COLLEGE-O-00008-00035,,Headings of recipes are sometimes been underlined in red ink.,other,,,,,,,,,,,,,,,,,,,,,,,,,,,,,,,,
_deco_5,manuscript_1,,,"Cambridge, Trinity College, MS B.14.19",part,,,,Large (2 to 3 lines) blue initials with penwork decoration and pen-flourishing extending into the margins in red ink.,flourInit,,,,,,,,,,,,,,,,,,,,,,,,,,,,,,,,
_deco_5,manuscript_1,,,"Cambridge, Trinity College, MS O.8.36",manuscript,,MS-TRINITY-COLLEGE-00008-00036,,Large initials in brown ink occasionally decorated with cadels.,cadels,,,,,,,,,,,,,,,,,,,,,,,,,,,,,,,,
_deco_5,manuscript_1,,,"Cambridge, Trinity College, MS O.1.71",manuscript,,MS-TRINITY-COLLEGE-O-00001-00071,,Large (2 line) plain initials in blue or red.,colInit,,,,,,,,,,,,,,,,,,,,,,,,,,,,,,,,
_deco_5,manuscript_1,,,"Cambridge, Trinity College, MS O.1.65",part,,,,"Drawing of two eyes in brown ink in the outer margin of f. 4:247r, illustrating two recipes for eye ailments; a drawing of an eye in red ink in the outer margin of f. 4:262v, illustrating a recipe ffor sore yen. ffor sore yen",drawing,,,,,,,,,,,,,,,,,,,,,,,,,,,,,,,,
_deco_5,manuscript_1,,,"Cambridge, Trinity College, MS R.14.29",part,,,,Regulal initials highlighted in red ink.,other,,,,,,,,,,,,,,,,,,,,,,,,,,,,,,,,
_deco_5,manuscript_1,,,"Cambridge, Trinity College, MS O.8.31",part,,,,Text on ff. 127r-132r decorated with plain red initials at the major and minor divisions of the text.,plainInit,,,,,,,,,,,,,,,,,,,,,,,,,,,,,,,,
_deco_5,manuscript_1,,,"Cambridge, Trinity College, MS O.9.37",manuscript,,MS-TRINITY-COLLEGE-O-00009-00037,,Incipits and marginal headings rubricated in red ink.,rubrication,,,,,,,,,,,,,,,,,,,,,,,,,,,,,,,,
_deco_5,manuscript_1,,,"Cambridge, Trinity College, MS O.1.13",part,,,,"Drawings of vessels and instruments in brown ink within the texts (e.g. see ff. 86r, 86r, 110r, and 114r).",drawing,,,,,,,,,,,,,,,,,,,,,,,,,,,,,,,,
_deco_5,manuscript_1,,,"Cambridge, Trinity College, MS O.9.32",manuscript,,MS-TRINITY-COLLEGE-O-00009-00032,,Paraphs in blue or red ink.,other,,,,,,,,,,,,,,,,,,,,,,,,,,,,,,,,
_deco_5,manuscript_1,,,"Cambridge, Trinity College, MS O.2.21",part,,,,"Section titles in red, often written entirely in the outer margin next to the main text, see e.g., f. 7r.",rubrication,,,,,,,,,,,,,,,,,,,,,,,,,,,,,,,,
_deco_5,manuscript_1,,,"Cambridge, King's College, MS 16",part,,,,Paraphs in blue or red ink.,other,,,,,,,,,,,,,,,,,,,,,,,,,,,,,,,,
_deco_5,manuscript_1,,,"Cambridge, Corpus Christi College, MS 210",part,,,,This part of the manuscript does not contain any significant forms of decoration.,,,,,,,,,,,,,,,,,,,,,,,,,,,,,,,,,
_deco_5,manuscript_1,,,"Cambridge, Corpus Christi College, MS 388",manuscript,,MS-CCCC-00388,,Paraphs in blue or red ink.,other,,,,,,,,,,,,,,,,,,,,,,,,,,,,,,,,
_deco_5,manuscript_1,,,"Cambridge, Corpus Christi College, MS 405",part,,,,Sketch of an (untonsured) male head and torso; the man is wearing a robe and holding a book in an outstretched hand on f. 12r,drawing,,,,,,,,,,,,,,,,,,,,,,,,,,,,,,,,
_deco_5,manuscript_1,,,"Cambridge, Corpus Christi College, MS 374",part,,,,This part of the manuscript does not contain any significant forms of decoration.,,,,,,,,,,,,,,,,,,,,,,,,,,,,,,,,,
_deco_5,manuscript_1,,,"Cambridge, Corpus Christi College, MS 412",part,,,,Paraph marks in red and blue.,other,,,,,,,,,,,,,,,,,,,,,,,,,,,,,,,,
_deco_5,manuscript_1,,,"Cambridge, Corpus Christi College, MS 61",manuscript,,MS-CCCC-00061,,Incipits and explicits to the different books written in red ink.,rubrication,,,,,,,,,,,,,,,,,,,,,,,,,,,,,,,,
_deco_5,manuscript_1,,,"Cambridge, Corpus Christi College, MS 456",part,,,,Occasional red and blue paraph marks in this Part.,other,,,,,,,,,,,,,,,,,,,,,,,,,,,,,,,,
_deco_5,manuscript_1,,,"Cambridge, Corpus Christi College, MS 335",part,,,,Paraphs in blue or red ink.,other,,,,,,,,,,,,,,,,,,,,,,,,,,,,,,,,
_deco_5,manuscript_1,,,"Cambridge, Corpus Christi College, MS 41",part,,,,"There are a large number of unfilled spaces reserved for decorative initials throughout the volume at book and chapter division, and in particular in the leaves copied by Scribe 1, i.e., pp. 1-190. The only zoomorphic, gymnastic or interlaced initals accompanying Scribe 1's stint can be found on, pp. 1 and 61.",unfilled,,,,,,,,,,,,,,,,,,,,,,,,,,,,,,,,
_deco_5,manuscript_1,,,"Cambridge, St John's College, MS K.49",manuscript,,MS-SJC-K-00049,,Underlining in red ink.,other,,,,,,,,,,,,,,,,,,,,,,,,,,,,,,,,
_deco_5,manuscript_1,,,"St John's College, MS D.24",manuscript,,SJC-MS-D-00004,,Paraph marks in red or blue throughout,other,,,,,,,,,,,,,,,,,,,,,,,,,,,,,,,,
_deco_5,manuscript_1,,,"Cambridge, St John's College, MS D.3",part,,,,Paraph marks in red and blue to divide the minor sections of some texts in the volume.,other,,,,,,,,,,,,,,,,,,,,,,,,,,,,,,,,
_deco_5,manuscript_1,,,"Cambridge, St John's College, MS D.4",part,,,,"Major initials are in two colours, typically red letterforms with yellow in the counterspaces.",colInit,,,,,,,,,,,,,,,,,,,,,,,,,,,,,,,,
_deco_5,manuscript_1,,,"Cambridge, St John's College, MS B.15",part,,,,Heading for recipes written in red ink.,rubrication,,,,,,,,,,,,,,,,,,,,,,,,,,,,,,,,
_deco_5,manuscript_1,,,"Cambridge, St John's College, MS E.6",part,,,,Drawing of fish in brown ink added to the upper and lower margin of f. 34v and the originally empty page of f. 35r.,drawing,,,,,,,,,,,,,,,,,,,,,,,,,,,,,,,,
_deco_5,manuscript_1,,,"Cambridge, Jesus College, MS Q.D.4",part,,,,Rubrics and marginal-titles often in red.,rubrication,,,,,,,,,,,,,,,,,,,,,,,,,,,,,,,,
_deco_5,manuscript_1,,,"Cambridge, Jesus College, MS Q.G.25",manuscript,,MS-JESUS-Q-G-00025,,One large (4 lines) plain initial in red ink on f. 115v.,colInit,,,,,,,,,,,,,,,,,,,,,,,,,,,,,,,,
_deco_5,manuscript_1,,,"Cambridge, Jesus College, MS Q.D.2",part,,,,"Flourished initials in the 'Arabesque' style in red, green, or blue, with red, green, or blue acanthus frills at some major divisions of the texts, e.g., f. 18.",flourInit,,,,,,,,,,,,,,,,,,,,,,,,,,,,,,,,
_deco_5,manuscript_1,,,"Cambridge, Jesus College, Q.G.23",manuscript,,MS-JESUS-Q-B-00023,,Rubrication in red ink for running headers in the top margins and in-text headings.,rubrication,,,,,,,,,,,,,,,,,,,,,,,,,,,,,,,,
_deco_5,manuscript_1,,,"Cambridge, Jesus College, MS Q.D.1",part,,,,Titles rubricated in red ink on f. 121v and f. 123r.,rubrication,,,,,,,,,,,,,,,,,,,,,,,,,,,,,,,,
_deco_5,manuscript_1,,,"Cambridge, Magdalene College, Pepys MS 1236",manuscript,,MS-MAGDALENE-PEPYS-01236,,"Neumes, music staves, and text rubricated in red ink.",other,,,,,,,,,,,,,,,,,,,,,,,,,,,,,,,,
_deco_5,manuscript_1,,,"Cambridge, Magdalene College, Pepys MS 1661",part,,,,Drawing of a jordan in brown ink added to the outer margin of p. 22.,other,,,,,,,,,,,,,,,,,,,,,,,,,,,,,,,,
_deco_5,manuscript_1,,,"Cambridge, Magdalene College, MS Pepys 911",part,,,,"Miniatures in the volume as follows: 19r: Full page miniature of Pythagoras seated and writing on a punched gold ground. Similar illustration in .Oxford, Bodleain Library, MS Ashmole 304, f. 14r 45r-46v: Full page diagrammatic miniatures of hands (palms up and with palm-creases shown) to illustrate different fortune-telling techniques using various anatomical features of the palms. Instructive notes added to the fingers and various segments of the palm. Note that these illustrations are a later addition to the volume, probably added in the ?14th century, and apart from f. 45r, all of the other leaves were blank at the time the hand illustrations were added. 30v: Half page miniature of the heads of the 12 sons of Jacob on a punched gold ground. Similar illustration in .Oxford, Bodleain Library, MS Ashmole 304, f. 52v 3r: Illustration of a 'turris astrorum' in the lower margin. 3v: Illustration of seven different towers in the outer margin. 20v-29r: Illustration of birds accompanying passages of text in the 'Prenosticum pitagorice', typically two birds to a leaf in the following order: Columba (dove) Filius columbe Coccinus ('scarlet bird') Anser (goose) Guiza (?) Turtur (turtle-dove) Gallus (cockerel) Uespa (?) Arquia (?heron) Pauo (peacock) Coturnix (quail) Arbe (?) Alia (?) Effroa (?) Coruus (crow) Agauf (?magpie) Bathaiana (?) Uespertilio (bat) Zerzir (?) Rahaham (?) Peret (?) Haziza (?) Nisus (hawk) Zahamat ?) Aquila (eagle) Ozina (?kingfisher) Daa (?) Saaf (?) Cooz (?) Salac (?) Sesuf (?) Tinsemet (?) Anapha (?) Diquifat (?) Coaz (?) Arphaperet (?) 47r-48v: Illustrations in round frames of 20 birds, 9 personifications of celestial bodies (sun, moon, Saturn, Jupiter, Mars, Venus, Mercury, and the Serpent constellation), and 12 zodiac symbols. The illustrations are arranged in five pairs per leaf, each bird paired with either a celestial personification, or a zodiac symbol. Each illustration is set on a gold or a blue ground in a pink or green frame. 19r: Full page miniature of Pythagoras seated and writing on a punched gold ground. Similar illustration in .Oxford, Bodleain Library, MS Ashmole 304, f. 14r Oxford, Bodleain Library, MS Ashmole 304, f. 14r45r-46v: Full page diagrammatic miniatures of hands (palms up and with palm-creases shown) to illustrate different fortune-telling techniques using various anatomical features of the palms. Instructive notes added to the fingers and various segments of the palm. Note that these illustrations are a later addition to the volume, probably added in the ?14th century, and apart from f. 45r, all of the other leaves were blank at the time the hand illustrations were added.30v: Half page miniature of the heads of the 12 sons of Jacob on a punched gold ground. Similar illustration in .Oxford, Bodleain Library, MS Ashmole 304, f. 52v Oxford, Bodleain Library, MS Ashmole 304, f. 52v3r: Illustration of a 'turris astrorum' in the lower margin. 3v: Illustration of seven different towers in the outer margin. 20v-29r: Illustration of birds accompanying passages of text in the 'Prenosticum pitagorice', typically two birds to a leaf in the following order: Columba (dove) Filius columbe Coccinus ('scarlet bird') Anser (goose) Guiza (?) Turtur (turtle-dove) Gallus (cockerel) Uespa (?) Arquia (?heron) Pauo (peacock) Coturnix (quail) Arbe (?) Alia (?) Effroa (?) Coruus (crow) Agauf (?magpie) Bathaiana (?) Uespertilio (bat) Zerzir (?) Rahaham (?) Peret (?) Haziza (?) Nisus (hawk) Zahamat ?) Aquila (eagle) Ozina (?kingfisher) Daa (?) Saaf (?) Cooz (?) Salac (?) Sesuf (?) Tinsemet (?) Anapha (?) Diquifat (?) Coaz (?) Arphaperet (?) Columba (dove)Filius columbeCoccinus ('scarlet bird')Anser (goose)Guiza (?)Turtur (turtle-dove)Gallus (cockerel)Uespa (?)Arquia (?heron)Pauo (peacock)Coturnix (quail)Arbe (?)Alia (?)Effroa (?)Coruus (crow)Agauf (?magpie)Bathaiana (?)Uespertilio (bat)Zerzir (?)Rahaham (?)Peret (?)Haziza (?)Nisus (hawk)Zahamat ?)Aquila (eagle)Ozina (?kingfisher)Daa (?)Saaf (?)Cooz (?)Salac (?)Sesuf (?)Tinsemet (?)Anapha (?)Diquifat (?)Coaz (?)Arphaperet (?)47r-48v: Illustrations in round frames of 20 birds, 9 personifications of celestial bodies (sun, moon, Saturn, Jupiter, Mars, Venus, Mercury, and the Serpent constellation), and 12 zodiac symbols. The illustrations are arranged in five pairs per leaf, each bird paired with either a celestial personification, or a zodiac symbol. Each illustration is set on a gold or a blue ground in a pink or green frame.",miniature,,,,,,,,,,,,,,,,,,,,,,,,,,,,,,"Oxford, Bodleain Library, MS Ashmole 304, f. 14r ; Oxford, Bodleain Library, MS Ashmole 304, f. 52v","Oxford, Bodleain Library, MS Ashmole 304, f. 14r; Oxford, Bodleain Library, MS Ashmole 304, f. 52v",https://medieval.bodleian.ox.ac.uk/catalog/manuscript_317 https://medieval.bodleian.ox.ac.uk/catalog/manuscript_317
_deco_5,manuscript_1,,,"Cambridge, Pembroke College, MS 54",manuscript,,MS-PEMBROKE-00054,,"Fore-edge and upper and lower edges have been painted, presumably at an early date: a geometrical pattern in red and blue.",foreedge,,,,,,,,,,,,,,,,,,,,,,,,,,,,,,,,
_deco_5,manuscript_1,,,"Cambridge, Pembroke College, MS 120",part,,,,The capitula have plain coloured initials and red numbers which are repeated in the margins against each chapter. capitula,plainInit,,,,,,,,,,,,,,,,,,,,,,,,,,,,,,,,
_deco_5,manuscript_1,,,"Cambridge, Pembroke College, MS 56",manuscript,,MS-PEMBROKE-00056,,Red or green paraphs.,paraphs,,,,,,,,,,,,,,,,,,,,,,,,,,,,,,,,
_deco_5,manuscript_1,,,"Cambridge, Pembroke College, MS 258",part,,,,Rubricated headings (red only) and titles for (unfinished) illustrations throughout.,rubrication,,,,,,,,,,,,,,,,,,,,,,,,,,,,,,,,
_deco_5,manuscript_1,,,"Cambridge, Pembroke College, MS 301",manuscript,,MS-PEMBROKE-00301,,One-line initials in gold off-set into the left-hand margin.,plainInit,,,,,,,,,,,,,,,,,,,,,,,,,,,,,,,,
_deco_5,manuscript_1,,,"Cambridge, Pembroke College, MS 72",part,,,,Blocks of gloss open with decorative paraphs in the same ink as that used for the text.,paraphs,,,,,,,,,,,,,,,,,,,,,,,,,,,,,,,,
_deco_5,manuscript_1,,,"Cambridge, Pembroke College, MS 67",part,,,,"A very few initials in red and/or green, sometimes with modest ornament.",plainInit,,,,,,,,,,,,,,,,,,,,,,,,,,,,,,,,
_deco_5,manuscript_1,,,"Cambridge, Pembroke College, MS 28",manuscript,,MS-PEMBROKE-00028,,Rubrics and marginal guides written in red ink.,rubrication,,,,,,,,,,,,,,,,,,,,,,,,,,,,,,,,
_deco_5,manuscript_1,,,"Cambridge, Fitzwilliam Museum, MS 261",manuscript,,MS-FITZWILLIAM-00261,,Line-fillers of framed blue foliate motifs on red grounds with streaks of yellow (imitation gold) throughout.,lineFil,,,,,,,,,,,,,,,,,,,,,,,,,,,,,,,,
_deco_5,manuscript_1,,,"Cambridge, Fitzwilliam Museum, MS 38-1950",part,,,,"At the half-page miniatres (ff. 1r, 29r, 46r, 61r, 62r, 78r, 99r, 120r, 123r, 142v, 163v, 174v, and 207r) are full bar borders in blue, pink, and gold with acanthus leaves in blue, gold, grey, and orange. The upper halves of the borders, enclosing the half-page miniatures, feature architectural motifs, including turrets, rooftops, walls, and other structures that often are interconnected with similar architectural structures that vertically divide the miniatures into two panels. Some of the borders are inhabited by winged dragon-like creatures with a antropomorphic or zoomorphic heads (ff. 10v [with headdress], 28r, 33r [with mitre], 38v, 51r, 73v, 81r, 104r, 121r [with mitre], 145v, 158v [with mitre], 166v).",border,,,,,,,,,,,,,,,,,,,,,,,,,,,,,,,,
_deco_5,manuscript_1,,,"Cambridge, Fitzwilliam Museum, MS McClean 166",manuscript,,MS-FITZWILLIAM-MCCLEAN-00166,,"Puzzle initials in red and blue with red and blue flourishing in the margins and counterspaces at the maajor divisions of the text. See e.g., f. 1r.",flourInit,,,,,,,,,,,,,,,,,,,,,,,,,,,,,,,,
_deco_5,manuscript_1,,,"Cambridge, Fitzwilliam Museum, Charles Fairfax Murray MS 17",manuscript,,MS-FITZWILLIAM-CHARLES-FAIRFAX-MURRAY-00017,,Horizontal bars with knotwork motifs in dark ink occur between sections or at the end of texts to mark textual divisions on f. 26r and f. 59v.,other,,,,,,,,,,,,,,,,,,,,,,,,,,,,,,,,
_deco_5,manuscript_1,,,"Cambridge, Fitzwilliam Museum, MS McClean 89",manuscript,,MS-FITZWILLIAM-MUSEUM-MCCLEAN-00089,,"Flourished initials found frequently at the minor divisions of the text. Flourished initials are typically 1-2 lines high, with blue or gold initial set in a square matrix defined by red or black labrynthine patterning.",flourInit,,,,,,,,,,,,,,,,,,,,,,,,,,,,,,,,
_deco_5,manuscript_1,,,"Cambridge, Fitzwilliam Museum, MS 51",manuscript,,MS-FITZWILLIAM-00051,,Large (2 lines) gold initials on pink and blue white-patterned grounds,decInit,,,,,,,,,,,,,,,,,,,,,,,,,,,,,,,,
_deco_5,manuscript_1,,,"Cambridge, Queens' College, MS 28",manuscript,,,,Red cable-pattern line-fillers.,lineFill,,,,,,,,,,,,,,,,,,,,,,,,,,,,,,,,
_deco_5,manuscript_1,,,"Cambridge, Peterhouse, MS 139",part,,,,Paraphs in blue or red ink.,other,,,,,,,,,,,,,,,,,,,,,,,,,,,,,,,,
_deco_5,manuscript_1,,,"Cambridge, Peterhouse, MS 106",manuscript,,MS-PETERHOUSE-00106,,Drawings of human faces in brown ink extending from the text space in to the margins (f. 3r),other,,,,,,,,,,,,,,,,,,,,,,,,,,,,,,,,
_deco_5,manuscript_1,,,"Cambridge, Peterhouse, MS 95",part,,,,"Important words, clauses, and headings underlined in red.",rubrication,,,,,,,,,,,,,,,,,,,,,,,,,,,,,,,,
_deco_5,manuscript_1,,,"Cambridge, Peterhouse, MS 118",manuscript,,MS-PETERHOUSE-00118,,Linefillers in red ink throughout the manuscript.,lineFill,,,,,,,,,,,,,,,,,,,,,,,,,,,,,,,,
_deco_5,manuscript_1,,,"Cambridge, Peterhouse, MS 247",part,,,,Rubricated (red only) section heaings. Red frame outlines around section headings in brown ink in the margins.,rubrication,,,,,,,,,,,,,,,,,,,,,,,,,,,,,,,,
_deco_5,manuscript_1,,,"Cambridge, Peterhouse, MS 251",part,,,,Paraphs in red or blue touched with red.,other,,,,,,,,,,,,,,,,,,,,,,,,,,,,,,,,
_deco_5,manuscript_1,,,"Cambridge, Peterhouse, MS 182",manuscript,,MS-PETERHOUSE-00182,,Underlining in red ink.,other,,,,,,,,,,,,,,,,,,,,,,,,,,,,,,,,
_deco_5,manuscript_1,,,"Cambridge, Peterhouse, MS 222",part,,,,Red and blue line-fillers at the end of minor divisions of the text wherever necessary to maintain the appearance of a 'justified' mise-en-page.,lineFill,,,,,,,,,,,,,,,,,,,,,,,,,,,,,,,,
_deco_5,manuscript_1,,,"Cambridge, Clare College, MS 12 ",part,,,,Plain initials in red or blue at the minor divisions of the text.,plainInit,,,,,,,,,,,,,,,,,,,,,,,,,,,,,,,,
_deco_5,manuscript_1,,,"Cambridge, Gonville and Caius College, MS 230/116",part,,,,First letters of verse lines highlighted with red ink.,other,,,,,,,,,,,,,,,,,,,,,,,,,,,,,,,,
_deco_5,manuscript_1,,,"Cambridge, Gonville and Caius College, MS 176/97",part,,,,Headers rubricated in red ink throughout.,rubrication,,,,,,,,,,,,,,,,,,,,,,,,,,,,,,,,
_deco_5,manuscript_1,,,"Cambridge, Gonville and Caius College, MS 336/725",part,,,,"Five and six-line gold ('champ') initials in blue and purple frames with partial, three-sided borders with foliate and floral motifs in blue, green, purple and gold (ff. 1r, 17r, 22v, 69r).",flourInit,,,,,,,,,,,,,,,,,,,,,,,,,,,,,,,,
_deco_5,manuscript_1,,,"Cambridge, Gonville and Caius College, MS 373/593",manuscript,,MS-GONVILLE-AND-CAIUS-00373-00593,,Paraph marks in red.,other,,,,,,,,,,,,,,,,,,,,,,,,,,,,,,,,
_deco_5,manuscript_1,,,"Cambridge, Gonville and Caius College, MS 204/110",part,,,,"Notarial mark without name or initials on p. 182. Possible notary signature in erasure underneath the mark. In addition to the main mark, there are further sketches and partial attempts at the mark on the leaf, not all in the same hand or ink.",drawing,,,,,,,,,,,,,,,,,,,,,,,,,,,,,,,,
_deco_5,manuscript_1,,,"Cambridge, Gonville and Caius College, MS 451/392",part,,,,One- to three-line initials in brown ink with minor decoration on pp. 17 and 19.,colInit,,,,,,,,,,,,,,,,,,,,,,,,,,,,,,,,
_deco_5,manuscript_1,,,"Cambridge, Gonville and Caius College, MS 178/211",part,,,,Paraphs in blue or red ink.,other,,,,,,,,,,,,,,,,,,,,,,,,,,,,,,,,
_deco_5,manuscript_1,,,"Cambridge, Gonville and Caius College, MS 159/209",part,,,,Plain red initials at the major and minor divisions of the text.,plainInit,,,,,,,,,,,,,,,,,,,,,,,,,,,,,,,,
_deco_5,manuscript_1,,,"Cambridge, Gonville and Caius College, MS 345/620",part,,,,Puzzle initial with pen flourishing and zoomorphic illustration in the counter-space of a rabbit and a quadruped (?dog ?bear) on f. 78r,decInit,,,,,,,,,,,,,,,,,,,,,,,,,,,,,,,,
_deco_5,manuscript_1,,,"Cambridge, Gonville and Caius College, MS 407/413",part,,,,Occasional section headings in red throughout this Part.,rubrication,,,,,,,,,,,,,,,,,,,,,,,,,,,,,,,,
_deco_5,manuscript_1,,,"Cambridge, Gonville and Caius College, MS 190/223",part,,,,Red initials and paraphs throughout.,plainInit,,,,,,,,,,,,,,,,,,,,,,,,,,,,,,,,
_deco_5,manuscript_1,,,"Cambridge, Gonville and Caius College, MS 181/214",part,,,,Plain initals in blue at the minor (and some major) divisions of the text throughout this Part.,plainInit,,,,,,,,,,,,,,,,,,,,,,,,,,,,,,,,
_deco_5,manuscript_1,,,"Cambridge, Gonville and Caius College, MS 98/50",part,,,,Small (2 lines) initials in blue or red ink.,colInit,,,,,,,,,,,,,,,,,,,,,,,,,,,,,,,,
_deco_5,manuscript_1,,,"Cambridge, Gonville and Caius College, MS 84/166",part,,,,Underlining in brown ink.,other,,,,,,,,,,,,,,,,,,,,,,,,,,,,,,,,
_deco_5,manuscript_1,,,"Cambridge, Gonville and Caius College, MS 379/599",part,,,,"Puzzle initials in red and blue on ff. 22r, 22v, 23v, 34r, 35v and 46r. Pen-flourished initials in red and blue throughout at the start of many of the minor sections, either a red initial with blue pen-flourishing or the inverse. Some initials in this style have acanthus-leaf and botanical flourishing as well as the typical labrynthine style flourishing.",flourInit,,,,,,,,,,,,,,,,,,,,,,,,,,,,,,,,
_deco_5,manuscript_1,,,"Cambridge, Gonville and Caius College, MS 200/106",part,,,,Small (1 line) capitals highlighted in red ink.,other,,,,,,,,,,,,,,,,,,,,,,,,,,,,,,,,
_deco_5,manuscript_1,,,"Cambridge, Gonville and Caius College, MS 328/715",part,,,,"Underlining in red in the fifeenth-century additions on ff. [v] recto-[viii] verso, and ff. 174v-176r.",other,,,,,,,,,,,,,,,,,,,,,,,,,,,,,,,,
_deco_5,manuscript_1,,,"Cambridge, Gonville and Caius College, MS 147/197",part,,,,Two-line and one-line initials alternately in blue and red with penwork decoration and pen-flourishing in the opposite colour.,flourInit,,,,,,,,,,,,,,,,,,,,,,,,,,,,,,,,
_deco_5,manuscript_1,,,"Cambridge, Sidney Sussex College, MS 51",part,,,,No significant decoration in this Part.,none,,,,,,,,,,,,,,,,,,,,,,,,,,,,,,,,
_deco_5,manuscript_1,,,"Cambridge, Sidney Sussex College, MS 85",manuscript,,MS-SIDNEYSUSSEX-00085,,"Large (2-3 lines) plain initials in red ink, some with minor forms of pen-flourishing in red ink extending into the outer margins; once in a framework of blue ink with pen-flourishing in blue ink (f. 146r); and some with brown penwork decoration inside the letters and pen-flourishing extending into the margins (ff. 115v, 130r); from f. 134r, plain initials alternatively in blue or red ink.",colInit,,,,,,,,,,,,,,,,,,,,,,,,,,,,,,,,
_deco_5,manuscript_1,,,"Cambridge, Sidney Sussex College, MS 58",manuscript,,MS-SIDNEYSUSSEX-00058,,Incipits and liturgical instructions written in red ink.,rubrication,,,,,,,,,,,,,,,,,,,,,,,,,,,,,,,,
_deco_5,manuscript_1,,,"Cambridge, Newnham College, MS 4",manuscript,,MS-NEWNHAM-00004,,Large (3-4 lines) blue initials in frameworks of red penwork and with red pen-flourishing extending into the margins at the beginning of each passus.,flourInit,,,,,,,,,,,,,,,,,,,,,,,,,,,,,,,,
_deco_50,manuscript_1,,,"Cambridge, University Library, MS Ee.3.59",manuscript,,MS-EE-00003-00059,,": Edward's vision of the two pious monks. The king, supported by his queen, relates his vision.",miniature,28r,28r,28r,,,,,,,,,,,,,,,,,,,,,,,,,,,,,
_deco_51,manuscript_1,,,"Cambridge, University Library, MS Ee.3.59",manuscript,,MS-EE-00003-00059,,": The king receives the last rites, before a distraught queen.",miniature,28v,28v,28v,,,,,,,,,,,,,,,,,,,,,,,,,,,,,
_deco_52,manuscript_1,,,"Cambridge, University Library, MS Ee.3.59",manuscript,,MS-EE-00003-00059,,": Edward dies, and his soul is received into heaven, attended by St John and St Peter.",miniature,29r,29r,29r,,,,,,,,,,,,,,,,,,,,,,,,,,,,,
_deco_53,manuscript_1,,,"Cambridge, University Library, MS Ee.3.59",manuscript,,MS-EE-00003-00059,,": The burial of King Edward. Three sick people seeking cures either kneel in prayer before the tomb, or crawl in and out of apertures.",miniature,29v,29v,29v,,,,,,,,,,,,,,,,,,,,,,,,,,,,,
_deco_54,manuscript_1,,,"Cambridge, University Library, MS Ee.3.59",manuscript,,MS-EE-00003-00059,,: Cures of blind men at Edward's tomb.,miniature,30r,30r,30r,,,,,,,,,,,,,,,,,,,,,,,,,,,,,
_deco_55,manuscript_1,,,"Cambridge, University Library, MS Ee.3.59",manuscript,,MS-EE-00003-00059,,: King Harold places the crown on his own head.,miniature,30v,30v,30v,,,,,,,,,,,,,,,,,,,,,,,,,,,,,
_deco_56,manuscript_1,,,"Cambridge, University Library, MS Ee.3.59",manuscript,,MS-EE-00003-00059,,": The landing of King Harald Hardrada near York, and the defeat of the Northumbrian army.",miniature,31r,31r,31r,,,,,,,,,,,,,,,,,,,,,,,,,,,,,
_deco_57,manuscript_1,,,"Cambridge, University Library, MS Ee.3.59",manuscript,,MS-EE-00003-00059,,": Edward appears in visions to Harold on his sickbed, and to the Abbot of Ramsey.",miniature,31v,31v,31v,,,,,,,,,,,,,,,,,,,,,,,,,,,,,
_deco_58,manuscript_1,,,"Cambridge, University Library, MS Ee.3.59",manuscript,,MS-EE-00003-00059,,: The Abbot of Ramsey speaks to King Harold. Harold in discussion with courtiers.,miniature,32r,32r,32r,,,,,,,,,,,,,,,,,,,,,,,,,,,,,
_deco_59,manuscript_1,,,"Cambridge, University Library, MS Ee.3.59",manuscript,,MS-EE-00003-00059,,: The Battle of Stamford Bridge and the death of Harald Hardrada (wielding a battleaxe).,miniature,32v,32v,32v,,,,,,,,,,,,,,,,,,,,,,,,,,,,,
_deco_6,manuscript_1,,,"Cambridge, Emmanuel College, MS 69",manuscript,,MS-EMMANUEL-COLLEGE-00069,,"Line-fillers in red ink, typically short horizontal and diagonal lines, but also featuring a human (f. 23r), a dragon (ff. 118r), and a dog (f. 188r).",lineFill,,,,,,,,,,,,,,,,,,,,,,,,,,,,,,,,
_deco_6,manuscript_1,,,"Cambridge, University Library, MS Ii.3.17",part,,,,Occasional paraph marks in red or blue.,other,,,,,,,,,,,,,,,,,,,,,,,,,,,,,,,,
_deco_6,manuscript_1,,,,part,,,,"Three- to six-line figural initials, filled with foliated and zoomorphic spirals, on tooled gold ground, to the Hours of the Virgin (ff. 25v, 37v, 41r, 43v, 45v, 48r, 52r) and at the beginning of the Hours of the Holy Spirit (f. 68r). Two- to seven-line initials in blue, filled with foliage, human heads or grotesques, on burnished gold ground. Four-line initials in blue in the Calendar, filled with red and green foliage, on gold ground.",decInit,,,,,,,,,,,,,,,,,,,,,,,,,,,,,,,,
_deco_6,manuscript_1,,,"Cambridge, University Library, MS Ee.2.29",part,,,,Headings in red ink on f. 135r and f. 225r.,rubrication,,,,,,,,,,,,,,,,,,,,,,,,,,,,,,,,
_deco_6,manuscript_1,,,"Cambridge, University Library, MS Dd.5.76",part,,,,The names of herbs have been underlined in red throughout.,other,,,,,,,,,,,,,,,,,,,,,,,,,,,,,,,,
_deco_6,manuscript_1,,,,manuscript,,MS-II-00006-00032,,"Two miniatures of four figures arranged around cross with circle at intersection, first showing three of them with their hands outstretched into frame, second including two figures in lower compartments with satchels (, )",miniature,85v; 86,85v 86r,85v 86r,,,,,,,,,,,,,,,,,,,,,,,,,,,,,
_deco_6,manuscript_1,,,,part,,,,"Eighty-four large decorated coloured initials, two to four lines, (blue and yellow predominating), with interlace, curvilinear and zoomorphic ornaments (see, for example, ff. 2:11r, 2:19v, 2:28v, 2:40v, 2:42r, etc).",decInit,,,,,,,,,,,,,,,,,,,,,,,,,,,,,,,,
_deco_6,manuscript_1,,,"Cambridge, University Library, MS Add. 9309",manuscript,,MS-ADD-09309,,"Decorated rectangular 'frame' drawn on f. 35v in brown ink, but heavily rubbed.",other,,,,,,,,,,,,,,,,,,,,,,,,,,,,,,,,
_deco_6,manuscript_1,,,"Cambridge, University Library, MS Ee.3.59",manuscript,,MS-EE-00003-00059,,: Harald Harefoot oversees the torture of Alured. Oppression of the people of England.,miniature,6r,6r,6r,,,,,,,,,,,,,,,,,,,,,,,,,,,,,
_deco_6,manuscript_1,,,"Cambridge, University Library, MS Kk.6.33",part,,,,Small (1- or 2-line) plain initials in blue ink.,colInit,,,,,,,,,,,,,,,,,,,,,,,,,,,,,,,,
_deco_6,manuscript_1,,,,part,,,,"Parts VI (pages 203-265) and VII (pages 217-220): Green, red and light blue 7-line arabesque initials, as on page 203 and page 221.",initial,,,,,,,,,,,,,,,,,,,,,,,,,,,,,,,,
_deco_6,manuscript_1,,,"Cambridge, University Library, MS Kk.6.30",part,,,,Large (1- to 2-line) initials in red ink.,colInit,,,,,,,,,,,,,,,,,,,,,,,,,,,,,,,,
_deco_6,manuscript_1,,,MS Gg.6.42,part,,,,"Marginal notes are written in a triangular or circular pattern in black ink, usually with red or occasionally blue frames, explaining unusual or difficult words in the text: ff. , , , , , , , , , , , , , , , , , , , , , , , , , , , , , , , , , .",marginal,3r; 9r; 12v; 15r; 15v; 24v; 27r; 29r; 49v; 55v; 58v; 59r; 59v; 61v; 62r; 68v; 69v; 82r; 85r; 85v; 87r; 96r; 117v; 127r; 128v; 139r; 140r; 145r; 151r; 159v; 168r; 168v; 185r; 211r,3r 9r 12v 15r 15v 24v 27r 29r 49v 55v 58v 59r 59v 61v 62r 68v 69v 82r 85r 85v 87r 96r 117v 127r 128v 139r 140r 145r 151r 159v 168r 168v 185r 211r,3r 9r 12v 15r 15v 24v 27r 29r 49v 55v 58v 59r 59v 61v 62r 68v 69v 82r 85r 85v 87r 96r 117v 127r 128v 139r 140r 145r 151r 159v 168r 168v 185r 211r,,,,,,,,,,,,,,,,,,,,,,,,,,,,,
_deco_6,manuscript_1,,,"Cambridge, University Library, MS Dd.8.12",part,,,,"Flourished initials at the openings of each Biblical chapter and other minor divisions of the text, either red initials with blue pen-flourishing or the reverse.",flourInit,,,,,,,,,,,,,,,,,,,,,,,,,,,,,,,,
_deco_6,manuscript_1,,,"Cambridge, University Library, MS Dd.5.5",manuscript,,MS-DD-00005-00005,,"Border decoration: Gold, blue and pink ivy scrolls extending from illuminated initials, framing page and supporting birds, butterflies, animals, human figures, grotesques and heraldic shields; bas-de-page games, domestic, hunting and fishing scenes.",border,,,,,,,,,,,,,,,,,,,,,,,,,,,,,,,,
_deco_6,manuscript_1,,,"Cambridge, University Library, MS Ff.6.51",part,,,,One-line capitals highlighted in red throughout.,plainInit,,,,,,,,,,,,,,,,,,,,,,,,,,,,,,,,
_deco_6,manuscript_1,,,"Cambridge, University Library, MS Ff.6.53",manuscript,,MS-FF-00006-00053,,Headers rubricated in red ink throughout.,rubrication,,,,,,,,,,,,,,,,,,,,,,,,,,,,,,,,
_deco_6,manuscript_1,,,"Cambridge, University Library, MS Add. 3120",part,,,,Smaller initials (2-3 lines) in blue or red with penwork decroation and pen-flourishing in the opposite colour throughout.,flourInit,,,,,,,,,,,,,,,,,,,,,,,,,,,,,,,,
_deco_6,manuscript_1,,,"Cambridge, University Library, MS Add. 4087",manuscript,,MS-ADD-04087,,Paraphs in blue or red.,other,,,,,,,,,,,,,,,,,,,,,,,,,,,,,,,,
_deco_6,manuscript_1,,,,manuscript,,MS-GG-00001-00001,,"Border decoration: Blue, purple and gold bars extending from historiated and larger ornamental initials to form partial borders supporting grotesques and animals and decorated with ivy and trefoil leaves in green, orange, and gold; sketches of birds ( 17r, 24r, 479v), rabbit (329r). Blue, purple and gold bars extending from historiated and larger ornamental initials to form partial borders supporting grotesques and animals and decorated with ivy and trefoil leaves in green, orange, and gold; sketches of birds (17r, 24r, 479v), rabbit (329r).",border,,,,,,,,,,,,,,,,,,,,,,,,,,,,,,,,
_deco_6,manuscript_1,,,"Cambridge, University Library, MS Dd.6.29",manuscript,,MS-DD-00006-00029,,Blue or red penwork initials throughout.,plainInit,,,,,,,,,,,,,,,,,,,,,,,,,,,,,,,,
_deco_6,manuscript_1,,,,manuscript,,MS-ADD-04126,,: Nativity (Prime),miniature,46v,46v,46v,,,,,,,,,,,,,,,,,,,,,,,,,,,,,
_deco_6,manuscript_1,,,"Cambridge, University Library, MS Add. 4085",manuscript,,MS-ADD-04085,,"ff. , : games",border,2r; 16r,2r 16r,2r 16r,,,,,,,,,,,,,,,,,,,,,,,,,,,,,
_deco_6,manuscript_1,,,"Cambridge, University Library, MS Gg.4.27(1)",part,,,,"Grotesques and profiles by the scribe extending from calligraphic letters, and sometimes touched in red (e.g. ff. 480v, 512r).",cadel,,,,,,,,,,,,,,,,,,,,,,,,,,,,,,,,
_deco_6,manuscript_1,,,,manuscript,,MS-NN-00004-00001,,"Wedding of Mary and Joseph (1/2 page, Sequitur benedictio super sponsum et sponsam, )",miniature,98,98r,98r,,,,,,,,,,,,,,,,,,,,,,,,,,,,,
_deco_6,manuscript_1,,,"Cambridge, University Library, MS Dd.8.19",part,,,,A ten-line space on f. 1r may have been left for a historiated initial featuring a miniature of John Gower.,unfilled,,,,,,,,,,,,,,,,,,,,,,,,,,,,,,,,
_deco_6,manuscript_1,,,"Cambridge, University Library, MS Dd.10.44",part,,,,Large (2-line) initials in red or blue ink.,colInit,,,,,,,,,,,,,,,,,,,,,,,,,,,,,,,,
_deco_6,manuscript_1,,,,manuscript,,MS-EE-00004-00024,,"Line-fillers: unusually comprehensive use of animals, fish, hybrid and linear forms in blue, red, rose, orange, white, grey and gold.",lineFill,,,,,,,,,,,,,,,,,,,,,,,,,,,,,,,,
_deco_6,manuscript_1,,,"Cambridge, University Library, MS Ii.6.5",part,,,,Blue initials with red marginal flourishing at divisions of the text.,flourInit,,,,,,,,,,,,,,,,,,,,,,,,,,,,,,,,
_deco_6,manuscript_1,,,"Cambridge, University Library, MS Ii.6.39",part,,,,Paraphs in red ink.,other,,,,,,,,,,,,,,,,,,,,,,,,,,,,,,,,
_deco_6,manuscript_1,,,"Cambridge, University Library, MS Ll.2.2",manuscript,,MS-LL-00002-00002,,Titles and marginal headings rubricated in red ink (ff. 15r-256v).,rubrication,,,,,,,,,,,,,,,,,,,,,,,,,,,,,,,,
_deco_6,manuscript_1,,,"Cambridge, University Library, MS Dd.3.52",manuscript,,MS-DD-00003-00052,,Paraphs in blue or red ink.,other,,,,,,,,,,,,,,,,,,,,,,,,,,,,,,,,
_deco_6,manuscript_1,,,"Cambridge, University Library, MS Ii.3.21",part,,,,Marginal commentary often introduced by red paraph marks.,other,,,,,,,,,,,,,,,,,,,,,,,,,,,,,,,,
_deco_6,manuscript_1,,,"Cambridge, University Library, MS Ee.1.15",part,,,,Manicules in brown ink throughout the manuscript.,other,,,,,,,,,,,,,,,,,,,,,,,,,,,,,,,,
_deco_6,manuscript_1,,,"Cambridge, University Library, MS Ii.6.17",manuscript,,MS-II-00006-00017,,Marginal headings in red ink.,rubrication,,,,,,,,,,,,,,,,,,,,,,,,,,,,,,,,
_deco_6,manuscript_1,,,"Cambridge, University Library, MS Dd.5.53",part,,,,Underlining in red.,other,,,,,,,,,,,,,,,,,,,,,,,,,,,,,,,,
_deco_6,manuscript_1,,,"Cambridge, University Library, MS Kk.1.6",part,,,,Line-fillers in red ink.,lineFill,,,,,,,,,,,,,,,,,,,,,,,,,,,,,,,,
_deco_6,manuscript_1,,,"Cambridge, University Library, MS Dd.15.15",part,,,,"At major textual divisions, geometric / 'puzzle' initials of various sizes (ff. 171v and 201v, 5-line), in red and blue, with infill and marginal flourishing drawn in red and blue ink.",flourInit,,,,,,,,,,,,,,,,,,,,,,,,,,,,,,,,
_deco_6,manuscript_1,,,"Cambridge, University Library, MS Dd.11.45",part,,,,"The recipes on ff. 129r-133v feature one large (3 line) black initial 'A' outlined in red ink on f. 129r. The magic treatise on ff. 135v-139v features small black initials (1 line) highlighted in red ink. The recipes on ff. 133v and 140r-144v, feature small (1 line) initials in brown ink higlighted in red ink on with one on f. 141v featuring a human face in red ink.",colInit,,,,,,,,,,,,,,,,,,,,,,,,,,,,,,,,
_deco_6,manuscript_1,,,"Cambridge, University Library, MS Hh.6.13",part,,,,Paraphs in red ink throughout ff. 3r-77r.,other,,,,,,,,,,,,,,,,,,,,,,,,,,,,,,,,
_deco_6,manuscript_1,,,"Cambridge, University Library, MS Gg.6.3",manuscript,,MS-GG-00006-00003,,Underlining in red ink throughout the manuscript.,other,,,,,,,,,,,,,,,,,,,,,,,,,,,,,,,,
_deco_6,manuscript_1,,,,manuscript,,MS-DD-00001-00014,,Capitals with yellow wash and occasional grotesques.,plainInit,,,,,,,,,,,,,,,,,,,,,,,,,,,,,,,,
_deco_6,manuscript_1,,,"Cambridge, Trinity College, MS R.14.41",part,,,,One large (12 lines) puzzle initial in blue and red ink on f. 87r.,decInit,,,,,,,,,,,,,,,,,,,,,,,,,,,,,,,,
_deco_6,manuscript_1,,,"Cambridge, Trinity College, MS O.2.13",part,,,,Underlining in red ink.,other,,,,,,,,,,,,,,,,,,,,,,,,,,,,,,,,
_deco_6,manuscript_1,,,"Cambridge, Trinity College, MS O.7.20",part,,,,Small (1 line) plain initials in red ink on ff. 1:8r-1:8v.,plainInit,,,,,,,,,,,,,,,,,,,,,,,,,,,,,,,,
_deco_6,manuscript_1,,,"Cambridge, Trinity College, MS R.14.52",manuscript,,MS-TRINITY-COLLEGE-R-00014-00052,,Titles and sub-headings written in red ink.,rubrication,,,,,,,,,,,,,,,,,,,,,,,,,,,,,,,,
_deco_6,manuscript_1,,,"Cambridge, Trinity College, MS R.14.44",part,,,,Large (2 lines) plain initials in red ink.,plainInit,,,,,,,,,,,,,,,,,,,,,,,,,,,,,,,,
_deco_6,manuscript_1,,,"Cambridge, Trinity College, MS O.9.10",manuscript,,MS-TRINITY-COLLEGE-O-00009-00010,,"Manicules consisting of hands wearing jewelled gloves in dark or red ink (see ff. 42v, 50r, 54v).",drawing,,,,,,,,,,,,,,,,,,,,,,,,,,,,,,,,
_deco_6,manuscript_1,,,"Cambridge, Trinity College, MS R.14.51",manuscript,,MS-TRINITY-COLLEGE-R-00014-00051,,Paraphs alternating between blue and red ink.,other,,,,,,,,,,,,,,,,,,,,,,,,,,,,,,,,
_deco_6,manuscript_1,,,"Cambridge, Trinity College, MS O.9.39",part,,,,Titles for new sections and recipes written in red ink.,rubrication,,,,,,,,,,,,,,,,,,,,,,,,,,,,,,,,
_deco_6,manuscript_1,,,"Cambridge, Trinity College, MS O.3.11",manuscript,,MS-TRINITY-COLLEGE-O-00003-00011,,Underlining in red ink.,other,,,,,,,,,,,,,,,,,,,,,,,,,,,,,,,,
_deco_6,manuscript_1,,,"Cambridge, Trinity College, MS O.8.2",part,,,,A drawing of a urine flask (jordan) in brown ink integrated into the text on f. 36r.,drawing,,,,,,,,,,,,,,,,,,,,,,,,,,,,,,,,
_deco_6,manuscript_1,,,"Cambridge, Trinity College, MS R.14.31",part,,,,No significant decoration in this Part.,none,,,,,,,,,,,,,,,,,,,,,,,,,,,,,,,,
_deco_6,manuscript_1,,,"Cambridge, Trinity College, MS O.1.57",part,,,,"26 diagrams in brown ink drawn inside spaces that have been left open for them by the scribe on ff. 2:81r-2:90v, featuring geometric figures, vessels, and architectural structures (e.g. towers and a castle gate) in brown ink.",diagram,,,,,,,,,,,,,,,,,,,,,,,,,,,,,,,,
_deco_6,manuscript_1,,,"Cambridge, Trinity College, MS B.14.19",part,,,,Small (1 line) plain initials in blue or red ink.,plainInit,,,,,,,,,,,,,,,,,,,,,,,,,,,,,,,,
_deco_6,manuscript_1,,,"Cambridge, Trinity College, MS O.8.36",manuscript,,MS-TRINITY-COLLEGE-00008-00036,,"Run-over symbols occasionally decorated as scrolls in brown ink (e.g. ff. 8r, 11v, 36r).",other,,,,,,,,,,,,,,,,,,,,,,,,,,,,,,,,
_deco_6,manuscript_1,,,"Cambridge, Trinity College, MS O.1.71",manuscript,,MS-TRINITY-COLLEGE-O-00001-00071,,Paraphs in blue or red.,other,,,,,,,,,,,,,,,,,,,,,,,,,,,,,,,,
_deco_6,manuscript_1,,,"Cambridge, Trinity College, MS O.1.65",part,,,,Drawing of a cylindrical jordan in brown ink in the lower half of f. 4:265v with instructions on how to analyse colours in different parts.,drawing,,,,,,,,,,,,,,,,,,,,,,,,,,,,,,,,
_deco_6,manuscript_1,,,"Cambridge, Trinity College, MS R.14.29",part,,,,Paraphs in red and blue.,other,,,,,,,,,,,,,,,,,,,,,,,,,,,,,,,,
_deco_6,manuscript_1,,,"Cambridge, Trinity College, MS O.8.31",part,,,,Text on ff. 127r-132r rubricated at the major and minor divisions of the text.,rubrication,,,,,,,,,,,,,,,,,,,,,,,,,,,,,,,,
_deco_6,manuscript_1,,,"Cambridge, Trinity College, MS O.9.37",manuscript,,MS-TRINITY-COLLEGE-O-00009-00037,,"Occasionally, long decorative flourishes in brown ink on descenders of letters on last lines (ff. 81v-82r).",cadels,,,,,,,,,,,,,,,,,,,,,,,,,,,,,,,,
_deco_6,manuscript_1,,,"Cambridge, Trinity College, MS O.1.13",part,,,,This part of the manuscript does not contain any significant forms of decoration.,,,,,,,,,,,,,,,,,,,,,,,,,,,,,,,,,
_deco_6,manuscript_1,,,"Cambridge, Trinity College, MS O.9.32",manuscript,,MS-TRINITY-COLLEGE-O-00009-00032,,Regular initials occasionally highligthed with red ink.,other,,,,,,,,,,,,,,,,,,,,,,,,,,,,,,,,
_deco_6,manuscript_1,,,"Cambridge, Trinity College, MS O.2.21",part,,,,"Large plain initials in 'Lombardic' style in red, green, or blue at the minor divisions of the texts, e.g., 'A' on f. . Minor divisions within text (approximately corresponding to sentence) in text-ink touched with red.",plainInit,14v,14v,14v,,,,,,,,,,,,,,,,,,,,,,,,,,,,,
_deco_6,manuscript_1,,,"Cambridge, King's College, MS 16",part,,,,One large (3 lines) gold initial in a frame of blue and white ('champ' initial) with pen-flourishing ingreen and gold (f. 2:1r).,flourInit,,,,,,,,,,,,,,,,,,,,,,,,,,,,,,,,
_deco_6,manuscript_1,,,"Cambridge, Corpus Christi College, MS 210",part,,,,This part of the manuscript does not contain any significant forms of decoration.,,,,,,,,,,,,,,,,,,,,,,,,,,,,,,,,,
_deco_6,manuscript_1,,,"Cambridge, Corpus Christi College, MS 388",manuscript,,MS-CCCC-00388,,Underlining in red ink.,other,,,,,,,,,,,,,,,,,,,,,,,,,,,,,,,,
_deco_6,manuscript_1,,,"Cambridge, Corpus Christi College, MS 405",part,,,,"Flourished 'KL' ciphers on each page in red or green, or both colours in combination.",flourInit,,,,,,,,,,,,,,,,,,,,,,,,,,,,,,,,
_deco_6,manuscript_1,,,"Cambridge, Corpus Christi College, MS 412",part,,,,Mostly erased sketch of a head in profile in ink on f. viii recto,miniature,,,,,,,,,,,,,,,,,,,,,,,,,,,,,,,,
_deco_6,manuscript_1,,,"Cambridge, Corpus Christi College, MS 456",part,,,,"Unfilled spaces left for diagrams on pp. 85, 89, 94, 99, 100, 103, 107, 111, 118, and 120.",unfilled,,,,,,,,,,,,,,,,,,,,,,,,,,,,,,,,
_deco_6,manuscript_1,,,"Cambridge, Corpus Christi College, MS 335",part,,,,Small (1 line) regular initials highlighted in red ink.,other,,,,,,,,,,,,,,,,,,,,,,,,,,,,,,,,
_deco_6,manuscript_1,,,"Cambridge, Corpus Christi College, MS 41",part,,,,"Rubrication and display scripts more common in the opening leaves of the volume. The first page of the text p. 1 opens with a large zoomorphic Ð, followed by several words written in decorative majuscules loosely inspired by Square Capitals, and then further lines in Rustic Captials, and these two registers are used for rubrication (sometimes also washed with a red pigment) throughout the volume.",rubrication,,,,,,,,,,,,,,,,,,,,,,,,,,,,,,,,
_deco_6,manuscript_1,,,"Cambridge, St John's College, MS D.4",part,,,,"Minor initials in red, some with occasional 'Arabesque' flourishing.",plainInit,,,,,,,,,,,,,,,,,,,,,,,,,,,,,,,,
_deco_6,manuscript_1,,,"Cambridge, St John's College, MS B.15",part,,,,Underlining of headings for recipes in red ink.,other,,,,,,,,,,,,,,,,,,,,,,,,,,,,,,,,
_deco_6,manuscript_1,,,"Cambridge, St John's College, MS E.6",part,,,,"Manicules in brown ink added to the margins of ff. 61v, 64v, and 65r.",drawing,,,,,,,,,,,,,,,,,,,,,,,,,,,,,,,,
_deco_6,manuscript_1,,,"Cambridge, Jesus College, MS Q.D.4",part,,,,Topmost line of text on most pages written with taller flourished ascenders.,other,,,,,,,,,,,,,,,,,,,,,,,,,,,,,,,,
_deco_6,manuscript_1,,,"Cambridge, Jesus College, MS Q.G.25",manuscript,,MS-JESUS-Q-G-00025,,Regular capitals (1 line) decorated with cadels in brown ink throughout the manuscript.,cadels,,,,,,,,,,,,,,,,,,,,,,,,,,,,,,,,
_deco_6,manuscript_1,,,"Cambridge, Jesus College, MS Q.D.2",part,,,,"Plain initials in red, green, or blue from 2-10 lines high at some of the major and most of the minor divisions of the texts.",plainInit,,,,,,,,,,,,,,,,,,,,,,,,,,,,,,,,
_deco_6,manuscript_1,,,"Cambridge, Jesus College, Q.G.23",manuscript,,MS-JESUS-Q-B-00023,,Paraphs alternatively in red or blue ink.,other,,,,,,,,,,,,,,,,,,,,,,,,,,,,,,,,
_deco_6,manuscript_1,,,"Cambridge, Jesus College, MS Q.D.1",part,,,,Plain capitals are highlighted with red ink throughout.,other,,,,,,,,,,,,,,,,,,,,,,,,,,,,,,,,
_deco_6,manuscript_1,,,"Cambridge, Magdalene College, Pepys MS 1661",part,,,,Large (2-line) initials in blue or red ink.,plainInit,,,,,,,,,,,,,,,,,,,,,,,,,,,,,,,,
_deco_6,manuscript_1,,,"Cambridge, Magdalene College, MS Pepys 911",part,,,,Red and blue flourished initials at the major and minor divisions of the texts throughout the Part.,flourInit,,,,,,,,,,,,,,,,,,,,,,,,,,,,,,,,
_deco_6,manuscript_1,,,"Cambridge, Pembroke College, MS 120",part,,,,"Small initials in red, blue and green, mostly plain, some with foliage ornament.",plainInit,,,,,,,,,,,,,,,,,,,,,,,,,,,,,,,,
_deco_6,manuscript_1,,,"Cambridge, Pembroke College, MS 258",part,,,,"Plain red initials on f. 52r, dark brown enlarged initial on f. 54r",plainInit,,,,,,,,,,,,,,,,,,,,,,,,,,,,,,,,
_deco_6,manuscript_1,,,"Cambridge, Pembroke College, MS 72",part,,,,"68r-75v: spaces left for initials, 1-2 lines.",unfilled,,,,,,,,,,,,,,,,,,,,,,,,,,,,,,,,
_deco_6,manuscript_1,,,"Cambridge, Pembroke College, MS 28",manuscript,,MS-PEMBROKE-00028,,"Opening words of books written in display capitals, alternating in red and blue.",other,,,,,,,,,,,,,,,,,,,,,,,,,,,,,,,,
_deco_6,manuscript_1,,,"Cambridge, Fitzwilliam Museum, MS 261",manuscript,,MS-FITZWILLIAM-00261,,Large (2 lines) framed initials in pale blue and blue on red grounds with streaks of yellow (imitation gold) throughout.,plainInit,,,,,,,,,,,,,,,,,,,,,,,,,,,,,,,,
_deco_6,manuscript_1,,,"Cambridge, Fitzwilliam Museum, MS 38-1950",part,,,,"Partial bar borders (full bars in the outer margins and half bars in the upper and lower margins) in blue, pink, and gold with acanthus leaves in blue, gold, grey, and orange on every page. Some of the borders are inhabited by winged dragon-like creatures with a antropomorphic or zoomorphic heads (ff. 10v [with headdress], 28r, 33r [with mitre], 38v, 51r, 73v, 81r, 104r, 121r [with mitre], 145v, 158v [with mitre], 166v).",border,,,,,,,,,,,,,,,,,,,,,,,,,,,,,,,,
_deco_6,manuscript_1,,,"Cambridge, Fitzwilliam Museum, MS McClean 166",manuscript,,MS-FITZWILLIAM-MCCLEAN-00166,,"Plain initials in red or blue at the minor divisions of the texts, see e.g., f. 6r.",colInit,,,,,,,,,,,,,,,,,,,,,,,,,,,,,,,,
_deco_6,manuscript_1,,,"Cambridge, Fitzwilliam Museum, Charles Fairfax Murray MS 17",manuscript,,MS-FITZWILLIAM-CHARLES-FAIRFAX-MURRAY-00017,,Paraphs in red ink.,other,,,,,,,,,,,,,,,,,,,,,,,,,,,,,,,,
_deco_6,manuscript_1,,,"Cambridge, Fitzwilliam Museum, MS McClean 89",manuscript,,MS-FITZWILLIAM-MUSEUM-MCCLEAN-00089,,"Offices, prayers, responses, and instructions introduced with rubricated text (red only) throughout the book. See for example f. 4r, 'Deuota oracio ad dominum ihesum christum' to introduce The Fifteen Oos.",rubrication,,,,,,,,,,,,,,,,,,,,,,,,,,,,,,,,
_deco_6,manuscript_1,,,"Cambridge, Fitzwilliam Museum, MS 51",manuscript,,MS-FITZWILLIAM-00051,,Large (2 lines) gold initials with brown pen-flourishing on f. 1v [2x].,decInit,,,,,,,,,,,,,,,,,,,,,,,,,,,,,,,,
_deco_6,manuscript_1,,,"Cambridge, Queens' College, MS 28",manuscript,,,,"Letters on top and bottom lines extended into the margins and embellished with pen-flourishing and drawings of birds (e.g. 105r) and faces (e.g. 69r, 155v).",drawing,,,,,,,,,,,,,,,,,,,,,,,,,,,,,,,,
_deco_6,manuscript_1,,,"Cambridge, Peterhouse, MS 95",part,,,,Paraph marks in red.,other,,,,,,,,,,,,,,,,,,,,,,,,,,,,,,,,
_deco_6,manuscript_1,,,"Cambridge, Peterhouse, MS 118",manuscript,,MS-PETERHOUSE-00118,,Marginal title headings and a scribal colophon rubricated in red ink.,rubrication,,,,,,,,,,,,,,,,,,,,,,,,,,,,,,,,
_deco_6,manuscript_1,,,"Cambridge, Peterhouse, MS 247",part,,,,Paraph marks in red and blue.,paraph,,,,,,,,,,,,,,,,,,,,,,,,,,,,,,,,
_deco_6,manuscript_1,,,"Cambridge, Peterhouse, MS 251",part,,,,Plain red initial at the opening of the text on f. 12r,plainInit,,,,,,,,,,,,,,,,,,,,,,,,,,,,,,,,
_deco_6,manuscript_1,,,"Cambridge, Peterhouse, MS 222",part,,,,Alternate red and blue paraph marks throughout.,other,,,,,,,,,,,,,,,,,,,,,,,,,,,,,,,,
_deco_6,manuscript_1,,,"Cambridge, Clare College, MS 12 ",part,,,,Rubricated headings (red only) at the divisions of the text.,rubrication,,,,,,,,,,,,,,,,,,,,,,,,,,,,,,,,
_deco_6,manuscript_1,,,"Cambridge, Gonville and Caius College, MS 230/116",part,,,,Paraphs in blue or red ink.,other,,,,,,,,,,,,,,,,,,,,,,,,,,,,,,,,
_deco_6,manuscript_1,,,"Cambridge, Gonville and Caius College, MS 176/97",part,,,,Small (1 line) capitals occasionally highlighted with red ink.,other,,,,,,,,,,,,,,,,,,,,,,,,,,,,,,,,
_deco_6,manuscript_1,,,"Cambridge, Gonville and Caius College, MS 336/725",part,,,,"Two-line gold ('champ') initials in blue and purple with foliate pen-flourishing in green ink (a 3-line initial on f. 56r) or pink frames with pen-floursihing in gold (ff. 75v-76r, 88v, 105r).",flourInit,,,,,,,,,,,,,,,,,,,,,,,,,,,,,,,,
_deco_6,manuscript_1,,,"Cambridge, Gonville and Caius College, MS 204/110",part,,,,Two sketches of hooded medieval male busts (facing R) in hoods on p. 182.,drawing,,,,,,,,,,,,,,,,,,,,,,,,,,,,,,,,
_deco_6,manuscript_1,,,"Cambridge, Gonville and Caius College, MS 451/392",part,,,,Spaces with guide letters for two-line initials have been left open throughout.,decInit,,,,,,,,,,,,,,,,,,,,,,,,,,,,,,,,
_deco_6,manuscript_1,,,"Cambridge, Gonville and Caius College, MS 178/211",part,,,,Occasional underlining in red ink.,other,,,,,,,,,,,,,,,,,,,,,,,,,,,,,,,,
_deco_6,manuscript_1,,,"Cambridge, Gonville and Caius College, MS 159/209",part,,,,Headings to some minor divisions of the text in red.,rubrication,,,,,,,,,,,,,,,,,,,,,,,,,,,,,,,,
_deco_6,manuscript_1,,,"Cambridge, Gonville and Caius College, MS 345/620",part,,,,Paraph marks in red and blue until f. 80r and then red only from f. 80v.,other,,,,,,,,,,,,,,,,,,,,,,,,,,,,,,,,
_deco_6,manuscript_1,,,"Cambridge, Gonville and Caius College, MS 407/413",part,,,,"Occasional plain initials at the beginning of a new text, usually black, sometimes red.",plainInit,,,,,,,,,,,,,,,,,,,,,,,,,,,,,,,,
_deco_6,manuscript_1,,,"Cambridge, Gonville and Caius College, MS 181/214",part,,,,Frequent paraph marks in red and blue throughout.,other,,,,,,,,,,,,,,,,,,,,,,,,,,,,,,,,
_deco_6,manuscript_1,,,"Cambridge, Gonville and Caius College, MS 98/50",part,,,,Marginal headers written in red ink.,rubrication,,,,,,,,,,,,,,,,,,,,,,,,,,,,,,,,
_deco_6,manuscript_1,,,"Cambridge, Gonville and Caius College, MS 84/166",part,,,,Headers for texts and tables in red ink.,rubrication,,,,,,,,,,,,,,,,,,,,,,,,,,,,,,,,
_deco_6,manuscript_1,,,"Cambridge, Gonville and Caius College, MS 379/599",part,,,,Coloured initials in alternating red and blue at the start of each capitulum entry on f. 21rv.,plainInit,,,,,,,,,,,,,,,,,,,,,,,,,,,,,,,,
_deco_6,manuscript_1,,,"Cambridge, Gonville and Caius College, MS 200/106",part,,,,Paraphs in blue or red ink.,other,,,,,,,,,,,,,,,,,,,,,,,,,,,,,,,,
_deco_6,manuscript_1,,,"Cambridge, Gonville and Caius College, MS 328/715",part,,,,"Paraphs in red in the fifeenth-century additions on ff. [v] recto-[viii] verso, and ff. 174v-176r.",other,,,,,,,,,,,,,,,,,,,,,,,,,,,,,,,,
_deco_6,manuscript_1,,,"Cambridge, Gonville and Caius College, MS 147/197",part,,,,Headers for sections have been rubricated in red ink.,rubrication,,,,,,,,,,,,,,,,,,,,,,,,,,,,,,,,
_deco_6,manuscript_1,,,"Cambridge, Sidney Sussex College, MS 51",part,,,,"Plain initials in red at the major and minor divisions of the text - in several places where the pigment has been more thickly applied, some of the pigment has oxidised and there are small patches of the initial that are now a dark metallic grey colour, e.g., the initial 'Q' on f. 59v.",plainInit,,,,,,,,,,,,,,,,,,,,,,,,,,,,,,,,
_deco_6,manuscript_1,,,"Cambridge, Sidney Sussex College, MS 85",manuscript,,MS-SIDNEYSUSSEX-00085,,"Line-fillers consisting of horitontal and diagonal lines, either in brown ink and highlighted with red ink or in brown and red ink.",lineFill,,,,,,,,,,,,,,,,,,,,,,,,,,,,,,,,
_deco_6,manuscript_1,,,"Cambridge, Newnham College, MS 4",manuscript,,MS-NEWNHAM-00004,,"Cadels on ascenders of letters on the top lines, sometimes featuring human faces (e.g. ff. 2v, 4r, 5r).",cadel,,,,,,,,,,,,,,,,,,,,,,,,,,,,,,,,
_deco_60,manuscript_1,,,"Cambridge, University Library, MS Ee.3.59",manuscript,,MS-EE-00003-00059,,: Cures at King Edward's tomb.,miniature,33r,33r,33r,,,,,,,,,,,,,,,,,,,,,,,,,,,,,
_deco_61,manuscript_1,,,"Cambridge, University Library, MS Ee.3.59",manuscript,,MS-EE-00003-00059,,: King Harold hoards treasure.,miniature,33v,33v,33v,,,,,,,,,,,,,,,,,,,,,,,,,,,,,
_deco_62,manuscript_1,,,"Cambridge, University Library, MS Ee.3.59",manuscript,,MS-EE-00003-00059,,: Duke William of Normandy lands in England.,miniature,34r,34r,34r,,,,,,,,,,,,,,,,,,,,,,,,,,,,,
_deco_63,manuscript_1,,,"Cambridge, University Library, MS Ee.3.59",manuscript,,MS-EE-00003-00059,,": The battle of Hastings. Harold lies on the ground lower-right, an arrow in his left eye.",miniature,34v,34v,34v,,,,,,,,,,,,,,,,,,,,,,,,,,,,,
_deco_64,manuscript_1,,,"Cambridge, University Library, MS Ee.3.59",manuscript,,MS-EE-00003-00059,,: Edward's body is found uncorrupt at the opening of his tomb in 1102. King Henry II kisses the corpse as it is transferred to a new shrine in 1163.,miniature,36r,36r,36r,,,,,,,,,,,,,,,,,,,,,,,,,,,,,
_deco_65,manuscript_1,,,"Cambridge, University Library, MS Ee.3.59",manuscript,,MS-EE-00003-00059,,"Ornamental and minor initials: Ten-line initial initial A (should be C) in blue and gold, with red penwork flourishing, added at the opening of the text in the 14th or 15th century (f. 3r). Two- and three-line initials, alternating in red and blue, with contrasting pale blue and red infill and marginal flourishing.",flourInit,,,,,,,,,,,,,,,,,,,,,,,,,,,,,,,,
_deco_66,manuscript_1,,,"Cambridge, University Library, MS Ee.3.59",manuscript,,MS-EE-00003-00059,,"Bas-de-page: A few bas-de-page drawings by the main artists: Heads of a man and a woman kissing below commentary on theme of chastity, faces rubbed out (f. 3r), with illegible red caption in hand similar to or identical with some captions in pictures (e.g. ff. 30r and 32v)Vines and oak leaves tinted in green and brown (ff. 13v, 14v, 16v, 20r) or only sketched out (f. 36r)Sketch of eagle's head (f. 28r)Heads of a man and a woman kissing below commentary on theme of chastity, faces rubbed out (f. 3r), with illegible red caption in hand similar to or identical with some captions in pictures (e.g. ff. 30r and 32v)Vines and oak leaves tinted in green and brown (ff. 13v, 14v, 16v, 20r) or only sketched out (f. 36r)Sketch of eagle's head (f. 28r)",bas-de-page,,,,,,,,,,,,,,,,,,,,,,,,,,,,,,,,
_deco_7,manuscript_1,,,"Cambridge, Emmanuel College, MS 69",manuscript,,MS-EMMANUEL-COLLEGE-00069,,Large (2-line) plain initials in red ink throughout the manuscript.,plainInit,,,,,,,,,,,,,,,,,,,,,,,,,,,,,,,,
_deco_7,manuscript_1,,,,part,,,,"One-line initials at the beginning of verses, alternating in gold and blue, with contrasting blue and red penwork flourishing.",flourInit,,,,,,,,,,,,,,,,,,,,,,,,,,,,,,,,
_deco_7,manuscript_1,,,"Cambridge, University Library, MS Ee.2.29",part,,,,"Paraphs in blue or red ink on ff. 135r, 142r-144v.",other,,,,,,,,,,,,,,,,,,,,,,,,,,,,,,,,
_deco_7,manuscript_1,,,,manuscript,,MS-II-00006-00032,,Two figures with satchels at end of St John's Gospel (),miniatute,84v,84v,84v,,,,,,,,,,,,,,,,,,,,,,,,,,,,,
_deco_7,manuscript_1,,,,part,,,,"Initials in black ink, touched with various colours and often decorated.",decInit,,,,,,,,,,,,,,,,,,,,,,,,,,,,,,,,
_deco_7,manuscript_1,,,"Cambridge, University Library, MS Add. 9309",manuscript,,MS-ADD-09309,,Geometric figures drawn in brown ink on the leather of the inside lower cover.,other,,,,,,,,,,,,,,,,,,,,,,,,,,,,,,,,
_deco_7,manuscript_1,,,"Cambridge, University Library, MS Ee.3.59",manuscript,,MS-EE-00003-00059,,: Vindication of the honour of Queen Gunnhilda.,miniature,6v,6v,6v,,,,,,,,,,,,,,,,,,,,,,,,,,,,,
_deco_7,manuscript_1,,,"Cambridge, University Library, MS Kk.6.33",part,,,,Headings of texts rubricated in red ink.,rubrication,,,,,,,,,,,,,,,,,,,,,,,,,,,,,,,,
_deco_7,manuscript_1,,,,part,,,,"A map in green, blue and red, showing the division of the earth by three sons of Noah appears on page 25. A fully coloured Imago ecclesiae, illustrating Gilbert of Limerick's De statu ecclesiae (pages 237-242) appears on page 238.",diagram,,,,,,,,,,,,,,,,,,,,,,,,,,,,,,,,
_deco_7,manuscript_1,,,"Cambridge, University Library, MS Kk.6.30",part,,,,Headers rubricated in red ink.,rubrication,,,,,,,,,,,,,,,,,,,,,,,,,,,,,,,,
_deco_7,manuscript_1,,,MS Gg.6.42,part,,,,"Some of the latter marginal notes are introduced with a paraph mark touched in red, in a format used later in the verse anthology: ff. , , , , . Most of the notes are copied from the source manuscripts.",marginal,166v; 179v; 180r; 186v; 189r,166v 179v 180r 186v 189r,166v 179v 180r 186v 189r,,,,,,,,,,,,,,,,,,,,,,,,,,,,,
_deco_7,manuscript_1,,,"Cambridge, University Library, MS Dd.8.12",part,,,,"Running titles in the centre of the upper margin of each leaf (i.e., recto and verso) - written in Lombardic capitals, each letter written alternately in red or blue.",plainInit,,,,,,,,,,,,,,,,,,,,,,,,,,,,,,,,
_deco_7,manuscript_1,,,"Cambridge, University Library, MS Ff.6.51",part,,,,Line filler in red ink on 84r.,lineFill,,,,,,,,,,,,,,,,,,,,,,,,,,,,,,,,
_deco_7,manuscript_1,,,"Cambridge, University Library, MS Ff.6.53",manuscript,,MS-FF-00006-00053,,Paraphs in red ink throughout.,other,,,,,,,,,,,,,,,,,,,,,,,,,,,,,,,,
_deco_7,manuscript_1,,,"Cambridge, University Library, MS Add. 3120",part,,,,Small (1-line) capitals highlighted in yellow.,plainInit,,,,,,,,,,,,,,,,,,,,,,,,,,,,,,,,
_deco_7,manuscript_1,,,,manuscript,,MS-GG-00001-00001,,"Two illuminators worked on the manuscript; one was responsible for illuminating L'image du monde (), the Apocalypse () and the diagram of the human brain (); the other for the decoration of the rest of the manuscript.",,346r-390r; 407r-439v; 490v,346r 407r 490v,390r 439v 490v,,,,,,,,,,,,,,,,,,,,,,,,,,,,,
_deco_7,manuscript_1,,,"Cambridge, University Library, MS Dd.6.29",manuscript,,MS-DD-00006-00029,,"Red and blue line fillers (ff. , ).",lineFill,26r-32v; 119v-125v,26r 119v,32v 125v,,,,,,,,,,,,,,,,,,,,,,,,,,,,,
_deco_7,manuscript_1,,,,manuscript,,MS-ADD-04126,,: Annunciation to the shepherds (Terce),miniature,49v,49v,49v,,,,,,,,,,,,,,,,,,,,,,,,,,,,,
_deco_7,manuscript_1,,,"Cambridge, University Library, MS Add. 4085",manuscript,,MS-ADD-04085,,"ff. , : jesters",border,21r; 16r,21r 51r,21r 51r,,,,,,,,,,,,,,,,,,,,,,,,,,,,,
_deco_7,manuscript_1,,,"Cambridge, University Library, MS Gg.4.27(1)",part,,,,"Engraved portrait of Chaucer, surrounded by a genealogical diagram illustrating his parentage, descendants and relations, and showing his tomb, coloured by hand (f. (3r. Taken from a copy of Speght's 1598 edition of Chaucer's works.",other,,,,,,,,,,,,,,,,,,,,,,,,,,,,,,,,
_deco_7,manuscript_1,,,,manuscript,,MS-NN-00004-00001,,"Dying man in bed surrounded by his family and a priest (1/2 page, funeral prayer, )",miniature,102,102r,102r,,,,,,,,,,,,,,,,,,,,,,,,,,,,,
_deco_7,manuscript_1,,,"Cambridge, University Library, MS Dd.8.19",part,,,,Spaces are left for large (one- and two-line) initials throughout with guide letters written in red and brown ink.,unfilled,,,,,,,,,,,,,,,,,,,,,,,,,,,,,,,,
_deco_7,manuscript_1,,,"Cambridge, University Library, MS Dd.10.44",part,,,,Line fillers in red ink.,lineFill,,,,,,,,,,,,,,,,,,,,,,,,,,,,,,,,
_deco_7,manuscript_1,,,"Cambridge, University Library, MS Ii.6.5",part,,,,"Diagram of an astrolabe: 3 concentric circles, 12 segments, 5 locations in the diagram designated as 'a'-'e' on f. 127r.",diagram,,,,,,,,,,,,,,,,,,,,,,,,,,,,,,,,
_deco_7,manuscript_1,,,"Cambridge, University Library, MS Ii.6.39",part,,,,Underlining in red ink.,other,,,,,,,,,,,,,,,,,,,,,,,,,,,,,,,,
_deco_7,manuscript_1,,,"Cambridge, University Library, MS Ll.2.2",manuscript,,MS-LL-00002-00002,,Paraphs alternately in red and blue ink.,other,,,,,,,,,,,,,,,,,,,,,,,,,,,,,,,,
_deco_7,manuscript_1,,,"Cambridge, University Library, MS Dd.3.52",manuscript,,MS-DD-00003-00052,,"Underlining in red ink, occasionally in blue ink (f. 49v).",other,,,,,,,,,,,,,,,,,,,,,,,,,,,,,,,,
_deco_7,manuscript_1,,,"Cambridge, University Library, MS Ii.3.21",part,,,,"Six-line initial in blue, rose and purple, filled with a blue, purple and orange foliage scroll, on burnished gold ground, with branches of leaves in similar colours, at the beginning of Preface II (f. 3:9r)",decInit,,,,,,,,,,,,,,,,,,,,,,,,,,,,,,,,
_deco_7,manuscript_1,,,"Cambridge, University Library, MS Ee.1.15",part,,,,This part of the manuscript does not contain any significant forms of decoration.,,,,,,,,,,,,,,,,,,,,,,,,,,,,,,,,,
_deco_7,manuscript_1,,,"Cambridge, University Library, MS Ii.6.17",manuscript,,MS-II-00006-00017,,Paraphs in red ink.,other,,,,,,,,,,,,,,,,,,,,,,,,,,,,,,,,
_deco_7,manuscript_1,,,"Cambridge, University Library, MS Dd.5.53",part,,,,Paraphs in red.,other,,,,,,,,,,,,,,,,,,,,,,,,,,,,,,,,
_deco_7,manuscript_1,,,"Cambridge, University Library, MS Kk.1.6",part,,,,"Cadels with human and zoomorphic faces on ff. 171r, 172v, 174r.",cadel,,,,,,,,,,,,,,,,,,,,,,,,,,,,,,,,
_deco_7,manuscript_1,,,"Cambridge, University Library, MS Dd.15.15",part,,,,"At minor textual divisions, two- to ten-line initials alternating in red or blue, with contrasting infill and marginal flourishing drawn in blue or red ink.",flourInit,,,,,,,,,,,,,,,,,,,,,,,,,,,,,,,,
_deco_7,manuscript_1,,,"Cambridge, University Library, MS Dd.11.45",part,,,,Small capitals in brown ink highlighted in red ink in the fragmentary treatise on f. 134r.,plainInit,,,,,,,,,,,,,,,,,,,,,,,,,,,,,,,,
_deco_7,manuscript_1,,,"Cambridge, University Library, MS Hh.6.13",part,,,,Cardinal numbers in lists in frames of red ink on ff. 79r-83r.,other,,,,,,,,,,,,,,,,,,,,,,,,,,,,,,,,
_deco_7,manuscript_1,,,,manuscript,,MS-DD-00001-00014,,170r-v Two sketches of the crowned head of Artaxerxes in the margins.,sketch,,,,,,,,,,,,,,,,,,,,,,,,,,,,,,,,
_deco_7,manuscript_1,,,"Cambridge, Trinity College, MS R.14.41",part,,,,Large (2 lines) plain initials in blue or red ink; the blue ones sometimes featuring minor forms of decoration in red ink.,colInit,,,,,,,,,,,,,,,,,,,,,,,,,,,,,,,,
_deco_7,manuscript_1,,,"Cambridge, Trinity College, MS O.2.13",part,,,,Paraphs in red ink.,other,,,,,,,,,,,,,,,,,,,,,,,,,,,,,,,,
_deco_7,manuscript_1,,,"Cambridge, Trinity College, MS O.7.20",part,,,,Ascenders on the first lines of pages higlighted in red ink.,cadels,,,,,,,,,,,,,,,,,,,,,,,,,,,,,,,,
_deco_7,manuscript_1,,,"Cambridge, Trinity College, MS R.14.52",manuscript,,MS-TRINITY-COLLEGE-R-00014-00052,,Regular initials in brown ink highlighted in yellow throughout.,other,,,,,,,,,,,,,,,,,,,,,,,,,,,,,,,,
_deco_7,manuscript_1,,,"Cambridge, Trinity College, MS R.14.44",part,,,,"Titles written in brown and red ink; names of authorities within the text, sub-headings and numbers in margins written in red ink.",rubrication,,,,,,,,,,,,,,,,,,,,,,,,,,,,,,,,
_deco_7,manuscript_1,,,"Cambridge, Trinity College, MS O.9.10",manuscript,,MS-TRINITY-COLLEGE-O-00009-00010,,"Added 15th- and 16th-century marginal drawings, including: a drawing of a deer in brown ink and a goat in red ink on f. ii verso; a goat in red ink, with the inscription capra in the lower margin of f. 10v. a human figure (effaced) in the outer margin of f. 32r; human heads and figures in ink or plummet on ff. 46r (lower margin, a ? jester), 47v (lower margin), 52v (lower margin) (2x), 55r (lower margin) [detailed drawing of a man in Tudor dress], 86r (outer margin) [2x a woman with head dress] 91v [man with Tudor cap], 96r (upper margin) [woman in headdress], 100r (lower margin), and 128v (outer margin) [perhaps representing John Skeyton]; a man's head with an arrow in his eye in red ink on f. 51r [illustrating a recipe for treating eye injuries]; a dog and a dog's head red ink in the upper margin of f. 67r; a drawing of a human body, copying the Zodiac Man on f. 76r; bird heads (4x) in brown ink in the outer margin of f. 83r; a castle in dark ink (no colours) in the lower margin of f. 97v (perhaps Hampton Court); a cannon in dark ink in the upper margin of f. 98r; a queen, probably Elizabeth I modelled on Elizabethan coins with her portrait, in the lower margins of ff. 98r, 100r, and 101v (2x); a woman with headdress and a pendant in the outer margin of f. 117r; a castle on a hill in dark ink and coloured with green ink inside a square frame in the outer margin of f. 119r. capra",drawing,,,,,,,,,,,,,,,,,,,,,,,,,,,,,,,,
_deco_7,manuscript_1,,,"Cambridge, Trinity College, MS O.8.2",part,,,,"Decorative banderols in brown ink with sub-headings to texts added to the margins, e.g. see ff. 73r-76v.",drawing,,,,,,,,,,,,,,,,,,,,,,,,,,,,,,,,
_deco_7,manuscript_1,,,"Cambridge, Trinity College, MS O.1.57",part,,,,"Chiromantic diagrams of hands in brown ink on ff. 2:118v, 2:129v, 2:130.",diagram,,,,,,,,,,,,,,,,,,,,,,,,,,,,,,,,
_deco_7,manuscript_1,,,"Cambridge, Trinity College, MS B.14.19",part,,,,Titles and subheadings in red ink.,rubrication,,,,,,,,,,,,,,,,,,,,,,,,,,,,,,,,
_deco_7,manuscript_1,,,"Cambridge, Trinity College, MS O.1.65",part,,,,"Drawings of small (1-2 lines) initials in dark ink on ff. 4:247v, 4:253, and 4:254v.",plainInit,,,,,,,,,,,,,,,,,,,,,,,,,,,,,,,,
_deco_7,manuscript_1,,,"Cambridge, Trinity College, MS R.14.29",part,,,,Large plain red initials.,colInit,,,,,,,,,,,,,,,,,,,,,,,,,,,,,,,,
_deco_7,manuscript_1,,,"Cambridge, Trinity College, MS O.8.31",part,,,,"Unfilled spaces left for minor initials throughout this part, some guide letters visible, e.g., f. 165, space for 'O' in 'O medice' and small guide letter 'o' in the unfilled space.",unfilled,,,,,,,,,,,,,,,,,,,,,,,,,,,,,,,,
_deco_7,manuscript_1,,,"Cambridge, Trinity College, MS O.9.37",manuscript,,MS-TRINITY-COLLEGE-O-00009-00037,,Paraphs in blue or red ink.,other,,,,,,,,,,,,,,,,,,,,,,,,,,,,,,,,
_deco_7,manuscript_1,,,"Cambridge, Trinity College, MS O.1.13",part,,,,Underlining in brown ink.,other,,,,,,,,,,,,,,,,,,,,,,,,,,,,,,,,
_deco_7,manuscript_1,,,"Cambridge, Trinity College, MS O.2.21",part,,,,"Plain initials in the 'Lombardic' style at the major and minor divisions of the texts on ff. 120r-139r. Initials in red, green, and blue on ff. 120r-133v, and solely red ff. 134r-139r. Initials at the start of each line of the poem on ff. 120r-133v touched with red. Minor initials in the texts on ff. 134r-139r touched with red.",plainInit,,,,,,,,,,,,,,,,,,,,,,,,,,,,,,,,
_deco_7,manuscript_1,,,"Cambridge, King's College, MS 16",part,,,,Lare (2 lines) blue initial in frames of red penwork decoration and with pen-flourishing in the same colour.,flourInit,,,,,,,,,,,,,,,,,,,,,,,,,,,,,,,,
_deco_7,manuscript_1,,,"Cambridge, Corpus Christi College, MS 210",part,,,,This part of the manuscript does not contain any significant forms of decoration.,,,,,,,,,,,,,,,,,,,,,,,,,,,,,,,,,
_deco_7,manuscript_1,,,"Cambridge, Corpus Christi College, MS 388",manuscript,,MS-CCCC-00388,,"Long decorative ascenders on the top lines highlighted in red ink, but not the long decorative descenders on the lower lines.",cadel,,,,,,,,,,,,,,,,,,,,,,,,,,,,,,,,
_deco_7,manuscript_1,,,"Cambridge, Corpus Christi College, MS 405",part,,,,"Flourished initials in red and blue in various styles, e.g., blue initial with 'labrynthine' florushing in red on f. 25r, puzzle initial on f. 30r.",flourInit,,,,,,,,,,,,,,,,,,,,,,,,,,,,,,,,
_deco_7,manuscript_1,,,"Cambridge, Corpus Christi College, MS 456",part,,,,Plain initials in the 'Lombardic' style in red or blue at the major divisions of the text.,plainInit,,,,,,,,,,,,,,,,,,,,,,,,,,,,,,,,
_deco_7,manuscript_1,,,"Cambridge, Corpus Christi College, MS 335",part,,,,Underlining in red ink.,other,,,,,,,,,,,,,,,,,,,,,,,,,,,,,,,,
_deco_7,manuscript_1,,,"Cambridge, Corpus Christi College, MS 41",part,,,,No significant decoration in this Part.,none,,,,,,,,,,,,,,,,,,,,,,,,,,,,,,,,
_deco_7,manuscript_1,,,"Cambridge, St John's College, MS D.4",part,,,,"Chapter headings in red, the first letter sometimes touched with yellow.",rubrication,,,,,,,,,,,,,,,,,,,,,,,,,,,,,,,,
_deco_7,manuscript_1,,,"Cambridge, St John's College, MS B.15",part,,,,Regular capitals occasionally highlighted in red ink (e.g. ff. 1:34r-1:34v).,other,,,,,,,,,,,,,,,,,,,,,,,,,,,,,,,,
_deco_7,manuscript_1,,,"Cambridge, St John's College, MS E.6",part,,,,"Drawings of eyes in brown ink both in the upper margin of and inside the text on f. 96v, illustrating two medical recipe for ailments in the eyes.",drawing,,,,,,,,,,,,,,,,,,,,,,,,,,,,,,,,
_deco_7,manuscript_1,,,"Cambridge, Jesus College, MS Q.D.4",part,,,,"Flourished initials in two main styles - the first are large 'arabesque' initials in red or green, e.g., f. 192v ('h'), f. 212r ('P') 260r ('S'), and the second are smaller, and in red and black, e.g., f. 235v ('D' and 'O'). Each style of initial is found accompanying the work of two or more of the scribes who copied this Part.",flourInit,,,,,,,,,,,,,,,,,,,,,,,,,,,,,,,,
_deco_7,manuscript_1,,,"Cambridge, Jesus College, MS Q.G.25",manuscript,,MS-JESUS-Q-G-00025,,Regular capitals (1 line) highlighted in red ink on ff. 115v-118r.,other,,,,,,,,,,,,,,,,,,,,,,,,,,,,,,,,
_deco_7,manuscript_1,,,"Cambridge, Jesus College, Q.G.23",manuscript,,MS-JESUS-Q-B-00023,,Underlining in red ink.,other,,,,,,,,,,,,,,,,,,,,,,,,,,,,,,,,
_deco_7,manuscript_1,,,"Cambridge, Jesus College, MS Q.D.1",part,,,,Large (1-2 lines) plain initials in red ink throughout.,plainInit,,,,,,,,,,,,,,,,,,,,,,,,,,,,,,,,
_deco_7,manuscript_1,,,"Cambridge, Magdalene College, Pepys MS 1661",part,,,,Headings and sub-headings in red ink.,rubrication,,,,,,,,,,,,,,,,,,,,,,,,,,,,,,,,
_deco_7,manuscript_1,,,"Cambridge, Magdalene College, MS Pepys 911",part,,,,Plain initials in red or blue (sometimes arranged in an alternating pattern) at minor divisions of the texts and for information presented in a list format.,plainInit,,,,,,,,,,,,,,,,,,,,,,,,,,,,,,,,
_deco_7,manuscript_1,,,"Cambridge, Pembroke College, MS 120",part,,,,"Small initials in the same ink as the text, highlighted in yellow.",plainInit,,,,,,,,,,,,,,,,,,,,,,,,,,,,,,,,
_deco_7,manuscript_1,,,"Cambridge, Pembroke College, MS 258",part,,,,Red paraphs on f. 52r.,other,,,,,,,,,,,,,,,,,,,,,,,,,,,,,,,,
_deco_7,manuscript_1,,,"Cambridge, Pembroke College, MS 72",part,,,,"Small red or blue initials, stroked with the other colour in the Italian manner.",plainInit,,,,,,,,,,,,,,,,,,,,,,,,,,,,,,,,
_deco_7,manuscript_1,,,"Cambridge, Pembroke College, MS 28",manuscript,,MS-PEMBROKE-00028,,Distinctio numbers written in colours in the margin.Distinctio,other,,,,,,,,,,,,,,,,,,,,,,,,,,,,,,,,
_deco_7,manuscript_1,,,"Cambridge, Fitzwilliam Museum, MS 261",manuscript,,MS-FITZWILLIAM-00261,,Introductions and headings written in red ink throughout.,rubrication,,,,,,,,,,,,,,,,,,,,,,,,,,,,,,,,
_deco_7,manuscript_1,,,"Cambridge, Fitzwilliam Museum, MS 38-1950",part,,,,"Accompanying the manuscript's thirteen half-page miniatures at the major sudivisions of the Psalms and at the beginning of the Penitential Psalms are thirteen large (4 or 5 lines) historiated initials in blue and purple, sometimes with knotwork motifs, in frames with gold patterned grounds and miniatures inside their letters. The subjects of the miniatures are as follows: Historiated initial B at miniature no. 1 on f. 1r: David astride Goliath, who lays down in full armour, raising a sword (Goliath's) to cuts his head off.Historiated initial D at miniature no. 2 on f. 29r: David seated in a chair plays the harp to Saul lying under a coverlet.Historiated initial D at miniature no. 3 on f. 46r: Ahimelech [Achimelech], the priest, giving David the sword of Goliath, and the shewbread.Historiated initial Q at miniature no. 4 on f. 61v: David with raised hand (left). David holding a sword slays the Philistines at Keilah [Wormald and Giles (1982), p. 435] or cutting the robe of Saul in the cave of Engedi [Sandler (1986), p. 159]. God, from a cloud above, puts his hand on David's right shoulder.Historiated initial D at miniature no. 5 on f. 62r: Abigail seated on chair, with a female servant standing behind her, is warned by a messenger, kneeling before her.Historiated initial S at miniature no. 6 on f. 78r: Nabal lies in bed with Abigail kneeling at his side.Historiated initial E at miniature no. 7 on f. 99r: The Amalekite offering Saul's gold crown and bracelet to David.Historiated initial C at miniature no. 8 on f. 120r: Battle between the armies of Joab and Abner.Historiated initial D at miniature no. 9 on f. 123r: Uriah is slain in battle.Historiated initial D at miniature no. 10 on f. 142v: David enthroned while two men blow long trumpets (buisines) over his head.Historiated initial A at miniature no. 11 on f. 163v: Absalom hanging by his hair from a tree is killed by Joab who is in full armour and on horseback.Historiated initial C at miniature no. 12 on f. 174v: A woman, perhaps representing the unnamed wise woman of Abel, on the battlements throws Sheba's head to Joab.Historiated initial D at miniature no. 13 on f. 207r: Hell-mouth enclosing the damned in flames, one wearing a mitre. Historiated initial B at miniature no. 1 on f. 1r: David astride Goliath, who lays down in full armour, raising a sword (Goliath's) to cuts his head off.BHistoriated initial D at miniature no. 2 on f. 29r: David seated in a chair plays the harp to Saul lying under a coverlet.DHistoriated initial D at miniature no. 3 on f. 46r: Ahimelech [Achimelech], the priest, giving David the sword of Goliath, and the shewbread.DHistoriated initial Q at miniature no. 4 on f. 61v: David with raised hand (left). David holding a sword slays the Philistines at Keilah [Wormald and Giles (1982), p. 435] or cutting the robe of Saul in the cave of Engedi [Sandler (1986), p. 159]. God, from a cloud above, puts his hand on David's right shoulder.QHistoriated initial D at miniature no. 5 on f. 62r: Abigail seated on chair, with a female servant standing behind her, is warned by a messenger, kneeling before her.DHistoriated initial S at miniature no. 6 on f. 78r: Nabal lies in bed with Abigail kneeling at his side.SHistoriated initial E at miniature no. 7 on f. 99r: The Amalekite offering Saul's gold crown and bracelet to David.EHistoriated initial C at miniature no. 8 on f. 120r: Battle between the armies of Joab and Abner.CHistoriated initial D at miniature no. 9 on f. 123r: Uriah is slain in battle.DHistoriated initial D at miniature no. 10 on f. 142v: David enthroned while two men blow long trumpets (buisines) over his head.DHistoriated initial A at miniature no. 11 on f. 163v: Absalom hanging by his hair from a tree is killed by Joab who is in full armour and on horseback.AHistoriated initial C at miniature no. 12 on f. 174v: A woman, perhaps representing the unnamed wise woman of Abel, on the battlements throws Sheba's head to Joab.CHistoriated initial D at miniature no. 13 on f. 207r: Hell-mouth enclosing the damned in flames, one wearing a mitre.D",histInit,,,,,,,,,,,,,,,,,,,,,,,,,,,,,,,,
_deco_7,manuscript_1,,,"Cambridge, Fitzwilliam Museum, MS McClean 166",manuscript,,MS-FITZWILLIAM-MCCLEAN-00166,,Rubrication throughout at the major divisions of the texts.,rubrication,,,,,,,,,,,,,,,,,,,,,,,,,,,,,,,,
_deco_7,manuscript_1,,,"Cambridge, Fitzwilliam Museum, Charles Fairfax Murray MS 17",manuscript,,MS-FITZWILLIAM-CHARLES-FAIRFAX-MURRAY-00017,,Underlining in red ink throughout.,other,,,,,,,,,,,,,,,,,,,,,,,,,,,,,,,,
_deco_7,manuscript_1,,,"Cambridge, Fitzwilliam Museum, MS 51",manuscript,,MS-FITZWILLIAM-00051,,Small (1 line) plain initials alternatively in gold or blue with black or red pen-flourishing.,plainInit,,,,,,,,,,,,,,,,,,,,,,,,,,,,,,,,
_deco_7,manuscript_1,,,"Cambridge, Peterhouse, MS 118",manuscript,,MS-PETERHOUSE-00118,,Display script in black and red ink.,other,,,,,,,,,,,,,,,,,,,,,,,,,,,,,,,,
_deco_7,manuscript_1,,,"Cambridge, Peterhouse, MS 247",part,,,,"Puzzle initial in red and blue with pen-flourishing at the opening of each text in this Part, e.g., f. 79r.",flourInit,,,,,,,,,,,,,,,,,,,,,,,,,,,,,,,,
_deco_7,manuscript_1,,,"Cambridge, Peterhouse, MS 251",part,,,,Occasional paraph marks and occasional underlining for emphasis in red.,other,,,,,,,,,,,,,,,,,,,,,,,,,,,,,,,,
_deco_7,manuscript_1,,,"Cambridge, Peterhouse, MS 222",part,,,,"Flourished initials, red intitial with blue flourishing and marginal extension or the reverse at the major and minor divisions of the text.",flourInit,,,,,,,,,,,,,,,,,,,,,,,,,,,,,,,,
_deco_7,manuscript_1,,,"Cambridge, Clare College, MS 12 ",part,,,,"Decorative line fillers in red at the end of some rubricated headings, e.g., f. 58v.",lineFill,,,,,,,,,,,,,,,,,,,,,,,,,,,,,,,,
_deco_7,manuscript_1,,,"Cambridge, Gonville and Caius College, MS 230/116",part,,,,Underlining in red ink.,other,,,,,,,,,,,,,,,,,,,,,,,,,,,,,,,,
_deco_7,manuscript_1,,,"Cambridge, Gonville and Caius College, MS 176/97",part,,,,Paraphs in red ink when used in regular text and in black ink when used in rubricated text.,other,,,,,,,,,,,,,,,,,,,,,,,,,,,,,,,,
_deco_7,manuscript_1,,,"Cambridge, Gonville and Caius College, MS 336/725",part,,,,One-line blue initials in frames of red penwork decoration with some pen-flourishing in the same colour (ff. 102v-104v).,flourInit,,,,,,,,,,,,,,,,,,,,,,,,,,,,,,,,
_deco_7,manuscript_1,,,"Cambridge, Gonville and Caius College, MS 451/392",part,,,,Three- to four-line initials outlined in brown ink with several spaces left blank for initials that were never finished.,plainInit,,,,,,,,,,,,,,,,,,,,,,,,,,,,,,,,
_deco_7,manuscript_1,,,"Cambridge, Gonville and Caius College, MS 178/211",part,,,,Added ink drawings of acanthus leaves and human heads in the margins and initials in black ink at spaces that were left blank for decorated initials on ff. [vii] verso-[xii] recto. These were done by the same hand that added drawings of a dog and an acanthus leaf on f. [v] recto.,other,,,,,,,,,,,,,,,,,,,,,,,,,,,,,,,,
_deco_7,manuscript_1,,,"Cambridge, Gonville and Caius College, MS 159/209",part,,,,Paraph marks in red.,other,,,,,,,,,,,,,,,,,,,,,,,,,,,,,,,,
_deco_7,manuscript_1,,,"Cambridge, Gonville and Caius College, MS 345/620",part,,,,"Spaces for decorative initials throughout, all unfilled.",unfilled,,,,,,,,,,,,,,,,,,,,,,,,,,,,,,,,
_deco_7,manuscript_1,,,"Cambridge, Gonville and Caius College, MS 407/413",part,,,,Frequent maniculae in marginal spaces.,marginal,,,,,,,,,,,,,,,,,,,,,,,,,,,,,,,,
_deco_7,manuscript_1,,,"Cambridge, Gonville and Caius College, MS 181/214",part,,,,Plain initials in blue at the major and minor divisions of the text.,plainInit,,,,,,,,,,,,,,,,,,,,,,,,,,,,,,,,
_deco_7,manuscript_1,,,"Cambridge, Gonville and Caius College, MS 98/50",part,,,,Paraphs in red ink.,other,,,,,,,,,,,,,,,,,,,,,,,,,,,,,,,,
_deco_7,manuscript_1,,,"Cambridge, Gonville and Caius College, MS 84/166",part,,,,Paraphs in red ink.,other,,,,,,,,,,,,,,,,,,,,,,,,,,,,,,,,
_deco_7,manuscript_1,,,"Cambridge, Gonville and Caius College, MS 379/599",part,,,,"Rubrics (red only) to mark the beginnings and ends of texts or sections of texts on ff. 35v, 49v and 55r.",rubric,,,,,,,,,,,,,,,,,,,,,,,,,,,,,,,,
_deco_7,manuscript_1,,,"Cambridge, Gonville and Caius College, MS 200/106",part,,,,Paraphs in blue or red ink.,other,,,,,,,,,,,,,,,,,,,,,,,,,,,,,,,,
_deco_7,manuscript_1,,,"Cambridge, Gonville and Caius College, MS 147/197",part,,,,Paraphs in red ink.,other,,,,,,,,,,,,,,,,,,,,,,,,,,,,,,,,
_deco_7,manuscript_1,,,"Cambridge, Sidney Sussex College, MS 85",manuscript,,MS-SIDNEYSUSSEX-00085,,"Ascenders on the first line of f. 1r with human faces drawn in brown ink. Throughout the manuscript, the descenders on last lines extending into lower margins as series of short horizontal and vertical lines either in brown ink with accents in red ink or entirely in red or brown ink.",cadels,,,,,,,,,,,,,,,,,,,,,,,,,,,,,,,,
_deco_7,manuscript_1,,,"Cambridge, Newnham College, MS 4",manuscript,,MS-NEWNHAM-00004,,"Rubricated words in the text red ink, incipits and explicits for passuses rubricated in red ink.",rubrication,,,,,,,,,,,,,,,,,,,,,,,,,,,,,,,,
_deco_8,manuscript_1,,,"Cambridge, Emmanuel College, MS 69",manuscript,,MS-EMMANUEL-COLLEGE-00069,,Regular capitals highlighted in red ink.,other,,,,,,,,,,,,,,,,,,,,,,,,,,,,,,,,
_deco_8,manuscript_1,,,,part,,,,"Line-fillers comprising vegetation, geometric and zoomorphic designs in blue or turquoise and red, some forming frames.",lineFill,,,,,,,,,,,,,,,,,,,,,,,,,,,,,,,,
_deco_8,manuscript_1,,,"Cambridge, University Library, MS Ee.2.29",part,,,,"Capitals highlighted in red ink on ff. 135r, 142r-144v.",other,,,,,,,,,,,,,,,,,,,,,,,,,,,,,,,,
_deco_8,manuscript_1,,,,manuscript,,MS-II-00006-00032,,", Abraham",miniature,4v,4v,4v,,,,,,,,,,,,,,,,,,,,,,,,,,,,,
_deco_8,manuscript_1,,,,part,,,,"Worm-like figures on ff. 2:87v-2:98r, interacting with letter forms and marking where the text runs over from one line to the next.",lineFill,,,,,,,,,,,,,,,,,,,,,,,,,,,,,,,,
_deco_8,manuscript_1,,,"Cambridge, University Library, MS Ee.3.59",manuscript,,MS-EE-00003-00059,,: Death of King Harthacnut at a wedding feast. Bishop Brithwold 'of Winchester' kneels at an altar (Brithwold was in fact Bishop of Ramsbury).,miniature,7r,7r,7r,,,,,,,,,,,,,,,,,,,,,,,,,,,,,
_deco_8,manuscript_1,,,"Cambridge, University Library, MS Kk.6.33",part,,,,Paraphs in blue or red ink.,other,,,,,,,,,,,,,,,,,,,,,,,,,,,,,,,,
_deco_8,manuscript_1,,,,part,,,,"The manuscript contains several decorated signes de renvoi and paragraph marks. Grotesques, some emerging from letters, appear on page 3, page 19 and page .",Borders,,,,,,,,,,,,,,,,,,,,,,,,,,,,,,,,
_deco_8,manuscript_1,,,"Cambridge, University Library, MS Kk.6.30",part,,,,Small (1-line) regular initials higlighted in red ink.,other,,,,,,,,,,,,,,,,,,,,,,,,,,,,,,,,
_deco_8,manuscript_1,,,MS Gg.6.42,part,,,,"Capital letters, including versals, touched in red. The opening section has coloured versals in red and blue (f. ).",colInit,3r,3r,3r,,,,,,,,,,,,,,,,,,,,,,,,,,,,,
_deco_8,manuscript_1,,,"Cambridge, University Library, MS Dd.8.12",part,,,,"Plain coloured initials, red or blue, for each new item in the capitula lists.",plainInit,,,,,,,,,,,,,,,,,,,,,,,,,,,,,,,,
_deco_8,manuscript_1,,,"Cambridge, University Library, MS Ff.6.51",part,,,,Headings rubricated in red ink throughout.,rubrication,,,,,,,,,,,,,,,,,,,,,,,,,,,,,,,,
_deco_8,manuscript_1,,,"Cambridge, University Library, MS Ff.6.53",manuscript,,MS-FF-00006-00053,,"A frame for a catchwords decorated in the shape of a (?) fish on ff. 104v, 129v.",other,,,,,,,,,,,,,,,,,,,,,,,,,,,,,,,,
_deco_8,manuscript_1,,,"Cambridge, University Library, MS Add. 3120",part,,,,Linefillers in red ink.,lineFill,,,,,,,,,,,,,,,,,,,,,,,,,,,,,,,,
_deco_8,manuscript_1,,,"Cambridge, University Library, MS Dd.6.29",manuscript,,MS-DD-00006-00029,,Initials in the margin occasionally filled with yellow ink (ff. ).,other,120r-124r,120r,124r,,,,,,,,,,,,,,,,,,,,,,,,,,,,,
_deco_8,manuscript_1,,,,manuscript,,MS-ADD-04126,,: Adoration of the Magi (Sext),miniature,52r,52r,52r,,,,,,,,,,,,,,,,,,,,,,,,,,,,,
_deco_8,manuscript_1,,,"Cambridge, University Library, MS Add. 4085",manuscript,,MS-ADD-04085,,"ff. , , , , , , : musical activities",border,6r; 13r; 25v; 36r; 50v; 66r; 74v,6r 13v 25v 36r 50v 66r 74v,6r 13v 25v 36r 50v 66r 74v,,,,,,,,,,,,,,,,,,,,,,,,,,,,,
_deco_8,manuscript_1,,,,manuscript,,MS-NN-00004-00001,,"Virgin and Child (5 lines, text beginning Certissima spes omnium, )",miniature,33,33r,33r,,,,,,,,,,,,,,,,,,,,,,,,,,,,,
_deco_8,manuscript_1,,,"Cambridge, University Library, MS Dd.8.19",part,,,,"Cadels in red ink in rubricated 'incipits' and 'explicits' for each book on ff. 7v, 27v, 48r, 64r, 85r, 95r, 108r.",cadels,,,,,,,,,,,,,,,,,,,,,,,,,,,,,,,,
_deco_8,manuscript_1,,,"Cambridge, University Library, MS Dd.10.44",part,,,,Headings in red ink.,rubrication,,,,,,,,,,,,,,,,,,,,,,,,,,,,,,,,
_deco_8,manuscript_1,,,"Cambridge, University Library, MS Ii.6.5",part,,,,"Spaces for initials left unfilled by original scribes, see e.g., f. 123v ln. 3 and filled in later middle ages by the scribe who added flourished initials to the unfilled initial spaces throughout the volume.",unfilled,,,,,,,,,,,,,,,,,,,,,,,,,,,,,,,,
_deco_8,manuscript_1,,,"Cambridge, University Library, MS Ii.6.39",part,,,,"Two large (5-6 lines) puzzle initial in blue and red in a frame of red and blue ink with floral motifs inside the letter and a partial (one-sided) border in red ink (ff. 75r, 79v).",flourInit,,,,,,,,,,,,,,,,,,,,,,,,,,,,,,,,
_deco_8,manuscript_1,,,"Cambridge, University Library, MS Ll.2.2",manuscript,,MS-LL-00002-00002,,"One-line capitals highlighted in red, underlining in red, and paraphs in red (ff. 5r-13r).",other,,,,,,,,,,,,,,,,,,,,,,,,,,,,,,,,
_deco_8,manuscript_1,,,"Cambridge, University Library, MS Dd.3.52",manuscript,,MS-DD-00003-00052,,"Unfinished drawing of a man's torso, head, and right arm added to the outer margin of f. 118v in brown ink.",other,,,,,,,,,,,,,,,,,,,,,,,,,,,,,,,,
_deco_8,manuscript_1,,,"Cambridge, University Library, MS Ii.3.21",part,,,,"Two- to five-line initials in blue, with infill and marginal flourishing in red, at the beginning of each chapter. The style of marginal flourishing is different between ff. 3:74v and 3:95r.",flourInit,,,,,,,,,,,,,,,,,,,,,,,,,,,,,,,,
_deco_8,manuscript_1,,,"Cambridge, University Library, MS Dd.5.53",part,,,,Drawing of a medical instrument (clister) in red ink on f. 95v.,diagram,,,,,,,,,,,,,,,,,,,,,,,,,,,,,,,,
_deco_8,manuscript_1,,,"Cambridge, University Library, MS Kk.1.6",part,,,,"Introductory and final rubrics, and Latin quotations rubricated in red ink.",rubrication,,,,,,,,,,,,,,,,,,,,,,,,,,,,,,,,
_deco_8,manuscript_1,,,"Cambridge, University Library, MS Dd.15.15",part,,,,Chapter headings and marginal content markers written in red ink.,rubrication,,,,,,,,,,,,,,,,,,,,,,,,,,,,,,,,
_deco_8,manuscript_1,,,"Cambridge, University Library, MS Dd.11.45",part,,,,"Underlining in red ink in the recipes on ff. 129r-133v, the fragmentary treatise on f. 134r, and the magical treatise on ff. 135v-139v .",other,,,,,,,,,,,,,,,,,,,,,,,,,,,,,,,,
_deco_8,manuscript_1,,,,manuscript,,MS-DD-00001-00014,,"Line-fillers of dragons and foliage (2r, 5v).",lineFill,,,,,,,,,,,,,,,,,,,,,,,,,,,,,,,,
_deco_8,manuscript_1,,,"Cambridge, Trinity College, MS R.14.41",part,,,,Titles and sub-headings written in red ink.,rubrication,,,,,,,,,,,,,,,,,,,,,,,,,,,,,,,,
_deco_8,manuscript_1,,,"Cambridge, Trinity College, MS O.2.13",part,,,,Crosses in charms drawn in red ink.,other,,,,,,,,,,,,,,,,,,,,,,,,,,,,,,,,
_deco_8,manuscript_1,,,"Cambridge, Trinity College, MS O.7.20",part,,,,Regular initials in dark ink highlighted with red ink.,other,,,,,,,,,,,,,,,,,,,,,,,,,,,,,,,,
_deco_8,manuscript_1,,,"Cambridge, Trinity College, MS R.14.52",manuscript,,MS-TRINITY-COLLEGE-R-00014-00052,,Paraphs in red ink; but those in the text that accompanies the drawings of twenty urine flasks (jordans) on ff. 2:173a recto-2:173d verso alternate between blue and red ink.,other,,,,,,,,,,,,,,,,,,,,,,,,,,,,,,,,
_deco_8,manuscript_1,,,"Cambridge, Trinity College, MS R.14.44",part,,,,Linefilllers in red ink.,lifeFil,,,,,,,,,,,,,,,,,,,,,,,,,,,,,,,,
_deco_8,manuscript_1,,,"Cambridge, Trinity College, MS O.9.10",manuscript,,MS-TRINITY-COLLEGE-O-00009-00010,,"Ascenders of letters on the top lines of pages are sometimes decorated with drawings of fish in dark ink (see ff. 68v, 72r).",cadel,,,,,,,,,,,,,,,,,,,,,,,,,,,,,,,,
_deco_8,manuscript_1,,,"Cambridge, Trinity College, MS O.8.2",part,,,,"Large (1-4 lines) initials outlined or coloured in brown ink, sometimes featuring minor forms of decoration (e.g. the initial J features a fish on f. 78r; and the initial U features floral motifs inside the letter on f. 80r). JU",plainInit,,,,,,,,,,,,,,,,,,,,,,,,,,,,,,,,
_deco_8,manuscript_1,,,"Cambridge, Trinity College, MS O.1.57",part,,,,"Two diagrammatic drawings in dark and red ink within a text that describes a magic ritual for retrieving stolen goods on on f. 2:126v: 1. A pentangle with a cross drawn inside it and the letters ""a"" to ""e"" written on the outside between successive points in dark ink illustrating a figure that needs to be drawn on bread 2. A diagram showing the bread after it has been pierced by three knives.",diagram,,,,,,,,,,,,,,,,,,,,,,,,,,,,,,,,
_deco_8,manuscript_1,,,"Cambridge, Trinity College, MS B.14.19",part,,,,Paraphs in blue or red ink.,other,,,,,,,,,,,,,,,,,,,,,,,,,,,,,,,,
_deco_8,manuscript_1,,,"Cambridge, Trinity College, MS O.1.65",part,,,,Headings of recipes written in red ink.,rubrication,,,,,,,,,,,,,,,,,,,,,,,,,,,,,,,,
_deco_8,manuscript_1,,,"Cambridge, Trinity College, MS R.14.29",part,,,,Titles for columns and rows in the astrological tables on ff. 122r-123r have been written in red in.,rubrication,,,,,,,,,,,,,,,,,,,,,,,,,,,,,,,,
_deco_8,manuscript_1,,,"Cambridge, Trinity College, MS O.8.31",part,,,,"One slightly enlarged plain initial in the main ink on f. 162a, 'U' in 'Utatur.",plain,,,,,,,,,,,,,,,,,,,,,,,,,,,,,,,,
_deco_8,manuscript_1,,,"Cambridge, Trinity College, MS O.9.37",manuscript,,MS-TRINITY-COLLEGE-O-00009-00037,,Regula initials (1 line) highlighted in red ink.,other,,,,,,,,,,,,,,,,,,,,,,,,,,,,,,,,
_deco_8,manuscript_1,,,"Cambridge, Trinity College, MS O.1.13",part,,,,"Three added marginal drawings of body parts in dark ink, illustrating the subjects of the recipes on the pages: an ear, accompanying a recipe ffor euyl heryng on f. 167r; an ear, accompanying a recipe ffor a schepis lowse or any oþer thyng þat is cropyþ in to a mannys ere on f. 171r; and a tooth, accompanying a recipe ffor the toth ache on f. 172a recto. ffor euyl heryngffor a schepis lowse or any oþer thyng þat is cropyþ in to a mannys ereffor the toth ache",drawing,,,,,,,,,,,,,,,,,,,,,,,,,,,,,,,,
_deco_8,manuscript_1,,,"Cambridge, Trinity College, MS O.2.21",part,,,,Middle English line-by-line subject-glosses to the Anglo-Norman poem on ff. 120r-133v written in red. Red paraph marks throughout 120r-139r.,rubrication,,,,,,,,,,,,,,,,,,,,,,,,,,,,,,,,
_deco_8,manuscript_1,,,"Cambridge, King's College, MS 16",part,,,,large (2 lines) blue initials.,colInit,,,,,,,,,,,,,,,,,,,,,,,,,,,,,,,,
_deco_8,manuscript_1,,,"Cambridge, Corpus Christi College, MS 210",part,,,,"Two drawings in plummet of a bull: one of a bull's head and another of their complete body, on p. 330 (perhaps based a paper watermark but one that has not been observed in this manuscript).",drawing,,,,,,,,,,,,,,,,,,,,,,,,,,,,,,,,
_deco_8,manuscript_1,,,"Cambridge, Corpus Christi College, MS 405",part,,,,Plain initials in red or blue in a 'Lombardic' style at the minor divisions of the text.,plainInit,,,,,,,,,,,,,,,,,,,,,,,,,,,,,,,,
_deco_8,manuscript_1,,,"Cambridge, Corpus Christi College, MS 456",part,,,,Occasional paraph marks in red.,other,,,,,,,,,,,,,,,,,,,,,,,,,,,,,,,,
_deco_8,manuscript_1,,,"Cambridge, Corpus Christi College, MS 335",part,,,,This part of the manuscript does not contain any significant forms of decoration.,,,,,,,,,,,,,,,,,,,,,,,,,,,,,,,,,
_deco_8,manuscript_1,,,"Cambridge, St John's College, MS D.4",part,,,,Black paraph marks touched with red.,other,,,,,,,,,,,,,,,,,,,,,,,,,,,,,,,,
_deco_8,manuscript_1,,,"Cambridge, St John's College, MS B.15",part,,,,Paraphs in red ink.,other,,,,,,,,,,,,,,,,,,,,,,,,,,,,,,,,
_deco_8,manuscript_1,,,"Cambridge, St John's College, MS E.6",part,,,,A drawing of a medical instrument in brown ink in the inner margin of f. 112v.,drawing,,,,,,,,,,,,,,,,,,,,,,,,,,,,,,,,
_deco_8,manuscript_1,,,"Cambridge, Jesus College, MS Q.D.4",part,,,,Rubricated titles to some sermons ff. 188r-212r only.,rubrication,,,,,,,,,,,,,,,,,,,,,,,,,,,,,,,,
_deco_8,manuscript_1,,,"Cambridge, Jesus College, MS Q.D.1",part,,,,Titles rubricated in red ink throughout.,rubrication,,,,,,,,,,,,,,,,,,,,,,,,,,,,,,,,
_deco_8,manuscript_1,,,"Cambridge, Magdalene College, Pepys MS 1661",part,,,,Line-fillers consist of horizontal wavy lines in blue or red ink.,lineFill,,,,,,,,,,,,,,,,,,,,,,,,,,,,,,,,
_deco_8,manuscript_1,,,"Cambridge, Magdalene College, MS Pepys 911",part,,,,Rubrics and minor headings in red ink throughout the Part.,rubrication,,,,,,,,,,,,,,,,,,,,,,,,,,,,,,,,
_deco_8,manuscript_1,,,"Cambridge, Pembroke College, MS 258",part,,,,"Sketches of mythical beasts (e.g. mermaid on f. 66v, centaur on f. 67v), grotesques, animals, human figures and other drolleries, in crayon, in the lower and outer margins of ff. 58r-90v. Many overwritten by subsequent marginal notes.",miniature,,,,,,,,,,,,,,,,,,,,,,,,,,,,,,,,
_deco_8,manuscript_1,,,"Cambridge, Pembroke College, MS 72",part,,,,"Many rubrics, written in or underlined with red ink.",rubrication,,,,,,,,,,,,,,,,,,,,,,,,,,,,,,,,
_deco_8,manuscript_1,,,"Cambridge, Fitzwilliam Museum, MS 261",manuscript,,MS-FITZWILLIAM-00261,,Small (1 line) regulal initials highlighted with yellow throughout.,other,,,,,,,,,,,,,,,,,,,,,,,,,,,,,,,,
_deco_8,manuscript_1,,,"Cambridge, Fitzwilliam Museum, MS 38-1950",part,,,,"Large (3 lines) initials for the initials of psalms: in blue and/or pink with acanthus leaves and in frames with gold grounds with decorative motives (e.g. knotwork) painted with white and red on the letters, sometimes with foliate patterns with acanthus leaves inside their letters but often with more extensive decorative features: [A] Initials with coats of arms in colours and gold inside their letters: f. 1v features the Royal Arms, France and England quarterly; f. 2v the arms of Castile and Leon quarterly (John of Gaunt as king of Castile; a claim he retained until 1386); f. 3r the arms of the heir apparent of the English throne); f. 4r the arms of Lancaster; f. 5r the arms of Bohun; f. 5v the arms of Bohun; f. 7r the arms of Butler, Earls of Ormond; and f. 7v the arms of Courtenay, Earl of Devon.[B] Initials with human heads in colours inside their letters (ff. 12v [with headdress], 23r, 25v [with headdress], 40v, 44r, 49v, 55v [with crown], 63r [with crown], 69r [with mitre], 69v [with nun's veil], 71r, 87r, 102r, 117r [with tonsure], 121r [with crown], 157v [with tonsure], 162r,, 178v, 179r [with knight's helmet], 212r,230v [woman with red veil, probably representing the Virgin Mary]).[C] Initials with animals inside their letters (ff. 51v [hare], 145r [stag's head], 185r [stag's head]).[D] Initials with grotesque heads inside their letters (ff. 186r, 199v).[E] Initials with dragons, hybrid figures, and other grotesque creatures inside their letters ( 14r, 20r, 88r, 88v, 106r, 111r, 119r [with a spoon], 129v [with sword and shield], 136r, 167r, 167v, 168v, 169r, 169v, 170v, 171r [2x], 172v, 181r, 189r).[F] Initials with letters formed by winged dragon-like creatures with human or animal heads (ff. 11v, 26v, 30v, 67r [with mitre], 91r, 112v, 168r [with bowl and spoon], 173v, 195r, 204r).[G] Initials with faces circumscribed by wavy lines, sometimes sticking out tongues, either emerging from the letter's opposite sides (ff. 13v, 25r, 69r, 87r, 101r, 111r, 117r [one side only], 117v [demon's face], 156v, 177r [one side only], 191v [one side only], 214v) or opposing each other inside the letters (f. 59v). [A] Initials with coats of arms in colours and gold inside their letters: f. 1v features the Royal Arms, France and England quarterly; f. 2v the arms of Castile and Leon quarterly (John of Gaunt as king of Castile; a claim he retained until 1386); f. 3r the arms of the heir apparent of the English throne); f. 4r the arms of Lancaster; f. 5r the arms of Bohun; f. 5v the arms of Bohun; f. 7r the arms of Butler, Earls of Ormond; and f. 7v the arms of Courtenay, Earl of Devon.[B] Initials with human heads in colours inside their letters (ff. 12v [with headdress], 23r, 25v [with headdress], 40v, 44r, 49v, 55v [with crown], 63r [with crown], 69r [with mitre], 69v [with nun's veil], 71r, 87r, 102r, 117r [with tonsure], 121r [with crown], 157v [with tonsure], 162r,, 178v, 179r [with knight's helmet], 212r,230v [woman with red veil, probably representing the Virgin Mary]).[C] Initials with animals inside their letters (ff. 51v [hare], 145r [stag's head], 185r [stag's head]).[D] Initials with grotesque heads inside their letters (ff. 186r, 199v).[E] Initials with dragons, hybrid figures, and other grotesque creatures inside their letters (14r, 20r, 88r, 88v, 106r, 111r, 119r [with a spoon], 129v [with sword and shield], 136r, 167r, 167v, 168v, 169r, 169v, 170v, 171r [2x], 172v, 181r, 189r).[F] Initials with letters formed by winged dragon-like creatures with human or animal heads (ff. 11v, 26v, 30v, 67r [with mitre], 91r, 112v, 168r [with bowl and spoon], 173v, 195r, 204r).[G] Initials with faces circumscribed by wavy lines, sometimes sticking out tongues, either emerging from the letter's opposite sides (ff. 13v, 25r, 69r, 87r, 101r, 111r, 117r [one side only], 117v [demon's face], 156v, 177r [one side only], 191v [one side only], 214v) or opposing each other inside the letters (f. 59v).",decInit,,,,,,,,,,,,,,,,,,,,,,,,,,,,,,,,
_deco_8,manuscript_1,,,"Cambridge, Fitzwilliam Museum, MS 51",manuscript,,MS-FITZWILLIAM-00051,,"Line-fillers in gold, blue or red.",lineFil,,,,,,,,,,,,,,,,,,,,,,,,,,,,,,,,
_deco_8,manuscript_1,,,"Cambridge, Peterhouse, MS 118",manuscript,,MS-PETERHOUSE-00118,,Paraphs either highlighted in red ink or drawn in red ink.,other,,,,,,,,,,,,,,,,,,,,,,,,,,,,,,,,
_deco_8,manuscript_1,,,"Cambridge, Peterhouse, MS 247",part,,,,Plain red and blue initials at minor divisions of the text in this Part.,plainInit,,,,,,,,,,,,,,,,,,,,,,,,,,,,,,,,
_deco_8,manuscript_1,,,"Cambridge, Peterhouse, MS 251",part,,,,Decorative initials in either red or blue with minor flourishing in the other colour at the start of most divisions of the text.,flourInit,,,,,,,,,,,,,,,,,,,,,,,,,,,,,,,,
_deco_8,manuscript_1,,,"Cambridge, Peterhouse, MS 222",part,,,,"Incipits, explicits, and chapter titles in red.",rubrication,,,,,,,,,,,,,,,,,,,,,,,,,,,,,,,,
_deco_8,manuscript_1,,,"Cambridge, Clare College, MS 12 ",part,,,,"Guide letters for decorative initials visible in the left margin of some leavees; note that where guide letters are present in the left margin of a recto, the letter is almost always too deeply situated in the gutter to be visible in the photograhic images of this manuscript.",instructions,,,,,,,,,,,,,,,,,,,,,,,,,,,,,,,,
_deco_8,manuscript_1,,,"Cambridge, Gonville and Caius College, MS 176/97",part,,,,Underlining and strikethroughs in red ink.,other,,,,,,,,,,,,,,,,,,,,,,,,,,,,,,,,
_deco_8,manuscript_1,,,"Cambridge, Gonville and Caius College, MS 336/725",part,,,,Headings rubricated in red ink; but also in blue on f. 105v.,rubrication,,,,,,,,,,,,,,,,,,,,,,,,,,,,,,,,
_deco_8,manuscript_1,,,"Cambridge, Gonville and Caius College, MS 451/392",part,,,,"Diagrams of 20 urine flasks ('jordan') in brown ink on pp. 58-67, two per page.",diagram,,,,,,,,,,,,,,,,,,,,,,,,,,,,,,,,
_deco_8,manuscript_1,,,"Cambridge, Gonville and Caius College, MS 159/209",part,,,,Plain red initials at the major and minor divisions of the text.,plainInit,,,,,,,,,,,,,,,,,,,,,,,,,,,,,,,,
_deco_8,manuscript_1,,,"Cambridge, Gonville and Caius College, MS 345/620",part,,,,Paraph marks in red.,other,,,,,,,,,,,,,,,,,,,,,,,,,,,,,,,,
_deco_8,manuscript_1,,,"Cambridge, Gonville and Caius College, MS 181/214",part,,,,Rubricated titles to the major and minor divisions of the text.,rubrication,,,,,,,,,,,,,,,,,,,,,,,,,,,,,,,,
_deco_8,manuscript_1,,,"Cambridge, Gonville and Caius College, MS 98/50",part,,,,Underlining in red ink.,underlining,,,,,,,,,,,,,,,,,,,,,,,,,,,,,,,,
_deco_8,manuscript_1,,,"Cambridge, Gonville and Caius College, MS 84/166",part,,,,Small (1 line) inititials in red ink.,colInit,,,,,,,,,,,,,,,,,,,,,,,,,,,,,,,,
_deco_8,manuscript_1,,,"Cambridge, Gonville and Caius College, MS 379/599",part,,,,Stylised botanical line filler in red on 55v.,lineFill,,,,,,,,,,,,,,,,,,,,,,,,,,,,,,,,
_deco_8,manuscript_1,,,"Cambridge, Gonville and Caius College, MS 200/106",part,,,,One two-line initial in blue and red ink on p. 169.,colInit,,,,,,,,,,,,,,,,,,,,,,,,,,,,,,,,
_deco_8,manuscript_1,,,"Cambridge, Gonville and Caius College, MS 147/197",part,,,,Line fillers consisting horizontal bars outlined in blue or red ink and with motifs in both colours inside them.,lineFill,,,,,,,,,,,,,,,,,,,,,,,,,,,,,,,,
_deco_8,manuscript_1,,,"Cambridge, Sidney Sussex College, MS 85",manuscript,,MS-SIDNEYSUSSEX-00085,,"Rubrics, underlining and marginal notes in red ink.",rubrication,,,,,,,,,,,,,,,,,,,,,,,,,,,,,,,,
_deco_8,manuscript_1,,,"Cambridge, Newnham College, MS 4",manuscript,,MS-NEWNHAM-00004,,Initials at the beginning of lines highlighted in red ink.,other,,,,,,,,,,,,,,,,,,,,,,,,,,,,,,,,
_deco_9,manuscript_1,,,"Cambridge, Emmanuel College, MS 69",manuscript,,MS-EMMANUEL-COLLEGE-00069,,Paraphs in red ink throughout the manuscript.,other,,,,,,,,,,,,,,,,,,,,,,,,,,,,,,,,
_deco_9,manuscript_1,,,,part,,,,Line-fillers sketched in ink.,lineFill,,,,,,,,,,,,,,,,,,,,,,,,,,,,,,,,
_deco_9,manuscript_1,,,"Cambridge, University Library, MS Ee.2.29",part,,,,Virgulae suspensivae in red ink on f. 135r.,other,,,,,,,,,,,,,,,,,,,,,,,,,,,,,,,,
_deco_9,manuscript_1,,,,manuscript,,MS-II-00006-00032,,", Zacharias",miniature,29v,29v,29v,,,,,,,,,,,,,,,,,,,,,,,,,,,,,
_deco_9,manuscript_1,,,,part,,,,"Titles and rubrics in red lead, with dashes and dots, many of which have now faded to a light yellowish white that is difficult or impossible to read under ordinary light.",rubrication,,,,,,,,,,,,,,,,,,,,,,,,,,,,,,,,
_deco_9,manuscript_1,,,"Cambridge, University Library, MS Ee.3.59",manuscript,,MS-EE-00003-00059,,": Brithwold dreams that Edward will reign, blessed by St Peter.",miniature,7v,7v,7v,,,,,,,,,,,,,,,,,,,,,,,,,,,,,
_deco_9,manuscript_1,,,,part,,,,There are historiated initials (5-18 lines) in burnished gold on blue and rose ground or in rose and white on burnished gold ground: 254 Giraldus Cambrensis writing 262 Henry II enthroned and surrounded by soldiers 290 An author presenting his book to Henry II 322 Armed inhabitants of Ireland 364 Deomicius pointing to a tower 453 St. Patrick preaching 499 An author presenting his book to an archbishop 542 St. Patrick preaching 568 A bishop accompanied by monks blessing a man 570 A man before a door 610 A prophecy of Merlin 618 St. David preaching 254 Giraldus Cambrensis writing 262 Henry II enthroned and surrounded by soldiers 290 An author presenting his book to Henry II 322 Armed inhabitants of Ireland 364 Deomicius pointing to a tower 453 St. Patrick preaching 499 An author presenting his book to an archbishop 542 St. Patrick preaching 568 A bishop accompanied by monks blessing a man 570 A man before a door 610 A prophecy of Merlin 618 St. David preaching,initial,,,,,,,,,,,,,,,,,,,,,,,,,,,,,,,,
_deco_9,manuscript_1,,,"Cambridge, University Library, MS Kk.6.30",part,,,,Underlining in red ink.,other,,,,,,,,,,,,,,,,,,,,,,,,,,,,,,,,
_deco_9,manuscript_1,,,MS Gg.6.42,part,,,,Rubricated headings and nota bene marks.,rubrication,,,,,,,,,,,,,,,,,,,,,,,,,,,,,,,,
_deco_9,manuscript_1,,,"Cambridge, University Library, MS Dd.8.12",part,,,,Rubrication (red only) at the beginning of each preface and each biblical book.,rubric,,,,,,,,,,,,,,,,,,,,,,,,,,,,,,,,
_deco_9,manuscript_1,,,"Cambridge, University Library, MS Ff.6.51",part,,,,Marginal chapter numbers in Roman numerals in blue and red.,other,,,,,,,,,,,,,,,,,,,,,,,,,,,,,,,,
_deco_9,manuscript_1,,,"Cambridge, University Library, MS Ff.6.53",manuscript,,MS-FF-00006-00053,,"Run-over symbols include fleurs-de-lis in brown ink that have been highlighted in red, e.g. f. 146r.",other,,,,,,,,,,,,,,,,,,,,,,,,,,,,,,,,
_deco_9,manuscript_1,,,"Cambridge, University Library, MS Add. 3120",part,,,,Titles and headings rubricated in red throughout.,rubrication,,,,,,,,,,,,,,,,,,,,,,,,,,,,,,,,
_deco_9,manuscript_1,,,,manuscript,,MS-ADD-04126,,: Presentation at the Temple (None),miniature,54v,54v,54v,,,,,,,,,,,,,,,,,,,,,,,,,,,,,
_deco_9,manuscript_1,,,"Cambridge, University Library, MS Add. 4085",manuscript,,MS-ADD-04085,,f. : windmill,border,34r,34r,34r,,,,,,,,,,,,,,,,,,,,,,,,,,,,,
_deco_9,manuscript_1,,,,manuscript,,MS-NN-00004-00001,,"Ornamental and minor initials: Brown-gold initials (3-4 lines) formed of knotted branches on blue, green or pink background (, , , , ); grey-white initials formed of knotted branches on brown-gold ground (1-3 lines)",initial,5; 17v; 31v; 37; 80,5r 17v 31v 37r 80r,5r 17v 31v 37r 80r,,,,,,,,,,,,,,,,,,,,,,,,,,,,,
_deco_9,manuscript_1,,,"Cambridge, University Library, MS Dd.8.19",part,,,,"Cadels in black ink for most of the initials on the first lines of columns on ff. 57v-90r, and ff. 127r-130v, some featuring human faces (f. 127r), and one (f. 84r) containing a drawing of a woman's head in profile with a crown, probably illustrating the line: 'As I haue do to my lady'.",cadels,,,,,,,,,,,,,,,,,,,,,,,,,,,,,,,,
_deco_9,manuscript_1,,,"Cambridge, University Library, MS Dd.10.44",part,,,,Initials highlighted in red ink.,other,,,,,,,,,,,,,,,,,,,,,,,,,,,,,,,,
_deco_9,manuscript_1,,,"Cambridge, University Library, MS Ii.6.5",part,,,,Plain initial in text-ink f. 125r.,plainInit,,,,,,,,,,,,,,,,,,,,,,,,,,,,,,,,
_deco_9,manuscript_1,,,"Cambridge, University Library, MS Ii.6.39",part,,,,Large (3 lines) blue initials in frames of red penwork decoration with pen-flourishing extending into the margins.,flourInit,,,,,,,,,,,,,,,,,,,,,,,,,,,,,,,,
_deco_9,manuscript_1,,,"Cambridge, University Library, MS Dd.3.52",manuscript,,MS-DD-00003-00052,,"Manicules in brown ink have been occasionally added to the margins (e.g. ff. 121r, 122r.",other,,,,,,,,,,,,,,,,,,,,,,,,,,,,,,,,
_deco_9,manuscript_1,,,"Cambridge, University Library, MS Dd.5.53",part,,,,"Large (2 lines) initial with penwork decoration and pen-flourishing in brown ink on f. 90r ; an unfinished one on f. 97v, where the initial has only been outlined in black ink.",flourInit,,,,,,,,,,,,,,,,,,,,,,,,,,,,,,,,
_deco_9,manuscript_1,,,"Cambridge, University Library, MS Kk.1.6",part,,,,One-line plain capitals in red ink,plainInit,,,,,,,,,,,,,,,,,,,,,,,,,,,,,,,,
_deco_9,manuscript_1,,,"Cambridge, University Library, MS Dd.15.15",part,,,,"Space left for a four-line initial at the opening of the text, and further spaces for two-line initials at the opening of chapters.",unfilled,,,,,,,,,,,,,,,,,,,,,,,,,,,,,,,,
_deco_9,manuscript_1,,,"Cambridge, University Library, MS Dd.11.45",part,,,,Paraphs in black ink higlighted in red ink on ff. 129r-133v.,other,,,,,,,,,,,,,,,,,,,,,,,,,,,,,,,,
_deco_9,manuscript_1,,,"Cambridge, Trinity College, MS R.14.41",part,,,,Paraphs in blue or red ink.,other,,,,,,,,,,,,,,,,,,,,,,,,,,,,,,,,
_deco_9,manuscript_1,,,"Cambridge, Trinity College, MS O.2.13",part,,,,One large (3 lines) plain red initial on f. 117r.,colInit,,,,,,,,,,,,,,,,,,,,,,,,,,,,,,,,
_deco_9,manuscript_1,,,"Cambridge, Trinity College, MS O.7.20",part,,,,Paraphs in red ink.,other,,,,,,,,,,,,,,,,,,,,,,,,,,,,,,,,
_deco_9,manuscript_1,,,"Cambridge, Trinity College, MS R.14.44",part,,,,Initials (1 line) occasionally higlighted in red ink (especially in the alchemical poem on ff. 15v-17r).,other,,,,,,,,,,,,,,,,,,,,,,,,,,,,,,,,
_deco_9,manuscript_1,,,"Cambridge, Trinity College, MS O.9.10",manuscript,,MS-TRINITY-COLLEGE-O-00009-00010,,"One large (3 lines) puzzle initial in blue and red ink and with a human face drawn with red ink inside the letter on f. 43r; and one large (2 lines) blue initial with the head of a zoomorphic or hybrid figure inside the letter outlines in red ink, inside a frame of red penwork decoration and red pen-flourishing extending into the margins, on f. 89r.",decInit,,,,,,,,,,,,,,,,,,,,,,,,,,,,,,,,
_deco_9,manuscript_1,,,"Cambridge, Trinity College, MS O.8.2",part,,,,One large (1-3 lines) initial outlined or coloured in red ink on ff. 52r and 73r.,plainInit,,,,,,,,,,,,,,,,,,,,,,,,,,,,,,,,
_deco_9,manuscript_1,,,"Cambridge, Trinity College, MS O.1.57",part,,,,"Large blue initials (2- or 3-line, and one 4-line on f. 2:21r) with penwork decoration in red ink inside the letters (foliate motifs), in frames of red penwork, and with pen-flourishing in red ink extending into the margins throughout.",flourInit,,,,,,,,,,,,,,,,,,,,,,,,,,,,,,,,
_deco_9,manuscript_1,,,"Cambridge, Trinity College, MS B.14.19",part,,,,Large (2 lines) initials in blue or red with penwork decoration inside the letter and pen-flourishing extending into the margins in the opposite colour.,flourInit,,,,,,,,,,,,,,,,,,,,,,,,,,,,,,,,
_deco_9,manuscript_1,,,"Cambridge, Trinity College, MS O.1.65",part,,,,Line-fillers in red and brown ink.,,,,,,,,,,,,,,,,,,,,,,,,,,,,,,,,,
_deco_9,manuscript_1,,,"Cambridge, Trinity College, MS R.14.29",part,,,,Large (>2 lines) KL initials in blue and red with penwork decoration in blue ink written at the top of the pages of the Kalendar on ff. 132r-127v. KL,flourInit,,,,,,,,,,,,,,,,,,,,,,,,,,,,,,,,
_deco_9,manuscript_1,,,"Cambridge, Trinity College, MS O.8.31",part,,,,Headings for each minor division of the text (in this case plant names) written in brown text-ink and then underlined and enclosed by a paraph mark in red.,rubrication,,,,,,,,,,,,,,,,,,,,,,,,,,,,,,,,
_deco_9,manuscript_1,,,"Cambridge, Trinity College, MS O.9.37",manuscript,,MS-TRINITY-COLLEGE-O-00009-00037,,Double virgula supensivas in red ink.,other,,,,,,,,,,,,,,,,,,,,,,,,,,,,,,,,
_deco_9,manuscript_1,,,"Cambridge, Trinity College, MS O.1.13",part,,,,Regular (1 line) initials and letters highlighted with red ink.,other,,,,,,,,,,,,,,,,,,,,,,,,,,,,,,,,
_deco_9,manuscript_1,,,"Cambridge, King's College, MS 16",part,,,,Capitals (1 line) highlighted in red ink.,other,,,,,,,,,,,,,,,,,,,,,,,,,,,,,,,,
_deco_9,manuscript_1,,,"Cambridge, Corpus Christi College, MS 210",part,,,,This part of the manuscript does not contain any significant forms of decoration.,,,,,,,,,,,,,,,,,,,,,,,,,,,,,,,,,
_deco_9,manuscript_1,,,"Cambridge, Corpus Christi College, MS 405",part,,,,Rubrication (red only) at the major and minor divisions of the text and for the letters and sigla indicating the speaker of and the progress through the liturgical form.,rubrication,,,,,,,,,,,,,,,,,,,,,,,,,,,,,,,,
_deco_9,manuscript_1,,,"Cambridge, Corpus Christi College, MS 335",part,,,,This part of the manuscript does not contain any significant forms of decoration.,,,,,,,,,,,,,,,,,,,,,,,,,,,,,,,,,
_deco_9,manuscript_1,,,"Cambridge, St John's College, MS D.4",part,,,,No significant decorative features in this Part.,none,,,,,,,,,,,,,,,,,,,,,,,,,,,,,,,,
_deco_9,manuscript_1,,,"Cambridge, St John's College, MS B.15",part,,,,Headers for texts written in red ink.,rubrication,,,,,,,,,,,,,,,,,,,,,,,,,,,,,,,,
_deco_9,manuscript_1,,,"Cambridge, St John's College, MS E.6",part,,,,Cadels in brown ink occasionally on the ascenders of letters on the top lines and descenders on letters of the bottom lines.,cadel,,,,,,,,,,,,,,,,,,,,,,,,,,,,,,,,
_deco_9,manuscript_1,,,"Cambridge, Jesus College, MS Q.D.4",part,,,,No decoration particular to this Part.,none,,,,,,,,,,,,,,,,,,,,,,,,,,,,,,,,
_deco_9,manuscript_1,,,"Cambridge, Jesus College, MS Q.D.1",part,,,,Plain capitals are highlighted with red ink throughout.,other,,,,,,,,,,,,,,,,,,,,,,,,,,,,,,,,
_deco_9,manuscript_1,,,"Cambridge, Magdalene College, Pepys MS 1661",part,,,,"The ascenders on the first lines and descenders on the last lines of pp. feature cadels, often with human or zoomorphic faces, highglihted in yellow.",cadel,,,,,,,,,,,,,,,,,,,,,,,,,,,,,,,,
_deco_9,manuscript_1,,,"Cambridge, Pembroke College, MS 258",part,,,,Puzzle initial with a face in the counterspace and pen-flourishing on f. 58r.,flourInit,,,,,,,,,,,,,,,,,,,,,,,,,,,,,,,,
_deco_9,manuscript_1,,,"Cambridge, Fitzwilliam Museum, MS 261",manuscript,,MS-FITZWILLIAM-00261,,Blue paraphs in frames with red grounds throughout.,other,,,,,,,,,,,,,,,,,,,,,,,,,,,,,,,,
_deco_9,manuscript_1,,,"Cambridge, Fitzwilliam Museum, MS 38-1950",part,,,,Small (1 line) champ-style gold initials in frames with blue and purple grounds for the ferial letter Ain the Calendar. A,colInit,,,,,,,,,,,,,,,,,,,,,,,,,,,,,,,,
_deco_9,manuscript_1,,,"Cambridge, Fitzwilliam Museum, MS 51",manuscript,,MS-FITZWILLIAM-00051,,Headings of and introductions to texts of prayer copied in red ink.,rubrication,,,,,,,,,,,,,,,,,,,,,,,,,,,,,,,,
_deco_9,manuscript_1,,,"Cambridge, Peterhouse, MS 118",manuscript,,MS-PETERHOUSE-00118,,Underlining in red ink.,other,,,,,,,,,,,,,,,,,,,,,,,,,,,,,,,,
_deco_9,manuscript_1,,,"Cambridge, Peterhouse, MS 247",part,,,,Rubricated headings (red only) at minor divisions of the texts in this Part.,rubrication,,,,,,,,,,,,,,,,,,,,,,,,,,,,,,,,
_deco_9,manuscript_1,,,"Cambridge, Peterhouse, MS 251",part,,,,Headings to each section of the text in red.,rubrication,,,,,,,,,,,,,,,,,,,,,,,,,,,,,,,,
_deco_9,manuscript_1,,,"Cambridge, Peterhouse, MS 222",part,,,,Plain initials at the major and minor divisions of the text in red.,plainInit,,,,,,,,,,,,,,,,,,,,,,,,,,,,,,,,
_deco_9,manuscript_1,,,"Cambridge, Clare College, MS 12 ",part,,,,"Flourished initials at the major and minor divisions of the text, either a red letter with blue flourishing or the reverse. Puzzle initial on 131r, with flourishes extended across the upper margin and the majority of the way down the inner margin.",flourInit,,,,,,,,,,,,,,,,,,,,,,,,,,,,,,,,
_deco_9,manuscript_1,,,"Cambridge, Gonville and Caius College, MS 176/97",part,,,,Guide letters in blank spaces left for large coloured initials throughout.,other,,,,,,,,,,,,,,,,,,,,,,,,,,,,,,,,
_deco_9,manuscript_1,,,"Cambridge, Gonville and Caius College, MS 336/725",part,,,,Paraphs in blue or red ink,other,,,,,,,,,,,,,,,,,,,,,,,,,,,,,,,,
_deco_9,manuscript_1,,,"Cambridge, Gonville and Caius College, MS 451/392",part,,,,Large (2-3 lines) initials outlined with black ink and coloured in with red or yellow ink.,colInit,,,,,,,,,,,,,,,,,,,,,,,,,,,,,,,,
_deco_9,manuscript_1,,,"Cambridge, Gonville and Caius College, MS 159/209",part,,,,Headings to some minor divisions of the text in red.,rubrication,,,,,,,,,,,,,,,,,,,,,,,,,,,,,,,,
_deco_9,manuscript_1,,,"Cambridge, Gonville and Caius College, MS 345/620",part,,,,"Plain initials in the 'Lombardic' style in red or blue at the major and minor divisions of the text. Initials cease half way down f. 103r, with spaces left unfilled thereafter for initials.",plainInit,,,,,,,,,,,,,,,,,,,,,,,,,,,,,,,,
_deco_9,manuscript_1,,,"Cambridge, Gonville and Caius College, MS 181/214",part,,,,"Paraph marks in red. Flourished ascenders along the top-line of most leaves; the flourishing includes 'teeth' or 'spines' on the ascenders and small sprays of blossoms or berries, see e.g., p. 37.",other,,,,,,,,,,,,,,,,,,,,,,,,,,,,,,,,
_deco_9,manuscript_1,,,"Cambridge, Gonville and Caius College, MS 84/166",part,,,,Headings for columns and letters in rows and columns alternately in black and red ink.,rubrication,,,,,,,,,,,,,,,,,,,,,,,,,,,,,,,,
_deco_9,manuscript_1,,,"Cambridge, Gonville and Caius College, MS 379/599",part,,,,"Illustration of a man in a cloak and headband holding a flower executed in red and blue linework in the outer margin of f. 57r, probably intended as an illustration of Mattheus Platearius, the author of the adjacent text. Illustration of a bird's head in the inner margin, and a bipedal dragon in the outer margin executed in red and blue linework on f. 59r. Illustration of a stylised flower in red and blue linework in the outer margin of f. 60r. Illustration of a stylised flower in red and blue linework in the inner margin of f. 71r. Illustration of a stylised goat's head in red and brown linework in the inner margin of f. 73v. Illustration of a seated human male wrapped in a cloak and pointing at folding tablets in red and blue linework in the outer margin of f. 92v. Illustration of a human male head in blue and brown linework in the inner margin of f. 93r.",miniature,,,,,,,,,,,,,,,,,,,,,,,,,,,,,,,,
_deco_9,manuscript_1,,,"Cambridge, Gonville and Caius College, MS 200/106",part,,,,Two-line initials in blue or red ink.,colInit,,,,,,,,,,,,,,,,,,,,,,,,,,,,,,,,
_deco_9,manuscript_1,,,"Cambridge, Sidney Sussex College, MS 85",manuscript,,MS-SIDNEYSUSSEX-00085,,Small (1 line) initials in brown ink accentuated with red ink.,plainInit,,,,,,,,,,,,,,,,,,,,,,,,,,,,,,,,
_deco_9,manuscript_1,,,"Cambridge, Newnham College, MS 4",manuscript,,MS-NEWNHAM-00004,,Paraphs alternately in blue and red.,other,,,,,,,,,,,,,,,,,,,,,,,,,,,,,,,,
_deco_1,manuscript_11797,,,"Cambridge, University Library, MS Add. 10070",manuscript,,MS-ADD-10070,,"The beginning of the text () is preceded by a pyle, outlined in brown ink, with infill in red, blue and green paint and gold. The beginning of the menologion () is preceded by another pyle in a somewhat different style, outlined in red ink, with infill in red, blue and green paint. A horizontal interlace headpiece, in red ink with red, green and blue paint infill, precedes the eothina lections (). Simple horizontal headpieces in red ink mark the beginning of the lections of the Passion () and of the Hours ().",headpiece,f. 1r; f. 203r; f. 284r; f. 169r; f. 194v,1r 203r 284r 169r 194v,1r 203r 284r 169r 194v,,,,,,,,,,,,,,,,,,,,,,,,,,,,,
_deco_2,manuscript_11797,,,"Cambridge, University Library, MS Add. 10070",manuscript,,MS-ADD-10070,,The text begins with a major initial in the same style as the pyle ().,decInit,f. 1r,1r,1r,,,,,,,,,,,,,,,,,,,,,,,,,,,,,
_deco_3,manuscript_11797,,,"Cambridge, University Library, MS Add. 10070",manuscript,,MS-ADD-10070,,"The text of each lection begins with a sizeable ornamented minor initial in red ink. In the sections copied by Hand A (ff. , , ), smaller initials appear at the beginning of some lines within the lection text. These are also occasionally present elsewhere (e.g. ff. , , )",colInit,1r-1v; 161r-202v; 251r-288v; ff. 9r-11r; 139r; 155r-160v,1r 161r 251r 9r 139r 155r,1v 202v 288v 11r 139r 160v,,,,,,,,,,,,,,,,,,,,,,,,,,,,,
_deco_4,manuscript_11797,,,"Cambridge, University Library, MS Add. 10070",manuscript,,MS-ADD-10070,,Small minor initials in normal ink also occasionally appear within the lection text (e.g. ).,plainInit,ff. 144v-152r,144v,152r,,,,,,,,,,,,,,,,,,,,,,,,,,,,,
_deco_5,manuscript_11797,,,"Cambridge, University Library, MS Add. 10070",manuscript,,MS-ADD-10070,,"The heading for the first lection of the manuscript () is written in epigraphic display majuscule in brown ink and gilded, though the gold has largely worn away. The small initials on , a lection heading on , and the initial letters of lection headings and cross-references on have also been gilded.",chrysography,f. 1r; ff. 9r-10r; f. 9v; ff. 207v-209r,1r 9r 9v 207v,1r 10r 9v 209r,,,,,,,,,,,,,,,,,,,,,,,,,,,,,
_deco_6,manuscript_11797,,,"Cambridge, University Library, MS Add. 10070",manuscript,,MS-ADD-10070,,"Sections of the menologion are preceded by vignettes in red ink (e.g. ff. , , , ). Simple vignettes occasionally precede lections in the synaxarion (, the first Saturday after Pentecost, in red ink; , the beginning of the new year, in black ink).",vignette,214v; 227v; 263r; 275r; f. 60v; f. 86v,214v 227v 263r 275r 60v 86v,214v 227v 263r 275r 60v 86v,,,,,,,,,,,,,,,,,,,,,,,,,,,,,
_deco_1,manuscript_11803,,,"Cambridge, Christ's College, MS 6",manuscript,,MS-CHRISTS-COLLEGE-00006,,"The text is preceded by a pyle, outlined in brown and red ink, with red and green paint infill. The unusually designated section for the weeks of Mark is preceded by a pyle outlined in brown ink, with red and blue paint infill (f. 52r). Some other sections of the lectionary are preceded by rectangular headpieces of different sizes, in the same style: pylepyle f. 21r Weeks of Matthew f. 180r September f. 212r Lections for various occasions f. 213r Eothina lections EothinaOthers are preceded by thin strips of ornament in the same style: f. 76v Weeks of Luke f. 127v Weeks of Mark (Lent) f. 153r Lections of the Passion f. 168v Lections of the Hours f. 183r October f. 212v Selected orthros lections f. 212v Orthros lections for Holy Week f. 76v Weeks of Luke f. 127v Weeks of Mark (Lent) f. 153r Lections of the Passion f. 168v Lections of the Hours f. 183r October f. 212v Selected orthros lectionsorthros f. 212v Orthros lections for Holy Week Orthros",headpiece,,,,,,,,,,,,,,,,,,,,,,,,,,,,,,,,
_deco_2,manuscript_11803,,,"Cambridge, Christ's College, MS 6",manuscript,,MS-CHRISTS-COLLEGE-00006,,"The text of each lection begins with an ornamented major initial outlined in red, with blue paint infill, and occasionally also green (e.g. ff. , ). In the early folios, these are highlighted with translucent yellow wash (). Many of these initials are decorated with a snake or two entwined snakes (e.g. ff. , , , , ). Other representational forms include birds (e.g. ) and blessing hands as the central stroke of epsilon (e.g. ). Sometimes initials are very elongated (e.g. ). Occasionally lection headings or summary lections have small initials in the same basic style (e.g. ). On an initial has been omitted, and one added by a later hand in brown ink.",decInit,1r; 46v-48r; ff. 2v-7r; 45v; 77v-78r; 93v; 128v; 144r; f. 46r; f. 46v; f. 87v; f. 4v; f. 204v,1r 46v 2v 45v 77v 93v 128v 144r 46r 46v 87v 4v 204v,1r 48r 7r 45v 78r 93v 128v 144r 46r 46v 87v 4v 204v,,,,,,,,,,,,,,,,,,,,,,,,,,,,,
_deco_3,manuscript_11803,,,"Cambridge, Christ's College, MS 6",manuscript,,MS-CHRISTS-COLLEGE-00006,,Summary lections and various important words in lection headings begin with small initial letters in red ink.,colInit,,,,,,,,,,,,,,,,,,,,,,,,,,,,,,,,
_deco_4,manuscript_11803,,,"Cambridge, Christ's College, MS 6",manuscript,,MS-CHRISTS-COLLEGE-00006,,"The beginning of months of the menologion other than September is accompanied by small line-fillers in the same style as the headpieces (e.g. ff. , ).",lineFill,183r; 184r,183r 184r,183r 184r,,,,,,,,,,,,,,,,,,,,,,,,,,,,,
_deco_5,manuscript_11803,,,"Cambridge, Christ's College, MS 6",manuscript,,MS-CHRISTS-COLLEGE-00006,,"In the early folios, headings are highlighted with translucent yellow wash ().",other,ff. 2v-7r,2v,7r,,,,,,,,,,,,,,,,,,,,,,,,,,,,,
_deco_1,manuscript_11804,,,"Cambridge, Christ's College, MS 9",manuscript,,MS-CHRISTS-COLLEGE-00009,,"The beginning of the Epistles, on is preceded by a pyle in red, blue, green and white paint and gold, part of which has been lost due to damage.",headpiece,p. 169,169.0,169.0,,,,,,,,,,,,,,,,,,,,,,,,,,,,,
_deco_2,manuscript_11804,,,"Cambridge, Christ's College, MS 9",manuscript,,MS-CHRISTS-COLLEGE-00009,,"The text of the Epistles, on , begins with a major initial in the same style as the headpiece. The individual epistles each begin with a small ornamented initial, written in red ink and gilded (e.g. pp. , ).",decInit,p. 169; 213; 477,169 213 477,169 213 477,,,,,,,,,,,,,,,,,,,,,,,,,,,,,
_deco_3,manuscript_11804,,,"Cambridge, Christ's College, MS 9",manuscript,,MS-CHRISTS-COLLEGE-00009,,Sections begin with simple minor initials in red ink.,colInit,,,,,,,,,,,,,,,,,,,,,,,,,,,,,,,,
_deco_4,manuscript_11804,,,"Cambridge, Christ's College, MS 9",manuscript,,MS-CHRISTS-COLLEGE-00009,,"The transition between epistles on is accompanied by line-fillers in red ink, gilded.",lineFill,p. 234,234.0,234.0,,,,,,,,,,,,,,,,,,,,,,,,,,,,,
_deco_5,manuscript_11804,,,"Cambridge, Christ's College, MS 9",manuscript,,MS-CHRISTS-COLLEGE-00009,,"The beginnings of other epistles are usually preceded by vignettes in red ink, gilded (e.g. pp. , , , )",vignette,213; 232; 374; 492,213 232 374 492,213 232 374 492,,,,,,,,,,,,,,,,,,,,,,,,,,,,,
_deco_1,manuscript_11806,,,"Cambridge, Christ's College, MS Rouse
                            252",part,,,,"The beginning of the text is preceded by a pyle in black and red ink, followed by a cross surrounded by the abbreviated inscription Ἰησοῦς Χριστὸς νικὰ.",headpiece,,,,,,,,,,,,,,,,,,,,,,,,,,,,,,,,
_deco_2,manuscript_11806,,,"Cambridge, Christ's College, MS Rouse
                            252",part,,,,"Some sections of text are preceded by major initials in black, red or black and red ink. These include omicrons with large downward extensions (ff. , , , ), sometimes containing faces (ff. , ).",decInit,6v; 8v; 9v; 20r; 8v; 20r,6v 8v 9v 20r 8v 20r,6v 8v 9v 20r 8v 20r,,,,,,,,,,,,,,,,,,,,,,,,,,,,,
_deco_3,manuscript_11806,,,"Cambridge, Christ's College, MS Rouse
                            252",part,,,,Other sections begin with slightly ornamented minor initials in red ink. Some important words begin with normal letters in red ink.,colInit,,,,,,,,,,,,,,,,,,,,,,,,,,,,,,,,
_deco_4,manuscript_11806,,,"Cambridge, Christ's College, MS Rouse
                            252",part,,,,Other sections begin with slightly ornamented minor initials in black ink,plainInit,,,,,,,,,,,,,,,,,,,,,,,,,,,,,,,,
_deco_5,manuscript_11806,,,"Cambridge, Christ's College, MS Rouse
                            252",part,,,,"The beginning of the lectionary () is preceded by a rectangular headpiece outlined in brown ink with red, yellow and green paint infill.",headpiece,f. 99v,99v,99v,,,,,,,,,,,,,,,,,,,,,,,,,,,,,
_deco_6,manuscript_11806,,,"Cambridge, Christ's College, MS Rouse
                            252",part,,,,"Some sections begin with major initials, usually outlined in brown ink with some combination of red, yellow, green and white paint infill.",decInit,,,,,,,,,,,,,,,,,,,,,,,,,,,,,,,,
_deco_7,manuscript_11806,,,"Cambridge, Christ's College, MS Rouse
                            252",part,,,,"Other sections begin with minor initials in red ink, sometimes slightly ornamented. Later in the manuscript (from onwards) larger and more ornate initials in red ink appear. Some important words begin with normal letters in red ink.",colInit,f. 94r,94r,94r,,,,,,,,,,,,,,,,,,,,,,,,,,,,,
_deco_8,manuscript_11806,,,"Cambridge, Christ's College, MS Rouse
                            252",part,,,,"The division between some sections is marked by line-fillers, outlined in brown ink with some combination of red, yellow and green paint infill (ff. , , , and many from onwards).",lineFill,26v; 55r; 59v; 73v; 93v,26v 55r 59v 73v 93v,26v 55r 59v 73v 93v,,,,,,,,,,,,,,,,,,,,,,,,,,,,,
_deco_1,manuscript_11807,,,"Cambridge, Christ's College, MS Rouse 253",manuscript,,MS-CHRISTS-COLLEGE-ROUSE-00253,,On the lection is preceded by a rectangular headpiece in black and red ink with translucent green infill.,headpiece,f. 81r,81r,81r,,,,,,,,,,,,,,,,,,,,,,,,,,,,,
_deco_2,manuscript_11807,,,"Cambridge, Christ's College, MS Rouse 253",manuscript,,MS-CHRISTS-COLLEGE-ROUSE-00253,,"Each lection begins with a highly ornamented initial letter in two different styles, mingled throughout the manuscript. In one, the letters are in solid red or red and black ink with scrolling ornament. In the other, some letters are outlined in black ink with some red infill, sometimes (in ff. 81r-128v) combined with green infill (and in one case, f. 82v, yellow). The initials on ff. 81r-128v and 158v-159r are surrounded or covered with translucent wash, yellow on ff. 81r-84r, 86v-87v and 158v-159r, green on ff. 84v-86r and 89r-128v. Some initials of the outlined style feature hands giving a blessing (e.g. ff. 81v) or grasping the letter (e.g. ff. 82v, 92v), or animal forms (e.g. ff. 84r, 91v, 122v, 178v). One incorporates a face (f. 158v), while another is in the form of a musician (f. 172v). They vary considerably in size, and are on occasional very extensive (e.g. ff. 128v, 193v). On f. 198v two initials have been written across each other.",decInit,,,,,,,,,,,,,,,,,,,,,,,,,,,,,,,,
_deco_3,manuscript_11807,,,"Cambridge, Christ's College, MS Rouse 253",manuscript,,MS-CHRISTS-COLLEGE-ROUSE-00253,,The beginning of sections of lections is sometimes marked by a simple minor initial in red ink. Important words in some headings begin with normal letters in red ink; those on are highlighted with translucent yellow wash.,colInit,ff. 81r-87v,81r,87v,,,,,,,,,,,,,,,,,,,,,,,,,,,,,
_deco_4,manuscript_11807,,,"Cambridge, Christ's College, MS Rouse 253",manuscript,,MS-CHRISTS-COLLEGE-ROUSE-00253,,"The end of some lections is accompanied by line-fillers in various styles, outlined in black ink with red and sometimes translucent green infill (e.g ff. , , , , ).",lineFill,95r; 111r; 146r; 171r; 212r,95r 111r 146r 171r 212r,95r 111r 146r 171r 212r,,,,,,,,,,,,,,,,,,,,,,,,,,,,,
_deco_5,manuscript_11807,,,"Cambridge, Christ's College, MS Rouse 253",manuscript,,MS-CHRISTS-COLLEGE-ROUSE-00253,,"The ends of some lections are accompanied by a piece of vegetative ornament in the outer margin alongside, in the same style as the initials (sporadically among ff. , , , , ).",other,91v-105r; 118v-120v; 146v-147r; 157r-173v; 184r,91v 118v 146v 157r 184r,105r 120v 147r 173v 184r,,,,,,,,,,,,,,,,,,,,,,,,,,,,,
_deco_1,manuscript_11808,,,"Cambridge, Christ's College, MS Rouse 254",manuscript,,MS-CHRISTS-COLLEGE-ROUSE-00254,,Sme texts and sections begin with minor initals in red ink.,colInit,,,,,,,,,,,,,,,,,,,,,,,,,,,,,,,,
_deco_2,manuscript_11808,,,"Cambridge, Christ's College, MS Rouse 254",manuscript,,MS-CHRISTS-COLLEGE-ROUSE-00254,,Transitions between some texts are marked by simple vignettes in red and black ink (e.g. ).,vignette,f. 11r,11r,11r,,,,,,,,,,,,,,,,,,,,,,,,,,,,,
_deco_1,manuscript_11809,,,"Cambridge, Christ's College, MS Rouse
                            255",part,,,,"The beginning of the text is preceded by a thin horizontal headpiece, in brown ink with red infill ().",headpiece,f. 1r,1r,1r,,,,,,,,,,,,,,,,,,,,,,,,,,,,,
_deco_2,manuscript_11809,,,"Cambridge, Christ's College, MS Rouse
                            255",part,,,,The text begins with an ornamented major initial in red ink ().,decInit,f. 1r,1r,1r,,,,,,,,,,,,,,,,,,,,,,,,,,,,,
_deco_3,manuscript_11809,,,"Cambridge, Christ's College, MS Rouse
                            255",part,,,,The beginnings of sections are marked with slightly ornamented minor initials in red ink.,colInit,,,,,,,,,,,,,,,,,,,,,,,,,,,,,,,,
_deco_4,manuscript_11809,,,"Cambridge, Christ's College, MS Rouse
                            255",part,,,,"The beginning of the text is preceded by a rectangular horizontal headpiece, in brown ink with red infill ().",headpiece,f. 72r,72r,72r,,,,,,,,,,,,,,,,,,,,,,,,,,,,,
_deco_5,manuscript_11809,,,"Cambridge, Christ's College, MS Rouse
                            255",part,,,,The text begins with an ornamented major initial in red ink ().,decInit,f. 72r,72r,72r,,,,,,,,,,,,,,,,,,,,,,,,,,,,,
_deco_1,manuscript_11811,,,"Cambridge, Christ's College, MS Rouse 262",part,,,,Thick red initials in ekthesis.,plainInit,,,,,,,,,,,,,,,,,,,,,,,,,,,,,,,,
_deco_10,manuscript_11811,,,"Cambridge, Christ's College, MS Rouse 262",part,,,,Thick initials in red ink.,decInit,,,,,,,,,,,,,,,,,,,,,,,,,,,,,,,,
_deco_2,manuscript_11811,,,"Cambridge, Christ's College, MS Rouse 262",part,,,,"One decorated initial traced in black and red ink, with palmettes, on .",decInit,f. 1:56v,1:56v,1:56v,,,,,,,,,,,,,,,,,,,,,,,,,,,,,
_deco_3,manuscript_11811,,,"Cambridge, Christ's College, MS Rouse 262",part,,,,heart-shaped decoration with palmettes at the corners;,headpiece,f. 2:24r,2:24r,2:24r,,,,,,,,,,,,,,,,,,,,,,,,,,,,,
_deco_4,manuscript_11811,,,"Cambridge, Christ's College, MS Rouse 262",part,,,,", interlace decoration with palmettes at the corners;",headpiece,f. 2:13r; 2:48[a] recto,2:13r 2:48[a] recto,2:13r 2:48[a] recto,,,,,,,,,,,,,,,,,,,,,,,,,,,,,
_deco_5,manuscript_11811,,,"Cambridge, Christ's College, MS Rouse 262",part,,,,"decoration with vegetal scrolls, palmettes at the corners.",headpiece,f. 2:108r,2:108r,2:108r,,,,,,,,,,,,,,,,,,,,,,,,,,,,,
_deco_6,manuscript_11811,,,"Cambridge, Christ's College, MS Rouse 262",part,,,,", , , , , rope in red ink or black ink;",frieze,ff. 2:78v; 2:101v; 2:103r; 2:104v; 2:105v; 2:106r,2:78v 2:101v 2:103r 2:104v 2:105v 2:106r,2:78v 2:101v 2:103r 2:104v 2:105v 2:106r,,,,,,,,,,,,,,,,,,,,,,,,,,,,,
_deco_7,manuscript_11811,,,"Cambridge, Christ's College, MS Rouse 262",part,,,,rectangular frieze filled with a scroll motif in black and red ink;,frieze,f. 2:84r,2:84r,2:84r,,,,,,,,,,,,,,,,,,,,,,,,,,,,,
_deco_8,manuscript_11811,,,"Cambridge, Christ's College, MS Rouse 262",part,,,,frieze formed by a double ribbon with two knots.,frieze,f. 2:100r,2:100r,2:100r,,,,,,,,,,,,,,,,,,,,,,,,,,,,,
_deco_9,manuscript_11811,,,"Cambridge, Christ's College, MS Rouse 262",part,,,,"Decorated initials traced in black and red ink, with vergetal motifs, (see e.g. ), or palmettes (see e.g. ); initials in red or brown ink with vegetal motifs, see e.g. on ; an anthropomorphic initial on .",decInit,ff. 2:5r-2:5v; f. 2:24r; ff. 2:18v-2:19r; f. 2:20v,2:5r 2:24r 2:18v 2:20v,2:5v 2:24r 2:19r 2:20v,,,,,,,,,,,,,,,,,,,,,,,,,,,,,
_deco_1,manuscript_11812,,,"Cambridge, Christ's College, MS Rouse 263",manuscript,,MS-CHRISTS-COLLEGE-ROUSE-00263,,"Each text is preceded by a headpiece in black and red ink (e.g. ff. , , , ).",headpiece,1r; 49r; 71r; 106v,1r 49r 71r 106v,1r 49r 71r 106v,,,,,,,,,,,,,,,,,,,,,,,,,,,,,
_deco_2,manuscript_11812,,,"Cambridge, Christ's College, MS Rouse 263",manuscript,,MS-CHRISTS-COLLEGE-ROUSE-00263,,"Each text begins with an ornamented initial in red ink. The beginning of some sections is also marked by an initial in red ink, often smaller, with varying degrees of ornamentation.",colInit,,,,,,,,,,,,,,,,,,,,,,,,,,,,,,,,
_deco_3,manuscript_11812,,,"Cambridge, Christ's College, MS Rouse 263",manuscript,,MS-CHRISTS-COLLEGE-ROUSE-00263,,"The letters of the word ἀμήν at the end of some texts are enlarged, rendered in black and red ink, and arranged in a pattern surrounding an asterisk (e.g. ff. , ).",other,29v; 134v,29v 134v,29v 134v,,,,,,,,,,,,,,,,,,,,,,,,,,,,,
_deco_1,manuscript_11813,,,"Cambridge, Christ's College, MS Rouse 264",manuscript,,MS-CHRISTS-COLLEGE-ROUSE-00264,,"Many texts, sections and significant words begin with initials in red ink, of varying sizes and degrees of elaboration.",colInit,,,,,,,,,,,,,,,,,,,,,,,,,,,,,,,,
_deco_2,manuscript_11813,,,"Cambridge, Christ's College, MS Rouse 264",manuscript,,MS-CHRISTS-COLLEGE-ROUSE-00264,,Some texts and sections begin with enlarged initials in brown ink.,plainInit,,,,,,,,,,,,,,,,,,,,,,,,,,,,,,,,
_deco_1,manuscript_11814,,,"Cambridge, Christ's College, MS Rouse 265",manuscript,,MS-CHRISTS-COLLEGE-ROUSE-00265,,"On there is a rectangular headpiece traced in brown ink, with interlace patterns, and particulars coloured in red; the ink has partially faded. On ff. and there are two similar rectangular headpieces in brown ink, smaller than the one on f. 1r, filled with an interlace decoration, with particulars coloured in red.",headpiece,f. 1r; 14r; 21v,1r 14r 21v,1r 14r 21v,,,,,,,,,,,,,,,,,,,,,,,,,,,,,
_deco_2,manuscript_11814,,,"Cambridge, Christ's College, MS Rouse 265",manuscript,,MS-CHRISTS-COLLEGE-ROUSE-00265,,"Thick initials in red ink, sometimes simply decorated with scrollworks (see, for example, ).",plainInit,f. 21v,21v,21v,,,,,,,,,,,,,,,,,,,,,,,,,,,,,
_deco_1,manuscript_11816,,,"Cambridge, Christ's College, MS Rouse 298",part,,,,"Small rectangular headpieces in red, blue, green and white paint and gold precede the beginning of some sections: f. 113v lections of the Passionf. 137r lections of the Hoursf. 162r Octoberf. 169v Novemberf. 172v Decemberf. 185v JanuaryHeadpieces in the same style originally preceded other sections, but these have been cut out. Corner ornaments survive of sizeable headpieces on f. 24r (weeks of Matthew) and f. 74r (weeks of Mark), and traces of them from a small rectangular headpiece on f. 151r (September), while there is no surviving remnant of those on f. 197r (February) and f. 201v (March).",headpiece,,,,,,,,,,,,,,,,,,,,,,,,,,,,,,,,
_deco_2,manuscript_11816,,,"Cambridge, Christ's College, MS Rouse 298",part,,,,"The text of each lection begins with an ornamental initial in red, blue, green and white paint and gold, in the same style as the headpieces.",decInit,,,,,,,,,,,,,,,,,,,,,,,,,,,,,,,,
_deco_3,manuscript_11816,,,"Cambridge, Christ's College, MS Rouse 298",part,,,,The lection added later on begins with an ornamental initial in red ink.,colInit,f. 136r,136r,136r,,,,,,,,,,,,,,,,,,,,,,,,,,,,,
_deco_4,manuscript_11816,,,"Cambridge, Christ's College, MS Rouse 298",part,,,,Lection headings have been gilded.,chrysography,,,,,,,,,,,,,,,,,,,,,,,,,,,,,,,,
_deco_5,manuscript_11816,,,"Cambridge, Christ's College, MS Rouse 298",part,,,,Lections begin with ornamented initials in red ink.,colInit,,,,,,,,,,,,,,,,,,,,,,,,,,,,,,,,
_deco_6,manuscript_11816,,,"Cambridge, Christ's College, MS Rouse 298",part,,,,"Lections begin with ornamented initials in red ink. At various other points in the text, in mid-line as well as at the beginning of lines, there are small initial letters in red ink.",colInit,,,,,,,,,,,,,,,,,,,,,,,,,,,,,,,,
_deco_1,manuscript_11819,,,"Cambridge, Christ's College, Fragment C",manuscript,,MS-CHRISTS-COLLEGE-FRAGMENT-C,,Some sections begin with slightly ornamented minor initials in red ink. Some important words begin with normal letters in red ink.,colInit,,,,,,,,,,,,,,,,,,,,,,,,,,,,,,,,
_deco_2,manuscript_11819,,,"Cambridge, Christ's College, Fragment C",manuscript,,MS-CHRISTS-COLLEGE-FRAGMENT-C,,"Other sections begin with minor initials in black ink, sometimes with a slightly greater degree of ornamentation than those in red.",plainInit,,,,,,,,,,,,,,,,,,,,,,,,,,,,,,,,
_deco_1,manuscript_11820,,,"Cambridge, Clare College, MS 24",manuscript,,MS-CLARE-COLLEGE-00024,,Sections begin with normal letters in red ink.,colInit,,,,,,,,,,,,,,,,,,,,,,,,,,,,,,,,
_deco_1,manuscript_11821,,,"Cambridge, Clare College, MS 31",manuscript,,MS-CLARE-COLLEGE-00031,,"The beginning of the text on is preceded by a thin rectangular headpiece, outlined in brown ink with red infill. Another precedes the beginning of the menologion on .",headpiece,f. [1]r; f. [158]v,[1]r [158]v,[1]r [158]v,,,,,,,,,,,,,,,,,,,,,,,,,,,,,
_deco_2,manuscript_11821,,,"Cambridge, Clare College, MS 31",manuscript,,MS-CLARE-COLLEGE-00031,,Lections begin with ornamented minor initials in red ink.,colInit,,,,,,,,,,,,,,,,,,,,,,,,,,,,,,,,
_deco_3,manuscript_11821,,,"Cambridge, Clare College, MS 31",manuscript,,MS-CLARE-COLLEGE-00031,,"Some major sections are preceded by vignettes in red and brown ink (e.g. ff. , , ).",vignette,[186]v; [205]r; [94]v,[186]v [205]r [94]v,[186]v [205]r [94]v,,,,,,,,,,,,,,,,,,,,,,,,,,,,,
_deco_4,manuscript_11821,,,"Cambridge, Clare College, MS 31",manuscript,,MS-CLARE-COLLEGE-00031,,"Headings to other major sections are accompanied by line-fillers in red ink or red and brown ink (e.g. ff. , , ).",lineFill,[43]v; [66]r; [94]v,[43]v [66]r [94]v,[43]v [66]r [94]v,,,,,,,,,,,,,,,,,,,,,,,,,,,,,
_deco_1,manuscript_11828,,,"Cambridge, Corpus Christi College, MS 81",manuscript,,MS-CCCC-00081,,"Major initial on (Iliad, book 1) in gold surrounded by white branch-work on pink, blue and greenish grounds, in florentine style. Initials sketched in ink on pp. , , , , , , , , , , , , (Iliad 2, 22, 23; Posthomerica 1, 3-5, 7, 12; Odyssey 1, 3-5, 7).",decInit,p. 1; 19; 393; 408; 501; 524; 541; 601; 661; 715; 741; 755; 780; 804,1 19 393 408 501 524 541 601 661 715 741 755 780 804,1 19 393 408 501 524 541 601 661 715 741 755 780 804,,,,,,,,,,,,,,,,,,,,,,,,,,,,,
_deco_2,manuscript_11828,,,"Cambridge, Corpus Christi College, MS 81",manuscript,,MS-CCCC-00081,,"In the lower margin of a green wreath with the name ΘΕΟΔΩΡΟΣ in gold capitals in it. On two miniatures inside medallions: a head with a turban in profile and an image of Athena with a spear; an analogous medallion with an image of Fortitude is drawn on Oxford, New College 233, f. 327v, which belonged to Demetrios Chalkondyles. A knot-work on in reddish pencil.",drawn,p. 1; p. 1068; p. 715,1 1068 715,1 1068 715,,,,,,,,,,,,,,,,,,,,,,,,,,,,,
_deco_1,manuscript_11829,,,"Cambridge, Corpus Christi College, MS 224",manuscript,,MS-CCCC-00224,,Simple initials of the paragraphs are outlined in red ink.,colInit,,,,,,,,,,,,,,,,,,,,,,,,,,,,,,,,
_deco_1,manuscript_11830,,,"Cambridge, Corpus Christi College, MS 248",manuscript,,MS-CCCC-00248,,"Simple major initials in majuscule in blue ink on ff. , , , , and ; in blue and red ink on ff. and .",colInit,1r; 1v; 67v; 73r; 107v; 147r; 61v; 93r,1r 1r 67v 73r 107v 147r 61v 93r,1r 1r 67v 73r 107v 147r 61v 93r,,,,,,,,,,,,,,,,,,,,,,,,,,,,,
_deco_2,manuscript_11830,,,"Cambridge, Corpus Christi College, MS 248",manuscript,,MS-CCCC-00248,,"Pied-de-mouche widely used: in red ink on ff. , , , and , in blue ink troughout the entire manuscript.",,1r; 1v; 107v; 147r,1r 1r 107v 137r 147r,1r 1r 107v 137r 147r,,,,,,,,,,,,,,,,,,,,,,,,,,,,,
_deco_1,manuscript_11831,,,"Cambridge, Corpus Christi College, MS 403",manuscript,,MS-CCCC-00403,,"Major initials in thick red ink and with floral patterns mark the start of the plays on ff. , and . The initial of the Hypothesis on Phoenician Women, , is outlined in red ink and decorated.",decInit,1r; 31r; 73v; f. 73r,1r 31r 73v 73r,1r 31r 73v 73r,,,,,,,,,,,,,,,,,,,,,,,,,,,,,
_deco_2,manuscript_11831,,,"Cambridge, Corpus Christi College, MS 403",manuscript,,MS-CCCC-00403,,"Simple initials in the arguments, and names in the lists of characters are outlined in red ink. The names of characters in plays are in red ink.",colInit,,,,,,,,,,,,,,,,,,,,,,,,,,,,,,,,
_deco_3,manuscript_11831,,,"Cambridge, Corpus Christi College, MS 403",manuscript,,MS-CCCC-00403,,"An ormamental vine leaf marks the end of Hecuba on . The manuscript contains a sketch of a face, drawn in pale brown in the margins of f. . Several maniculae marked the main text (e.g. ).",other,f. 30r; 43v; ff. 6v-8r,30r 43v 6v,30r 43v 8r,,,,,,,,,,,,,,,,,,,,,,,,,,,,,
_deco_1,manuscript_11832,,,"Cambridge, Corpus Christi College, MS 468",manuscript,,MS-CCCC-00468,,"Psalms, canticles and other texts begin with initials with penwork flourishing, in blue and red ink.",flourInit,,,,,,,,,,,,,,,,,,,,,,,,,,,,,,,,
_deco_2,manuscript_11832,,,"Cambridge, Corpus Christi College, MS 468",manuscript,,MS-CCCC-00468,,Verses and other sub-sections begin with minor initials in blue ink (in the left-hand column) or red ink (in the right-hand column). Most lines on begin with minor initials alternately in red and blue ink.,colInit,ff. iv verso-vi verso,iv verso,vi verso,,,,,,,,,,,,,,,,,,,,,,,,,,,,,
_deco_3,manuscript_11832,,,"Cambridge, Corpus Christi College, MS 468",manuscript,,MS-CCCC-00468,,Lines on and some on begin with minor initials in black ink.,plainInit,ff. iv recto; ff. iv verso-vi verso,iv recto iv verso,iv recto vi verso,,,,,,,,,,,,,,,,,,,,,,,,,,,,,
_deco_4,manuscript_11832,,,"Cambridge, Corpus Christi College, MS 468",manuscript,,MS-CCCC-00468,,Incomplete lines are often filled with a row of hollow circles in red ink,lineFill,,,,,,,,,,,,,,,,,,,,,,,,,,,,,,,,
_deco_1,manuscript_11833,,,"Cambridge, Corpus Christi College, MS 480",manuscript,,MS-CCCC-00480,,The beginning of the text is preceded by a pyle in red ink ().,headpiece,f. 1r,1r,1r,,,,,,,,,,,,,,,,,,,,,,,,,,,,,
_deco_2,manuscript_11833,,,"Cambridge, Corpus Christi College, MS 480",manuscript,,MS-CCCC-00480,,Psalms and Odes begin with minor initials in red ink. Smaller initials in red ink begin each brief section.,colInit,,,,,,,,,,,,,,,,,,,,,,,,,,,,,,,,
_deco_1,manuscript_11837,,,"Cambridge, Emmanuel College, MS 13",manuscript,,MS-EMMANUEL-COLLEGE_00013,,"Headpieces outlined in red ink at the beginning of each homily, from .",headpiece,f. [184]v,[184]v,[184]v,,,,,,,,,,,,,,,,,,,,,,,,,,,,,
_deco_1,manuscript_11837,,,"Cambridge, Emmanuel College, MS 12",manuscript,,MS-EMMANUEL-COLLEGE-00012,,"Headpieces outlined in red ink at the beginning of each homily, from .",headpiece,f. 7r,7r,7r,,,,,,,,,,,,,,,,,,,,,,,,,,,,,
_deco_2,manuscript_11837,,,"Cambridge, Emmanuel College, MS 13",manuscript,,MS-EMMANUEL-COLLEGE_00013,,Major decarated initials of homilies in red ink from .,decInit,f. [184]v,[184]v,[184]v,,,,,,,,,,,,,,,,,,,,,,,,,,,,,
_deco_2,manuscript_11837,,,"Cambridge, Emmanuel College, MS 12",manuscript,,MS-EMMANUEL-COLLEGE-00012,,Major decorated initials of homilies in red ink from .,decInit,f. 7r,7r,7r,,,,,,,,,,,,,,,,,,,,,,,,,,,,,
_deco_3,manuscript_11837,,,"Cambridge, Emmanuel College, MS 13",manuscript,,MS-EMMANUEL-COLLEGE_00013,,Minor initials in red ink throughout the manuscript.,colInit,,,,,,,,,,,,,,,,,,,,,,,,,,,,,,,,
_deco_3,manuscript_11837,,,"Cambridge, Emmanuel College, MS 12",manuscript,,MS-EMMANUEL-COLLEGE-00012,,Minor initials in red ink throughout the manuscript.,colInit,,,,,,,,,,,,,,,,,,,,,,,,,,,,,,,,
_deco_1,manuscript_11838,,,"Cambridge, Emmanuel College, MS 15",manuscript,,MS-EMMANUEL-COLLEGE-00015,,Headpiece outlined in red ink on .,headpiece,f. 15v,15v,15v,,,,,,,,,,,,,,,,,,,,,,,,,,,,,
_deco_1,manuscript_11838,,,"Cambridge, Emmanuel College, MS 14",manuscript,,MS-EMMANUEL-COLLEGE-00014,,Headpiece outlined in red ink on .,headpiece,f. 15v,15v,15v,,,,,,,,,,,,,,,,,,,,,,,,,,,,,
_deco_2,manuscript_11838,,,"Cambridge, Emmanuel College, MS 15",manuscript,,MS-EMMANUEL-COLLEGE-00015,,Initials in red ink for each homily.,colInit,,,,,,,,,,,,,,,,,,,,,,,,,,,,,,,,
_deco_2,manuscript_11838,,,"Cambridge, Emmanuel College, MS 14",manuscript,,MS-EMMANUEL-COLLEGE-00014,,Initials in red ink for each homily.,colInit,,,,,,,,,,,,,,,,,,,,,,,,,,,,,,,,
_deco_1,manuscript_11839,,,"Cambridge, Emmanuel College, MS 30",manuscript,,MS-EMMANUEL-COLLEGE-00030,,Thick red-ink initials at the beginning of each book.,colInit,,,,,,,,,,,,,,,,,,,,,,,,,,,,,,,,
_deco_1,manuscript_11840,,,"Cambridge, Emmanuel College, MS 32",part,,,,Rope motif in red ink on .,headpiece,20r,20r,20r,,,,,,,,,,,,,,,,,,,,,,,,,,,,,
_deco_10,manuscript_11840,,,"Cambridge, Emmanuel College, MS 32",part,,,,Coloured initial in red ink throughout this part.,colInit,,,,,,,,,,,,,,,,,,,,,,,,,,,,,,,,
_deco_2,manuscript_11840,,,"Cambridge, Emmanuel College, MS 32",part,,,,"Decorated initials in red ink on ff. , , , , , , , , , .",decInit,17v; 18v; 20r; [22]r; [22]v; [24]v; [30]r; [31]r; 43r; [45]r,17v 18v 20r [22]r [22]v [24]v [30]r [31]r 43r [45]r,17v 18v 20r [22]r [22]v [24]v [30]r [31]r 43r [45]r,,,,,,,,,,,,,,,,,,,,,,,,,,,,,
_deco_3,manuscript_11840,,,"Cambridge, Emmanuel College, MS 32",part,,,,"Decorated initials in red ink on ff. , , , ,",decInit,48r; [50]r; [50]v; 53r,48r [50]r [50]v 53r,48r [50]r [50]v 53r,,,,,,,,,,,,,,,,,,,,,,,,,,,,,
_deco_4,manuscript_11840,,,"Cambridge, Emmanuel College, MS 32",part,,,,"Decorated initials in red ink on ff. , , , .",decInit,97r; [98]r; [105]r; [106]r,97r [98]r [105]r [106]r,97r [98]r [105]r [106]r,,,,,,,,,,,,,,,,,,,,,,,,,,,,,
_deco_5,manuscript_11840,,,"Cambridge, Emmanuel College, MS 32",part,,,,Linear headpiece in faded red ink on f. .,headpiece,125r,125r,125r,,,,,,,,,,,,,,,,,,,,,,,,,,,,,
_deco_6,manuscript_11840,,,"Cambridge, Emmanuel College, MS 32",part,,,,Coloured initial in faded red ink on f. .,colInit,125r,125r,125r,,,,,,,,,,,,,,,,,,,,,,,,,,,,,
_deco_7,manuscript_11840,,,"Cambridge, Emmanuel College, MS 32",part,,,,"Linear headpiece in faded red ink on f. , .",headpiece,135r; [146]v,135r [146]v,135r [146]v,,,,,,,,,,,,,,,,,,,,,,,,,,,,,
_deco_8,manuscript_11840,,,"Cambridge, Emmanuel College, MS 32",part,,,,Small penwork in red ink on margin of f. .,marginal,[154]r,[154]r,[154]r,,,,,,,,,,,,,,,,,,,,,,,,,,,,,
_deco_9,manuscript_11840,,,"Cambridge, Emmanuel College, MS 32",part,,,,"Decorated initial in red ink on ff. , , , , , .",decInit,135r; 136r; 143v; [146]v; [154]r; [157]r,135r 136r 143v [146]v [154]r [157]r,135r 136r 143v [146]v [154]r [157]r,,,,,,,,,,,,,,,,,,,,,,,,,,,,,
_deco_1,manuscript_11842,,,"Cambridge, Emmanuel College, MS 59",manuscript,,MS-EMMANUEL-COLLEGE-00059,,plaited ornament in red ink,frieze,f. 1r,1r,1r,,,,,,,,,,,,,,,,,,,,,,,,,,,,,
_deco_2,manuscript_11842,,,"Cambridge, Emmanuel College, MS 59",manuscript,,MS-EMMANUEL-COLLEGE-00059,,a ribbon curled around a rod in red ink,frieze,f. 8r,8r,8r,,,,,,,,,,,,,,,,,,,,,,,,,,,,,
_deco_3,manuscript_11842,,,"Cambridge, Emmanuel College, MS 59",manuscript,,MS-EMMANUEL-COLLEGE-00059,,"ff. , rectangular friezes filled with various ornaments",frieze,34v; 65r,34v 65r,34v 65r,,,,,,,,,,,,,,,,,,,,,,,,,,,,,
_deco_4,manuscript_11842,,,"Cambridge, Emmanuel College, MS 59",manuscript,,MS-EMMANUEL-COLLEGE-00059,,"ff. , rope ornament on a black background",frieze,89r; 153v,89r 153v,89r 153v,,,,,,,,,,,,,,,,,,,,,,,,,,,,,
_deco_5,manuscript_11842,,,"Cambridge, Emmanuel College, MS 59",manuscript,,MS-EMMANUEL-COLLEGE-00059,,udulated linear frieze in black ink with clovers at both ends coloured in red,frieze,f. 136r,136r,136r,,,,,,,,,,,,,,,,,,,,,,,,,,,,,
_deco_6,manuscript_11842,,,"Cambridge, Emmanuel College, MS 59",manuscript,,MS-EMMANUEL-COLLEGE-00059,,"Thick minor initials in red ink are present throughout, at the beginning of each verse of the poem (see e.g. ).",palinInit,ff. 54v-55r,54v,55r,,,,,,,,,,,,,,,,,,,,,,,,,,,,,
_deco_1,manuscript_11843,,,"Cambridge, Emmanuel College, MS 61",manuscript,,MS-EMMANUEL-COLLEGE-00061,,Thick minor initials in brown ink are present throughout.,plainInit,,,,,,,,,,,,,,,,,,,,,,,,,,,,,,,,
_deco_1,manuscript_11844,,,"Cambridge, Emmanuel College, MS 90",manuscript,,MS-EMMANUEL-COLLEGE-00090,,"The text begins on with an enlarged initial, formed of space left blank within a black ink block.",plainInit,f. 4r,4r,4r,,,,,,,,,,,,,,,,,,,,,,,,,,,,,
_deco_1,manuscript_11845,,,"Cambridge, Emmanuel College, MS 109",manuscript,,MS-EMMANUEL-COLLEGE-00109,,On the text is comprised in a frame in red ink.,other,"ff. 1r-[47]v, [54]r-[85]v",1r,[85]v,,,,,,,,,,,,,,,,,,,,,,,,,,,,,
_deco_2,manuscript_11845,,,"Cambridge, Emmanuel College, MS 109",manuscript,,MS-EMMANUEL-COLLEGE-00109,,"On ff. , there are rectangular headpieces in red ink filled with vine scrolls. On f. , by hand B, there is a small headpiece in black and red ink, formed by a series of interlaced rhombuses forming a dragon (?); the execution is not accurate. On there is a headpiece in red ink, formed by an interlaced geometrical motif.",headpiece,1r; f. [33]r; 87r; f. 101r,1r [33]r 87r 101r,1r [33]r 87r 101r,,,,,,,,,,,,,,,,,,,,,,,,,,,,,
_deco_3,manuscript_11845,,,"Cambridge, Emmanuel College, MS 109",manuscript,,MS-EMMANUEL-COLLEGE-00109,,"ff. , , rope frieze",frieze,[4]v; [26]r; f. [37]v,[4]v [26]r [37]v,[4]v [26]r [37]v,,,,,,,,,,,,,,,,,,,,,,,,,,,,,
_deco_4,manuscript_11845,,,"Cambridge, Emmanuel College, MS 109",manuscript,,MS-EMMANUEL-COLLEGE-00109,,"ff. , , , vine scroll frieze",frieze,[9]v; [44]v; [47]v; [54]r,[9]v [44]v [47]v [54]r,[9]v [44]v [47]v [54]r,,,,,,,,,,,,,,,,,,,,,,,,,,,,,
_deco_5,manuscript_11845,,,"Cambridge, Emmanuel College, MS 109",manuscript,,MS-EMMANUEL-COLLEGE-00109,,"ff. , , , linear frieze.",frieze,[12a]v; [16]v; 21r; 41v,[12a]v [16]v 21r 41v,[12a]v [16]v 21r 41v,,,,,,,,,,,,,,,,,,,,,,,,,,,,,
_deco_6,manuscript_11845,,,"Cambridge, Emmanuel College, MS 109",manuscript,,MS-EMMANUEL-COLLEGE-00109,,"Initials in ekthesis in red ink, decorated with a vegetal motif, see e.g. .",decInit,f. 1r,1r,1r,,,,,,,,,,,,,,,,,,,,,,,,,,,,,
_deco_1,manuscript_11846,,,"Cambridge, Emmanuel College, MS 110",manuscript,,MS-EMMANUEL-COLLEGE-00110,,The beginnings of texts are marked by minor initials in brown ink.,plainInit,,,,,,,,,,,,,,,,,,,,,,,,,,,,,,,,
_deco_2,manuscript_11846,,,"Cambridge, Emmanuel College, MS 110",manuscript,,MS-EMMANUEL-COLLEGE-00110,,Transitions between texts are marked by simple vignettes in brown ink.,vignette,,,,,,,,,,,,,,,,,,,,,,,,,,,,,,,,
_deco_1,manuscript_11848,,,"Cambridge, Emmanuel College, MS 249",manuscript,,MS-EMMANUEL-COLLEGE-00249,,"On , after the end of the text, the scribe traced a litte ornamental motif in ink.",other,p. 31,31.0,31.0,,,,,,,,,,,,,,,,,,,,,,,,,,,,,
_deco_1,manuscript_11849,,,"Cambridge, Emmanuel College, MS 251",part,,,,Sections begin with minor initials in red ink.,colInit,,,,,,,,,,,,,,,,,,,,,,,,,,,,,,,,
_deco_2,manuscript_11849,,,"Cambridge, Emmanuel College, MS 251",part,,,,Sections begin with minor initials in red ink.,colInit,,,,,,,,,,,,,,,,,,,,,,,,,,,,,,,,
_deco_3,manuscript_11849,,,"Cambridge, Emmanuel College, MS 251",part,,,,A cross has been marked on by making small indentations in the folio.,other,f. 223,223.0,223.0,,,,,,,,,,,,,,,,,,,,,,,,,,,,,
_deco_4,manuscript_11849,,,"Cambridge, Emmanuel College, MS 251",part,,,,Sections begin with minor initials in red ink.,colInit,,,,,,,,,,,,,,,,,,,,,,,,,,,,,,,,
_deco_1,manuscript_11850,,,"Cambridge, Emmanuel College, MS 253",manuscript,,MS-EMMANUEL-COLLEGE-00253,,Psalms begin with minor initials in red and black ink. Smaller initials in red ink begin each line.,colInit,,,,,,,,,,,,,,,,,,,,,,,,,,,,,,,,
_deco_1,manuscript_11851,,,"Cambridge, Emmanuel College, MS 236",part,,,,A section breaking in red ink on ff. and,headpiece,[20]r; [20]v,[20]r [20]v,[20]r [20]v,,,,,,,,,,,,,,,,,,,,,,,,,,,,,
_deco_10,manuscript_11851,,,"Cambridge, Emmanuel College, MS 236",part,,,,Major initials in the same style as the headpieces.,decInit,,,,,,,,,,,,,,,,,,,,,,,,,,,,,,,,
_deco_2,manuscript_11851,,,"Cambridge, Emmanuel College, MS 236",part,,,,Initials in red ink.,colInit,,,,,,,,,,,,,,,,,,,,,,,,,,,,,,,,
_deco_3,manuscript_11851,,,"Cambridge, Emmanuel College, MS 236",part,,,,Decorated major initial on,decInit,f. 21r,21r,21r,,,,,,,,,,,,,,,,,,,,,,,,,,,,,
_deco_4,manuscript_11851,,,"Cambridge, Emmanuel College, MS 236",part,,,,Initials in red ink.,colInit,,,,,,,,,,,,,,,,,,,,,,,,,,,,,,,,
_deco_5,manuscript_11851,,,"Cambridge, Emmanuel College, MS 236",part,,,,A wavy line separates the texts.,headpiece,,,,,,,,,,,,,,,,,,,,,,,,,,,,,,,,
_deco_6,manuscript_11851,,,"Cambridge, Emmanuel College, MS 236",part,,,,Major an minor initials are decorated with a flourishing on margin.,decInit,,,,,,,,,,,,,,,,,,,,,,,,,,,,,,,,
_deco_7,manuscript_11851,,,"Cambridge, Emmanuel College, MS 236",part,,,,A rectangular heapiece in red ink on .,headpiece,f. 38r,38r,38r,,,,,,,,,,,,,,,,,,,,,,,,,,,,,
_deco_8,manuscript_11851,,,"Cambridge, Emmanuel College, MS 236",part,,,,Major and minor initials are decorated in red ink.,decInit,,,,,,,,,,,,,,,,,,,,,,,,,,,,,,,,
_deco_9,manuscript_11851,,,"Cambridge, Emmanuel College, MS 236",part,,,,"Rectangular headpieces in blue, green and yellow ink on ff. and .",headpiece,48v; 49v,48v 49v,48v 49v,,,,,,,,,,,,,,,,,,,,,,,,,,,,,
_deco_1,manuscript_11852,,,"Cambridge, Fitzwilliam Museum, MS 229",part,,,,Sections begin with minor initials in red ink.,colInit,,,,,,,,,,,,,,,,,,,,,,,,,,,,,,,,
_deco_2,manuscript_11852,,,"Cambridge, Fitzwilliam Museum, MS 229",part,,,,Sections occasionally begin with minor initials in brown ink.,colInit,,,,,,,,,,,,,,,,,,,,,,,,,,,,,,,,
_deco_1,manuscript_11853,,,"Cambridge, Fitzwilliam Museum, MS Charles Fairfax Murray 30",part,,,,The text on begins with a minor initial in bright red ink.,colInit,f. 1r,1r,1r,,,,,,,,,,,,,,,,,,,,,,,,,,,,,
_deco_2,manuscript_11853,,,"Cambridge, Fitzwilliam Museum, MS Charles Fairfax Murray 30",part,,,,The beginning of the text on is preceded by a vignette in red ink.,vignette,f. 1r,1r,1r,,,,,,,,,,,,,,,,,,,,,,,,,,,,,
_deco_1,manuscript_11854,,,"Cambridge, Fitzwilliam Museum, MS Charles Fairfax Murray 7",manuscript,,MS-FITZWILLIAM-CHARLES-FAIRFAX-MURRAY-00007,,Sections begin with minor initials in bright red ink.,colInit,,,,,,,,,,,,,,,,,,,,,,,,,,,,,,,,
_deco_2,manuscript_11854,,,"Cambridge, Fitzwilliam Museum, MS Charles Fairfax Murray 7",manuscript,,MS-FITZWILLIAM-CHARLES-FAIRFAX-MURRAY-00007,,Transitions between some sections are accompanied by line-fillers in brown and red ink.,lineFill,,,,,,,,,,,,,,,,,,,,,,,,,,,,,,,,
_deco_1,manuscript_11855,,,"Cambridge, Fitzwilliam Museum, MS McClean 1",manuscript,,MS-FITZWILLIAM-MCCLEAN-00001,,"The beginning of the text on is preceded by an arched headpiece in red, blue, green and white paint and gold, topped by two peacocks. The beginnings of other sections are preceded by rectangular headpieces in red, blue, green and white paint and gold (ff. , , , and ).",headpiece,f. 1r; 101v; 188v; 191r; 192r; 197r-197v,1r 101v 185v 191r 192r 197r,1r 101v 188v 191r 192r 197v,,,,,,,,,,,,,,,,,,,,,,,,,,,,,
_deco_2,manuscript_11855,,,"Cambridge, Fitzwilliam Museum, MS McClean 1",manuscript,,MS-FITZWILLIAM-MCCLEAN-00001,,"Each lection begins with an ornamented major initial, outlined in gold with red, blue, green and white paint infill.",decInit,,,,,,,,,,,,,,,,,,,,,,,,,,,,,,,,
_deco_3,manuscript_11855,,,"Cambridge, Fitzwilliam Museum, MS McClean 1",manuscript,,MS-FITZWILLIAM-MCCLEAN-00001,,The beginning of various sections and headings are marked by minor initials in gold.,colInit,,,,,,,,,,,,,,,,,,,,,,,,,,,,,,,,
_deco_4,manuscript_11855,,,"Cambridge, Fitzwilliam Museum, MS McClean 1",manuscript,,MS-FITZWILLIAM-MCCLEAN-00001,,Lection headings and rubrics were written in red ink and gilded.,chrysography,,,,,,,,,,,,,,,,,,,,,,,,,,,,,,,,
_deco_1,manuscript_11856,,,"Cambridge, Fitzwilliam Museum, MS McClean 2",part,,,,: St Matthew,miniature,f. 1r,1r,1r,,,,,,,,,,,,,,,,,,,,,,,,,,,,,
_deco_10,manuscript_11856,,,"Cambridge, Fitzwilliam Museum, MS McClean 2",part,,,,Lection headings and rubric were written in red ink and gilded.,chrysography,,,,,,,,,,,,,,,,,,,,,,,,,,,,,,,,
_deco_11,manuscript_11856,,,"Cambridge, Fitzwilliam Museum, MS McClean 2",part,,,,"Each lection begins with an ornamented initial, either in red ink and gilded or outlined in red ink and gilded, with red and blue paint infill.",decInit,,,,,,,,,,,,,,,,,,,,,,,,,,,,,,,,
_deco_12,manuscript_11856,,,"Cambridge, Fitzwilliam Museum, MS McClean 2",part,,,,Lection headings and rubric were written in red ink and gilded.,chrysography,,,,,,,,,,,,,,,,,,,,,,,,,,,,,,,,
_deco_2,manuscript_11856,,,"Cambridge, Fitzwilliam Museum, MS McClean 2",part,,,,: St Mark,miniature,f. 20v,20v,20v,,,,,,,,,,,,,,,,,,,,,,,,,,,,,
_deco_3,manuscript_11856,,,"Cambridge, Fitzwilliam Museum, MS McClean 2",part,,,,A small miniature of the Virgin Mary appears in the central division between the columns of text on .,miniature,f. 154v,154v,154v,,,,,,,,,,,,,,,,,,,,,,,,,,,,,
_deco_4,manuscript_11856,,,"Cambridge, Fitzwilliam Museum, MS McClean 2",part,,,,"Most months of the menologion are preceded by rectangular headpieces in red, blue, green and white paint and gold (ff. , , , , , , , ). One is preceded by a rectangular headpiece in red ink (). The lection on is preceded by a simple horizontal bar in red ink, gilded.",headpiece,14v; 21r-21v; 153r; 162r-162v; 165v; 169r; 173v; 175v; f. 14r; f. 2r,14v 21r 153r 162r 165v 169r 173v 175v 14r 2r,14v 21v 153r 162v 165v 169r 173v 175v 14r 2r,,,,,,,,,,,,,,,,,,,,,,,,,,,,,
_deco_5,manuscript_11856,,,"Cambridge, Fitzwilliam Museum, MS McClean 2",part,,,,"Most lections of this part begin with an ornamented major initial, usually outlined in red ink which has been gilded, with red, blue, green and white paint infill.",decInit,,,,,,,,,,,,,,,,,,,,,,,,,,,,,,,,
_deco_6,manuscript_11856,,,"Cambridge, Fitzwilliam Museum, MS McClean 2",part,,,,"The beginnings of some lections, headings and summary lection notes, and of sections within some lections, are marked by smaller, simpler initials in red ink, usually gilded.",colInit,,,,,,,,,,,,,,,,,,,,,,,,,,,,,,,,
_deco_7,manuscript_11856,,,"Cambridge, Fitzwilliam Museum, MS McClean 2",part,,,,Lection headings and rubric were written in red ink and gilded.,chrysography,,,,,,,,,,,,,,,,,,,,,,,,,,,,,,,,
_deco_8,manuscript_11856,,,"Cambridge, Fitzwilliam Museum, MS McClean 2",part,,,,"A later picture of Christ Pantokrator, portrayed as a young man, in ink and paint only, has been added to the originally blank . This is accompanied by a scroll with the inscription ὁσι το θελὲτε ἠδὴν αὐτόν το δεσὲνιον να μου σιμπαθισέται δι ὁτι αμαθις ἠμουν ἀκομὶ τῆς τεχνις της ζωγραφικῆς.",miniature,f. 152v,152v,152v,,,,,,,,,,,,,,,,,,,,,,,,,,,,,
_deco_9,manuscript_11856,,,"Cambridge, Fitzwilliam Museum, MS McClean 2",part,,,,"Lections begin with ornamented initials, some outlined in red ink which has been gilded, with blue paint infill, others only in red ink, gilded.",decInit,,,,,,,,,,,,,,,,,,,,,,,,,,,,,,,,
_deco_1,manuscript_11857,,,"Cambridge, Fitzwilliam Museum, MS McClean 3",manuscript,,MS-FITZWILLIAM-MCCLEAN-00003,,"There are portrait miniatures of the Evangelists on ff. (Luke) and (John), in paint only.",miniature,2v; 81v,2v 81v,2v 81v,,,,,,,,,,,,,,,,,,,,,,,,,,,,,
_deco_2,manuscript_11857,,,"Cambridge, Fitzwilliam Museum, MS McClean 3",manuscript,,MS-FITZWILLIAM-MCCLEAN-00003,,"The beginning of the Gospel of Luke on is preceded by a plaited headpiece outlined in red ink, with blue, green and yellow paint infill. The beginning of the Gospel of John on is preceded by a more elaborate square headpiece surrounding the heading, outlined in red ink, with red, blue, green and possibly yellow paint infill.",headpiece,f. 3r; f. 83r,3r 83r,3r 83r,,,,,,,,,,,,,,,,,,,,,,,,,,,,,
_deco_3,manuscript_11857,,,"Cambridge, Fitzwilliam Museum, MS McClean 3",manuscript,,MS-FITZWILLIAM-MCCLEAN-00003,,"The text of each Gospel, on ff. and , begins with a initial outlined in red ink, with blue and green paint infill.",decInit,3r; 83r,3r 83r,3r 83r,,,,,,,,,,,,,,,,,,,,,,,,,,,,,
_deco_4,manuscript_11857,,,"Cambridge, Fitzwilliam Museum, MS McClean 3",manuscript,,MS-FITZWILLIAM-MCCLEAN-00003,,The beginnings of sections are marked by minor initials in red ink.,colInit,,,,,,,,,,,,,,,,,,,,,,,,,,,,,,,,
_deco_5,manuscript_11857,,,"Cambridge, Fitzwilliam Museum, MS McClean 3",manuscript,,MS-FITZWILLIAM-MCCLEAN-00003,,"The beginning of the chapter list on is preceded by a horizontal plait in red ink, and the end of this text on and that of the subscription on are followed by simple vignettes in red ink.",vignette,f. 82r; f. 82v; f. 81r,82r 82v 81r,82r 82v 81r,,,,,,,,,,,,,,,,,,,,,,,,,,,,,
_deco_6,manuscript_11857,,,"Cambridge, Fitzwilliam Museum, MS McClean 3",manuscript,,MS-FITZWILLIAM-MCCLEAN-00003,,Lection notes on have decorative borders in red ink.,other,f. 126r,126r,126r,,,,,,,,,,,,,,,,,,,,,,,,,,,,,
_deco_1,manuscript_11858,,,"Cambridge, Fitzwilliam Museum, MS McClean 4",manuscript,,MS-FITZWILLIAM-MCCLEAN-00004,,"Pylai in red, blue, green and white paint and gold precede the beginning of the menologion on and the beginning of the eothina on . A similar headpiece probably originally preceded the beginning of the weeks on , but appears to have been deliberately cut out. The opening folios of other major sections of the synaxarion have been lost, but may be supposed to have received similar ornament. Narrow bands of ornament in gold, sometimes with red and blue paint infill, mark the beginning or end of some months of the menologion and miscellaneous texts (e.g. ff. , , , , ).",headpiece,f. 119r; f. 157r; f. 104r; 58v; 142v; 145v; 151v; 153r,119r 157r 104r 58v 142v 145v 151v 153r,119r 157r 104r 58v 142v 145v 151v 153r,,,,,,,,,,,,,,,,,,,,,,,,,,,,,
_deco_2,manuscript_11858,,,"Cambridge, Fitzwilliam Museum, MS McClean 4",manuscript,,MS-FITZWILLIAM-MCCLEAN-00004,,"Each lection begins with an ornamented initial, sometimes in gold alone, usually outlined in red ink which has been gilded, with red, blue, green and white paint infill.",decInit,,,,,,,,,,,,,,,,,,,,,,,,,,,,,,,,
_deco_3,manuscript_11858,,,"Cambridge, Fitzwilliam Museum, MS McClean 4",manuscript,,MS-FITZWILLIAM-MCCLEAN-00004,,"Lection headings and rubrics were written in red ink and gilded. Most of the rubrics in the last few folios () lack gilding, but traces of gold in places suggest that this is due to the loss of the original gilding rather than its original omission.",chrysography,ff. 159v-165r,159v,165r,,,,,,,,,,,,,,,,,,,,,,,,,,,,,
_deco_1,manuscript_11859,,,"Cambridge, Fitzwilliam Museum, MS 3-1955",manuscript,,MS-FITZWILLIAM-00003-01955,,"The beginning of each liturgy, and that of the Office of the Lesser Purification, is preceded by a headpiece outlined in black or red ink, with red, blue, green, yellow and golden paint infill. The one on is a large rectangular vegetative design similar to many of the major initials, that on is a rectangular design composed of a loose interlaced grid with vegetative protrusions, that on is a slender plait, and that on is a larger, rectangular plaited interlace design.",headpiece,f. 1v; f. 37r; f. 69v; f. ii recto,1v 37r 69v iir,1v 37r 69v iir,,,,,,,,,,,,,,,,,,,,,,,,,,,,,
_deco_2,manuscript_11859,,,"Cambridge, Fitzwilliam Museum, MS 3-1955",manuscript,,MS-FITZWILLIAM-00003-01955,,"The text of each liturgy, and that of many sections within them, begins with a major initial, usually outlined in black ink, with dark red, blue, green, yellow and golden paint infill. These are vegetative in style and some also incorporate zoomorphic forms (e.g. ff. , ) or hands giving a blessing or grasping other parts of the design (e.g. ff. , ). A few follow a different style, such as that on , outlined in black ink with yellow and bright red paint infill, or that on , in red and black ink.",decInit,62v; 78v; 42v; 81v; f. 80v; f. 68r,62v 78v 42v 81v 80v 68r,62v 78v 42v 81v 80v 68r,,,,,,,,,,,,,,,,,,,,,,,,,,,,,
_deco_3,manuscript_11859,,,"Cambridge, Fitzwilliam Museum, MS 3-1955",manuscript,,MS-FITZWILLIAM-00003-01955,,"The beginnings of other sections are marked by minor initials in red ink, of varying sizes and degrees of elaboration.",colInit,,,,,,,,,,,,,,,,,,,,,,,,,,,,,,,,
_deco_1,manuscript_11860,,,"Cambridge, Fitzwilliam Museum, MS 325",manuscript,,MS-FITZWILLIAM-00325,,"On there is a decorated border: a full frame surrounding the beginning of the text, composed of blue and gold acanthus leaves, green leaved stems with red flowers, and black sprays.",border,f. 7r,7r,7r,,,,,,,,,,,,,,,,,,,,,,,,,,,,,
_deco_2,manuscript_11860,,,"Cambridge, Fitzwilliam Museum, MS 325",manuscript,,MS-FITZWILLIAM-00325,,": initial in grey with a green leaved stem with two berries coloured in red and green, on a golden square with black sprays",decInit,f. 7r,7r,7r,,,,,,,,,,,,,,,,,,,,,,,,,,,,,
_deco_3,manuscript_11860,,,"Cambridge, Fitzwilliam Museum, MS 325",manuscript,,MS-FITZWILLIAM-00325,,": initial in grey with a green leaved stem with two berries coloured in red and green, on a golden square with black sprays",decInit,f. 19r,19r,19r,,,,,,,,,,,,,,,,,,,,,,,,,,,,,
_deco_4,manuscript_11860,,,"Cambridge, Fitzwilliam Museum, MS 325",manuscript,,MS-FITZWILLIAM-00325,,": initial in grey with a green leaved stem with two flowers coloured in blue, on a golden square with black sprays.",decInit,f. 78r,78r,78r,,,,,,,,,,,,,,,,,,,,,,,,,,,,,
_deco_5,manuscript_11860,,,"Cambridge, Fitzwilliam Museum, MS 325",manuscript,,MS-FITZWILLIAM-00325,,Minor thick initials in red and blue ink throughout. Passim minor initials or simple letters in brown ink are covered in yellow wash.,colInit,,,,,,,,,,,,,,,,,,,,,,,,,,,,,,,,
_deco_1,manuscript_11861,,,"Cambridge, Fitzwilliam Museum, MS 355.I.fol.7",manuscript,,MS-FITZWILLIAM-00355,,On there is a very small vegetal ornamental motif in red ink filling the line which precedes the beginning of the synaxarium.,lineFill,f. [1]r,[1]r,[1]r,,,,,,,,,,,,,,,,,,,,,,,,,,,,,
_deco_1,manuscript_11863,,,"Cambridge, Gonville and Caius College, MS 47/24 ",part,,,,"On pp. , , and (smaller) there are rectangular headpieces in red ink, filled with arabesques.",headpiece,1:1; 1:47[a]; 108,1:1 1:47[a] 1:108,1:1 1:47[a] 1:108,,,,,,,,,,,,,,,,,,,,,,,,,,,,,
_deco_2,manuscript_11863,,,"Cambridge, Gonville and Caius College, MS 47/24 ",part,,,,"Large decorated initials with rinceaux on pp. , , (the last three have a yellow shading). On a ractangular space designed to receive the decorated initial was left blank.",decInit,"1:1; 1:33; 1:47[a], ; 1:77; p. 108",1:1 1:33 1:47[a] 1:77 1:108,1:1 1:33 1:47[a] 1:77 1:108,,,,,,,,,,,,,,,,,,,,,,,,,,,,,
_deco_3,manuscript_11863,,,"Cambridge, Gonville and Caius College, MS 47/24 ",part,,,,On there is a rope frieze traced in red ink partly coloured in yellow. On there is a plaited frieze in red ink partly coloured in yellow. On there is an undulated linear frieze with vine leaves.,frieze,p. 1:33; p. 1:77; p. 1:140,1:33 1:77 1:140,1:33 1:77 1:140,,,,,,,,,,,,,,,,,,,,,,,,,,,,,
_deco_4,manuscript_11863,,,"Cambridge, Gonville and Caius College, MS 47/24 ",part,,,,"Around the ending of the books, there are various decorative elements in red an yellow ink, see pp. , , , , .",other,1:32; 1:46[a]; 1:77; 1:107; 1:139,1:32 1:46[a] 1:77 1:107 1:139,1:32 1:46[a] 1:77 1:107 1:139,,,,,,,,,,,,,,,,,,,,,,,,,,,,,
_deco_1,manuscript_11864,,,"Cambridge, Gonville and Caius College, MS 50/27 ",manuscript,,MS-GONVILLE-AND-CAIUS-00050-00027,,"ff. , , repeating pattern of undulating lines",frieze,199v; 222r; 234v,199v 222r 234v,199v 222r 234v,,,,,,,,,,,,,,,,,,,,,,,,,,,,,
_deco_2,manuscript_11864,,,"Cambridge, Gonville and Caius College, MS 50/27 ",manuscript,,MS-GONVILLE-AND-CAIUS-00050-00027,,rope motif,frieze,f. 211r,211r,211r,,,,,,,,,,,,,,,,,,,,,,,,,,,,,
_deco_3,manuscript_11864,,,"Cambridge, Gonville and Caius College, MS 50/27 ",manuscript,,MS-GONVILLE-AND-CAIUS-00050-00027,,a single line,frieze,f. 236r,236r,236r,,,,,,,,,,,,,,,,,,,,,,,,,,,,,
_deco_4,manuscript_11864,,,"Cambridge, Gonville and Caius College, MS 50/27 ",manuscript,,MS-GONVILLE-AND-CAIUS-00050-00027,,"Thick red ink initials sometimes very simply decorated, see e.g. . Blank space for larger initials has been left, e.g. on .",decInit,f. 6v; f. 1r,6v 1r,6v 1r,,,,,,,,,,,,,,,,,,,,,,,,,,,,,
_deco_1,manuscript_11865,,,"Cambridge, Gonville and Caius College, MS 76/43",part,,,,"Sections begin with minor initials in red ink, of which some more minor ones appear within the line rather than at the beginning.",colInit,,,,,,,,,,,,,,,,,,,,,,,,,,,,,,,,
_deco_10,manuscript_11865,,,"Cambridge, Gonville and Caius College, MS 76/43",part,,,,"The text begins with an ornamented minor initial in red ink. A similar, smaller initial appears at the beginning of the main body of the book, and small, unadorned initials at the beginning of sections, within lines as well as at the beginning.",colInit,,,,,,,,,,,,,,,,,,,,,,,,,,,,,,,,
_deco_11,manuscript_11865,,,"Cambridge, Gonville and Caius College, MS 76/43",part,,,,"Space has been left for an initial letter at the beginning of the text on , but this was never added.",unfilled,f. 206r,206r,206r,,,,,,,,,,,,,,,,,,,,,,,,,,,,,
_deco_2,manuscript_11865,,,"Cambridge, Gonville and Caius College, MS 76/43",part,,,,The beginning of the text on is preceded by a simple thin band of ornament in red ink.,vignette,f. 1r,1r,1r,,,,,,,,,,,,,,,,,,,,,,,,,,,,,
_deco_3,manuscript_11865,,,"Cambridge, Gonville and Caius College, MS 76/43",part,,,,"The beginning of the text on is preceded by a rectangular headpiece in red ink, with translucent yellow wash infill.",headpiece,f. 5r,5r,5r,,,,,,,,,,,,,,,,,,,,,,,,,,,,,
_deco_4,manuscript_11865,,,"Cambridge, Gonville and Caius College, MS 76/43",part,,,,"The text on begins with a major initial in red ink, with translucent yellow wash infill.",decInit,f. 5r,5r,5r,,,,,,,,,,,,,,,,,,,,,,,,,,,,,
_deco_5,manuscript_11865,,,"Cambridge, Gonville and Caius College, MS 76/43",part,,,,Sections beginning on begin with ornamented minor initials in red ink.,colInit,ff. 11v-14r,11v,14r,,,,,,,,,,,,,,,,,,,,,,,,,,,,,
_deco_6,manuscript_11865,,,"Cambridge, Gonville and Caius College, MS 76/43",part,,,,Sections beginning on are preceded by simple bands of ornament in red ink.,vignette,ff. 11v-14r,11v,14r,,,,,,,,,,,,,,,,,,,,,,,,,,,,,
_deco_7,manuscript_11865,,,"Cambridge, Gonville and Caius College, MS 76/43",part,,,,"Space has been left for initials and decorative bands at the start of sections beginning on , but these have not been added.",unfilled,ff. 18r-24v,18r,24v,,,,,,,,,,,,,,,,,,,,,,,,,,,,,
_deco_8,manuscript_11865,,,"Cambridge, Gonville and Caius College, MS 76/43",part,,,,"Space has been left for initials at the start of chapters, but these have not been added.",unfilled,,,,,,,,,,,,,,,,,,,,,,,,,,,,,,,,
_deco_9,manuscript_11865,,,"Cambridge, Gonville and Caius College, MS 76/43",part,,,,"Simple minor initials have been placed at the beginning of texts and sections. The scribe has placed guide letters in black indicating which initials should be added; the initials have usually been written directly over these, sometimes alongside.",colInit,,,,,,,,,,,,,,,,,,,,,,,,,,,,,,,,
_deco_1,manuscript_11866,,,"Cambridge, Gonville and Caius College, MS 77/44",manuscript,,MS-GONVILLE-AND-CAIUS-00077-00044,,"Rectangular bands of ornament in red or orange ink precede the beginnings of texts and major sections on ff. , , , , and .",headpiece,1r; 2r; 189r; 190v; 220r; 221r,1r 2r 189r 190v 220r 221r,1r 2r 189r 190v 220r 221r,,,,,,,,,,,,,,,,,,,,,,,,,,,,,
_deco_2,manuscript_11866,,,"Cambridge, Gonville and Caius College, MS 77/44",manuscript,,MS-GONVILLE-AND-CAIUS-00077-00044,,Texts and section begin with simple minor initials in red ink.,colInit,,,,,,,,,,,,,,,,,,,,,,,,,,,,,,,,
_deco_3,manuscript_11866,,,"Cambridge, Gonville and Caius College, MS 77/44",manuscript,,MS-GONVILLE-AND-CAIUS-00077-00044,,"The beginnings of books of the work of Alexander of Tralles () are marked by small pieces of ornament in red or orange ink in the margin (e.g. ff. , ).",other,ff. 1r-173r; 44r; 52r,1r 44r 52r,173r 44r 52r,,,,,,,,,,,,,,,,,,,,,,,,,,,,,
_deco_1,manuscript_11867,,,"Cambridge, Gonville and Caius College, MS 348/541",manuscript,,MS-GONVILLE-AND-CAIUS-00348-00541,,"Verses begin with normal letters in red ink. On these are in bright red ink, while on the ink is paler.",colInit,pp. 1-128; pp. 129-263,1 129,128 263,,,,,,,,,,,,,,,,,,,,,,,,,,,,,
_deco_2,manuscript_11867,,,"Cambridge, Gonville and Caius College, MS 348/541",manuscript,,MS-GONVILLE-AND-CAIUS-00348-00541,,"Space has been left for initial letters to each Psalm or Ode, but these have not been added. Guide letters, usually in red ink, are written in the margin to indicate the appropriate letter to the artist.",unfilled,,,,,,,,,,,,,,,,,,,,,,,,,,,,,,,,
_deco_1,manuscript_11868,,,"Cambridge, Gonville and Caius College, MS 355/582",part,,,,Interlace frieze in red ink on .,frieze,f. 187r,187r,187r,,,,,,,,,,,,,,,,,,,,,,,,,,,,,
_deco_2,manuscript_11868,,,"Cambridge, Gonville and Caius College, MS 355/582",part,,,,"Initials in ekthesis, in red ink, with a decoration of rinceaux, see e.g. .",plainInit,f. 187r,187r,187r,,,,,,,,,,,,,,,,,,,,,,,,,,,,,
_deco_3,manuscript_11868,,,"Cambridge, Gonville and Caius College, MS 355/582",part,,,,Thick red ink minor initials in red ink.,plainInit,,,,,,,,,,,,,,,,,,,,,,,,,,,,,,,,
_deco_4,manuscript_11868,,,"Cambridge, Gonville and Caius College, MS 355/582",part,,,,Thick red ink initials.,plainInit,,,,,,,,,,,,,,,,,,,,,,,,,,,,,,,,
_deco_1,manuscript_11870,,,"Cambridge, Gonville and Caius College, MS 403/412",manuscript,,MS-GONVILLE-AND-CAIUS-00403-00412,,": Mark is seated, in the act of thinking; his right hand lies on a scroll open on his right knee. On the background there are a building, coloured in red, on the left, and a desk, in yellow and red, with an open scroll, on the right; the background is filled with gold. The frame of the miniature is blue with white patterns, and red edge",miniature,p. 142,142.0,142.0,,,,,,,,,,,,,,,,,,,,,,,,,,,,,
_deco_2,manuscript_11870,,,"Cambridge, Gonville and Caius College, MS 403/412",manuscript,,MS-GONVILLE-AND-CAIUS-00403-00412,,": Luke is seated, he has an open scroll in his left hand, and is bending onwards to consult a scroll open on a desk. On the background there are a building, coloured in grey and white, on the left, and a desk, in red, on the right; the ground is filled with gold. The frame of the miniature is blue with white patterns, and red edge.",miniature,p. 238,238.0,238.0,,,,,,,,,,,,,,,,,,,,,,,,,,,,,
_deco_3,manuscript_11870,,,"Cambridge, Gonville and Caius College, MS 403/412",manuscript,,MS-GONVILLE-AND-CAIUS-00403-00412,,"On pp. , , , rectangular spaces with a frame in red ink have been left blank; probably they should have contained decorated headpieces.",unfilled,1; 143; 239; 371,[1] 143 239 371,[1] 143 239 371,,,,,,,,,,,,,,,,,,,,,,,,,,,,,
_deco_4,manuscript_11870,,,"Cambridge, Gonville and Caius College, MS 403/412",manuscript,,MS-GONVILLE-AND-CAIUS-00403-00412,,zoomorphic contoured initial in red ink (snake),decInit,p.1,[1],[1],,,,,,,,,,,,,,,,,,,,,,,,,,,,,
_deco_5,manuscript_11870,,,"Cambridge, Gonville and Caius College, MS 403/412",manuscript,,MS-GONVILLE-AND-CAIUS-00403-00412,,figure contoured initial in red ink (nude young figure with a scroll),decInit,p. 143,143.0,143.0,,,,,,,,,,,,,,,,,,,,,,,,,,,,,
_deco_6,manuscript_11870,,,"Cambridge, Gonville and Caius College, MS 403/412",manuscript,,MS-GONVILLE-AND-CAIUS-00403-00412,,"zoomorphic contoured initial in red ink (bird and fishes, a hand)",decInit,p. 239,239.0,239.0,,,,,,,,,,,,,,,,,,,,,,,,,,,,,
_deco_7,manuscript_11870,,,"Cambridge, Gonville and Caius College, MS 403/412",manuscript,,MS-GONVILLE-AND-CAIUS-00403-00412,,zoomorphic contoured initial in red ink (dragon and birds),decInit,p. 371,371.0,371.0,,,,,,,,,,,,,,,,,,,,,,,,,,,,,
_deco_1,manuscript_11871,,,"Cambridge, Gonville and Caius College, MS 495/264",part,,,,"On , over the title, and on , after the end of the text, there are ornamental interlace motifs in red ink. Small rinceaux in red ink are at both sides of the title.",other,f. 1r; f. [107]r,1r [107]r,1r [107]r,,,,,,,,,,,,,,,,,,,,,,,,,,,,,
_deco_2,manuscript_11871,,,"Cambridge, Gonville and Caius College, MS 495/264",part,,,,"Initials in ekthesis in red ink are decorated with a simple vegetal motif, with rinceaux, see e.g. .",decInit,f. 1r,1r,1r,,,,,,,,,,,,,,,,,,,,,,,,,,,,,
_deco_3,manuscript_11871,,,"Cambridge, Gonville and Caius College, MS 495/264",part,,,,Minor initials in red ink with or without small ornamental motifs.,plainInit,,,,,,,,,,,,,,,,,,,,,,,,,,,,,,,,
_deco_4,manuscript_11871,,,"Cambridge, Gonville and Caius College, MS 495/264",part,,,,"On ff. , and there are friezes in a rope motif in red ink.",frieze,109r; 159r; f. [198]v,109r 159r [198]v,109r 159r [198]v,,,,,,,,,,,,,,,,,,,,,,,,,,,,,
_deco_5,manuscript_11871,,,"Cambridge, Gonville and Caius College, MS 495/264",part,,,,"Initials in ekthesis in red ink are decorated with a simple vegetal motif, with rinceaux, see e.g. .",decInit,f. 109r,109r,109r,,,,,,,,,,,,,,,,,,,,,,,,,,,,,
_deco_6,manuscript_11871,,,"Cambridge, Gonville and Caius College, MS 495/264",part,,,,Minor initials in red ink with or without small ornamental motifs.,plainInit,,,,,,,,,,,,,,,,,,,,,,,,,,,,,,,,
_deco_7,manuscript_11871,,,"Cambridge, Gonville and Caius College, MS 495/264",part,,,,"On , over the title, there is an ornamental motif similar to a flower, in red ink. Small rinceaux in red ink form a sort of frieze on ; similar elements are present to the sides of the ending of the text forming a cul-de-lampe on .",other,f. 109r; f. [143]v; f. [158]v,109r [143]v [158]v,109r [143]v [158]v,,,,,,,,,,,,,,,,,,,,,,,,,,,,,
_deco_8,manuscript_11871,,,"Cambridge, Gonville and Caius College, MS 495/264",part,,,,"Small diagrams in red ink by the scribe, see e.g. .",diagram,f. [130]r,[130]r,[130]r,,,,,,,,,,,,,,,,,,,,,,,,,,,,,
_deco_1,manuscript_11872,,,"Cambridge, Gonville and Caius College, MS 500/382",manuscript,,MS-GONVILLE-AND-CAIUS-00500-00382,,"The beginnings of books on ff. , , and are preceded by slender headpieces in red ink.",headpiece,1r; 141r; 232r; 301r,1r 141r 232r 301r,1r 141r 232r 301r,,,,,,,,,,,,,,,,,,,,,,,,,,,,,
_deco_2,manuscript_11872,,,"Cambridge, Gonville and Caius College, MS 500/382",manuscript,,MS-GONVILLE-AND-CAIUS-00500-00382,,Sections begin with minor initials in red ink.,colInit,,,,,,,,,,,,,,,,,,,,,,,,,,,,,,,,
_deco_1,manuscript_11873,,,"Cambridge, Gonville and Caius College, MS 596/455",manuscript,,MS-GONVILLE-AND-CAIUS-00596-00455,,"Sometimes, to mark the passage from one text to another, the scribe traced very simple friezes as line fillers, see ff. , .",lineFill,21r; 122v,21r 122v,21r 122v,,,,,,,,,,,,,,,,,,,,,,,,,,,,,
_deco_1,manuscript_11875,,,"Cambridge, Gonville and Caius College, MS 716/63",part,,,,Texts begin with minor initials in red ink.,colInit,,,,,,,,,,,,,,,,,,,,,,,,,,,,,,,,
_deco_2,manuscript_11875,,,"Cambridge, Gonville and Caius College, MS 716/63",part,,,,Transitions between texts are accompanied by asterisks in red and brown ink.,other,,,,,,,,,,,,,,,,,,,,,,,,,,,,,,,,
_deco_3,manuscript_11875,,,"Cambridge, Gonville and Caius College, MS 716/63",part,,,,"Texts begin with decorated initials in red ink, and the beginning of sections is marked by smaller, simpler initials in red ink.",colInit,,,,,,,,,,,,,,,,,,,,,,,,,,,,,,,,
_deco_1,manuscript_11879,,,"Cambridge, Gonville and Caius College, MS 781/819",part,,,,The beginning of the Gospel of Matthew is preceded by a pyle in red ink (f. 26r). Other texts are preceded by rectangular headpieces in red ink: pyle f. 3r summary lectionary f. 92r Gospel of Mark f. 135r Gospel of Luke f. 205r Gospel of John,headpiece,,,,,,,,,,,,,,,,,,,,,,,,,,,,,,,,
_deco_2,manuscript_11879,,,"Cambridge, Gonville and Caius College, MS 781/819",part,,,,"Some of the supplementary texts are preceded by simple vignettes in red ink (e.g. ff. , ).",vignette,132v-133r; 204v,132v 204v,133r 204v,,,,,,,,,,,,,,,,,,,,,,,,,,,,,
_deco_3,manuscript_11879,,,"Cambridge, Gonville and Caius College, MS 781/819",part,,,,"The Gospel of Mark begins with an initial outlined in brown ink, with red infill ().",decInit,f. 26r,26r,26r,,,,,,,,,,,,,,,,,,,,,,,,,,,,,
_deco_4,manuscript_11879,,,"Cambridge, Gonville and Caius College, MS 781/819",part,,,,Other texts and sections begin with minor initials in red ink.,colInit,,,,,,,,,,,,,,,,,,,,,,,,,,,,,,,,
_deco_5,manuscript_11879,,,"Cambridge, Gonville and Caius College, MS 781/819",part,,,,The space following the end of the chapter list on is occupied by a triangular piece of ornament in red ink.,other,f. 133v,133v,133v,,,,,,,,,,,,,,,,,,,,,,,,,,,,,
_deco_6,manuscript_11879,,,"Cambridge, Gonville and Caius College, MS 781/819",part,,,,Sections begin with minor initials in red ink.,colInit,,,,,,,,,,,,,,,,,,,,,,,,,,,,,,,,
_deco_1,manuscript_11882,,,"Cambridge, King's College, MS 10",part,,,,"On there is a rectangular headpiece in red ink, with clovers at the corners, filled by a geometrical motif of interlaced rhombuses.",headpiece,f. 1:2r,1:2r,1:2r,,,,,,,,,,,,,,,,,,,,,,,,,,,,,
_deco_2,manuscript_11882,,,"Cambridge, King's College, MS 10",part,,,,On there is a frieze in red ink with a chain motif.,frieze,f. 1:14r,1:14r,1:14r,,,,,,,,,,,,,,,,,,,,,,,,,,,,,
_deco_3,manuscript_11882,,,"Cambridge, King's College, MS 10",part,,,,"Initials in ekthesis are decorated with a branch motif, see ff. , ).",decInit,1:2r; 1:14r,1:2r 1:14r,1:2r 1:14r,,,,,,,,,,,,,,,,,,,,,,,,,,,,,
_deco_4,manuscript_11882,,,"Cambridge, King's College, MS 10",part,,,,"The beginning of the text is preceded by a rectangular headpiece in red ink, with plaited ornament ().",headpiece,f. 2:1r,2:1r,2:1r,,,,,,,,,,,,,,,,,,,,,,,,,,,,,
_deco_5,manuscript_11882,,,"Cambridge, King's College, MS 10",part,,,,"On there is a large initial in red ink with a plaited, branch decoration. Minor initials in red ink, often with simple vegetal ornament, are present throughout the text (see e.g. ff. , ); they have sometimes infill in translucent yellow wash (see e.g. ).",decInit,f. 2:1r; 2:2r; 2:3r; f. 2:7v,2:1r 2:2r 2:3r 2:7v,2:1r 2:2r 2:3r 2:7v,,,,,,,,,,,,,,,,,,,,,,,,,,,,,
_deco_6,manuscript_11882,,,"Cambridge, King's College, MS 10",part,,,,"Shorter lines are frequently completed with simple line-fillers in red ink, see ff. , . On there is a frieze in a rope motif, in red ink.",lineFill,2:3r; 2:6r; f. 2:3r,2:3r 2:6r 2:3r,2:3r 2:6r 2:3r,,,,,,,,,,,,,,,,,,,,,,,,,,,,,
_deco_7,manuscript_11882,,,"Cambridge, King's College, MS 10",part,,,,"In the margins are present small patterns of scrolling ornament in red ink, see e.g. .",other,f. 2:3r,2:3r,2:3r,,,,,,,,,,,,,,,,,,,,,,,,,,,,,
_deco_8,manuscript_11882,,,"Cambridge, King's College, MS 10",part,,,,"Thick initials in ekthesis in brown ink, see e.g. .",plaiInit,f. 2:72r,2:72r,2:72r,,,,,,,,,,,,,,,,,,,,,,,,,,,,,
_deco_1,manuscript_11883,,,"Cambridge, King's College, MS 20",manuscript,,MS-KINGS-00020,,"On there is a rectangular headpiece formed by an interlace of blue oblique lines with small red flowers, surrounded by a golden ribbon with palmette at the corners. On the title, written in thick golden capital letters, is surrounded by a triple chain in gold, blue and red which forms a rectangular frame.",headpiece,f. [1]r; f. 70v,[1]r 70v,[1]r 70v,,,,,,,,,,,,,,,,,,,,,,,,,,,,,
_deco_2,manuscript_11883,,,"Cambridge, King's College, MS 20",manuscript,,MS-KINGS-00020,,"On ff. and there are thick golden initials outlined in red, decorated with golden and blue vine and flower motifs. The remaining initials are traced in red ink and decorated with vine motifs, see e.g. .",decInit,[1]r; 70v; f. [5]v,[1]r 70v [5]v,[1]r 70v [5]v,,,,,,,,,,,,,,,,,,,,,,,,,,,,,
_deco_3,manuscript_11883,,,"Cambridge, King's College, MS 20",manuscript,,MS-KINGS-00020,,"The texts are accompanied by geometrical diagrams traced by the scribe, see e.g. ff. , .",diagram,f. [7]v; f. [78]r,[7]v [78]r,[7]v [78]r,,,,,,,,,,,,,,,,,,,,,,,,,,,,,
_deco_1,manuscript_11884,,,"Cambridge, King's College, MS 23",manuscript,,MS-KINGS-00023,,"On there is a rectangular headpiece coloured in blue, with a golden frame. In the centre there is a shield divided in four; two divisions contain three lilies of France, and two three lions of England. The shield is surrounded by a laurel wreath, which is surmounted by a crown. Around the shield, there are pomegranates. The colours are blue, gold, red and green. The headpiece and the titles probably were not realised by the scribe: on ff. and are still visible two annotations written by the scribe on the upper edge of the leaves, indicating the title which was to be written on each folio (title on f. [37]r remained incomplete).",headpiece,f. 1r; 1r; [37]r,1r 1r [37]r,1r 1r [37]r,,,,,,,,,,,,,,,,,,,,,,,,,,,,,
_deco_2,manuscript_11884,,,"Cambridge, King's College, MS 23",manuscript,,MS-KINGS-00023,,"On there is a large golden initial in ekthesis, richly decorated with a vegetal motif with vine scrolls.",decInit,f. 1r,1r,1r,,,,,,,,,,,,,,,,,,,,,,,,,,,,,
_deco_3,manuscript_11884,,,"Cambridge, King's College, MS 23",manuscript,,MS-KINGS-00023,,"Thick golden initials in ekthesis throughout the text, see e.g. .",colInit,f. [20]v,[20]v,[20]v,,,,,,,,,,,,,,,,,,,,,,,,,,,,,
_deco_4,manuscript_11884,,,"Cambridge, King's College, MS 23",manuscript,,MS-KINGS-00023,,A golden flower accompanies the title of a paragraph on .,drawing,f. [12]r,[12]r,[12]r,,,,,,,,,,,,,,,,,,,,,,,,,,,,,
_deco_5,manuscript_11884,,,"Cambridge, King's College, MS 23",manuscript,,MS-KINGS-00023,,"Some diagrams accompany the text in black ink, red and gold, see e.g. ff. , .",diagram,55v; [74]r,55v [74]r,55v [74]r,,,,,,,,,,,,,,,,,,,,,,,,,,,,,
_deco_1,manuscript_11885,,,"Cambridge, King's College, MS 45",manuscript,,MS-KINGS-00045,,"The text is illustrated with frequent narrative drawings in the margins. Only those on ff. , , , and, partially, are painted. The pictures infringe at times on the written area.",drawing,141v; 142v; 143v-144r; 147r-147v; 148v,141v 142v 143v 147r 148v,141v 142v 144r 147v 148v,,,,,,,,,,,,,,,,,,,,,,,,,,,,,
_deco_2,manuscript_11885,,,"Cambridge, King's College, MS 45",manuscript,,MS-KINGS-00045,,Sections begin with minor initials in red ink.,colInit,,,,,,,,,,,,,,,,,,,,,,,,,,,,,,,,
_deco_1,manuscript_11890,,,"Cambridge, Pembroke College, MS 292",part,,,,"Some headings, sections and proper nouns begin with slightly enlarged initials in modern capital letters.",plainInit,,,,,,,,,,,,,,,,,,,,,,,,,,,,,,,,
_deco_2,manuscript_11890,,,"Cambridge, Pembroke College, MS 292",part,,,,Some headings are flanked by simple leaves drawn in ink (e.g. ). These also appear at the end of the text ().,other,ff. 61v-68v; f. 145v,1:61v 1:145v,1:68v 1:145v,,,,,,,,,,,,,,,,,,,,,,,,,,,,,
_deco_1,manuscript_11891,,,"Cambridge, Pembroke College, MS 293",part,,,,"Some headings, sections and proper nouns begin with slightly enlarged initials in modern capital letters.",plainInit,,,,,,,,,,,,,,,,,,,,,,,,,,,,,,,,
_deco_1,manuscript_11894,,,"Cambridge, Pembroke College, MS 310",manuscript,,MS-PEMBROKE-00310,,"The beginning of the menologion ( and of the lections of Lent () are preceded by headpieces in a plait or interlace pattern, drawn in red ink and gilded.",headpiece,f. 39v; f. 83v,39v 83v,39v 83v,,,,,,,,,,,,,,,,,,,,,,,,,,,,,
_deco_2,manuscript_11894,,,"Cambridge, Pembroke College, MS 310",manuscript,,MS-PEMBROKE-00310,,"Lections on ff. , , are preceded by simpler vignettes, drawn in red ink and gilded.",vignette,63r; 65r; 77v,63r 65r 77v,63r 65r 77v,,,,,,,,,,,,,,,,,,,,,,,,,,,,,
_deco_3,manuscript_11894,,,"Cambridge, Pembroke College, MS 310",manuscript,,MS-PEMBROKE-00310,,"Each lection begins with an ornamented major initial, either in gold or outlined in gold and infilled with red, blue, green, yellow and white paint.",decInit,,,,,,,,,,,,,,,,,,,,,,,,,,,,,,,,
_deco_4,manuscript_11894,,,"Cambridge, Pembroke College, MS 310",manuscript,,MS-PEMBROKE-00310,,Gilded headings are present on ff. and .,chrysography,3r-34r; 85v,3r 85v,34r 85v,,,,,,,,,,,,,,,,,,,,,,,,,,,,,
_deco_1,manuscript_11895,,,"Cambridge, Queens' College, MS 32",part,,,,"There is no proper decoration in the manuscript. The text is accompanied by geometrical diagrams traced by the scribe, see e.g. . In many cases the scribe left blank spaces for diagrams which were not realised, see e.g. .",diagram,f. 19r; ff. [34]v-[35]r,19r [34]v,19r [35]r,,,,,,,,,,,,,,,,,,,,,,,,,,,,,
_deco_2,manuscript_11895,,,"Cambridge, Queens' College, MS 32",part,,,,Thick red initial in ekthesis on .,plainInit,f. [203]v,[203]v,[203]v,,,,,,,,,,,,,,,,,,,,,,,,,,,,,
_deco_3,manuscript_11895,,,"Cambridge, Queens' College, MS 32",part,,,,"There is no proper decoration in the manuscript. The text is accompanied by a few incomplete geometrical diagrams traced by the scribe, see ff. , .",diagram,[187]r; 188v,[187]r 188v,[187]r 188v,,,,,,,,,,,,,,,,,,,,,,,,,,,,,
_deco_4,manuscript_11895,,,"Cambridge, Queens' College, MS 32",part,,,,"There is no proper decoration in the manuscript. Blank spaces have been left for diagrams, which have not been completed, see e.g. .",diagram,f. [216]r,[216]r,[216]r,,,,,,,,,,,,,,,,,,,,,,,,,,,,,
_deco_1,manuscript_11896,,,"Cambridge, Queens' College, MS 33",manuscript,,MS-QUEENS-00033,,"Headpieces are drawn in red ink at the beginning of some works: ff. , , , .",headpiece,[1]r; [36]r; [60]r; [76]v,[1]r [36]r [60]r [76]v,[1]r [36]r [60]r [76]v,,,,,,,,,,,,,,,,,,,,,,,,,,,,,
_deco_2,manuscript_11896,,,"Cambridge, Queens' College, MS 33",manuscript,,MS-QUEENS-00033,,"Several red-ink major initials mark the start of works or sections of texts copied by Nikolaos. The more elaborated ones are on ff. , , , , , , , , , , , , , , , ,",decInit,[1]r; [2]r; [3]v; [10]v; [18]r; [28]v; [36]r; [43]r; [45]v; [47]r; [48]v; 51v; [60r]; [66]v; [76]v; [117]r; [136]r,[1]r [2]r [3]v [10]v [18]r [28]v [36]r [43]r [45]v [47]r [48]v 51v [60r] [66]v [76]v [117]r [136]r,[1]r [2]r [3]v [10]v [18]r [28]v [36]r [43]r [45]v [47]r [48]v 51v [60r] [66]v [76]v [117]r [136]r,,,,,,,,,,,,,,,,,,,,,,,,,,,,,
_deco_1,manuscript_11897,,,"Cambridge, Sidney Sussex College, MS 61",manuscript,,MS-SIDNEY-00061,,"Many sections begin with simple minor initials, sometimes slightly ornamented, in red ink.",colInit,,,,,,,,,,,,,,,,,,,,,,,,,,,,,,,,
_deco_2,manuscript_11897,,,"Cambridge, Sidney Sussex College, MS 61",manuscript,,MS-SIDNEY-00061,,A minority of sections begin with minor initials in black ink.,plainInit,,,,,,,,,,,,,,,,,,,,,,,,,,,,,,,,
_deco_1,manuscript_11899,,,"Cambridge, St John's College, MS O.79",part,,,,The beginning of the text on is preceded by a simple vignette in red and brown ink.,vignette,f. 1r,1r,1r,,,,,,,,,,,,,,,,,,,,,,,,,,,,,
_deco_2,manuscript_11899,,,"Cambridge, St John's College, MS O.79",part,,,,"Sections begin with small, simple minor initials in red ink, while slightly enlarged normal letters within the text begin subsections.",colInit,,,,,,,,,,,,,,,,,,,,,,,,,,,,,,,,
_deco_1,manuscript_11901,,,"Cambridge, St John's College, MS A.6",manuscript,,MS-SJC-A-00006,,"At the beginning of books there are rectangular headpieces in red ink: on the headpiece is filled with red ink and a rope, the execution is poor; on the headpiece is filled with a vegetal-geometrical motif.",headpiece,p. 371; p. 433,371 433,371 433,,,,,,,,,,,,,,,,,,,,,,,,,,,,,
_deco_2,manuscript_11901,,,"Cambridge, St John's College, MS A.6",manuscript,,MS-SJC-A-00006,,"At the end of books there are small and simple friezes in red ink, formed by recurring motifs of lines and groups of small vertical strokes, see e.g. pp. 57, 77, p. [126] l. 13. At the beginning of books there are friezes in red ink with a geometrical motif with clovers (pp. [340], 371), on p. [390] there is a rectangular frieze in red ink.",frieze,,,,,,,,,,,,,,,,,,,,,,,,,,,,,,,,
_deco_3,manuscript_11901,,,"Cambridge, St John's College, MS A.6",manuscript,,MS-SJC-A-00006,,"Initials in ekthesis in red ink decorated with vegetal motifs with pearls (see e.g. pp. , )",decInit,1; 9,1 9,1 9,,,,,,,,,,,,,,,,,,,,,,,,,,,,,
_deco_1,manuscript_11907,,,"Cambridge, Trinity College, MS B.3.18",part,,,,"On there is a frieze in red ink with a vine-scrolls motif. Similar friezes are found in manuscripts copied by Provataris, see e.g. MSS Città del Vaticano, Biblioteca Apostolica Vaticana, Barb. gr. 568 (see P. Canart, 'Les manuscrits copiés par Emmanuel Provataris (1546-1570 environ): Essai d'étude codicologique', in Mélanges Eugène Tisserant, VI (Città del Vaticano, 1964), pp. 173-287: Pl. 4) and Vat. gr. 1177 (Mélanges Eugène Tisserant Canart (1964), Pl. 5).",frieze,f. 1r,1r,1r,,,,,,,,,,,,,,,,,,,,,,,,,,,"P. Canart, 'Les manuscrits copiés par Emmanuel Provataris (1546-1570 environ): Essai d'étude codicologique', in Mélanges Eugène Tisserant, VI (Città del Vaticano, 1964), pp. 173-287; Canart (1964)",,
_deco_2,manuscript_11907,,,"Cambridge, Trinity College, MS B.3.18",part,,,,"Initials in red ink, in ekthesis with a simple vegetal decoration (see e.g. ).",decInit,f. 1r,1r,1r,,,,,,,,,,,,,,,,,,,,,,,,,,,,,
_deco_3,manuscript_11907,,,"Cambridge, Trinity College, MS B.3.18",part,,,,"Thick minor initials in red-ink, see e.g. .",colInit,f. 3r,3r,3r,,,,,,,,,,,,,,,,,,,,,,,,,,,,,
_deco_4,manuscript_11907,,,"Cambridge, Trinity College, MS B.3.18",part,,,,"Small crosses and undulating strokes are used as line fillers for the titles, see e.g. ff. , .",lineFill,41r; 45v,41r 45v,41r 45v,,,,,,,,,,,,,,,,,,,,,,,,,,,,,
_deco_5,manuscript_11907,,,"Cambridge, Trinity College, MS B.3.18",part,,,,"Thick minor initials in red-ink, see e.g. .",colInit,f. 41r,41r,41r,,,,,,,,,,,,,,,,,,,,,,,,,,,,,
_deco_1,manuscript_11908,,,"Cambridge, Trinity College, MS B.4.10",manuscript,,MS-TRINITY-B-00004-00010,,On there is a simple undulated linear frieze with clover-leaves at both ends.,frieze,f. 1r,1r,1r,,,,,,,,,,,,,,,,,,,,,,,,,,,,,
_deco_2,manuscript_11908,,,"Cambridge, Trinity College, MS B.4.10",manuscript,,MS-TRINITY-B-00004-00010,,"Initials in ekthesis in red ink are decorated with a simple vegetal motif, see e.g. .",decInit,f. 17v,17v,17v,,,,,,,,,,,,,,,,,,,,,,,,,,,,,
_deco_1,manuscript_11910,,,"Cambridge, Trinity College, MS B.7.1",manuscript,,MS-TRINITY-B-00007-00001,,Small linear friezes in brown ink formed by recurring motifs are placed over and below the final rubric on .,frieze,f. 144v,144v,144v,,,,,,,,,,,,,,,,,,,,,,,,,,,,,
_deco_1,manuscript_11911,,,"Cambridge, Trinity College, MS B.7.2",manuscript,,MS-TRINITY-B-00007-00002,,The beginning of some texts is preceded by a simple vignette in red or red and brown ink (e.g. ff. and ).,vignette,1r; 4r,1r 4r,1r 4r,,,,,,,,,,,,,,,,,,,,,,,,,,,,,
_deco_2,manuscript_11911,,,"Cambridge, Trinity College, MS B.7.2",manuscript,,MS-TRINITY-B-00007-00002,,Transitions between texts are accompanied by simple line-fillers in red ink.,lineFill,,,,,,,,,,,,,,,,,,,,,,,,,,,,,,,,
_deco_3,manuscript_11911,,,"Cambridge, Trinity College, MS B.7.2",manuscript,,MS-TRINITY-B-00007-00002,,The beginning of sections is marked with simple minor initials in red ink. Slightly larger and more ornamented initials appear at the beginning of the texts on ff. and .,colInit,1r; 4r,1r 4r,1r 4r,,,,,,,,,,,,,,,,,,,,,,,,,,,,,
_deco_4,manuscript_11911,,,"Cambridge, Trinity College, MS B.7.2",manuscript,,MS-TRINITY-B-00007-00002,,"Chapter and section numbers are surrounded by simple ornamented borders, outlined in brown ink with red infill.",other,,,,,,,,,,,,,,,,,,,,,,,,,,,,,,,,
_deco_1,manuscript_11912,,,"Cambridge, Trinity College, MS B.7.3",part,,,,"Decorated headpiece in red, blue, green and gold introduce Gregory of Nyssa's homilies up to . From the homilies are introduce by a small colored mark in the same style.",headpiece,f. 119r; f. 128v,119r 128v,119r 128v,,,,,,,,,,,,,,,,,,,,,,,,,,,,,
_deco_2,manuscript_11912,,,"Cambridge, Trinity College, MS B.7.3",part,,,,"Decorated initials Gregory of Nyssa's homilies in red ink, covered by gold ink or blue and red ink.",decInit,,,,,,,,,,,,,,,,,,,,,,,,,,,,,,,,
_deco_3,manuscript_11912,,,"Cambridge, Trinity College, MS B.7.3",part,,,,Minor initial in red ink Gregory of Nyssa's homilies up to .,colInit,f. 119r,119r,119r,,,,,,,,,,,,,,,,,,,,,,,,,,,,,
_deco_4,manuscript_11912,,,"Cambridge, Trinity College, MS B.7.3",part,,,,Titles written in chrysography on f. .,chrysography,1r,1r,1r,,,,,,,,,,,,,,,,,,,,,,,,,,,,,
_deco_5,manuscript_11912,,,"Cambridge, Trinity College, MS B.7.3",part,,,,A frieze with palmette on in red ink.,headpiece,f. 213r,213r,213r,,,,,,,,,,,,,,,,,,,,,,,,,,,,,
_deco_6,manuscript_11912,,,"Cambridge, Trinity College, MS B.7.3",part,,,,Minor initial in red ink throughout the part.,colInit,,,,,,,,,,,,,,,,,,,,,,,,,,,,,,,,
_deco_1,manuscript_11914,,,"Cambridge, Trinity College, MS B.7.7",manuscript,,MS-TRINITY-B-00007-00007,,"A faded headpiece in red ink on , single decorated lines (e.g. ) or cord motif (e.g. ) at the beginning of each homily.",headpiece,f. 1r; f. 8v; f. 17r,1r 8v 17r,1r 8v 17r,,,,,,,,,,,,,,,,,,,,,,,,,,,,,
_deco_2,manuscript_11914,,,"Cambridge, Trinity College, MS B.7.7",manuscript,,MS-TRINITY-B-00007-00007,,Coloured initials in faded red ink.,colInit,,,,,,,,,,,,,,,,,,,,,,,,,,,,,,,,
_deco_1,manuscript_11915,,,"Cambridge, Trinity College, MS B.8.1",part,,,,"The beginning of the manuscript is marked by a pyle in red, blue, green and white paint and gold, with vegetative ornament (). The beginning of each subsequent text is preceded by a rectangular headpiece in the same style (ff. , , , , , , , , , ).",headpiece,f. 1r; 29r; 89v; 95r; 114r; 150r; 159r; 182r; 196r; 203v; 211r,1r 29r 89v 95r 114r 150r 159r 182r 196r 203v 211r,1r 29r 89v 95r 114r 150r 159r 182r 196r 203v 211r,,,,,,,,,,,,,,,,,,,,,,,,,,,,,
_deco_2,manuscript_11915,,,"Cambridge, Trinity College, MS B.8.1",part,,,,Each text begins with a major initial in the same style as the headpieces.,decInit,,,,,,,,,,,,,,,,,,,,,,,,,,,,,,,,
_deco_3,manuscript_11915,,,"Cambridge, Trinity College, MS B.8.1",part,,,,"Some lines begin with minor initials, written in red ink and then gilded.",colInit,,,,,,,,,,,,,,,,,,,,,,,,,,,,,,,,
_deco_4,manuscript_11915,,,"Cambridge, Trinity College, MS B.8.1",part,,,,Headings for text and the accompanying lection notes have been written in red ink and then gilded.,chrysography,,,,,,,,,,,,,,,,,,,,,,,,,,,,,,,,
_deco_5,manuscript_11915,,,"Cambridge, Trinity College, MS B.8.1",part,,,,"There are occasional later drawings in ink: a man wearing a turban and spurs, holding a key and a banner, on , an archer on , and a number of faces and hands on .",drawing,f. 191r; f. 210r; f. 220r,191r 210r 220r,191r 210r 220r,,,,,,,,,,,,,,,,,,,,,,,,,,,,,
_deco_6,manuscript_11915,,,"Cambridge, Trinity College, MS B.8.1",part,,,,"The contents list is preceded by a simple, slender headpiece in red and brown ink.",headpiece,,,,,,,,,,,,,,,,,,,,,,,,,,,,,,,,
_deco_7,manuscript_11915,,,"Cambridge, Trinity College, MS B.8.1",part,,,,The beginning of the incipits in the contents list are marked by minor initials is red ink.,colInit,,,,,,,,,,,,,,,,,,,,,,,,,,,,,,,,
_deco_1,manuscript_11916,,,"Cambridge, Trinity College, MS B.8.2",manuscript,,MS-TRINITY-B-00008-00002,,"An elaorated colored pyle on ; other headpieces mark the begining of each homily: homilies 2-9, 19-21, 28-30 in red ink; homilies 10 and 27 in red and green; homilies 11-18, 22, 24 in red, green and yellow; homily 23 in red and yellow; homily 26 in red, yellow and black.",headpiece,f. 1r,1r,1r,,,,,,,,,,,,,,,,,,,,,,,,,,,,,
_deco_2,manuscript_11916,,,"Cambridge, Trinity College, MS B.8.2",manuscript,,MS-TRINITY-B-00008-00002,,"Initials are drawn in the same style as the accompanying headpieces; the more elaborate ones are: ff. (hom. 1), (hom. 24), (hom. 25), (hom. 26), (hom. 27).",decInit,1r; 191v; 204r; 206v; 227v,1r 191v 204r 206v 227v,1r 191v 204r 206v 227v,,,,,,,,,,,,,,,,,,,,,,,,,,,,,
_deco_3,manuscript_11916,,,"Cambridge, Trinity College, MS B.8.2",manuscript,,MS-TRINITY-B-00008-00002,,Small colored initials in red ink throughout the manuscript.,colInit,,,,,,,,,,,,,,,,,,,,,,,,,,,,,,,,
_deco_1,manuscript_11917,,,"Cambridge, Trinity College, MS B.8.3",part,,,,The beginning of each text is preceded by a small rectangular headpiece in red ink.,headpiece,,,,,,,,,,,,,,,,,,,,,,,,,,,,,,,,
_deco_2,manuscript_11917,,,"Cambridge, Trinity College, MS B.8.3",part,,,,The beginnings of sections are marked by simple minor initials in red ink.,colInit,,,,,,,,,,,,,,,,,,,,,,,,,,,,,,,,
_deco_3,manuscript_11917,,,"Cambridge, Trinity College, MS B.8.3",part,,,,The beginning of the contents list on is preceded by a simple vignette in brown and red ink.,vignette,f. ii recto,ii recto,ii recto,,,,,,,,,,,,,,,,,,,,,,,,,,,,,
_deco_4,manuscript_11917,,,"Cambridge, Trinity College, MS B.8.3",part,,,,"Before some texts space has been left for the headpiece but this has never been added, e.g. ff. , .",unfilled,42v; 79r,42v 79r,42v 79r,,,,,,,,,,,,,,,,,,,,,,,,,,,,,
_deco_5,manuscript_11917,,,"Cambridge, Trinity College, MS B.8.3",part,,,,"The beginnings of sections are marked by simple minor initials is red ink. The text on begins with a larger, more ornate initial in red ink.",colInit,f. 1r,1r,1r,,,,,,,,,,,,,,,,,,,,,,,,,,,,,
_deco_1,manuscript_11918,,,"Cambridge, Trinity College, MS B.8.4",manuscript,,MS-TRINITY-B-00008-00004,,Headpieces in red ink or red and black ink at the beginning of each homily.,headpiece,,,,,,,,,,,,,,,,,,,,,,,,,,,,,,,,
_deco_2,manuscript_11918,,,"Cambridge, Trinity College, MS B.8.4",manuscript,,MS-TRINITY-B-00008-00004,,Major decorated initials in red ink at the beginning of each homily.,decInit,,,,,,,,,,,,,,,,,,,,,,,,,,,,,,,,
_deco_3,manuscript_11918,,,"Cambridge, Trinity College, MS B.8.4",manuscript,,MS-TRINITY-B-00008-00004,,Minor colored initials in red ink through the texts.,colInit,,,,,,,,,,,,,,,,,,,,,,,,,,,,,,,,
_deco_1,manuscript_11919,,,"Cambridge, Trinity College, MS B.8.5",part,,,,The beginning of the text on is preceded by a rectangular headpiece in black ink.,headpiece,f. 1v,1v,1v,,,,,,,,,,,,,,,,,,,,,,,,,,,,,
_deco_2,manuscript_11919,,,"Cambridge, Trinity College, MS B.8.5",part,,,,The text begins with a major initial in red ink.,colInit,,,,,,,,,,,,,,,,,,,,,,,,,,,,,,,,
_deco_3,manuscript_11919,,,"Cambridge, Trinity College, MS B.8.5",part,,,,"The beginnings of texts are preceded by rectangular headpieces outlined in red ink, with green and blue paint infill. A large rectangular headpiece in red ink previously preceded the beginning of the text on , but has been erased.",headpiece,f. 2r,2r,2r,,,,,,,,,,,,,,,,,,,,,,,,,,,,,
_deco_4,manuscript_11919,,,"Cambridge, Trinity College, MS B.8.5",part,,,,Texts begin with major initials in the same style as the headpieces.,decInit,,,,,,,,,,,,,,,,,,,,,,,,,,,,,,,,
_deco_5,manuscript_11919,,,"Cambridge, Trinity College, MS B.8.5",part,,,,The beginnings of sections are marked by simple minor initials is red ink.,colInit,,,,,,,,,,,,,,,,,,,,,,,,,,,,,,,,
_deco_6,manuscript_11919,,,"Cambridge, Trinity College, MS B.8.5",part,,,,"Space has been left for a headpiece before the beginning of the text on , which has not been added.",unfilled,f. 4r,4r,4r,,,,,,,,,,,,,,,,,,,,,,,,,,,,,
_deco_1,manuscript_11920,,,"Cambridge, Trinity College, MS B.8.6",part,,,,The beginning of a section is marked by a simple minor initial in red ink.,colInit,,,,,,,,,,,,,,,,,,,,,,,,,,,,,,,,
_deco_2,manuscript_11920,,,"Cambridge, Trinity College, MS B.8.6",part,,,,"The first heading of the text () is surrounded by a square border headpiece in red ink. Other headings are preceded by rectangular or thin plaited headpieces (ff. , , , , ).",headpiece,f. 1r; 41r; 71r; 101v; 131r; 153r,1r 41r 71r 101v 131r 153r,1r 41r 71r 101v 131r 153r,,,,,,,,,,,,,,,,,,,,,,,,,,,,,
_deco_3,manuscript_11920,,,"Cambridge, Trinity College, MS B.8.6",part,,,,"Hagiographic sections on begin with enlarged ornamented initials in red ink, while the preceding hymnographic notes begin with initials slightly larger than normal letters in red ink. On both types of section begin with simple minor initials of a single type.",colInit,ff. 1r-178r; ff. 178v-183v,1r 178v,178r 183v,,,,,,,,,,,,,,,,,,,,,,,,,,,,,
_deco_4,manuscript_11920,,,"Cambridge, Trinity College, MS B.8.6",part,,,,Simple vignettes in red and brown ink precede entries for days.,vignette,,,,,,,,,,,,,,,,,,,,,,,,,,,,,,,,
_deco_1,manuscript_11921,,,"Cambridge, Trinity College, MS B.8.7",part,,,,"Most texts are preceded by rectangular headpieces in red ink (e.g. ff. , ), in red and brown ink (), outlined in brown ink with red and green infill (e.g. ff. , ), outlined in red ink with green and blue infill (e.g. ) or outlined in red ink with green, blue and yellow infill (e.g. ), or by pylai in red ink (e.g. ff. , , ), or outlined in red ink with green and blue infill (e.g. ). The text beginning on is preceded by a box headpiece surrounding the heading, in red ink, that on by a similar headpiece outlined in red ink with blue and green infill. Painted infill is often in translucent wash.",headpiece,4v; 9r; f. 195v; 70v; 78r; f. 321r; f. 351r; 166r; f. 176r; 458r; f. 304r; f. 129v; f. 364r,4v 9r 195v 70v 78r 321r 351r 166r 176r 458r 304r 129v 364r,4v 9r 195v 70v 78r 321r 351r 166r 176r 458r 304r 129v 364r,,,,,,,,,,,,,,,,,,,,,,,,,,,,,
_deco_2,manuscript_11921,,,"Cambridge, Trinity College, MS B.8.7",part,,,,"Texts begin with ornamented initials in materials according with those used for the headpiece each accompanies. These sometimes incorporate blessing hands (e.g. ) or serpent forms (e.g. ff. , , ), or take the form of a fish (e.g. ff. , ). The initial on incorporates a human form, as does that on , where the human figure is in red and brown ink with green infill while the headpiece and the rest of the initial are in red ink only.",decInit,f. 341v; 86v; 351r; 458r; 195v; 298v; f. 364r; f. 41v,341v 86v 351r 458r 195v 298v 364r 41v,341v 86v 351r 458r 195v 298v 364r 41v,,,,,,,,,,,,,,,,,,,,,,,,,,,,,
_deco_3,manuscript_11921,,,"Cambridge, Trinity College, MS B.8.7",part,,,,Sections begin with simple minor initials in red ink.,colInit,,,,,,,,,,,,,,,,,,,,,,,,,,,,,,,,
_deco_4,manuscript_11921,,,"Cambridge, Trinity College, MS B.8.7",part,,,,"On are two drawings in brown ink, probably of later origin than the production of the manuscript, one of a saint on horseback and the other of an armoured man holding a sword.",drawing,f. 320v,320v,320v,,,,,,,,,,,,,,,,,,,,,,,,,,,,,
_deco_5,manuscript_11921,,,"Cambridge, Trinity College, MS B.8.7",part,,,,The end of the text on is followed by a simple vignette in brown ink.,vignette,f. 193v,193v,193v,,,,,,,,,,,,,,,,,,,,,,,,,,,,,
_deco_6,manuscript_11921,,,"Cambridge, Trinity College, MS B.8.7",part,,,,Texts begin with simple minor initials in red ink.,colInit,,,,,,,,,,,,,,,,,,,,,,,,,,,,,,,,
_deco_7,manuscript_11921,,,"Cambridge, Trinity College, MS B.8.7",part,,,,Transitions between texts are marked by simple vignettes in red ink.,vignette,,,,,,,,,,,,,,,,,,,,,,,,,,,,,,,,
_deco_1,manuscript_11922,,,"Cambridge, Trinity College, MS B.8.8",manuscript,,MS-TRINITY-B-00008-00008,,Decorated initials outlined in red ink.,decInit,,,,,,,,,,,,,,,,,,,,,,,,,,,,,,,,
_deco_1,manuscript_11924,,,"Cambridge, Trinity College, MS B.8.10",part,,,,"Decorated rope motif headpieces in red ink on ff. , , , .",headpiece,1r; 75v; 96r; 117v,[ii] verso-1r 75v-76r 95v-96r 117v-118r,[ii] verso-1r 75v-76r 95v-96r 117v-118r,,,,,,,,,,,,,,,,,,,,,,,,,,,,,
_deco_2,manuscript_11924,,,"Cambridge, Trinity College, MS B.8.10",part,,,,"Small palmette in red ink on ff. , , , , , , ,",other,41v; 44r; 47v; 59v; 82v; 99v; 150v; 171r,41v-42r 43v-44r 47v-48r 59v-60r 82v-83r 99v-100r 150v-151r 170v-171r,41v-42r 43v-44r 47v-48r 59v-60r 82v-83r 99v-100r 150v-151r 170v-171r,,,,,,,,,,,,,,,,,,,,,,,,,,,,,
_deco_3,manuscript_11924,,,"Cambridge, Trinity College, MS B.8.10",part,,,,"Decorated major initials in red ink on ff. , , , , , , , , , , , . Minor initial in red ink throughout the part.",decInit,1r; 3r; 4v; 7v; 42v; 44r; 59v; 61v; 80v; 96r; 117v; 148r,[ii] verso-1r 2v-3r 4v-5r 7v-8r 42v-43r 43v-44r 59v-60r 61v-62r 80v-81r 95v-96r 117v-118r 147v-148r,[ii] verso-1r 2v-3r 4v-5r 7v-8r 42v-43r 43v-44r 59v-60r 61v-62r 80v-81r 95v-96r 117v-118r 147v-148r,,,,,,,,,,,,,,,,,,,,,,,,,,,,,
_deco_1,manuscript_11925,,,"Cambridge, Trinity College, MS B.8.11",manuscript,,MS-TRINITY-B-00008-00011,,"Small and simple friezes at the beginning of each homily, larger on . Cord-motif friezes are added in black ink by a later hand on ff. (with animal haed) and . A small bird by the same hand on .",frieze,f. 112v; 73r; 101r; f. 270v,112v-113r 72v-73r 100v-101r 270v-271r,112v-113r 72v-73r 100v-101r 270v-271r,,,,,,,,,,,,,,,,,,,,,,,,,,,,,
_deco_2,manuscript_11925,,,"Cambridge, Trinity College, MS B.8.11",manuscript,,MS-TRINITY-B-00008-00011,,Decorated initials by a later hand on ff. and .,decInit,61r; 73r,60v-61r 72v-73r,60v-61r 72v-73r,,,,,,,,,,,,,,,,,,,,,,,,,,,,,
_deco_1,manuscript_11926,,,"Cambridge, Trinity College, MS B.8.12",manuscript,,MS-TRINITY-B-00008-00012,,"Rectangular headpieces in red ink with leaves, some with additional black ink details or faded, at the beginning of each text; in polychromy on ff. , , . The headpieaces are a pyle on ff. , , , , , , .",headpiece,132v; 168r; 168r; 45r; 56r; 68r; 73v; 107v; 119v; 168r,132v 168r 168r 45r 56r 68r 73v 107v 119v 168r,132v 168r 168r 45r 56r 68r 73v 107v 119v 168r,,,,,,,,,,,,,,,,,,,,,,,,,,,,,
_deco_2,manuscript_11926,,,"Cambridge, Trinity College, MS B.8.12",manuscript,,MS-TRINITY-B-00008-00012,,Major initials are outlined in faded red ink.,decInit,,,,,,,,,,,,,,,,,,,,,,,,,,,,,,,,
_deco_3,manuscript_11926,,,"Cambridge, Trinity College, MS B.8.12",manuscript,,MS-TRINITY-B-00008-00012,,Minor initials in red ink throughout the texts.,colInit,,,,,,,,,,,,,,,,,,,,,,,,,,,,,,,,
_deco_1,manuscript_11927,,,"Cambridge, Trinity College, MS B.8.5A",manuscript,,MS-TRINITY-B-00008-00005-A,,The beginnings of sections are marked by minor initials in brown ink.,plainInit,,,,,,,,,,,,,,,,,,,,,,,,,,,,,,,,
_deco_1,manuscript_11928,,,"Cambridge, Trinity College, MS B.9.1",part,,,,"The beginning of the text on is preceded by a pyle in red, green, blue and white paint and gold.",pyle,f. 1r,1r,1r,,,,,,,,,,,,,,,,,,,,,,,,,,,,,
_deco_2,manuscript_11928,,,"Cambridge, Trinity College, MS B.9.1",part,,,,The text on begins with a major initial in the same style as the headpiece.,decInit,f. 1r,1r,1r,,,,,,,,,,,,,,,,,,,,,,,,,,,,,
_deco_3,manuscript_11928,,,"Cambridge, Trinity College, MS B.9.1",part,,,,The beginnings of sections are marked by simple minor initials in red and blue ink.,colInit,,,,,,,,,,,,,,,,,,,,,,,,,,,,,,,,
_deco_4,manuscript_11928,,,"Cambridge, Trinity College, MS B.9.1",part,,,,On is a drawing of a cockerel in black and red ink.,drawing,f. 19v,19v,19v,,,,,,,,,,,,,,,,,,,,,,,,,,,,,
_deco_5,manuscript_11928,,,"Cambridge, Trinity College, MS B.9.1",part,,,,"The beginnings of texts on ff. , and are preceded by pylai in red, green, blue and white paint and gold. That on include animal forms.",pyle,20r; 62r; 87v; f. 62r,20r 62r 87v 62r,20r 62r 87v 62r,,,,,,,,,,,,,,,,,,,,,,,,,,,,,
_deco_6,manuscript_11928,,,"Cambridge, Trinity College, MS B.9.1",part,,,,"The beginnings of texts and homilies on ff. , , , , , , , , , , , and are preceded by rectangular headpieces in red, green, blue and white paint and gold.",headpiece,66v; 72r; 78r; 82r; 91v; 96r; 99r; 100r; 130v; 162v; 184v; 196r; 202r,66v 72r 78r 82r 91v 96r 99r 100r 130v 162v 184v 196r 202r,66v 72r 78r 82r 91v 96r 99r 100r 130v 162v 184v 196r 202r,,,,,,,,,,,,,,,,,,,,,,,,,,,,,
_deco_7,manuscript_11928,,,"Cambridge, Trinity College, MS B.9.1",part,,,,"Texts begin with minor initials written in red ink and gilded. The beginnings of sections are marked by simple minor initials is red ink. Items in lists on ff. and begin with minor initials in red ink with blue infill. Items in these lists are numbered with large numerals in blue ink, overlaying ordinary numerals in brown ink.",colInit,20r-20v; 99v-100r,20r 99v,20v 100r,,,,,,,,,,,,,,,,,,,,,,,,,,,,,
_deco_8,manuscript_11928,,,"Cambridge, Trinity College, MS B.9.1",part,,,,The beginnings of texts on ff. and are preceded by a simple vignette in brown or red and brown ink.,vignette,20v; 184v,20v 184v,20v 184v,,,,,,,,,,,,,,,,,,,,,,,,,,,,,
_deco_9,manuscript_11928,,,"Cambridge, Trinity College, MS B.9.1",part,,,,"The beginning of a section on is accompanied by a piece of ornament in the margin, in the same style as the headpieces.",other,f. 47r,47r,47r,,,,,,,,,,,,,,,,,,,,,,,,,,,,,
_deco_1,manuscript_11929,,,"Cambridge, Trinity College, MS B.9.2",manuscript,,MS-TRINITY-B-00009-00002,,The beginning of each text is preceded by a thin rectangular headpiece in red ink.,headpiece,,,,,,,,,,,,,,,,,,,,,,,,,,,,,,,,
_deco_2,manuscript_11929,,,"Cambridge, Trinity College, MS B.9.2",manuscript,,MS-TRINITY-B-00009-00002,,Each text begins with a decorated major initial in red ink. The beginning of sections is marked by minor initials in red ink.,colInit,,,,,,,,,,,,,,,,,,,,,,,,,,,,,,,,
_deco_1,manuscript_11930,,,"Cambridge, Trinity College, MS B.9.3",part,,,,"The beginning of the text on is preceded by a pyle in blue, green, red and white paint and gold. Subsequent texts are preceded by simple rectangular headpieces in red ink (e.g. ff. , ).",headpiece,f. 1r; 76r; 98r,[i] verso-1r 75v-76r 97v-98r,[i] verso-1r 75v-76r 97v-98r,,,,,,,,,,,,,,,,,,,,,,,,,,,,,
_deco_2,manuscript_11930,,,"Cambridge, Trinity College, MS B.9.3",part,,,,The text on begins with an initial in the same style as the pyle.,decInit,f. 1r,[i] verso-1r,[i] verso-1r,,,,,,,,,,,,,,,,,,,,,,,,,,,,,
_deco_3,manuscript_11930,,,"Cambridge, Trinity College, MS B.9.3",part,,,,The beginnings of sections are marked by simple minor initials in red ink.,colInit,,,,,,,,,,,,,,,,,,,,,,,,,,,,,,,,
_deco_4,manuscript_11930,,,"Cambridge, Trinity College, MS B.9.3",part,,,,The heading on is written in red ink and gilded.,chrysography,f. 1r,[i] verso-1r,[i] verso-1r,,,,,,,,,,,,,,,,,,,,,,,,,,,,,
_deco_5,manuscript_11930,,,"Cambridge, Trinity College, MS B.9.3",part,,,,The beginnings of texts on ff. and are preceded by narrow headpieces in red ink.,headpiece,118v; 128v,118v-119r 128v-129r,118v-119r 128v-129r,,,,,,,,,,,,,,,,,,,,,,,,,,,,,
_deco_6,manuscript_11930,,,"Cambridge, Trinity College, MS B.9.3",part,,,,The beginnings of some sections are marked by minor initials in red ink.,colInit,,,,,,,,,,,,,,,,,,,,,,,,,,,,,,,,
_deco_7,manuscript_11930,,,"Cambridge, Trinity College, MS B.9.3",part,,,,The beginnings of other sections are marked by minor initials in black ink.,plainInit,,,,,,,,,,,,,,,,,,,,,,,,,,,,,,,,
_deco_8,manuscript_11930,,,"Cambridge, Trinity College, MS B.9.3",part,,,,"Sections on begin with minor initials in red ink, within the line of text as well as at the beginning of lines.",colInit,f. 137r,136v-137r,136v-137r,,,,,,,,,,,,,,,,,,,,,,,,,,,,,
_deco_9,manuscript_11930,,,"Cambridge, Trinity College, MS B.9.3",part,,,,"Space has been left for rubricated initials on , but these appear never to have been added.",unfilled,ff. 137v-138v,137v-138r,138v-[ii] recto,,,,,,,,,,,,,,,,,,,,,,,,,,,,,
_deco_1,manuscript_11931,,,"Cambridge, Trinity College, MS B.9.4",part,,,,The beginning of the text on is preceded by a rectangular headpiece in black ink with red infill.,headpiece,f. 1r,1r,1r,,,,,,,,,,,,,,,,,,,,,,,,,,,,,
_deco_2,manuscript_11931,,,"Cambridge, Trinity College, MS B.9.4",part,,,,The text begins with a major initial in red ink.,colInit,,,,,,,,,,,,,,,,,,,,,,,,,,,,,,,,
_deco_3,manuscript_11931,,,"Cambridge, Trinity College, MS B.9.4",part,,,,The beginnings of homilies are preceded by rectangular headpieces outlined in red ink.,headpiece,,,,,,,,,,,,,,,,,,,,,,,,,,,,,,,,
_deco_4,manuscript_11931,,,"Cambridge, Trinity College, MS B.9.4",part,,,,Texts begin with moderately ornamented initials in red ink.,decInit,,,,,,,,,,,,,,,,,,,,,,,,,,,,,,,,
_deco_5,manuscript_11931,,,"Cambridge, Trinity College, MS B.9.4",part,,,,The beginnings of sections are marked by simple minor initials in red ink.,colInit,,,,,,,,,,,,,,,,,,,,,,,,,,,,,,,,
_deco_1,manuscript_11932,,,"Cambridge, Trinity College, MS B.9.5",manuscript,,MS-TRINITY-B-00009-00005,,"Small, simple linear friezes in red and brown ink are present at the beginning of the texts on ff. , , , , .",frieze,1r; 12r; 63r; 95r; 102v,1r 12r 63r 95r 102v,1r 12r 63r 95r 102v,,,,,,,,,,,,,,,,,,,,,,,,,,,,,
_deco_2,manuscript_11932,,,"Cambridge, Trinity College, MS B.9.5",manuscript,,MS-TRINITY-B-00009-00005,,On there is an initial in red ink decorated with vegetal motifs. Minor thick red ink initials throughout the manuscript.,decInit,f. 1r,1r,1r,,,,,,,,,,,,,,,,,,,,,,,,,,,,,
_deco_3,manuscript_11932,,,"Cambridge, Trinity College, MS B.9.5",manuscript,,MS-TRINITY-B-00009-00005,,The texts often end in a cul-de-lampe disposition. The lines are in certain cases followed by three points in red ink (see e.g. ).,other,f. 63r,63r,63r,,,,,,,,,,,,,,,,,,,,,,,,,,,,,
_deco_1,manuscript_11933,,,"Cambridge, Trinity College, MS B.9.6",manuscript,,MS-TRINITY-B-00009-00006,,"The beginning of the text on is preceded by a rectangular headpiece in red ink, surmounted by vegetative ornament and a cross. Some other texts are preceded by thin bands of ornament in red ink (e.g ).",headpiece,f. 1r; f. 24r,1r 24r,1r 24r,,,,,,,,,,,,,,,,,,,,,,,,,,,,,
_deco_2,manuscript_11933,,,"Cambridge, Trinity College, MS B.9.6",manuscript,,MS-TRINITY-B-00009-00006,,Each text begins with a decorated initial in red ink.,colInit,,,,,,,,,,,,,,,,,,,,,,,,,,,,,,,,
_deco_3,manuscript_11933,,,"Cambridge, Trinity College, MS B.9.6",manuscript,,MS-TRINITY-B-00009-00006,,"The headings of some texts are accompanied by line-fillers in red or red and brown ink (e.g. ff. , ).",lineFill,33v; 43v,33v 43v,33v 43v,,,,,,,,,,,,,,,,,,,,,,,,,,,,,
_deco_1,manuscript_11934,,,"Cambridge, Trinity College, MS B.9.7",part,,,,", pp. , , , : rope motif",frieze,f. I recto; 137; 419; 448; 624,I recto 137 419 448 624,I recto 137 419 448 624,,,,,,,,,,,,,,,,,,,,,,,,,,,,,
_deco_10,manuscript_11934,,,"Cambridge, Trinity College, MS B.9.7",part,,,,"Thick minor initials in red ink, see e.g. .",colInit,f. I recto,I recto,I recto,,,,,,,,,,,,,,,,,,,,,,,,,,,,,
_deco_11,manuscript_11934,,,"Cambridge, Trinity College, MS B.9.7",part,,,,"The text often ends in a cul-de-lampe disposition. The lines are preceded and followed by three points in red ink (see e.g. ) or contoured by a line in red ink (see e.g. ), which can be decorated with vegeral motifs (see ).",other,p. 312; p. 248; p. 524,312 248 524,312 248 524,,,,,,,,,,,,,,,,,,,,,,,,,,,,,
_deco_2,manuscript_11934,,,"Cambridge, Trinity College, MS B.9.7",part,,,,: chain motif with palmettes,frieze,p. 1,1.0,1.0,,,,,,,,,,,,,,,,,,,,,,,,,,,,,
_deco_3,manuscript_11934,,,"Cambridge, Trinity College, MS B.9.7",part,,,,"pp. , , , , , , , , , , , , , , , : simple undulated linear frieze with clovers at both ends",frieze,67; 144; 179; 183; 185; 194; 204; 249; 304; 313; 317; 350; 374; 525; 724; 778,67 144 179 183 185 194 204 249 304 313 317 350 374 525 724 778,67 144 179 183 185 194 204 249 304 313 317 350 374 525 724 778,,,,,,,,,,,,,,,,,,,,,,,,,,,,,
_deco_4,manuscript_11934,,,"Cambridge, Trinity College, MS B.9.7",part,,,,: simple undulating frieze with small leaves,frieze,p. 157,157.0,157.0,,,,,,,,,,,,,,,,,,,,,,,,,,,,,
_deco_5,manuscript_11934,,,"Cambridge, Trinity College, MS B.9.7",part,,,,"pp. , , , , : repeating pattern of two horizontal strokes, two commas",frieze,184; 260; 704; 755; 811,184 260 704 755 811,184 260 704 755 811,,,,,,,,,,,,,,,,,,,,,,,,,,,,,
_deco_6,manuscript_11934,,,"Cambridge, Trinity College, MS B.9.7",part,,,,: frieze with vegetal motifs in volutes,frieze,p. 224,224.0,224.0,,,,,,,,,,,,,,,,,,,,,,,,,,,,,
_deco_7,manuscript_11934,,,"Cambridge, Trinity College, MS B.9.7",part,,,,: small frieze formed by a series of commas,frieze,p. 721,721.0,721.0,,,,,,,,,,,,,,,,,,,,,,,,,,,,,
_deco_8,manuscript_11934,,,"Cambridge, Trinity College, MS B.9.7",part,,,,"in some cases, as e.g.on , titles are preceded by ornamental elements like knots, traced in red ink",frieze,p. 315,315.0,315.0,,,,,,,,,,,,,,,,,,,,,,,,,,,,,
_deco_9,manuscript_11934,,,"Cambridge, Trinity College, MS B.9.7",part,,,,"Initials with decoration in a branch motif (see e.g. ), or a more simple vegetal decoration (see e.g. ).",decInit,p. 1; p. 67,1 67,1 67,,,,,,,,,,,,,,,,,,,,,,,,,,,,,
_deco_1,manuscript_11935,,,"Cambridge, Trinity College, MS B.9.8",manuscript,,MS-TRINITY-B-00009-00008,,: rope motif,frieze,p. 1,1.0,1.0,,,,,,,,,,,,,,,,,,,,,,,,,,,,,
_deco_2,manuscript_11935,,,"Cambridge, Trinity College, MS B.9.8",manuscript,,MS-TRINITY-B-00009-00008,,"pp. , , , : simple undulating linear frieze with clover leaves at both ends",frieze,63; 131; 175; 203,63 131 175 203,63 131 175 203,,,,,,,,,,,,,,,,,,,,,,,,,,,,,
_deco_3,manuscript_11935,,,"Cambridge, Trinity College, MS B.9.8",manuscript,,MS-TRINITY-B-00009-00008,,"pp. , : small undulated linear friezes.",frieze,277; 377,277 377,277 377,,,,,,,,,,,,,,,,,,,,,,,,,,,,,
_deco_4,manuscript_11935,,,"Cambridge, Trinity College, MS B.9.8",manuscript,,MS-TRINITY-B-00009-00008,,Initials with decoration in a branch motif (see e.g. ).,decInit,p. 1,1.0,1.0,,,,,,,,,,,,,,,,,,,,,,,,,,,,,
_deco_5,manuscript_11935,,,"Cambridge, Trinity College, MS B.9.8",manuscript,,MS-TRINITY-B-00009-00008,,The texts often end in a cul-de-lampe disposition. The lines are in certain cases followed by three points in red ink (see e.g. ) .,other,p. 62,62.0,62.0,,,,,,,,,,,,,,,,,,,,,,,,,,,,,
_deco_1,manuscript_11936,,,"Cambridge, Trinity College, MS B.9.9",manuscript,,MS-TRINITY-B-00009-00009,,an undulated linear frieze with clovers at both ends on,frieze,p. 1,1.0,1.0,,,,,,,,,,,,,,,,,,,,,,,,,,,,,
_deco_2,manuscript_11936,,,"Cambridge, Trinity College, MS B.9.9",manuscript,,MS-TRINITY-B-00009-00009,,"an undulated linear frieze with a clover and a leaf at the ends pp. , , , ,",frieze,53; 67-69a; 125; [286]; [290].,53 67 125 [286] [290],53 69a 125 [286] [290],,,,,,,,,,,,,,,,,,,,,,,,,,,,,
_deco_3,manuscript_11936,,,"Cambridge, Trinity College, MS B.9.9",manuscript,,MS-TRINITY-B-00009-00009,,"Initials in ekthesis in red ink are decorated with a simple vegetal motif, see e.g. .",decInit,p. 1,1.0,1.0,,,,,,,,,,,,,,,,,,,,,,,,,,,,,
_deco_1,manuscript_11939,,,"Cambridge, Trinity College, MS B.9.12",manuscript,,MS-TRINITY-B-00009-00012,,"Small and simple friezes at the beginning of each homily, with small ivy leaves on ff. and .",frieze,165v; 270r,165v 270r,165v 270r,,,,,,,,,,,,,,,,,,,,,,,,,,,,,
_deco_1,manuscript_11940,,,"Cambridge, Trinity College, MS B.9.13",manuscript,,MS-TRINITY-B-00009-00013,,"A pyle on , partially lost, with mosaic pattern in blue, purple, green, orange tiles and spiral leaves on corners.",headpiece,f. 1r,1r,1r,,,,,,,,,,,,,,,,,,,,,,,,,,,,,
_deco_2,manuscript_11940,,,"Cambridge, Trinity College, MS B.9.13",manuscript,,MS-TRINITY-B-00009-00013,,Major initial outlined in red and green on .,decInit,f. 1r,1r,1r,,,,,,,,,,,,,,,,,,,,,,,,,,,,,
_deco_3,manuscript_11940,,,"Cambridge, Trinity College, MS B.9.13",manuscript,,MS-TRINITY-B-00009-00013,,Small initials in red ink from .,colInit,f. 14r,14r,14r,,,,,,,,,,,,,,,,,,,,,,,,,,,,,
_deco_1,manuscript_11941,,,"Cambridge, Trinity College, MS B.9.14",part,,,,The beginning of the text on is preceded by a thin rectangular headpiece in red ink.,headpiece,f. 1r,I verso-1r,I verso-1r,,,,,,,,,,,,,,,,,,,,,,,,,,,,,
_deco_2,manuscript_11941,,,"Cambridge, Trinity College, MS B.9.14",part,,,,Each text begins with a slightly decorated initial in red ink.,colInit,,,,,,,,,,,,,,,,,,,,,,,,,,,,,,,,
_deco_3,manuscript_11941,,,"Cambridge, Trinity College, MS B.9.14",part,,,,Texts after the first are preceded by simple vignettes in red ink.,vignette,,,,,,,,,,,,,,,,,,,,,,,,,,,,,,,,
_deco_1,manuscript_11942,,,"Cambridge, Trinity College, MS B.9.15",part,,,,"Homilies begin with simple minor initials in red ink (e.g. f. , ), in brown ink (e.g. ff. , ), or in brown ink with red infill (e.g. ff. , ). On ff. , the original initial in red ink has been erased and replaced by one outlined in brown ink with red infill. Headings begin with normal letters, but an initial similar to those beginning the homilies has been added next the first letter of the heading on .",colInit,14v; 23r; 184v; 217r; 192r; 204r; 68v; f. 1r,14v 23r 184v 217r 192r 204r 68v 1r,14v 23r 184v 217r 192r 204r 68v 1r,,,,,,,,,,,,,,,,,,,,,,,,,,,,,
_deco_2,manuscript_11942,,,"Cambridge, Trinity College, MS B.9.15",part,,,,The beginning of sections is marked by slightly enlarged initial letters in brown ink.,plainInit,,,,,,,,,,,,,,,,,,,,,,,,,,,,,,,,
_deco_3,manuscript_11942,,,"Cambridge, Trinity College, MS B.9.15",part,,,,The transition between homilies is marked by line-fillers or vignettes in brown and red ink.,lineFill,,,,,,,,,,,,,,,,,,,,,,,,,,,,,,,,
_deco_4,manuscript_11942,,,"Cambridge, Trinity College, MS B.9.15",part,,,,The beginning of the homily on is preceded by a rectangular plaited headpiece in red ink.,headpiece,f. 160r,160r,160r,,,,,,,,,,,,,,,,,,,,,,,,,,,,,
_deco_5,manuscript_11942,,,"Cambridge, Trinity College, MS B.9.15",part,,,,Homilies begin with ornamented initials in red. The beginning of sections is marked by simple minor letters in red ink.,colInit,,,,,,,,,,,,,,,,,,,,,,,,,,,,,,,,
_deco_6,manuscript_11942,,,"Cambridge, Trinity College, MS B.9.15",part,,,,The transition between homilies is marked by vignettes in brown and red ink.,vignette,,,,,,,,,,,,,,,,,,,,,,,,,,,,,,,,
_deco_1,manuscript_11943,,,"Cambridge, Trinity College, MS B.10.3",manuscript,,MS-TRINITY-B-00010-00003,,Verses begin with slightly enlarged normal letters.,plainInit,,,,,,,,,,,,,,,,,,,,,,,,,,,,,,,,
_deco_1,manuscript_11944,,,"Cambridge, Trinity College, MS B.10.11",manuscript,,MS-TRINITY-B-00010-00011,,"The beginning of the text is preceded by a plaited headpiece in orange ink, with green infill (). The beginning of the Odes is preceded by a more slender plaited headpiece in red ink ()",headpiece,f. 1r; f. 152r,[iv] verso-1r 151v-152r,[iv] verso-1r 151v-152r,,,,,,,,,,,,,,,,,,,,,,,,,,,,,
_deco_2,manuscript_11944,,,"Cambridge, Trinity College, MS B.10.11",manuscript,,MS-TRINITY-B-00010-00011,,"Psalms and Odes begin with large, ornamented initials in red ink. Short sections, every few lines, beginning with simple minor initials in red ink.",colInit,,,,,,,,,,,,,,,,,,,,,,,,,,,,,,,,
_deco_1,manuscript_11945,,,"Cambridge, Trinity College, MS B.10.16",manuscript,,MS-TRINITY-B-00010-00016,,The beginning of the Gospel text () is preceded by a crude rectangular headpiece in red ink. The beginning of the text of the Acts () and of the Epistles () are preceded by more elegant rectangular headpieces in red ink; the latter also contains yellow infill.,headpiece,f. 1r; f. 176r; f. 241r,1r 176r 241r,1r 176r 241,,,,,,,,,,,,,,,,,,,,,,,,,,,,,
_deco_2,manuscript_11945,,,"Cambridge, Trinity College, MS B.10.16",manuscript,,MS-TRINITY-B-00010-00016,,"The beginning of many sections is preceded by simple vignettes in red ink. Those preceding Gospels (ff. , ) are crude, while others are more elegant.",vignette,48r; 79r,48r 79r,48r 79r,,,,,,,,,,,,,,,,,,,,,,,,,,,,,
_deco_3,manuscript_11945,,,"Cambridge, Trinity College, MS B.10.16",manuscript,,MS-TRINITY-B-00010-00016,,The text of each book begins with a relatively small ornamented major initial in red ink.,declInit,,,,,,,,,,,,,,,,,,,,,,,,,,,,,,,,
_deco_4,manuscript_11945,,,"Cambridge, Trinity College, MS B.10.16",manuscript,,MS-TRINITY-B-00010-00016,,The beginning of sections is marked by simple minor initials in red ink.,colInit,,,,,,,,,,,,,,,,,,,,,,,,,,,,,,,,
_deco_5,manuscript_11945,,,"Cambridge, Trinity College, MS B.10.16",manuscript,,MS-TRINITY-B-00010-00016,,"The end of some sections is accompanied by line-fillers in red ink, sometimes with yellow infill (e.g. ).",lineFill,ff. 228v-229r,228v,229r,,,,,,,,,,,,,,,,,,,,,,,,,,,,,
_deco_1,manuscript_11946,,,"Cambridge, Trinity College, MS B.10.17",part,,,,"Sections of the summary lectionary are preceded by vignettes in red ink (ff. , , ).",vignette,1r; 2r; 3r,1:1r 1:2r 1:3r,1:1r 1:2r 1:3r,,,,,,,,,,,,,,,,,,,,,,,,,,,,,
_deco_2,manuscript_11946,,,"Cambridge, Trinity College, MS B.10.17",part,,,,Lection listings begin with normal letters in red ink. The hypothesis begins with an ornamented minor initial in red ink ().,colInit,f. 6r,1:6r,1:6r,,,,,,,,,,,,,,,,,,,,,,,,,,,,,
_deco_3,manuscript_11946,,,"Cambridge, Trinity College, MS B.10.17",part,,,,"Instead of a vignette, one lectionary section heading is accompanied by line-fillers, in the same style as the vignettes ().",lineFill,f. 4v,1:4v,1:4v,,,,,,,,,,,,,,,,,,,,,,,,,,,,,
_deco_4,manuscript_11946,,,"Cambridge, Trinity College, MS B.10.17",part,,,,"Each Gospel is preceded by a rectangular headpiece, with vegetative ornament, in red ink:- f. 3r Matthewf. 93r Markf. 151r Lukef. 243r John",headpiece,,,,,,,,,,,,,,,,,,,,,,,,,,,,,,,,
_deco_5,manuscript_11946,,,"Cambridge, Trinity College, MS B.10.17",part,,,,"The text of each Gospel begins with a major initial in the same style as the headpieces, which sometimes forms part of a single connected entity with it.",decInit,,,,,,,,,,,,,,,,,,,,,,,,,,,,,,,,
_deco_6,manuscript_11946,,,"Cambridge, Trinity College, MS B.10.17",part,,,,"Minor initials in red ink appear at the beginning of lines where an Ammonian section begins, or where it has begun in the course of the previous line.",colInit,,,,,,,,,,,,,,,,,,,,,,,,,,,,,,,,
_deco_7,manuscript_11946,,,"Cambridge, Trinity College, MS B.10.17",part,,,,Line-fillers in red and brown ink accompany the headings for each section of the summary synaxarion ().,lineFill,ff. 311r-317v,2:311r,2:317v,,,,,,,,,,,,,,,,,,,,,,,,,,,,,
_deco_8,manuscript_11946,,,"Cambridge, Trinity College, MS B.10.17",part,,,,Simple vignettes in brown and red ink mark the beginning and end of each chapter list.,vignette,,,,,,,,,,,,,,,,,,,,,,,,,,,,,,,,
_deco_9,manuscript_11946,,,"Cambridge, Trinity College, MS B.10.17",part,,,,"The square areas formed by the intersection of vertical and horizontal lines on ff. and have been filled with red paint, which appears to have chemically deteriorated.",other,3r; 5r,2:3r 2:5r,2:3r 2:5r,,,,,,,,,,,,,,,,,,,,,,,,,,,,,
_deco_1,manuscript_11947,,,"Cambridge, Trinity College, MS B.11.17",part,,,,A space above the beginning of the text was probably intended for a headpiece ().,unfilled,f. [iii[ recto,[ii] verso-[iii] recto,[ii] verso-[iii] recto,,,,,,,,,,,,,,,,,,,,,,,,,,,,,
_deco_2,manuscript_11947,,,"Cambridge, Trinity College, MS B.11.17",part,,,,"Sections of the text are preceded by horizontal headpieces in red ink (ff. , , ) or a thin band of ornament outlined in black ink with red infill.",headpiece,1r; 108r; 193r,[iii] verso-1r 107v-108r 192v-193r,[iii] verso-1r 107v-108r 192v-193r,,,,,,,,,,,,,,,,,,,,,,,,,,,,,
_deco_3,manuscript_11947,,,"Cambridge, Trinity College, MS B.11.17",part,,,,Hymns on begin with minor initials in red ink.,colInit,ff. 1r-297r,[iii] verso-1r,296v-297r,,,,,,,,,,,,,,,,,,,,,,,,,,,,,
_deco_4,manuscript_11947,,,"Cambridge, Trinity College, MS B.11.17",part,,,,Hymns on begin with minor initials in black ink.,plainInit,f. 297v,297v-298r,297v-298r,,,,,,,,,,,,,,,,,,,,,,,,,,,,,
_deco_5,manuscript_11947,,,"Cambridge, Trinity College, MS B.11.17",part,,,,"A large cross-shaped plaited deoration in black ink, with red and yellow infill, appears after the end of a section on .",other,f. 174r,173v-174r,173v-174r,,,,,,,,,,,,,,,,,,,,,,,,,,,,,
_deco_6,manuscript_11947,,,"Cambridge, Trinity College, MS B.11.17",part,,,,Hymns on begin with minor initials in black ink.,plainInit,ff. 298r-299v,297v-298r,299v-[iv] recto,,,,,,,,,,,,,,,,,,,,,,,,,,,,,
_deco_1,manuscript_11948,,,"Cambridge, Trinity College, MS B.17.1",manuscript,,MS-TRINITY-B-00017-00001,,The beginnings of books and some sections are marked by plain enlarged initials in red ink.,collInit,,,,,,,,,,,,,,,,,,,,,,,,,,,,,,,,
_deco_2,manuscript_11948,,,"Cambridge, Trinity College, MS B.17.1",manuscript,,MS-TRINITY-B-00017-00001,,The beginnings of other sections are marked by enlarged initials in brown ink.,plainInit,,,,,,,,,,,,,,,,,,,,,,,,,,,,,,,,
_deco_1,manuscript_11949,,,"Cambridge, Trinity College, MS B.17.2",manuscript,,MS-TRINITY-B-00017-00002,,"The initial letters of many words are expanded, as in the exemplar, but without imitating the painted decoration applied to such letters there.",plainInit,,,,,,,,,,,,,,,,,,,,,,,,,,,,,,,,
_deco_1,manuscript_11950,,,"Cambridge, Trinity College, MS B.17.20",part,,,,The beginning of sections is marked with plain minor initials in brown ink.,plainInit,,,,,,,,,,,,,,,,,,,,,,,,,,,,,,,,
_deco_2,manuscript_11950,,,"Cambridge, Trinity College, MS B.17.20",part,,,,The beginning of sections is marked with plain minor initials in brown ink.,colInit,,,,,,,,,,,,,,,,,,,,,,,,,,,,,,,,
_deco_3,manuscript_11950,,,"Cambridge, Trinity College, MS B.17.20",part,,,,"The beginning of sections is marked with plain minor initials written in red ink and gilded, but now blackened.",colInit,,,,,,,,,,,,,,,,,,,,,,,,,,,,,,,,
_deco_4,manuscript_11950,,,"Cambridge, Trinity College, MS B.17.20",part,,,,"Lections headings were written in red ink and gilded, but now blackened.",,,,,,,,,,,,,,,,,,,,,,,,,,,,,,,,,
_deco_1,manuscript_11951,,,"Cambridge, Trinity College, MS O.1.2",manuscript,,MS-TRINITY-O-00001-00002,,"The beginning of the text is preceded by a plaited headpiece outlined in brown ink, with red paint infill ().",headpiece,p. 1,1.0,1.0,,,,,,,,,,,,,,,,,,,,,,,,,,,,,
_deco_2,manuscript_11951,,,"Cambridge, Trinity College, MS O.1.2",manuscript,,MS-TRINITY-O-00001-00002,,The begnnings of texts and sections are marked by simple minor initials in red or black ink.,colInit,,,,,,,,,,,,,,,,,,,,,,,,,,,,,,,,
_deco_1,manuscript_11953,,,"Cambridge, Trinity College, MS O.1.5",manuscript,,MS-TRINITY-O-00001-00005,,The beginning of the text is preceded by a simple horizontal bar headpiece in red ink ().,headpiece,f. 1r,1r,1r,,,,,,,,,,,,,,,,,,,,,,,,,,,,,
_deco_2,manuscript_11953,,,"Cambridge, Trinity College, MS O.1.5",manuscript,,MS-TRINITY-O-00001-00005,,The text of Harpocration begins with an ornamented initial in red ink. The begnnings of texts and lexicon entries are marked by simple minor initials in red ink.,colInit,,,,,,,,,,,,,,,,,,,,,,,,,,,,,,,,
_deco_1,manuscript_11954,,,"Cambridge, Trinity College, MS O.1.8",manuscript,,MS-TRINITY-O-00001-00008,,"Initials drawn in outline in red ink: three-line initial at the beginning of the text, one- or two-line initials thereafter (ff. a-h, pp. 1-27. Initials drawn in and filled with red ink, in same style, either one- or two-lines in size (pp. 33-200), with a single two-line initial drawn in outline only (p. 107).",plainInit,,,,,,,,,,,,,,,,,,,,,,,,,,,,,,,,
_deco_1,manuscript_11956,,,"Cambridge, Trinity College, MS O.1.14",manuscript,,MS-TRINITY-O-00001-00014,,On f. there is a frieze with a rope motif in brown ink.,frieze,6r,6r,6r,,,,,,,,,,,,,,,,,,,,,,,,,,,,,
_deco_2,manuscript_11956,,,"Cambridge, Trinity College, MS O.1.14",manuscript,,MS-TRINITY-O-00001-00014,,"Initials in ekthesis are decorated with a vegetal motif, see . There are also simple thick initials in red ink, see e.g. .",decInit,f. 10r; f. 17r,10r 17r,10r 17r,,,,,,,,,,,,,,,,,,,,,,,,,,,,,
_deco_3,manuscript_11956,,,"Cambridge, Trinity College, MS O.1.14",manuscript,,MS-TRINITY-O-00001-00014,,"Small crosses, and small vegetal motifs are traced after the titles and at the end of the texts, see e.g. ff. and .",other,9r; 10r,9r 10r,9r 10r,,,,,,,,,,,,,,,,,,,,,,,,,,,,,
_deco_1,manuscript_11957,,,"Cambridge, Trinity College, MS O.1.15",manuscript,,MS-TRINITY-O-00001-00015,,On there is a small and very simple linear frieze in brown and red ink.,frieze,f. 12r,12r,12r,,,,,,,,,,,,,,,,,,,,,,,,,,,,,
_deco_2,manuscript_11957,,,"Cambridge, Trinity College, MS O.1.15",manuscript,,MS-TRINITY-O-00001-00015,,On there is a simple line filler formed by a series of thick strokes in red ink,lineFill,f. 25r,25r,25r,,,,,,,,,,,,,,,,,,,,,,,,,,,,,
_deco_3,manuscript_11957,,,"Cambridge, Trinity College, MS O.1.15",manuscript,,MS-TRINITY-O-00001-00015,,"Initials in ekthesis, in red ink, are decorated with a simple vegetal motif (see e.g. ).",decInit,f. 25r,25r,25r,,,,,,,,,,,,,,,,,,,,,,,,,,,,,
_deco_1,manuscript_11958,,,"Cambridge, Trinity College, MS O.1.19",manuscript,,MS-TRINITY-O-00001-00019,,"Thick initials in ekthesis, in red ink, see e.g. .",plainInit,p. 131,131.0,131.0,,,,,,,,,,,,,,,,,,,,,,,,,,,,,
_deco_2,manuscript_11958,,,"Cambridge, Trinity College, MS O.1.19",manuscript,,MS-TRINITY-O-00001-00019,,"The text comprises tables, see e.g. .",diagram,pp. 106-107,106.0,107.0,,,,,,,,,,,,,,,,,,,,,,,,,,,,,
_deco_1,manuscript_11959,,,"Cambridge, Trinity College, MS O.1.23",manuscript,,MS-TRINITY-O-00001-00023,,The beginning of sections are marked by minor initials in red ink.,colInit,,,,,,,,,,,,,,,,,,,,,,,,,,,,,,,,
_deco_2,manuscript_11959,,,"Cambridge, Trinity College, MS O.1.23",manuscript,,MS-TRINITY-O-00001-00023,,Some spaces have been left for initials which have not been added.,unfilled,,,,,,,,,,,,,,,,,,,,,,,,,,,,,,,,
_deco_1,manuscript_11960,,,"Cambridge, Trinity College, MS O.1.32",manuscript,,MS-TRINITY-O-00001-00032,,"Small friezes in the form of a wavy line in red ink are present at the beginning of two of the texts, ff. , .",frieze,1r; 33r,[ii] verso-1r 32v-33r,[ii] verso-1r 32v-33r,,,,,,,,,,,,,,,,,,,,,,,,,,,,,
_deco_2,manuscript_11960,,,"Cambridge, Trinity College, MS O.1.32",manuscript,,MS-TRINITY-O-00001-00032,,"Thick red-ink initials in ekthesis, see e.g. .",plainInit,f. 34r,33v-34r,33v-34r,,,,,,,,,,,,,,,,,,,,,,,,,,,,,
_deco_1,manuscript_11963,,,"Cambridge, Trinity College, MS O.1.53",manuscript,,MS-TRINITY-O-00001-00053,,The beginning of some sections is marked by a simple minor initial in red ink.,colInit,,,,,,,,,,,,,,,,,,,,,,,,,,,,,,,,
_deco_1,manuscript_11964,,,"Cambridge, Trinity College, MS O.1.54",manuscript,,MS-TRINITY-O-00001-00054,,"One thick initial in ekthesis in red ink, decorated with a simple vegetal motif, on , is a later addition.",decInit,f. 1v,1v-2r,1v-2r,,,,,,,,,,,,,,,,,,,,,,,,,,,,,
_deco_1,manuscript_11965,,,"Cambridge, Trinity College, MS O.1.55",part,,,,"On there is a small and very simple frieze in brown and red ink, formed by repeating patterns, and clovers at both ends.",frieze,f. 2r,1v-2r,1v-2r,,,,,,,,,,,,,,,,,,,,,,,,,,,,,
_deco_2,manuscript_11965,,,"Cambridge, Trinity College, MS O.1.55",part,,,,Thick initials in red ink.,decInit,,,,,,,,,,,,,,,,,,,,,,,,,,,,,,,,
_deco_1,manuscript_11967,,,"Cambridge, Trinity College, MS O.1.66",manuscript,,MS-TRINITY-O-00001-00066,,"Major heapieces with branching scroll in red ink on ff. , , , , , , , , , ; rope-motif in an ornated rectangle on f. . Knots and rope-motif headpieces in red or dark yellow ink at every section of the main Lexicon and texts from . Some headpiece have a snake head: ff. , , .",headpiece,37v; 54r; 73r; 85r; 108v; 138r; 167v; 185r; 187r; 194r; 189v; f. 7v; 34r; 68r; 162r,37v 54r 73r 85r 108v 138r 167v 185r 187r 194r 189v 7v 34r 68r 162r,37v 54r 73r 85r 108v 138r 167v 185r 187r 194r 189v 7v 34r 68r 162r,,,,,,,,,,,,,,,,,,,,,,,,,,,,,
_deco_2,manuscript_11967,,,"Cambridge, Trinity College, MS O.1.66",manuscript,,MS-TRINITY-O-00001-00066,,Decorated initials are present at every section of the contents from .,decInit,f. 7v,7v,7v,,,,,,,,,,,,,,,,,,,,,,,,,,,,,
_deco_3,manuscript_11967,,,"Cambridge, Trinity College, MS O.1.66",manuscript,,MS-TRINITY-O-00001-00066,,Coloured minor initials are present throughout the manuscript.,colInit,,,,,,,,,,,,,,,,,,,,,,,,,,,,,,,,
_deco_4,manuscript_11967,,,"Cambridge, Trinity College, MS O.1.66",manuscript,,MS-TRINITY-O-00001-00066,,Some diagrams by the copyist in faded red ink on ff. . A later hand added a picture of a plant of Venus on f. .,diagram,195r-195v; 201v,195r 201v,195v 201v,,,,,,,,,,,,,,,,,,,,,,,,,,,,,
_deco_1,manuscript_11969,,,"Cambridge, Trinity College, MS O.1.73",manuscript,,MS-TRINITY-O-00001-00073,,"The beginning of each of the Odes of Pindar is preceded by a simple plaited headpiece in black ink (ff. , , , , ).",headpiece,1r; 10r; 21r; 26r; 28v,1r 10r 21r 26r 28v,1r 10r 21r 26r 28v,,,,,,,,,,,,,,,,,,,,,,,,,,,,,
_deco_2,manuscript_11969,,,"Cambridge, Trinity College, MS O.1.73",manuscript,,MS-TRINITY-O-00001-00073,,"The Odes on ff. , , and begin with ornamented minor initials in red ink. That on begins with a small and simple minor initial in coloured ink, now faded.",colInit,10r; 21r; 26r; 28v; f. 107r,10r 21r 26r 28v 107r,10r 21r 26r 28v 107r,,,,,,,,,,,,,,,,,,,,,,,,,,,,,
_deco_3,manuscript_11969,,,"Cambridge, Trinity College, MS O.1.73",manuscript,,MS-TRINITY-O-00001-00073,,The Ode on begins with an ornamented minor initial in black ink.,plainInit,f. 1r,1r,1r,,,,,,,,,,,,,,,,,,,,,,,,,,,,,
_deco_1,manuscript_11971,,,"Cambridge, Trinity College, MS O.2.12",part,,,,Texts begin with simple minor initials in red ink.,colInit,,,,,,,,,,,,,,,,,,,,,,,,,,,,,,,,
_deco_2,manuscript_11971,,,"Cambridge, Trinity College, MS O.2.12",part,,,,Transitions between texts are marked by line-fillers in red ink.,lineFill,,,,,,,,,,,,,,,,,,,,,,,,,,,,,,,,
_deco_3,manuscript_11971,,,"Cambridge, Trinity College, MS O.2.12",part,,,,The text begins with a simple minor initial in red ink.,colInit,,,,,,,,,,,,,,,,,,,,,,,,,,,,,,,,
_deco_1,manuscript_11972,,,"Cambridge, Trinity College, MS O.2.34",part,,,,Initials in red ink are decorated in a branch motif (see e.g. ).,decInit,f. 432v,432v,432v,,,,,,,,,,,,,,,,,,,,,,,,,,,,,
_deco_2,manuscript_11972,,,"Cambridge, Trinity College, MS O.2.34",part,,,,"Undulating line fillers with clovers at both ends, in red ink, accompany the titles, see e.g. .",lineFill,f. 472v,472v,472v,,,,,,,,,,,,,,,,,,,,,,,,,,,,,
_deco_3,manuscript_11972,,,"Cambridge, Trinity College, MS O.2.34",part,,,,Thick minor initials in red ink.,collInit,,,,,,,,,,,,,,,,,,,,,,,,,,,,,,,,
_deco_1,manuscript_11974,,,"Cambridge, Trinity College, MS O.2.38",manuscript,,MS-TRINITY-O-00002-00038,,"Short sections, every few lines, beginning with simple, gilded minor initials.",colInit,,,,,,,,,,,,,,,,,,,,,,,,,,,,,,,,
_deco_2,manuscript_11974,,,"Cambridge, Trinity College, MS O.2.38",manuscript,,MS-TRINITY-O-00002-00038,,Headings and original marginal annotations are gilded.,chrysography,,,,,,,,,,,,,,,,,,,,,,,,,,,,,,,,
_deco_1,manuscript_11975,,,"Cambridge, Trinity College, MS O.2.39",part,,,,"Small line-fillers in red ink with vegetal motifs, not very accurately realised, accompany titles on pp. and .",lineFill,1; 32,1 32,1 32,,,,,,,,,,,,,,,,,,,,,,,,,,,,,
_deco_2,manuscript_11975,,,"Cambridge, Trinity College, MS O.2.39",part,,,,Initial with a simple decoration in a branch motif on .,decInit,p. 2,2.0,2.0,,,,,,,,,,,,,,,,,,,,,,,,,,,,,
_deco_3,manuscript_11975,,,"Cambridge, Trinity College, MS O.2.39",part,,,,Initials written in red ink on pp. and .,plainInit,1; 32,1 32,1 32,,,,,,,,,,,,,,,,,,,,,,,,,,,,,
_deco_4,manuscript_11975,,,"Cambridge, Trinity College, MS O.2.39",part,,,,Sketch of an ornamental vegetal motif in red ink on . Vegetal motif in brown ink in the margin on .,drawing,p. 51; p. 24,51 24,51 24,,,,,,,,,,,,,,,,,,,,,,,,,,,,,
_deco_5,manuscript_11975,,,"Cambridge, Trinity College, MS O.2.39",part,,,,wavy line in red ink with leaves in the loops.,frieze,P. 147,147.0,147.0,,,,,,,,,,,,,,,,,,,,,,,,,,,,,
_deco_6,manuscript_11975,,,"Cambridge, Trinity College, MS O.2.39",part,,,,thick red-ink major initial in ekthesis with a small branch motif.,decInit,P. 147,147.0,147.0,,,,,,,,,,,,,,,,,,,,,,,,,,,,,
_deco_1,manuscript_11977,,,"Cambridge, Trinity College, MS O.2.61",part,,,,"The beginnings of major sections are preceded by headpieces outlined in brown ink with translucent wash infill, sometimes also with red ink ornament, in the form of a pyle (), a rectangular border, sometimes containing the heading (ff. , ), or a rectangular bar ().",headpiece,18r; 1r; 43r; f. 70r,18r 1r 43r 70r,18r 1r 43r 70r,,,,,,,,,,,,,,,,,,,,,,,,,,,,,
_deco_2,manuscript_11977,,,"Cambridge, Trinity College, MS O.2.61",part,,,,The beginning of the text on is preceded by a thin plait in red ink.,vignette,f. 102r,102r,102r,,,,,,,,,,,,,,,,,,,,,,,,,,,,,
_deco_3,manuscript_11977,,,"Cambridge, Trinity College, MS O.2.61",part,,,,"The headings to sections are accompanied by plaited line-fillers in red ink or brown ink with red infill (e.g. ff. , ).",lineFill,14v; 66v,14v 66v,14v 66v,,,,,,,,,,,,,,,,,,,,,,,,,,,,,
_deco_1,manuscript_11978,,,"Cambridge, Trinity College, MS O.3.1",part,,,,"ff. , , , in a rope motif; the same type of frieze is traced in brown ink, partially filled with red ink, on",frieze,x recto; 69r; 120r; 153v; f. 3r,x recto 69r 120r 153v 3r,x recto 69r 120r 153v 3r,,,,,,,,,,,,,,,,,,,,,,,,,,,,,
_deco_2,manuscript_11978,,,"Cambridge, Trinity College, MS O.3.1",part,,,,"ff. , , , , , in a scrollworks motif.",frieze,xi recto; 3v; 15v; 88r; 137r; 178v,xi recto 3v 15v 88r 137r 178v,xi recto 3v 15v 88r 137r 178v,,,,,,,,,,,,,,,,,,,,,,,,,,,,,
_deco_3,manuscript_11978,,,"Cambridge, Trinity College, MS O.3.1",part,,,,"Initials in ekthesis, in red ink, are decorated with simple vegetal motifs, see e.g. ff. , .",decInit,x recto; 7v,x recto 7v,x recto 7v,,,,,,,,,,,,,,,,,,,,,,,,,,,,,
_deco_4,manuscript_11978,,,"Cambridge, Trinity College, MS O.3.1",part,,,,"Thick minor initials in red ink, see e.g. .",plainInit,f. xi recto,xi recto,xi recto,,,,,,,,,,,,,,,,,,,,,,,,,,,,,
_deco_5,manuscript_11978,,,"Cambridge, Trinity College, MS O.3.1",part,,,,"On the text forms a cul-de-lampe, with ornamental motifs formed by three dots in red ink at both ends of the text lines.",other,f. x verso,x verso,x verso,,,,,,,,,,,,,,,,,,,,,,,,,,,,,
_deco_6,manuscript_11978,,,"Cambridge, Trinity College, MS O.3.1",part,,,,"ff. , : in a rope motif in red ink",frieze,292r; 390v,292r 390v,292r 390v,,,,,,,,,,,,,,,,,,,,,,,,,,,,,
_deco_7,manuscript_11978,,,"Cambridge, Trinity College, MS O.3.1",part,,,,f. : in a chain motif in red ink.,frieze,294v,294v,294v,,,,,,,,,,,,,,,,,,,,,,,,,,,,,
_deco_8,manuscript_11978,,,"Cambridge, Trinity College, MS O.3.1",part,,,,"Thick initials in red ink, see e.g. . Initials in ekthesis decorated with a simple vegetal motif with pearls, see e.g. ff. and .",decInit,f. 292r; 294v; 377r,292r 294v 377r,292r 294v 377r,,,,,,,,,,,,,,,,,,,,,,,,,,,,,
_deco_9,manuscript_11978,,,"Cambridge, Trinity College, MS O.3.1",part,,,,"Small crosses and small ornamental motifs formed by dots and dashes have been traced by Andreas Darmarios after the titles and at the end of the texts, see e.g. .",other,f. 292r,292r,292r,,,,,,,,,,,,,,,,,,,,,,,,,,,,,
_deco_1,manuscript_11979,,,"Cambridge, Trinity College, MS O.3.8",manuscript,,MS-TRINITY-O-00003-00008,,"On there is a very simple frieze, in brown ink, traced by the scribe, formed by a repeating pattern of points, commas and lines.",frieze,f. 1r,1r,1r,,,,,,,,,,,,,,,,,,,,,,,,,,,,,
_deco_2,manuscript_11979,,,"Cambridge, Trinity College, MS O.3.8",manuscript,,MS-TRINITY-O-00003-00008,,"Thick initials in ekthesis in brown ink. Some have a small decoration of pearls, see .",plainInit,f. 1v,1v,1v,,,,,,,,,,,,,,,,,,,,,,,,,,,,,
_deco_1,manuscript_11980,,,"Cambridge, Trinity College, MS O.3.9",manuscript,,MS-TRINITY-O-00003-00009,,The end of the section for each initial letter is marked by simple vignettes in brown ink.,vignette,,,,,,,,,,,,,,,,,,,,,,,,,,,,,,,,
_deco_2,manuscript_11980,,,"Cambridge, Trinity College, MS O.3.9",manuscript,,MS-TRINITY-O-00003-00009,,The beginning of a section of the preface and that of the main text on are marked by minor initials in brown ink.,plainInit,f. 1v,1v-2r,1v-2r,,,,,,,,,,,,,,,,,,,,,,,,,,,,,
_deco_1,manuscript_11981,,,"Cambridge, Trinity College, MS O.3.14",manuscript,,MS-TRINITY-O-00003-00014,,"Each Psalm or Ode begins with an enlarged initial in red ink, usually ornamented, somewhat crude and sometimes overlapping with the text. Verses begin with normal letters in red ink.",colInit,,,,,,,,,,,,,,,,,,,,,,,,,,,,,,,,
_deco_1,manuscript_11982,,,"Cambridge, Trinity College, MS O.3.15",part,,,,"Some subsections on begin with simple minor initials in red ink, not always at the beginning of lines.",colInit,ff. 410r-629v,410r,629v,,,,,,,,,,,,,,,,,,,,,,,,,,,,,
_deco_2,manuscript_11982,,,"Cambridge, Trinity College, MS O.3.15",part,,,,"Some subsections on begin with simple minor initials in brown ink, not always at the beginning of lines. Major sections on ff. , also begin with such initials.",plainInit,ff. 410r-629v; 9r-409v; 630r-633v,410r 9r 630r,629v 409v 633v,,,,,,,,,,,,,,,,,,,,,,,,,,,,,
_deco_3,manuscript_11982,,,"Cambridge, Trinity College, MS O.3.15",part,,,,Some sections on are preceded by simple vignettes in red ink.,vignette,ff. 410r-629v,410r,629v,,,,,,,,,,,,,,,,,,,,,,,,,,,,,
_deco_1,manuscript_11985,,,"Cambridge, Trinity College, MS O.3.23",manuscript,,MS-TRINITY-O-00003-00023,,"The prooimion and individual excerpts each begin with ornamented minor intitials in red ink (e.g. , ). Items in the contents list begin with ordinary letters in red ink.",colInit,1r; 3r,1r 3r,1r 3r,,,,,,,,,,,,,,,,,,,,,,,,,,,,,
_deco_2,manuscript_11985,,,"Cambridge, Trinity College, MS O.3.23",manuscript,,MS-TRINITY-O-00003-00023,,"The prooimion, individual excerpts and the contents list are preceded by simple vignettes in red or brown ink.",vignette,,,,,,,,,,,,,,,,,,,,,,,,,,,,,,,,
_deco_1,manuscript_11986,,,"Cambridge, Trinity College, MS O.3.48",part,,,,"The beginning of the text on is preceded by a rectangular headpiece, outlined in brown ink with red infill, the text on by a pyle in the same style, and that on by a pyle outlined in red and brown ink with red infill. Simpler, slender horizontal headpieces outlined in brown ink with red infill precede the beginning of other texts (e.g. ff. , ).",headpiece,f. 1r; f. 89v; f. 117r; 8r; 23v,i verso-1r 89v-90r 116v-117r 7v-8r 23v-24r,i verso-1r 89v-90r 116v-117r 7v-8r 23v-24r,,,,,,,,,,,,,,,,,,,,,,,,,,,,,
_deco_2,manuscript_11986,,,"Cambridge, Trinity College, MS O.3.48",part,,,,"Some texts begin with ornamented initials outlined in brown ink with red paint infill (e.g. ff. , , ).",decInit,20r; 64v; 105r,21v-20r 64v-65r 104v-105r,21v-20r 64v-65r 104v-105r,,,,,,,,,,,,,,,,,,,,,,,,,,,,,
_deco_3,manuscript_11986,,,"Cambridge, Trinity College, MS O.3.48",part,,,,"Other texts being with smaller, simple initials in red ink (e.g. ff. , ). The beginnings of sections are also marked by simple minor initials in red ink",colInit,100v; 117r,100v-101r 116v-117r,100v-101r 116v-117r,,,,,,,,,,,,,,,,,,,,,,,,,,,,,
_deco_1,manuscript_11987,,,"Cambridge, Trinity College, MS O.3.51",part,,,,Each entry in the list begins with a minor initial in red ink.,colInit,,,,,,,,,,,,,,,,,,,,,,,,,,,,,,,,
_deco_10,manuscript_11987,,,"Cambridge, Trinity College, MS O.3.51",part,,,,"Among the notes on are very crude ink drawings of heads and shoulders, and there is a drawing of a robed figure with a halo on .",drawing,f. 69r; f. 69v,3:69r 3:69v,3:69r 3:69v,,,,,,,,,,,,,,,,,,,,,,,,,,,,,
_deco_11,manuscript_11987,,,"Cambridge, Trinity College, MS O.3.51",part,,,,"The beginnings or ends of texts on ff. , and are marked by rows of asterisks in red and black ink. The beginnings of most letters on are each preceded by a single asterisk in red ink.",other,12r; 13v; 15r; ff. 42v-45v,3:12r 3:13v 3:15r 3:42v,3:12r 3:13v 3:15r 3:45v,,,,,,,,,,,,,,,,,,,,,,,,,,,,,
_deco_2,manuscript_11987,,,"Cambridge, Trinity College, MS O.3.51",part,,,,The text is preceded by a row of asterisks in red and black ink ().,other,f. i recto,i recto,i recto,,,,,,,,,,,,,,,,,,,,,,,,,,,,,
_deco_3,manuscript_11987,,,"Cambridge, Trinity College, MS O.3.51",part,,,,The beginning of the text is preceded by a scrolling headpiece in black ink (). The beginning of the second part is preceded by a plaited headpiece in black ink ().,headpiece,f. 1r; f. 52r,2:1r 2:52r,2:1r 2:52r,,,,,,,,,,,,,,,,,,,,,,,,,,,,,
_deco_4,manuscript_11987,,,"Cambridge, Trinity College, MS O.3.51",part,,,,"The text begins with a very large major initial in red ink, with scrolling ornament (). Sections begin with initials in the same size, of greatly varying size (e.g. ff. , , ).",decInit,f. 1r; 9r-9v; 14r; 173r-173v,2:1r 2:9r 2:14r 2:173r,2:1r 2:9v 2:14r 2:173v,,,,,,,,,,,,,,,,,,,,,,,,,,,,,
_deco_5,manuscript_11987,,,"Cambridge, Trinity College, MS O.3.51",part,,,,The end of sections is very occasionally accompanied by line-fillers in red ink (e.g. ).,lineFill,f. 81r,2:81r,2:81r,,,,,,,,,,,,,,,,,,,,,,,,,,,,,
_deco_6,manuscript_11987,,,"Cambridge, Trinity College, MS O.3.51",part,,,,The text beginning on is preceded by a scrolling headpiece in black ink.,headpiece,f. 47r,3:47r,3:47r,,,,,,,,,,,,,,,,,,,,,,,,,,,,,
_deco_7,manuscript_11987,,,"Cambridge, Trinity College, MS O.3.51",part,,,,The text beginning on is preceded by a vignette in black ink.,vignette,f. 6v,3:6v,3:6v,,,,,,,,,,,,,,,,,,,,,,,,,,,,,
_deco_8,manuscript_11987,,,"Cambridge, Trinity College, MS O.3.51",part,,,,"Texts begin on ff. and with major initials in red ink with scrolling decoration, while some other texts begin with similar but smaller initials (e.g. ), in the same style as those in Part II.",decInit,15r; 28r; ff. 42v-45r,3:15r 3:28r 3:42v,3:15r 3:28r 3:45r,,,,,,,,,,,,,,,,,,,,,,,,,,,,,
_deco_9,manuscript_11987,,,"Cambridge, Trinity College, MS O.3.51",part,,,,"Entries in lists and various texts, sections and sentences begin with minor initials in red ink.",colInit,,,,,,,,,,,,,,,,,,,,,,,,,,,,,,,,
_deco_1,manuscript_11989,,,"Cambridge, Trinity College, MS O.4.3",manuscript,,MS-TRINITY-O-00004-00003,,The beginning of the texts or sections from is preceded by rectangular frieze in red or red and yellow ink in various styles.,frieze,p. 39,39.0,39.0,,,,,,,,,,,,,,,,,,,,,,,,,,,,,
_deco_2,manuscript_11989,,,"Cambridge, Trinity College, MS O.4.3",manuscript,,MS-TRINITY-O-00004-00003,,The thick red-yellow-ink major initials mark the start of a new work or a new book section.,decInit,,,,,,,,,,,,,,,,,,,,,,,,,,,,,,,,
_deco_3,manuscript_11989,,,"Cambridge, Trinity College, MS O.4.3",manuscript,,MS-TRINITY-O-00004-00003,,"The explicits of some texts are followed by ornamental line fillers drawn in red ink (e.g. , , ).",lineFill,p. [274]; [292]; [310],[274] [292] [310],[274] [292] [310],,,,,,,,,,,,,,,,,,,,,,,,,,,,,
_deco_1,manuscript_11991,,,"Cambridge, Trinity College,  MS O.4.9",manuscript,,MS-TRINITY-O-00004-00009,,"In the manuscript are distinguishable two different types of decoration: a floral decoration in gold and green, blue, red ink for the dedication letter to Ernest of Bavaria; a more modest decoration in red ink by Ioannes Mauromates for the Greek text.",other,,,,,,,,,,,,,,,,,,,,,,,,,,,,,,,,
_deco_2,manuscript_11991,,,"Cambridge, Trinity College,  MS O.4.9",manuscript,,MS-TRINITY-O-00004-00009,,", title-page: a floral rectangular border in gold, green, blue and red surrounds a Latin title written in gold, with initials in blue, red, black and green, Heronis Alexandrini spiritalium libri duo Graeci manuscripti numquam adhuc neque Latini impressi. In the centre of the lower part of the frame is depicted the coat of arms of the Electorate of Bavaria.",titlePage,F. i recto,i recto,i recto,,,,,,,,,,,,,,,,,,,,,,,,,,,,,
_deco_3,manuscript_11991,,,"Cambridge, Trinity College,  MS O.4.9",manuscript,,MS-TRINITY-O-00004-00009,,"The dedication to Ernest of Bavaria on is preceded by a headpiece with the same type of floral decoration in green, blue and red ink of the title-page (f. i recto). The title is written in gold, with initials in blue and red ink.",headPiece,f. ii recto,ii recto,ii recto,,,,,,,,,,,,,,,,,,,,,,,,,,,,,
_deco_4,manuscript_11991,,,"Cambridge, Trinity College,  MS O.4.9",manuscript,,MS-TRINITY-O-00004-00009,,"On there is an initial in gold, on a square ground with red penwork ornament.",decInit,f. ii recto,ii recto,ii recto,,,,,,,,,,,,,,,,,,,,,,,,,,,,,
_deco_5,manuscript_11991,,,"Cambridge, Trinity College,  MS O.4.9",manuscript,,MS-TRINITY-O-00004-00009,,On there is a linear undulated frieze with clovers at both ends.,frieze,f. 2:1r,2:1r,2:1r,,,,,,,,,,,,,,,,,,,,,,,,,,,,,
_deco_6,manuscript_11991,,,"Cambridge, Trinity College,  MS O.4.9",manuscript,,MS-TRINITY-O-00004-00009,,"Thick red penwork initials with a vegetal ornament, see e.g. .",plainInit,f. 2:1r,2:1r,2:1r,,,,,,,,,,,,,,,,,,,,,,,,,,,,,
_deco_7,manuscript_11991,,,"Cambridge, Trinity College,  MS O.4.9",manuscript,,MS-TRINITY-O-00004-00009,,On there are diagrams illustrating Heron's work.,diagram,ff. 2:47r-2:63r,2:47r,2:63r,,,,,,,,,,,,,,,,,,,,,,,,,,,,,
_deco_1,manuscript_11992,,,"Cambridge, Trinity College, MS O.4.17",part,,,,Headings and folios begin with minor initials in brown ink.,plainInit,,,,,,,,,,,,,,,,,,,,,,,,,,,,,,,,
_deco_2,manuscript_11992,,,"Cambridge, Trinity College, MS O.4.17",part,,,,Some list items begin with minor initials in brown ink.,plainInit,,,,,,,,,,,,,,,,,,,,,,,,,,,,,,,,
_deco_3,manuscript_11992,,,"Cambridge, Trinity College, MS O.4.17",part,,,,"There are drawings of birds on ff. , , , , , , , and , a fish on , a dog on and pieces of non-figurative ornament on ff. , , , and , all in brown ink.",drawing,57v; 67v; 78v; 80v; 84v; 87v; 93r; 97v; 101v; f. 61v; f. 67r; 59v; 70v; 85v; 99r-99v; 102v-103r,57v 67v 78v 80v 84v 87v 93r 97v 101v 61v 67r 59v 70v 85v 99r 102v,57v 67v 78v 80v 84v 87v 93r 97v 101v 61v 67r 59v 70v 85v 99v 103r,,,,,,,,,,,,,,,,,,,,,,,,,,,,,
_deco_1,manuscript_11993,,,"Cambridge, Trinity College, MS O.4.21",manuscript,,MS-TRINITY-O-00004-00021,,The beginning of the portion of the catena for some psalms is preceded by a narrow headpiece or vignette in red ink.,headpiece,,,,,,,,,,,,,,,,,,,,,,,,,,,,,,,,
_deco_2,manuscript_11993,,,"Cambridge, Trinity College, MS O.4.21",manuscript,,MS-TRINITY-O-00004-00021,,"The portion for each psalm begins with an ornamented initial in red ink. The beginnings of some sections are marked by smaller, simpler initials in red ink.",colInit,,,,,,,,,,,,,,,,,,,,,,,,,,,,,,,,
_deco_3,manuscript_11993,,,"Cambridge, Trinity College, MS O.4.21",manuscript,,MS-TRINITY-O-00004-00021,,The beginnings of other sections are marked by small initials in brown ink.,plainInit,,,,,,,,,,,,,,,,,,,,,,,,,,,,,,,,
_deco_4,manuscript_11993,,,"Cambridge, Trinity College, MS O.4.21",manuscript,,MS-TRINITY-O-00004-00021,,Portions for psalms not preceded by full-width headpieces or vignettes are preceded by line-fillers in red ink.,lineFill,,,,,,,,,,,,,,,,,,,,,,,,,,,,,,,,
_deco_1,manuscript_11994,,,"Cambridge, Trinity College, MS O.4.22",manuscript,,MS-TRINITY-O-00004-00022,,"The beginning of the text (f. 1r) is preceded by a large rectangular headpiece in red, blue, green and white paint and gold, containing a heading identifying the Gospel of the first lection in a four-lobed opening at its centre. Pylai in the same style mark the beginning of some major sections:- Pylai f. 55r Weeks of Matthew f. 83r Weeks of Luke f. 174r MenologionThe beginning of other sections is marked by small rectangular headpieces in the same style:- f. 113v Weeks of Mark f. 145r Lections of the Passion f. 183r October f. 188v November f. 189v December f. 200r January f. 208r February f. 211v March f. 214v April f. 215r May f. 216v June f. 221v July f. 223r August f. 228r Lections of the eothina eothina f. 233v Lections for various occasions f. 234r Orthros lections for Holy WeekOrthros",headpiece,,,,,,,,,,,,,,,,,,,,,,,,,,,,,,,,
_deco_2,manuscript_11994,,,"Cambridge, Trinity College, MS O.4.22",manuscript,,MS-TRINITY-O-00004-00022,,"The text of each lection begins with an ornamented initial, usually in the same style as the headpieces, but occasionally in gold only (e.g. ). In the initial letter of the first lection of the Gospel of John, an epsilon, the central bar takes the form of an arm and hand, as was common; more unusually, the hand is shown not in a gesture of blessing, but grasping an upright bar ().",decInit,f. 3r; f. 1r,3r 1r,3r 1r,,,,,,,,,,,,,,,,,,,,,,,,,,,,,
_deco_3,manuscript_11994,,,"Cambridge, Trinity College, MS O.4.22",manuscript,,MS-TRINITY-O-00004-00022,,There are occasional gilt minor initials at the beginning of lines.,colInit,,,,,,,,,,,,,,,,,,,,,,,,,,,,,,,,
_deco_4,manuscript_11994,,,"Cambridge, Trinity College, MS O.4.22",manuscript,,MS-TRINITY-O-00004-00022,,All headings are gilded.,chrysography,,,,,,,,,,,,,,,,,,,,,,,,,,,,,,,,
_deco_1,manuscript_11998,,,"Cambridge, Trinity College, MS O.5.10",manuscript,,MS-TRINITY-O-00005-00010,,"a vegetal motif of flowers and scrolls, at the centre a scroll with a human face, at its sides two circles containing the indication of the exemplar used by the scribe, and his colophon on",headpiece,p. 1,1.0,1.0,,,,,,,,,,,,,,,,,,,,,,,,,,,,,
_deco_2,manuscript_11998,,,"Cambridge, Trinity College, MS O.5.10",manuscript,,MS-TRINITY-O-00005-00010,,"scrolling ornament with flowers and fruits on pp. ,",headpiece,32; 129,32 129,32 129,,,,,,,,,,,,,,,,,,,,,,,,,,,,,
_deco_3,manuscript_11998,,,"Cambridge, Trinity College, MS O.5.10",manuscript,,MS-TRINITY-O-00005-00010,,rinceaux on,headpiece,p. 175.,175.0,175.0,,,,,,,,,,,,,,,,,,,,,,,,,,,,,
_deco_4,manuscript_11998,,,"Cambridge, Trinity College, MS O.5.10",manuscript,,MS-TRINITY-O-00005-00010,,"Pen flourished initials traced with the same ink used for the text, decorated with an elaborated vegetal motif, see e.g. pp. , , . On there are two champ initials, the background is formed by a vegetal decoration.",decInit,1; 32; 129; p. 175,1 32 129 175,1 32 129 175,,,,,,,,,,,,,,,,,,,,,,,,,,,,,
_deco_5,manuscript_11998,,,"Cambridge, Trinity College, MS O.5.10",manuscript,,MS-TRINITY-O-00005-00010,,a bowl of fruit,illustration,p. 31,31.0,31.0,,,,,,,,,,,,,,,,,,,,,,,,,,,,,
_deco_6,manuscript_11998,,,"Cambridge, Trinity College, MS O.5.10",manuscript,,MS-TRINITY-O-00005-00010,,a vase of flowers,illustration,p. 128,128.0,128.0,,,,,,,,,,,,,,,,,,,,,,,,,,,,,
_deco_7,manuscript_11998,,,"Cambridge, Trinity College, MS O.5.10",manuscript,,MS-TRINITY-O-00005-00010,,a ribbon (with chiaroscuro effects) on which has been written a final rubric.,illustration,p. 173,173.0,173.0,,,,,,,,,,,,,,,,,,,,,,,,,,,,,
_deco_1,manuscript_12000,,,"Cambridge, Trinity College, MS O.5.15",part,,,,Transitions between texts are sometimes marked by simple vignettes in brown ink.,vignette,,,,,,,,,,,,,,,,,,,,,,,,,,,,,,,,
_deco_2,manuscript_12000,,,"Cambridge, Trinity College, MS O.5.15",part,,,,The text is illustrated with diagrams.,diagram,,,,,,,,,,,,,,,,,,,,,,,,,,,,,,,,
_deco_3,manuscript_12000,,,"Cambridge, Trinity College, MS O.5.15",part,,,,The text on begins with a minor initial in red ink overwritten with brown.,plainInit,f. 3:1r,3:1r,3:1r,,,,,,,,,,,,,,,,,,,,,,,,,,,,,
_deco_4,manuscript_12000,,,"Cambridge, Trinity College, MS O.5.15",part,,,,The beginning of the text on is preceded by a simple vignette in red ink.,vignette,f. 3:1r,3:1r,3:1r,,,,,,,,,,,,,,,,,,,,,,,,,,,,,
_deco_5,manuscript_12000,,,"Cambridge, Trinity College, MS O.5.15",part,,,,Sections begin with minor initials in red ink overwritten with brown.,plainInit,,,,,,,,,,,,,,,,,,,,,,,,,,,,,,,,
_deco_6,manuscript_12000,,,"Cambridge, Trinity College, MS O.5.15",part,,,,The beginning of the text on is preceded by a simple vignette in red ink overwritten with brown.,vignette,f. 5:1r,5:1r,5:1r,,,,,,,,,,,,,,,,,,,,,,,,,,,,,
_deco_7,manuscript_12000,,,"Cambridge, Trinity College, MS O.5.15",part,,,,Sections begin with minor initials in red ink overwritten with brown.,plainInit,,,,,,,,,,,,,,,,,,,,,,,,,,,,,,,,
_deco_1,manuscript_12001,,,"Cambridge, Trinity College, MS O.5.16",manuscript,,MS-TRINITY-O-00005-00016,,"On ff. , , , , , there are undulated linear friezes in red ink with clovers at both ends.",frieze,1r; 1v; 21r; 21v; 45r; 46r,1r 1v 21r 21v 45r 46r,1r 1v 21r 21v 45r 46r,,,,,,,,,,,,,,,,,,,,,,,,,,,,,
_deco_2,manuscript_12001,,,"Cambridge, Trinity College, MS O.5.16",manuscript,,MS-TRINITY-O-00005-00016,,"Initials in ekthesis in red ink decorated with a vegetal motif, see e.g. ,",decInit,f. 1v,1v,1v,,,,,,,,,,,,,,,,,,,,,,,,,,,,,
_deco_3,manuscript_12001,,,"Cambridge, Trinity College, MS O.5.16",manuscript,,MS-TRINITY-O-00005-00016,,The text is accompanied by diagrams.,diagram,,,,,,,,,,,,,,,,,,,,,,,,,,,,,,,,
_deco_1,manuscript_12002,,,"Cambridge, Trinity College, MS O.5.18",part,,,,"The beginning of the text is preceded by a rectangular plaited headpiece in red ink, topped by a plaited cross-shaped design with the inscription Ἰ(ησοῦ)ς Χ(ριστὸ)ς νίκα.",headpiece,,,,,,,,,,,,,,,,,,,,,,,,,,,,,,,,
_deco_2,manuscript_12002,,,"Cambridge, Trinity College, MS O.5.18",part,,,,"Texts begin with ornamented initials in red ink, and some sections with simpler minor initials.",colInit,,,,,,,,,,,,,,,,,,,,,,,,,,,,,,,,
_deco_3,manuscript_12002,,,"Cambridge, Trinity College, MS O.5.18",part,,,,"Notes by the scribe on ff. , and have been gilded.",chrysography,36r; 37v; 38r,35v-36r 37v-38r 37v-38r,35v-36r 37v-38r 37v-38r,,,,,,,,,,,,,,,,,,,,,,,,,,,,,
_deco_1,manuscript_12003,,,"Cambridge, Trinity College, MS O.5.19",part,,,,Sections on begin with simple minor initials in red ink.,colInit,ff. 1r-28v,1r,28v,,,,,,,,,,,,,,,,,,,,,,,,,,,,,
_deco_1,manuscript_12004,,,"Cambridge, Trinity College, MS O.5.23",manuscript,,MS-TRINITY-O-00005-00023,,"On , where the text has been written by Henri II Estienne (hand B), there are small decorative elements near titles, very roughly traced, see e.g. ff. , , ) in red ink.",other,ff. 4v-43v; 16r; 19r; 42r,4v 16r 19r 42r,43v 16r 19r 42r,,,,,,,,,,,,,,,,,,,,,,,,,,,,,
_deco_1,manuscript_12008,,,"Cambridge, Trinity College, MS O.7.4",part,,,,Items begin with simple minor initials in brown ink.,plainInit,,,,,,,,,,,,,,,,,,,,,,,,,,,,,,,,
_deco_2,manuscript_12008,,,"Cambridge, Trinity College, MS O.7.4",part,,,,"Texts begin with ornamented minor initials in red ink, and some sections with simpler minor initials in red ink.",colInit,,,,,,,,,,,,,,,,,,,,,,,,,,,,,,,,
_deco_3,manuscript_12008,,,"Cambridge, Trinity College, MS O.7.4",part,,,,Transitions between texts are marked by vignettes in red or brown and red ink.,vignette,,,,,,,,,,,,,,,,,,,,,,,,,,,,,,,,
_deco_4,manuscript_12008,,,"Cambridge, Trinity College, MS O.7.4",part,,,,"Texts begin with ornamented minor initials in red ink, and some sections with simpler minor initials in red ink.",colInit,,,,,,,,,,,,,,,,,,,,,,,,,,,,,,,,
_deco_5,manuscript_12008,,,"Cambridge, Trinity College, MS O.7.4",part,,,,Transitions between texts are marked by vignettes in red or brown and red ink.,vignette,,,,,,,,,,,,,,,,,,,,,,,,,,,,,,,,
_deco_6,manuscript_12008,,,"Cambridge, Trinity College, MS O.7.4",part,,,,Sections begin with simple minor initials in red ink.,colInit,,,,,,,,,,,,,,,,,,,,,,,,,,,,,,,,
_deco_7,manuscript_12008,,,"Cambridge, Trinity College, MS O.7.4",part,,,,The text beginning on is preceded by a plaited headpiece outlined in black ink with red infill.,headpiece,f. [xi] verso,[xi] verso,[xi] verso,,,,,,,,,,,,,,,,,,,,,,,,,,,,,
_deco_8,manuscript_12008,,,"Cambridge, Trinity College, MS O.7.4",part,,,,Sections begin with simple minor initials in brown ink.,plainInit,,,,,,,,,,,,,,,,,,,,,,,,,,,,,,,,
_deco_9,manuscript_12008,,,"Cambridge, Trinity College, MS O.7.4",part,,,,Items begin with simple minor initials in black ink.,plainInit,,,,,,,,,,,,,,,,,,,,,,,,,,,,,,,,
_deco_1,manuscript_12010,,,"Cambridge, Trinity College, MS O.7.29",manuscript,,MS-TRINITY-O-00007-00029,,"The beginning of the texts on ff. and are preceded by rectangular plaited headpieces, outlined in black ink with red infill, that on by a headpiece outlined in black ink with red and green infill and that on by one in black ink only. The text on is preceded by a very crude headpiece in red and black ink.",headpiece,7r; 22r; f. 40r; f. 65v; f. 21v,7r 22r 40r 65v 21v,7r 22r 40r 65v 21v,,,,,,,,,,,,,,,,,,,,,,,,,,,,,
_deco_2,manuscript_12010,,,"Cambridge, Trinity College, MS O.7.29",manuscript,,MS-TRINITY-O-00007-00029,,"Texts and sections begin with in initials in red ink, with varying size and degrees of ornamentation.",colInit,,,,,,,,,,,,,,,,,,,,,,,,,,,,,,,,
_deco_1,manuscript_12011,,,"Cambridge, Trinity College, MS O.7.32",manuscript,,MS-TRINITY-O-00007-00032,,"The beginnings of texts on ff. and are preceded by headpieces outlined in black ink, with infill in red and blue paint and gold. The beginnings of the texts on ff. and are preceded by headpieces in the same style, with yellow paint in place of gold. That on is preceded by a headpiece with only the black ink outline. The beginnings of texts on ff. and are preceded by simple horizontal snake and plait designs outlined in red ink.",headpiece,1r; 39r; 67r; 121r; f. 101r; 143r; 151r,1r 39r 67r 121r 101r 143r 151r,1r 39r 67r 121r 101r 143r 151r,,,,,,,,,,,,,,,,,,,,,,,,,,,,,
_deco_2,manuscript_12011,,,"Cambridge, Trinity College, MS O.7.32",manuscript,,MS-TRINITY-O-00007-00032,,"The texts on ff. and begin with major initials in the same style as the headpieces, outlined in black ink, with infill in red and blue paint and gold. Those on ff. , , and begin with initials in red ink.",decInit,1r; 39r; 67r; 101r; 121r; 143r,1r 39r 67r 101r 121r 143r,1r 39r 67r 101r 121r 143r,,,,,,,,,,,,,,,,,,,,,,,,,,,,,
_deco_3,manuscript_12011,,,"Cambridge, Trinity College, MS O.7.32",manuscript,,MS-TRINITY-O-00007-00032,,"Smaller ornamented initials in red ink occasionally begin sections (e.g. ff. , ). Sections on ff. and begin with simple minor initials in red ink, within lines as well as at their beginning. Some have been gilded, but much of the gold has been abraded.",colInit,122v; 128r; 151r-158v; 180v-181r,122v 128r 151r 180v,122v 128r 158v 181r,,,,,,,,,,,,,,,,,,,,,,,,,,,,,
_deco_4,manuscript_12011,,,"Cambridge, Trinity College, MS O.7.32",manuscript,,MS-TRINITY-O-00007-00032,,Punctuation marks on have been made in red ink and gilded.,chrysography,ff. 180v-181v,180v,181v,,,,,,,,,,,,,,,,,,,,,,,,,,,,,
_deco_1,manuscript_12015,,,"Cambridge, Trinity College, MS O.8.3",manuscript,,MS-TRINITY-O-00008-00003,,"Portraits of the Evangelists accompany all four Gospels, in partially translucent wash paint and gold:- f. 15v Matthew f. 94v Mark f. 146v Luke f. 230v JohnIn the miniatures of Luke and perhaps John, space has been left for the gold but it has not been added",miniature,,,,,,,,,,,,,,,,,,,,,,,,,,,,,,,,
_deco_2,manuscript_12015,,,"Cambridge, Trinity College, MS O.8.3",manuscript,,MS-TRINITY-O-00008-00003,,"Headpieces precede the beginning of each Gospel: pylai for Matthew (f. 16r) and Luke (f. 147r), rectangular for Mark (f. 95r) and John (f. 231r). Those for Matthew, Mark and Luke are in a consistent style, in brown ink with red, blue, translucent yellow and (for Luke) green infill, with vegetative ornament. That for John is composed of interlace in brown ink only. pylaiThe summary lectionary is preceded by a rectangular headpiece in a different style of interlace, in brown ink with red infill (f. 1r).",headpiece,,,,,,,,,,,,,,,,,,,,,,,,,,,,,,,,
_deco_3,manuscript_12015,,,"Cambridge, Trinity College, MS O.8.3",manuscript,,MS-TRINITY-O-00008-00003,,"The Gospels of Matthew () and Mark () begin with zoomorphic major initials in predominantly blue-grey paint, composed of multiple entwined animal forms.",decInit,f. 16r; f. 95r,16r 95r,16r 95r,,,,,,,,,,,,,,,,,,,,,,,,,,,,,
_deco_4,manuscript_12015,,,"Cambridge, Trinity College, MS O.8.3",manuscript,,MS-TRINITY-O-00008-00003,,"In the Gospel text, minor initials in red ink appear at the beginning of lections, or the beginning of the line following the beginning of a lection in mid-line. In the summary lectionary, the beginning of subsections and sentences are marked by minor initials or ordinary letters in red ink.",colInit,,,,,,,,,,,,,,,,,,,,,,,,,,,,,,,,
_deco_5,manuscript_12015,,,"Cambridge, Trinity College, MS O.8.3",manuscript,,MS-TRINITY-O-00008-00003,,"Line-fillers accompany the headings to various sections of the summary lectionary (ff. , ). These consist either of interlace in the same style as the headpiece on or slightly ornamented red horizontal bars.",lineFill,1v; 5r-8v; f. 1r,1v 5r 1r,1v 8v 1r,,,,,,,,,,,,,,,,,,,,,,,,,,,,,
_deco_1,manuscript_12016,,,"Cambridge, Trinity College, MS O.8.7",manuscript,,MS-TRINITY-O-00008-00007,,"On ff. and there are two friezes with a rope motif in brown ink. On there are three small linear undulated friezes, the central one with clovers at both ends.",frieze,1r; 13r; f. 52r,1r 13r 52r,1r 13r 52r,,,,,,,,,,,,,,,,,,,,,,,,,,,,,
_deco_2,manuscript_12016,,,"Cambridge, Trinity College, MS O.8.7",manuscript,,MS-TRINITY-O-00008-00007,,"Initials in ekthesis are decorated with a vegetal motif, see ff. , and .",decInit,1r; 13r; 52r,1r 13r 52r,1r 13r 52r,,,,,,,,,,,,,,,,,,,,,,,,,,,,,
_deco_3,manuscript_12016,,,"Cambridge, Trinity College, MS O.8.7",manuscript,,MS-TRINITY-O-00008-00007,,"Small crosses are traced after the titles and at the end of the texts, see e.g. ff. and .",other,1r; 11r,1r 11r,1r 11r,,,,,,,,,,,,,,,,,,,,,,,,,,,,,
_deco_1,manuscript_12017,,,"Cambridge, Trinity College, MS O.8.8",manuscript,,MS-TRINITY-O-00008-00008,,"The text begins with a small ornamented initial in red ink (). On , Hand B has overwritten normal letters with red ink to make them into minor initials.",colInit,f. 1r; ff. 1r-3v,1r 1r,1r 3v,,,,,,,,,,,,,,,,,,,,,,,,,,,,,
_deco_2,manuscript_12017,,,"Cambridge, Trinity College, MS O.8.8",manuscript,,MS-TRINITY-O-00008-00008,,The beginning of the text is preceded by a simple vignette in red ink ().,vignette,f. 1r,1r,1r,,,,,,,,,,,,,,,,,,,,,,,,,,,,,
_deco_1,manuscript_12019,,,"Cambridge, Trinity College, MS O.8.11",manuscript,,MS-TRINITY-O-00008-00011,,"On f. 5r there is a frieze in a rope motif, in a brilliant red ink. Hand B traced a series of small and simple friezes, formed of an undulated line with clover leaves at both ends, on ff. 9r, 44v, 60r, 88r.",frieze,,,,,,,,,,,,,,,,,,,,,,,,,,,,,,,,
_deco_2,manuscript_12019,,,"Cambridge, Trinity College, MS O.8.11",manuscript,,MS-TRINITY-O-00008-00011,,"Initials in ekthesis, in red ink, decorated with a vegetal motif, used by both hand A (see ), and B (). Hand B used also minor thick initials in red ink, see e.g. .",decInit,f. 8r; f. 9r; f. 87r,8r 9r 87r,8r 9r 87r,,,,,,,,,,,,,,,,,,,,,,,,,,,,,
_deco_1,manuscript_12023,,,"Cambridge, Trinity College, MS O.9.4",manuscript,,MS-TRINITY-O-00009-00004,,On is a drawing in ink of a bird.,drawing,f. [vi] recto,[vi] recto,[vi] recto,,,,,,,,,,,,,,,,,,,,,,,,,,,,,
_deco_2,manuscript_12023,,,"Cambridge, Trinity College, MS O.9.4",manuscript,,MS-TRINITY-O-00009-00004,,On ff. and are simple friezes in brown and red ink.,frieze,[v] recto; [vi] recto,[v] recto [vi] recto,[v] recto [vi] recto,,,,,,,,,,,,,,,,,,,,,,,,,,,,,
_deco_1,manuscript_12025,,,"Cambridge, Trinity College, MS O.9.17",part,,,,Lections and lines of headings begin with minor initials in red ink.,colInit,,,,,,,,,,,,,,,,,,,,,,,,,,,,,,,,
_deco_2,manuscript_12025,,,"Cambridge, Trinity College, MS O.9.17",part,,,,"The beginning of the text on is preceded by a pyle outlined in red ink, with blue and green infill. Transitions between some texts are marked by thin rectangular headpieces in red ink (e.g. pp. , ).",headpiece,p. 1; 160; 180,1 160 180,1 160 180,,,,,,,,,,,,,,,,,,,,,,,,,,,,,
_deco_3,manuscript_12025,,,"Cambridge, Trinity College, MS O.9.17",part,,,,Texts and sections begin with minor initials in red ink.,colInit,,,,,,,,,,,,,,,,,,,,,,,,,,,,,,,,
_deco_4,manuscript_12025,,,"Cambridge, Trinity College, MS O.9.17",part,,,,"Transitions between some texts are marked by line-fillers or vignettes in red ink (e.g. pp. , , ).",lineFill,33-34; 39; 184-185,33 39 184,34 39 185,,,,,,,,,,,,,,,,,,,,,,,,,,,,,
_deco_1,manuscript_12026,,,"Cambridge, Trinity College, MS O.9.27",part,,,,The beginning of sections is marked by minor initials in red ink.,colInit,f. i recto-i verso (lower text),[c] verso-i recto,i verso-1r,,,,,,,,,,,,,,,,,,,,,,,,,,,,,
_deco_2,manuscript_12026,,,"Cambridge, Trinity College, MS O.9.27",part,,,,On the text (here describing the making of tools) is illustrated with a miniature comprising several tools and a diagrammatic representation of a wagon.,miniature,f. 44v,44v-45r,44v-45r,,,,,,,,,,,,,,,,,,,,,,,,,,,,,
_deco_3,manuscript_12026,,,"Cambridge, Trinity College, MS O.9.27",part,,,,"The beginning of the text on is preceded by a rectangular headpiece in red and black ink, decorated with two animal forms.",headpiece,f. 1r,i verso-1r,i verso-1r,,,,,,,,,,,,,,,,,,,,,,,,,,,,,
_deco_4,manuscript_12026,,,"Cambridge, Trinity College, MS O.9.27",part,,,,The text of Hesiod begins on with an initial in red ink. Commentary on begins with a highly ornamented initial in black ink.,decInit,f. 5v; f. 6r,5v-6r 5v-6r,5v-6r 5v-6r,,,,,,,,,,,,,,,,,,,,,,,,,,,,,
_deco_5,manuscript_12026,,,"Cambridge, Trinity College, MS O.9.27",part,,,,The beginning of a section on is marked by a simple minor initial in red ink.,colInit,f. 3r,2v-3r,2v-3r,,,,,,,,,,,,,,,,,,,,,,,,,,,,,
_deco_1,manuscript_12034,,,"Cambridge, Trinity College, MS R.3.31",part,,,,Decorated large initial in red ink on .,decInit,f. 2r,2r,2r,,,,,,,,,,,,,,,,,,,,,,,,,,,,,
_deco_10,manuscript_12034,,,"Cambridge, Trinity College, MS R.3.31",part,,,,Explanatory diagrams on .,diagram,f. 95r,95r,95r,,,,,,,,,,,,,,,,,,,,,,,,,,,,,
_deco_2,manuscript_12034,,,"Cambridge, Trinity College, MS R.3.31",part,,,,Two cross-shaped flowers on .,drawn,f. 2r,2r,2r,,,,,,,,,,,,,,,,,,,,,,,,,,,,,
_deco_3,manuscript_12034,,,"Cambridge, Trinity College, MS R.3.31",part,,,,Rope motif in red ink on ; palmette-scroll headpiece in red ink on ; headpiece with carving motif in red ink on .,headpiece,f. 34v; f. 68r; f. 68v,34v 68r 68v,34v 68r 68v,,,,,,,,,,,,,,,,,,,,,,,,,,,,,
_deco_4,manuscript_12034,,,"Cambridge, Trinity College, MS R.3.31",part,,,,"Decorated initials in red ink on ff. , , (with human figure).",decInit,34v; 68r; f. 68v,34v 68r 68v,34v 68r 68v,,,,,,,,,,,,,,,,,,,,,,,,,,,,,
_deco_5,manuscript_12034,,,"Cambridge, Trinity College, MS R.3.31",part,,,,Two crosses on .,drawn,f. 34v,34v,34v,,,,,,,,,,,,,,,,,,,,,,,,,,,,,
_deco_6,manuscript_12034,,,"Cambridge, Trinity College, MS R.3.31",part,,,,"Sketches drawn in the outer margins margins of ff. , . On a picture of the Sphinx, in brown ink decorated in red, with a human face, four legs, two wings and a serpent as tail. Some faces on ff. and . On ff. , and there are some sketches of cities.",vignette,55r; 65v; f. 68r; 80r; 93v; 81v; 82r; 85v,55r 65v 68r 80r 93v 81v 82r 85v,55r 65v 68r 80r 93v 81v 82r 85v,,,,,,,,,,,,,,,,,,,,,,,,,,,,,
_deco_7,manuscript_12034,,,"Cambridge, Trinity College, MS R.3.31",part,,,,"Explanatory diagrams decorated and recoloured in red on ff. , .",diagram,56r; 74r,56r 74r,56r 74r,,,,,,,,,,,,,,,,,,,,,,,,,,,,,
_deco_8,manuscript_12034,,,"Cambridge, Trinity College, MS R.3.31",part,,,,Two lozanges on .,drawn,f. 98v,98v,98v,,,,,,,,,,,,,,,,,,,,,,,,,,,,,
_deco_9,manuscript_12034,,,"Cambridge, Trinity College, MS R.3.31",part,,,,Rope motif in red ink on .,vignette,f. 98v,98v,98v,,,,,,,,,,,,,,,,,,,,,,,,,,,,,
_deco_1,manuscript_12037,,,"Cambridge, Trinity College, MS R.9.9",manuscript,,MS-TRINITY-R-00009-00009,,Small colored initial in red ink throughout the manuscript.,colInit,,,,,,,,,,,,,,,,,,,,,,,,,,,,,,,,
_deco_1,manuscript_12038,,,"Cambridge, Trinity College, MS R.9.12",manuscript,,MS-TRINITY-R-00009-00012,,"In the margins all around the text on there are flowers and a strawberry with stems and leaves painted in blue, red, pink, violet and green.",marginal,f. 1r,1r,1r,,,,,,,,,,,,,,,,,,,,,,,,,,,,,
_deco_1,manuscript_12039,,,"Cambridge, Trinity College, MS R.9.15",manuscript,,MS-TRINITY-R-00009-00015,,"Crude headpieces with interlace ornament, in brown ink and red and green paint, mark the beginning of some sections of the text. These include a pyle on and rectangular headpieces on ff. , , and .",headpiece,f. 21r; 26r; 29r; 46r; 64v,21r 26r 29r 46r 64v,21r 26r 29r 46r 64v,,,,,,,,,,,,,,,,,,,,,,,,,,,,,
_deco_2,manuscript_12039,,,"Cambridge, Trinity College, MS R.9.15",manuscript,,MS-TRINITY-R-00009-00015,,"Minor initials in red ink, sometimes with very simple ornament, mark the beginning of many subsections and sentences.",colInit,,,,,,,,,,,,,,,,,,,,,,,,,,,,,,,,
_deco_1,manuscript_12040,,,"Cambridge, Trinity College, MS R.9.18",manuscript,,MS-TRINITY-R-00009-00018,,A slender headpiece in red ink precedes the beginning of the text on .,headpiece,f. 19r,19r,19r,,,,,,,,,,,,,,,,,,,,,,,,,,,,,
_deco_2,manuscript_12040,,,"Cambridge, Trinity College, MS R.9.18",manuscript,,MS-TRINITY-R-00009-00018,,"Many sections begin with minor initials in red ink, appearing within the line of text as well as at the beginning of lines.",colInit,,,,,,,,,,,,,,,,,,,,,,,,,,,,,,,,
_deco_3,manuscript_12040,,,"Cambridge, Trinity College, MS R.9.18",manuscript,,MS-TRINITY-R-00009-00018,,Some other sections begin with minor initials in brown ink.,plainInit,,,,,,,,,,,,,,,,,,,,,,,,,,,,,,,,
_deco_4,manuscript_12040,,,"Cambridge, Trinity College, MS R.9.18",manuscript,,MS-TRINITY-R-00009-00018,,Spaces have been left in places for minor initials that were never added (e.g. ).,unfilled,ff. 9r-15v,9r,15v,,,,,,,,,,,,,,,,,,,,,,,,,,,,,
_deco_1,manuscript_12041,,,Trinity College MS R.9.20,manuscript,,MS-TRINITY-R-00009-00020,,Decorated major initials in red ink mark the start of chaprters.,decInit,,,,,,,,,,,,,,,,,,,,,,,,,,,,,,,,
_deco_1,manuscript_12042,,,"Cambridge, Trinity College, MS R.9.22",manuscript,,MS-TRINITY-R-00009-00022,,"Minor initials in red ink, sometimes with simple ornament, begin each sub-section.",colInit,,,,,,,,,,,,,,,,,,,,,,,,,,,,,,,,
_deco_1,manuscript_12043,,,"Cambridge, Trinity College, MS R.9.26",manuscript,,MS-TRINITY-R-00009-00026,,"On , in the centre of the leaf, with the text written around it, is painted a shield, coloured in blue, with trompe l'oeuil arms of Nicholas Ruistre, on a crozier, surmounted by a scroll with the motto Aequo animo; three mice run on the left edge of the shield.",miniature,f. 3v,3v-4r,3v-4r,,,,,,,,,,,,,,,,,,,,,,,,,,,,,
_deco_2,manuscript_12043,,,"Cambridge, Trinity College, MS R.9.26",manuscript,,MS-TRINITY-R-00009-00026,,"On there is a brown and gold acanthus initial on a square ground coloured in pink and grey. On there is a zoomorphic initial (dragon) painted in blue, gold and brown, on a square ground coloured in pink. On there is a golden and brown initial on a square ground coloured in blue.",decInit,f. 4r; f. 11v; f. 35r,3v-4r 11v-12r 34v-35r,3v-4r 11v-12r 34v-35r,,,,,,,,,,,,,,,,,,,,,,,,,,,,,
_deco_3,manuscript_12043,,,"Cambridge, Trinity College, MS R.9.26",manuscript,,MS-TRINITY-R-00009-00026,,"Thick initials in red ink, see e.g. ; filled with lines in red ink on ff. , .",colInit,f. 50r; 32r; 54v,49v-50r 31v-32r 54v-55r,49v-50r 31v-32r 54v-55r,,,,,,,,,,,,,,,,,,,,,,,,,,,,,
_deco_4,manuscript_12043,,,"Cambridge, Trinity College, MS R.9.26",manuscript,,MS-TRINITY-R-00009-00026,,"The text ends in form of a cross on ff. and ; in the form of a chalice on ff. , .",other,49r; 56v; 31v; 54r,48v-49r 56v-57r 31v-32r 53v-54r,48v-49r 56v-57r 31v-32r 53v-54r,,,,,,,,,,,,,,,,,,,,,,,,,,,,,
_deco_1,manuscript_12047,,,"Cambridge, Trinity College, MS R.15.36",manuscript,,MS-TRINITY-R-00015-00036,,"The decoration is simple and has been traced by the scribe. On there is a headpiece with a geometrical motif of rhombuses, partially coloured in red ink; there is a smaller one on . On there is a small headpiece coloured in red ink containing a geometrical pattern in negative.",headpiece,f. 4v; f. 45r; f. 24r,4v 45r 24r,4v 45r 24r,,,,,,,,,,,,,,,,,,,,,,,,,,,,,
_deco_2,manuscript_12047,,,"Cambridge, Trinity College, MS R.15.36",manuscript,,MS-TRINITY-R-00015-00036,,"ff. , , , , , , formed by alternating motifs of small commas and two parallel lines, with vegetal motifs at both ends (on f. 122r the frieze is used as a line-filler)",frieze,60v; 87r; 91v; 122r; 123r; 133r,60v 87r 91v 122r 123r 133r,60v 87r 91v 122r 123r 133r,,,,,,,,,,,,,,,,,,,,,,,,,,,,,
_deco_3,manuscript_12047,,,"Cambridge, Trinity College, MS R.15.36",manuscript,,MS-TRINITY-R-00015-00036,,"ff. , , , , , , , , , , , , , , , , rope motifs in red or brown ink",frieze,1r; 3r; 3v; 7v; 17v; 22v; 29v; 36v; 43v; 89r; 47v; 50r-50v; 54r; 68r; 77v; 89r; 132v,1r 3r 3v 7v 17v 22v 29v 36v 43v 89r 47v 50r 54r 68r 77v 89r 132v,1r 3r 3v 7v 17v 22v 29v 36v 43v 89r 47v 50v 54r 68r 77v 89r 132v,,,,,,,,,,,,,,,,,,,,,,,,,,,,,
_deco_4,manuscript_12047,,,"Cambridge, Trinity College, MS R.15.36",manuscript,,MS-TRINITY-R-00015-00036,,"ff. , , , chain motifs",frieze,3r; 46r; 69r; 128r,3r 46r 69r 128r,3r 46r 69r 128r,,,,,,,,,,,,,,,,,,,,,,,,,,,,,
_deco_5,manuscript_12047,,,"Cambridge, Trinity College, MS R.15.36",manuscript,,MS-TRINITY-R-00015-00036,,"ff. , ribbons with knots, or, ff. simple ribbons",frieze,20r-20v; 41v; 20v-22v,20r 41v 20v,20v 41v 22v,,,,,,,,,,,,,,,,,,,,,,,,,,,,,
_deco_6,manuscript_12047,,,"Cambridge, Trinity College, MS R.15.36",manuscript,,MS-TRINITY-R-00015-00036,,"ff. , undulated linear motifs",frieze,23r-23v; 42r,23r 42r,23v 42r,,,,,,,,,,,,,,,,,,,,,,,,,,,,,
_deco_7,manuscript_12047,,,"Cambridge, Trinity College, MS R.15.36",manuscript,,MS-TRINITY-R-00015-00036,,"Thick initials in ekthesis, in red ink, with a very simple geometrical decoration. A few initials are more elaborately decorated, see e.g. ff. , , (anthropomorphic).",decInit,39v; 43r; 74v,39v 43r 74v,39v 43r 74v,,,,,,,,,,,,,,,,,,,,,,,,,,,,,
_deco_8,manuscript_12047,,,"Cambridge, Trinity College, MS R.15.36",manuscript,,MS-TRINITY-R-00015-00036,,"Some of the texts are accompanied by diagrams of simple execution, sometimes with particulars coloured in red, see ff. , , , , , , , and by tables, which sometimes show decorated frames, see ff. , , , , , , , .",diagram,84v; 86r; 121r; 121v; 122r; 137r; 137v; 15v; 16r; 18v; 19r; 84v-85v; 88r; 122v; 128r-132r,84v 86r 121r 121v 122r 137r 137v 15v 16r 18v 19r 84v 88r 122v 128r,84v 86r 121r 121v 122r 137r 137v 15v 16r 18v 19r 85v 88r 122v 132r,,,,,,,,,,,,,,,,,,,,,,,,,,,,,
_deco_1,manuscript_12048,,,"Cambridge, Trinity College, MS R.16.5",manuscript,,MS-TRINITY-R-00016-00005,,"an undulating linear frieze with clover leaves at both ends on ff. , , , , , , , , , , , , , ,",frieze,1r; 3r; 5v; 8r; 86v; 110r; 120r; 153r; 170r; 207v; 232r; 249r; 280v; 322r; 340r,1r 3r 5v 8r 86v 110r 120r 153r 170r 207v 232r 249r 280v 322r 340r,1r 3r 5v 8r 86v 110r 120r 153r 170r 207v 232r 249r 280v 322r 340r,,,,,,,,,,,,,,,,,,,,,,,,,,,,,
_deco_2,manuscript_12048,,,"Cambridge, Trinity College, MS R.16.5",manuscript,,MS-TRINITY-R-00016-00005,,"a small frieze formed by small alternating motifs of lines and circles on ff. ,",frieze,4r-5v; 6r,4r 6r,5v 6r,,,,,,,,,,,,,,,,,,,,,,,,,,,,,
_deco_3,manuscript_12048,,,"Cambridge, Trinity College, MS R.16.5",manuscript,,MS-TRINITY-R-00016-00005,,a double-line frieze with geometrical motifs on,frieze,f. 6v.,6v,6v,,,,,,,,,,,,,,,,,,,,,,,,,,,,,
_deco_4,manuscript_12048,,,"Cambridge, Trinity College, MS R.16.5",manuscript,,MS-TRINITY-R-00016-00005,,"Simple thick initials in ekthesis in red ink, see e.g. .",plainInit,f. 15v,15v,15v,,,,,,,,,,,,,,,,,,,,,,,,,,,,,
_deco_5,manuscript_12048,,,"Cambridge, Trinity College, MS R.16.5",manuscript,,MS-TRINITY-R-00016-00005,,"Initials in ekthesis, in red ink, decorated with a simple vegetal motif, see e.g. .",decInit,f. 110r,110r,110r,,,,,,,,,,,,,,,,,,,,,,,,,,,,,
_deco_6,manuscript_12048,,,"Cambridge, Trinity College, MS R.16.5",manuscript,,MS-TRINITY-R-00016-00005,,The text is accompanied by geometrical diagrams (see ). On there is a coloured diagram representing a rainbow. A coloured diagram is present also on .,diagram,f. 35v; f. 142v; f. 146v,35v 142v 146v,35v 142v 146v,,,,,,,,,,,,,,,,,,,,,,,,,,,,,
_deco_1,manuscript_12049,,,"Cambridge, Trinity College, MS R.16.33",manuscript,,MS-TRINITY-R-00016-00033,,A simple pyle on in red ink; cord frame on .,headpiece,f. 1r; f. 14v,1r 14v,1r 14v,,,,,,,,,,,,,,,,,,,,,,,,,,,,,
_deco_2,manuscript_12049,,,"Cambridge, Trinity College, MS R.16.33",manuscript,,MS-TRINITY-R-00016-00033,,Small decorated initials on ff. and in red ink.,decInit,1r; 14v,1r 14v,1r 14v,,,,,,,,,,,,,,,,,,,,,,,,,,,,,
_deco_3,manuscript_12049,,,"Cambridge, Trinity College, MS R.16.33",manuscript,,MS-TRINITY-R-00016-00033,,Small coloured initials in red ink throughout the manuscript.,colInit,,,,,,,,,,,,,,,,,,,,,,,,,,,,,,,,
_deco_1,manuscript_12050,,,"Cambridge, Trinity College, MS R.16.35",manuscript,,MS-TRINITY-R-00016-00035,,"Decorated major initials in red ink mark the start of the prefatory materials and the books of the Iliad, and on .",decInit,f. 50v,50v,50v,,,,,,,,,,,,,,,,,,,,,,,,,,,,,
_deco_2,manuscript_12050,,,"Cambridge, Trinity College, MS R.16.35",manuscript,,MS-TRINITY-R-00016-00035,,Minor initials outlined in red ink throughout the books of the Iliad.,colInit,,,,,,,,,,,,,,,,,,,,,,,,,,,,,,,,
_deco_1,manuscript_12052,,,"Cambridge, Trinity College, MS R.17.11",part,,,,Simple vignettes in red ink precede the beginning of each section.,vignette,,,,,,,,,,,,,,,,,,,,,,,,,,,,,,,,
_deco_2,manuscript_12052,,,"Cambridge, Trinity College, MS R.17.11",part,,,,Simple minor initials in red ink mark the beginning of each section. Each entry begins with a normal letter in red ink.,colInit,,,,,,,,,,,,,,,,,,,,,,,,,,,,,,,,
_deco_3,manuscript_12052,,,"Cambridge, Trinity College, MS R.17.11",part,,,,The beginning of a section on is preceded by a horizontal bar in red ink.,vignette,f. 14v,14v,14v,,,,,,,,,,,,,,,,,,,,,,,,,,,,,
_deco_4,manuscript_12052,,,"Cambridge, Trinity College, MS R.17.11",part,,,,"Each entry begins with an enlarged letter in black ink, ornamented with red ink infill.",colInit,,,,,,,,,,,,,,,,,,,,,,,,,,,,,,,,
_deco_1,manuscript_12054,,,"Cambridge, University Library, MS Add. 679",part,,,,"The beginning of the text () is preceded by a rectagular headpiece in orange-red ink, with vegetative ornament. Two early lections (ff. , ) are preceded by rectangular headpieces in a different style, in red ink with small areas of blue infill, the latter perhaps a later addition.",headpiece,f. 1r; 3v; 6r,1:1r 1:3v 1:6r,1:1r 1:3v 1:6r,,,,,,,,,,,,,,,,,,,,,,,,,,,,,
_deco_2,manuscript_12054,,,"Cambridge, University Library, MS Add. 679",part,,,,"The text of each lection begins with a major initial, sometimes ornamented, in red ink. The one on is in the same orange-red ink as the rubric and headpiece on this page, the others in a different style and in the same style as the rubric and ornament in the remainder of the manuscript.",decInit,f. 1r,1:1r,1:1r,,,,,,,,,,,,,,,,,,,,,,,,,,,,,
_deco_3,manuscript_12054,,,"Cambridge, University Library, MS Add. 679",part,,,,The end of another early lection () is accompanied by a line-filler in red ink.,lineFill,f. 8r,1:8r,1:8r,,,,,,,,,,,,,,,,,,,,,,,,,,,,,
_deco_4,manuscript_12054,,,"Cambridge, University Library, MS Add. 679",part,,,,The end of the Gospel lectionary text ( is marked by a simple vignette in red ink.,vignette,f. 180v,2:180v,2:180v,,,,,,,,,,,,,,,,,,,,,,,,,,,,,
_deco_5,manuscript_12054,,,"Cambridge, University Library, MS Add. 679",part,,,,"The text of each lection begins with a major initial, sometimes ornamented, in red ink, in the same style as those in Part I. These are occasionally very elongated (ff. , , ). Occasionally they, along with the rubric on the same page, appear in a much brighter red ink than usual (e.g. ff. )",decInit,153r; 167v; 173r; 55v; 56v,2:153r 2:167v 2:173r 2:55v 2:56v,2:153r 2:167v 2:173r 2:55v 2:56v,,,,,,,,,,,,,,,,,,,,,,,,,,,,,
_deco_1,manuscript_12055,,,"Cambridge, University Library, MS Add. 720",part,,,,"Full-page miniatures in paint and gold precede all four Gospels, including Evangelist portraits and other scenes. There is a smaller, roughly semicircular miniature preceding the beginning of the text on f. 223v. f. 3v Matthew ( )109 87 10987 f. 80r John the Baptist performing a baptism, with Christ standing in the background ( )118 88 11888 f. 80v Mark ( )120 88 12088 f. 133r Luke with St Paul ( )120 91 12091 f. 133v The Holy Family ( )118 85 11885 f. 223r John the Baptist and John the Theologian ( )113 85 11385 f. 223v Virgin and Child ( )40 51 4051",miniature,,,,,,,,,,,,,,,,,,,,,,,,,,,,,,,,
_deco_2,manuscript_12055,,,"Cambridge, University Library, MS Add. 720",part,,,,"The Gospel of Matthew is preceded by a pyle in red and blue (). The Gospel of Mark is preceded by a thin rectangular headpiece, containing a plaited design, in red ink .",headpiece,f. 4r; 81r,4r 81r,4r 81r,,,,,,,,,,,,,,,,,,,,,,,,,,,,,
_deco_3,manuscript_12055,,,"Cambridge, University Library, MS Add. 720",part,,,,Minor initials in red ink mark the beginning of Gospels and sections.,colInit,,,,,,,,,,,,,,,,,,,,,,,,,,,,,,,,
_deco_4,manuscript_12055,,,"Cambridge, University Library, MS Add. 720",part,,,,"The beginning of the text on is preceded by a thin pyle in red ink, containing a plaited design.",headpiece,f. 283r,283r,283r,,,,,,,,,,,,,,,,,,,,,,,,,,,,,
_deco_5,manuscript_12055,,,"Cambridge, University Library, MS Add. 720",part,,,,Minor initials in red ink appear at the begining of lines.,colInit,,,,,,,,,,,,,,,,,,,,,,,,,,,,,,,,
_deco_6,manuscript_12055,,,"Cambridge, University Library, MS Add. 720",part,,,,Transitions between sections are marked by simple vignettes in red ink.,vignette,,,,,,,,,,,,,,,,,,,,,,,,,,,,,,,,
_deco_1,manuscript_12056,,,"Cambridge, University Library, MS Add. 1024",manuscript,,MS-ADD-01024-00000,,Small friezes in red ink are present at the beginning of the texts: on scrollworks frieze with a vegetal motif with vine leaves; on scrollworks with a vegetal motif; on rope motif with vine leaves.,frieze,f. 4r; f. 36r; f. 43v,4r 36r 43v,4r 36r 43v,,,,,,,,,,,,,,,,,,,,,,,,,,,,,
_deco_2,manuscript_12056,,,"Cambridge, University Library, MS Add. 1024",manuscript,,MS-ADD-01024-00000,,"Initials in ekthesis in red ink are decorated with vegetal motifs, see e.g. ff. , , , .",decInit,4r; 15v; 36r; 43v,4r 15v 36r 43v,4r 15v 36r 43v,,,,,,,,,,,,,,,,,,,,,,,,,,,,,
_deco_1,manuscript_12057,,,"Cambridge, University Library, MS Add. 1025",manuscript,,MS-ADD-01025-00000,,"Rectangular headpieces in fretwork style (Laubsägestil) in light blue, red, and green ink are drawn on the top of the rubrics beginning each homily (the blue ink often passed on the previous folio): ff. , , , (partially vanished), , , , , , , , , .",headpiece,12r; 19r; 25r; 34v; 54r; 65r; 73v; 96r; 107v; 117v; 138r; 149v; 161v,12r 19r 25r 34v 54r 65r 73v 96r 107v 117v 138r 149v 161v,12r 19r 25r 34v 54r 65r 73v 96r 107v 117v 138r 149v 161v,,,,,,,,,,,,,,,,,,,,,,,,,,,,,
_deco_2,manuscript_12057,,,"Cambridge, University Library, MS Add. 1025",manuscript,,MS-ADD-01025-00000,,"Major initials in blue, red, and green or only red ink marking the start of homilies.",decInit,,,,,,,,,,,,,,,,,,,,,,,,,,,,,,,,
_deco_3,manuscript_12057,,,"Cambridge, University Library, MS Add. 1025",manuscript,,MS-ADD-01025-00000,,"Presence of minor initials in a red-ink uncial script, set apart from the columns of text.",colInit,,,,,,,,,,,,,,,,,,,,,,,,,,,,,,,,
_deco_1,manuscript_12058,,,"Cambridge, University Library, MS Add. 1732",manuscript,,MS-ADD-01732,,"Headpieces, often in cord motif, colored in red on ff. , , , , and , in purple on f. , in black on f. , , , and .",headpiece,2r; 20v; 37v; 47v; 54r; 83r; 73v; 144r; 163r; 184r; 201v; 218r,2r 20v 37v 47v 54r 83r 73v 144r 163r 184r 218r 218r,2r 20v 37v 47v 54r 83r 73v 144r 163r 184r 218r 218r,,,,,,,,,,,,,,,,,,,,,,,,,,,,,
_deco_2,manuscript_12058,,,"Cambridge, University Library, MS Add. 1732",manuscript,,MS-ADD-01732,,The thick red-ink major initials are presented on the same folios as the headpieces.,decInit,,,,,,,,,,,,,,,,,,,,,,,,,,,,,,,,
_deco_3,manuscript_12058,,,"Cambridge, University Library, MS Add. 1732",manuscript,,MS-ADD-01732,,Minor initials written in a thin red-ink uncial within the body of the text copied by Hand D and E.,colInit,,,,,,,,,,,,,,,,,,,,,,,,,,,,,,,,
_deco_1,manuscript_12059,,,"Cambridge, University Library, MS Dd.8.49",part,,,,"The beginning of the synaxarion (f. 1r) is marked by a pyle, outlined in red ink with partial green paint infill, and the beginning of the menologion (f. 141v) by another pyle in red ink. Small rectangular headpieces mark the beginnings of the main sub-sections of the synaxarion and most of the months of the menologion:- synaxarionpylemenologionpylesynaxarionmenologion f. 38r weeks of Matthew f. 61v weeks of Luke f. 85r weeks of Mark (Lent) f. 153r October f. 160v November f. 163r December f. 182v March f. 184r April f. 185v May f. 192v July f. 194r AugustA few of these have been partially infilled with paint in a single colour, either grey (f. 38r), red (f. 61v), or yellow (f. 163r). It seems possible that additional colours were intended to be added later, and the other headpieces to receive similar treatment.",headpiece,,,,,,,,,,,,,,,,,,,,,,,,,,,,,,,,
_deco_1,manuscript_12059,,,"Cambridge, University Library, MS Add. 1836",part,,,,"The transition between the synaxarion and menologion is marked by a band of plaited ornament, outlined in brown ink with red infill ().",headpiece,f. 142v,142v,142v,,,,,,,,,,,,,,,,,,,,,,,,,,,,,
_deco_2,manuscript_12059,,,"Cambridge, University Library, MS Dd.8.49",part,,,,Other sections are marked with simple vignettes in red ink:- f. 117r lections of the Passion f. 138r eothina lectionseothina f. 172r January f. 179v February f. 187v June,vignette,,,,,,,,,,,,,,,,,,,,,,,,,,,,,,,,
_deco_2,manuscript_12059,,,"Cambridge, University Library, MS Add. 1836",part,,,,"The transition between sections is sometimes marked by simple vignettes in brown or brown and red ink (e.g. ff. , ), or thin plaited bands outlined in brown ink with red infill (e.g. ff. , ) or outlined in red with brown infill ().",vignette,167r; 170v; 153r; 161v; f. 111v,167r 170v 153r 161v 111v,167r 170v 153r 161v 111v,,,,,,,,,,,,,,,,,,,,,,,,,,,,,
_deco_3,manuscript_12059,,,"Cambridge, University Library, MS Dd.8.49",part,,,,"The text of each lection begins with an enlarged ornamental initial, outlined in red ink (e.g. ff. f. 3v, 7r, 13r, 34v, 36r, ). Epsilon often incorporates a blessing hand (e.g. f. 117r) A few of these initials have been partially infilled with paint in a single colour, either green (ff. 1r-2r) or grey (ff. 37v-38r, 47v-49r . As with the headpieces, this may represent the beginning of an unfinished process of adding paint to these initials in general. Epsilon",decInit,,,,,,,,,,,,,,,,,,,,,,,,,,,,,,,,
_deco_3,manuscript_12059,,,"Cambridge, University Library, MS Add. 1836",part,,,,"Lections begin with minor initials, outlined in brown ink with red infill. Some have been highlighted with translucent yellow infill.",decInit,,,,,,,,,,,,,,,,,,,,,,,,,,,,,,,,
_deco_4,manuscript_12059,,,"Cambridge, University Library, MS Dd.8.49",part,,,,"Minor initials in red ink sometimes appear in the main text at the beginning of lines, and at the beginning of lection headings in the menologion. menologion",colInit,,,,,,,,,,,,,,,,,,,,,,,,,,,,,,,,
_deco_4,manuscript_12059,,,"Cambridge, University Library, MS Add. 1836",part,,,,The transition between sections is sometimes accompanied by line-fillers in brown ink (e.g. ).,lineFill,f. 128r,128r,128r,,,,,,,,,,,,,,,,,,,,,,,,,,,,,
_deco_5,manuscript_12059,,,"Cambridge, University Library, MS Dd.8.49",part,,,,Hymn sections begin with minor initial letters in red ink.,colInit,,,,,,,,,,,,,,,,,,,,,,,,,,,,,,,,
_deco_5,manuscript_12059,,,"Cambridge, University Library, MS Add. 1836",part,,,,Summary lections are often highlighted with translucent yellow wash.,other,,,,,,,,,,,,,,,,,,,,,,,,,,,,,,,,
_deco_6,manuscript_12059,,,"Cambridge, University Library, MS Add. 1836",part,,,,"The beginning of the text on is preceded by a narrow rectangular headpiece in red ink with yellow infill, above which is a quatrefoil plait design outlined in brown ink, with red and yellow infill.",headpiece,f. 163* recto,163* recto,163* recto,,,,,,,,,,,,,,,,,,,,,,,,,,,,,
_deco_7,manuscript_12059,,,"Cambridge, University Library, MS Add. 1836",part,,,,Lections and headings in brown ink begin with minor initials in red ink.,colInit,,,,,,,,,,,,,,,,,,,,,,,,,,,,,,,,
_deco_8,manuscript_12059,,,"Cambridge, University Library, MS Add. 1836",part,,,,Lections begin with minor initials outlined in brown ink with red infill.,decInit,,,,,,,,,,,,,,,,,,,,,,,,,,,,,,,,
_deco_1,manuscript_12060,,,"Cambridge, University Library, MS Add. 1837",manuscript,,MS-ADD-01837,,"The Gospel of Mark is preceded by a rectangular headpiece with vegetative ornament, in pale red ink (). The rubricator, using bright red ink, has marked out a rectangular boundary for this ornament, but its extensions at the corners overlap with the rubricator's heading for the Gospel.",headpiece,f. 89r,89r,89r,,,,,,,,,,,,,,,,,,,,,,,,,,,,,
_deco_2,manuscript_12060,,,"Cambridge, University Library, MS Add. 1837",manuscript,,MS-ADD-01837,,The text of the Gospel of Mark begins with a major initial in the same pale red ink as the headpiece ().,decInit,f. 89r,89r,89r,,,,,,,,,,,,,,,,,,,,,,,,,,,,,
_deco_3,manuscript_12060,,,"Cambridge, University Library, MS Add. 1837",manuscript,,MS-ADD-01837,,The line following the beginning of each lection begins with a minor initial in bright red ink.,colInit,,,,,,,,,,,,,,,,,,,,,,,,,,,,,,,,
_deco_1,manuscript_12061,,,"Cambridge, University Library, MS Add. 1838",part,,,,"The beginning of the text on is preceded by a plaited headpiece, outlined in brown ink with orange infill.",headpiece,f. 1:1r,1:1r,1:1r,,,,,,,,,,,,,,,,,,,,,,,,,,,,,
_deco_2,manuscript_12061,,,"Cambridge, University Library, MS Add. 1838",part,,,,"Sections begin with simple minor initials in orange ink. A larger, ornamented initial begins the text on .",colInit,f. 1:1r,1:1r,1:1r,,,,,,,,,,,,,,,,,,,,,,,,,,,,,
_deco_3,manuscript_12061,,,"Cambridge, University Library, MS Add. 1838",part,,,,"The beginnings of some texts are preceded by thin bands of ornament, outlined in brown ink with red and orange infill (e.g. ff. , ).",headpiece,1:146r; 2:1r,1:146r 2:1r,1:146r 2:1r,,,,,,,,,,,,,,,,,,,,,,,,,,,,,
_deco_4,manuscript_12061,,,"Cambridge, University Library, MS Add. 1838",part,,,,"Minor initials in red ink, with simple ornament, begin each sub-section, while the initial letters of important words are also often in red ink. Minor initials and rounded letters at the beginning of sub-sections frequently have infill in translucent yellow wash.",colInit,,,,,,,,,,,,,,,,,,,,,,,,,,,,,,,,
_deco_5,manuscript_12061,,,"Cambridge, University Library, MS Add. 1838",part,,,,"The transition between texts and sections is sometimes accompanied by line-fillers outlined in brown ink with red and orange infill (e.g. ), sometimes with zoomorphic elements (e.g. ff. , ).",lineFill,f. 2:56v; 2:62v; 2:73v,2:56v 2:62v 2:73v,2:56v 2:62v 2:73v,,,,,,,,,,,,,,,,,,,,,,,,,,,,,
_deco_1,manuscript_12062,,,"Cambridge, University Library, MS Add. 1839",manuscript,,MS-ADD-01839-00000,,"The beginning of the lections of the Passion () is marked by a rectangular headpiece, and the beginning of the menologion () by a plaited one. These are outlined in brown ink, with infill in yellow, red and green paint.",headpiece,f. 131v; f. 171v,131v 171v,131v 171v,,,,,,,,,,,,,,,,,,,,,,,,,,,,,
_deco_1,manuscript_12062,,,"Cambridge, University Library, MS Ii.4.26",manuscript,,MS-II-00004-00026,,": two full-page miniatures, in colours, containing three horizontal registers and illustrating aspects of a lion's nature",miniature,1r-1v,1r,1v,,,,,,,,,,,,,,,,,,,,,,,,,,,,,
_deco_1,manuscript_12062,,,MS Kk.4.25,manuscript,,MS-Kk-00004-00025,,: Alexander the Great enthroned cross-legged as armipotens with caption above of twelve hexameters,miniature,18v,18v,18v,,,,,,,,,,,,,,,,,,,,,,,,,,,,,
_deco_10,manuscript_12062,,,"Cambridge, University Library, MS Ii.4.26",manuscript,,MS-II-00004-00026,,: ibex falling downhill; hyena devouring corpse,miniature,9r,9r,9r,,,,,,,,,,,,,,,,,,,,,,,,,,,,,
_deco_10,manuscript_12062,,,MS Kk.4.25,manuscript,,MS-Kk-00004-00025,,: buffalo with curled horns and nose-ring; bull with yoke around neck and two cows,miniature,58r,58r,58r,,,,,,,,,,,,,,,,,,,,,,,,,,,,,
_deco_11,manuscript_12062,,,"Cambridge, University Library, MS Ii.4.26",manuscript,,MS-II-00004-00026,,: bonnacon and three hunters,miniature,10r,10r,10r,,,,,,,,,,,,,,,,,,,,,,,,,,,,,
_deco_11,manuscript_12062,,,MS Kk.4.25,manuscript,,MS-Kk-00004-00025,,": flock of sheep and rams, two of which are butting heads, and a shepherd with right arm outstretched and holding a crook, a horn strung around his neck, and a lamb in his left arm, exclaiming ""ha ha ware le corn""",miniature,58v,58v,58v,,,,,,,,,,,,,,,,,,,,,,,,,,,,,
_deco_12,manuscript_12062,,,"Cambridge, University Library, MS Ii.4.26",manuscript,,MS-II-00004-00026,,: six apes,miniature,10v,10v,10v,,,,,,,,,,,,,,,,,,,,,,,,,,,,,
_deco_12,manuscript_12062,,,MS Kk.4.25,manuscript,,MS-Kk-00004-00025,,: wild ass,miniature,59r,59r,59r,,,,,,,,,,,,,,,,,,,,,,,,,,,,,
_deco_13,manuscript_12062,,,"Cambridge, University Library, MS Ii.4.26",manuscript,,MS-II-00004-00026,,: satyr; stag,miniature,11r,11r,11r,,,,,,,,,,,,,,,,,,,,,,,,,,,,,
_deco_13,manuscript_12062,,,MS Kk.4.25,manuscript,,MS-Kk-00004-00025,,: mule,miniature,60v,60v,60v,,,,,,,,,,,,,,,,,,,,,,,,,,,,,
_deco_14,manuscript_12062,,,"Cambridge, University Library, MS Ii.4.26",manuscript,,MS-II-00004-00026,,: goat,miniature,12r,12r,12r,,,,,,,,,,,,,,,,,,,,,,,,,,,,,
_deco_14,manuscript_12062,,,MS Kk.4.25,manuscript,,MS-Kk-00004-00025,,: camel,miniature,61r,61r,61r,,,,,,,,,,,,,,,,,,,,,,,,,,,,,
_deco_15,manuscript_12062,,,"Cambridge, University Library, MS Ii.4.26",manuscript,,MS-II-00004-00026,,: two wild goats,miniature,13r,13r,13r,,,,,,,,,,,,,,,,,,,,,,,,,,,,,
_deco_15,manuscript_12062,,,MS Kk.4.25,manuscript,,MS-Kk-00004-00025,,: dromedary; three stags,miniature,61v,61v,61v,,,,,,,,,,,,,,,,,,,,,,,,,,,,,
_deco_16,manuscript_12062,,,"Cambridge, University Library, MS Ii.4.26",manuscript,,MS-II-00004-00026,,: monoceros; bear,miniature,13v,13v,13v,,,,,,,,,,,,,,,,,,,,,,,,,,,,,
_deco_16,manuscript_12062,,,MS Kk.4.25,manuscript,,MS-Kk-00004-00025,,": four stags crossing a river in order to find food, swimming in a line with their heads resting on the rear of the animal in front, the first stag feeding from a tree",miniature,62r,62r,62r,,,,,,,,,,,,,,,,,,,,,,,,,,,,,
_deco_17,manuscript_12062,,,"Cambridge, University Library, MS Ii.4.26",manuscript,,MS-II-00004-00026,,: leucrota,miniature,14v,14v,14v,,,,,,,,,,,,,,,,,,,,,,,,,,,,,
_deco_17,manuscript_12062,,,MS Kk.4.25,manuscript,,MS-Kk-00004-00025,,: fallow deer,miniature,62v,62v,62v,,,,,,,,,,,,,,,,,,,,,,,,,,,,,
_deco_18,manuscript_12062,,,"Cambridge, University Library, MS Ii.4.26",manuscript,,MS-II-00004-00026,,: crocodile devouring a man,miniature,15r,15r,15r,,,,,,,,,,,,,,,,,,,,,,,,,,,,,
_deco_18,manuscript_12062,,,MS Kk.4.25,manuscript,,MS-Kk-00004-00025,,: she-goat,miniature,63r,63r,63r,,,,,,,,,,,,,,,,,,,,,,,,,,,,,
_deco_19,manuscript_12062,,,"Cambridge, University Library, MS Ii.4.26",manuscript,,MS-II-00004-00026,,: manticore,miniature,15v,15v,15v,,,,,,,,,,,,,,,,,,,,,,,,,,,,,
_deco_19,manuscript_12062,,,MS Kk.4.25,manuscript,,MS-Kk-00004-00025,,: boar being hunted and attacked by hounds,miniature,63v,63v,63v,,,,,,,,,,,,,,,,,,,,,,,,,,,,,
_deco_2,manuscript_12062,,,"Cambridge, University Library, MS Add. 1839",manuscript,,MS-ADD-01839-00000,,"The text of each lection begins with an enlarged ornamental initial, usually simple and either in red or in brown ink with a translucent yellow wash. Some initials are more ornate, with a brown ink outline and multi-coloured infill, in yellow, red and/or green paint (e.g. ff. , , , , ). The initial beta on includes the form of a snake. That on , marking the start of the lections of the Passion, features a blassing hand. The pigment used, especially the green, has sometimes soaked through multiple leaves (eg. ff. 105r-108v).",decInit,f. 107v; 115r; 120v; 123r; 192r; f. 186r; f. 131v,107v 115r 120v 123r 192r 186r 131v,107v 115r 120v 123r 192r 186r 131v,,,,,,,,,,,,,,,,,,,,,,,,,,,,,
_deco_2,manuscript_12062,,,"Cambridge, University Library, MS Ii.4.26",manuscript,,MS-II-00004-00026,,": 1/3-page miniature, illustrating in two vertical registers, showing a tiger on the left and a man on horseback holding a sword and whelp on the right",miniature,3v,3v,3v,,,,,,,,,,,,,,,,,,,,,,,,,,,,,
_deco_2,manuscript_12062,,,MS Kk.4.25,manuscript,,MS-Kk-00004-00025,,": blank space, probably intended for moralized cherub of De sex aliis, filled with (?)apotropaic compass pattern in ink",miniature,39r,39r,39r,,,,,,,,,,,,,,,,,,,,,,,,,,,,,
_deco_20,manuscript_12062,,,"Cambridge, University Library, MS Ii.4.26",manuscript,,MS-II-00004-00026,,: parandrus; fox tricking birds by pretending to be dead (partly tinted),miniature,16r,16r,16r,,,,,,,,,,,,,,,,,,,,,,,,,,,,,
_deco_20,manuscript_12062,,,MS Kk.4.25,manuscript,,MS-Kk-00004-00025,,: leopard; lynx,miniature,65r,65r,65r,,,,,,,,,,,,,,,,,,,,,,,,,,,,,
_deco_21,manuscript_12062,,,"Cambridge, University Library, MS Ii.4.26",manuscript,,MS-II-00004-00026,,: yale,miniature,16v,16v,16v,,,,,,,,,,,,,,,,,,,,,,,,,,,,,
_deco_21,manuscript_12062,,,MS Kk.4.25,manuscript,,MS-Kk-00004-00025,,": dragon in cave, panther, two stags and a deer",miniature,65v,65v,65v,,,,,,,,,,,,,,,,,,,,,,,,,,,,,
_deco_22,manuscript_12062,,,"Cambridge, University Library, MS Ii.4.26",manuscript,,MS-II-00004-00026,,: wolf approaching domestic animals in a stable,miniature,17r,17r,17r,,,,,,,,,,,,,,,,,,,,,,,,,,,,,
_deco_22,manuscript_12062,,,MS Kk.4.25,manuscript,,MS-Kk-00004-00025,,: bear,miniature,66r,66r,66r,,,,,,,,,,,,,,,,,,,,,,,,,,,,,
_deco_23,manuscript_12062,,,"Cambridge, University Library, MS Ii.4.26",manuscript,,MS-II-00004-00026,,: three dogs,miniature,18v,18v,18v,,,,,,,,,,,,,,,,,,,,,,,,,,,,,
_deco_23,manuscript_12062,,,MS Kk.4.25,manuscript,,MS-Kk-00004-00025,,": unicorn lying in the arms of a virgin, being slaughtered by a huntsman, with his horse standing by (in the space left for depiction of the rhinoceros)",miniature,66v,66v,66v,,,,,,,,,,,,,,,,,,,,,,,,,,,,,
_deco_24,manuscript_12062,,,"Cambridge, University Library, MS Ii.4.26",manuscript,,MS-II-00004-00026,,": in two horizontal registers: King Garamantes in capitivity, and being saved by his dogs",miniature,19r,19r,19r,,,,,,,,,,,,,,,,,,,,,,,,,,,,,
_deco_24,manuscript_12062,,,MS Kk.4.25,manuscript,,MS-Kk-00004-00025,,: monoceros,miniature,67r,67r,67r,,,,,,,,,,,,,,,,,,,,,,,,,,,,,
_deco_25,manuscript_12062,,,"Cambridge, University Library, MS Ii.4.26",manuscript,,MS-II-00004-00026,,: in three horizontal registers: dogs,miniature,20r,20r,20r,,,,,,,,,,,,,,,,,,,,,,,,,,,,,
_deco_25,manuscript_12062,,,MS Kk.4.25,manuscript,,MS-Kk-00004-00025,,: tigress fooled by a glass sphere thrown by a hunter mounted on a horse stealing her cub; griffin devouring a man,miniature,67v,67v,67v,,,,,,,,,,,,,,,,,,,,,,,,,,,,,
_deco_26,manuscript_12062,,,"Cambridge, University Library, MS Ii.4.26",manuscript,,MS-II-00004-00026,,: sheep; ram,miniature,22r,22r,22r,,,,,,,,,,,,,,,,,,,,,,,,,,,,,
_deco_26,manuscript_12062,,,MS Kk.4.25,manuscript,,MS-Kk-00004-00025,,: manticore,miniature,69v,69v,69v,,,,,,,,,,,,,,,,,,,,,,,,,,,,,
_deco_27,manuscript_12062,,,"Cambridge, University Library, MS Ii.4.26",manuscript,,MS-II-00004-00026,,: lamb; he-goat,miniature,22v,22v,22v,,,,,,,,,,,,,,,,,,,,,,,,,,,,,
_deco_27,manuscript_12062,,,MS Kk.4.25,manuscript,,MS-Kk-00004-00025,,: parandrus; yale,miniature,70r,70r,70r,,,,,,,,,,,,,,,,,,,,,,,,,,,,,
_deco_28,manuscript_12062,,,"Cambridge, University Library, MS Ii.4.26",manuscript,,MS-II-00004-00026,,: two wild boars; bullock,miniature,23r,23r,23r,,,,,,,,,,,,,,,,,,,,,,,,,,,,,
_deco_28,manuscript_12062,,,MS Kk.4.25,manuscript,,MS-Kk-00004-00025,,: apes (one holding young) pursued by a hunter holding a net and blowing a horn (imperfect: right-hand portion of the miniature lacking owing to damage to the leaf); marmoset (in lower margin),miniature,70v,70v,70v,,,,,,,,,,,,,,,,,,,,,,,,,,,,,
_deco_29,manuscript_12062,,,"Cambridge, University Library, MS Ii.4.26",manuscript,,MS-II-00004-00026,,: ox,miniature,23v,23v,23v,,,,,,,,,,,,,,,,,,,,,,,,,,,,,
_deco_29,manuscript_12062,,,MS Kk.4.25,manuscript,,MS-Kk-00004-00025,,: fox tricking birds by pretending to be dead,miniature,71r,71r,71r,,,,,,,,,,,,,,,,,,,,,,,,,,,,,
_deco_3,manuscript_12062,,,"Cambridge, University Library, MS Add. 1839",manuscript,,MS-ADD-01839-00000,,"Headings for lections sometimes begin with a minor initial in red, and are highlighted by a line of translucent yellow wash across them.",colInit,,,,,,,,,,,,,,,,,,,,,,,,,,,,,,,,
_deco_3,manuscript_12062,,,"Cambridge, University Library, MS Ii.4.26",manuscript,,MS-II-00004-00026,,: leopard (fully tinted),miniature,4r,4r,4r,,,,,,,,,,,,,,,,,,,,,,,,,,,,,
_deco_3,manuscript_12062,,,MS Kk.4.25,manuscript,,MS-Kk-00004-00025,,: poorly traced copy of the Annunication,miniature,47r,47r,47r,,,,,,,,,,,,,,,,,,,,,,,,,,,,,
_deco_30,manuscript_12062,,,"Cambridge, University Library, MS Ii.4.26",manuscript,,MS-II-00004-00026,,: camel,miniature,24r,24r,24r,,,,,,,,,,,,,,,,,,,,,,,,,,,,,
_deco_30,manuscript_12062,,,MS Kk.4.25,manuscript,,MS-Kk-00004-00025,,: hyena devouring an animal; hyena feeding on a human corpse,miniature,71v,71v,71v,,,,,,,,,,,,,,,,,,,,,,,,,,,,,
_deco_31,manuscript_12062,,,"Cambridge, University Library, MS Ii.4.26",manuscript,,MS-II-00004-00026,,: dromedary,miniature,24v,24v,24v,,,,,,,,,,,,,,,,,,,,,,,,,,,,,
_deco_31,manuscript_12062,,,MS Kk.4.25,manuscript,,MS-Kk-00004-00025,,": in two horizontal registers: death of Jason by beheading, his dog pining; King Lysimachus joined by his dog on a funeral pyre",miniature,73r,73r,73r,,,,,,,,,,,,,,,,,,,,,,,,,,,,,
_deco_32,manuscript_12062,,,"Cambridge, University Library, MS Ii.4.26",manuscript,,MS-II-00004-00026,,: donkey; wild ass,miniature,25r,25r,25r,,,,,,,,,,,,,,,,,,,,,,,,,,,,,
_deco_32,manuscript_12062,,,MS Kk.4.25,manuscript,,MS-Kk-00004-00025,,": within a single miniature: to the left, a crowd of men, one blowing a horn and another with a dog on a leash that has discovered a thief; in the middle, the thief is leading away a bull and carrying a pole-axe, but is being apprehended by another man holding a sword; to the right, the thief is hanged",miniature,73v,73v,73v,,,,,,,,,,,,,,,,,,,,,,,,,,,,,
_deco_33,manuscript_12062,,,"Cambridge, University Library, MS Ii.4.26",manuscript,,MS-II-00004-00026,,: horse,miniature,25v,25v,25v,,,,,,,,,,,,,,,,,,,,,,,,,,,,,
_deco_33,manuscript_12062,,,MS Kk.4.25,manuscript,,MS-Kk-00004-00025,,: two hares; dog chasing a porcupine (with later crude copying below),miniature,74r,74r,74r,,,,,,,,,,,,,,,,,,,,,,,,,,,,,
_deco_34,manuscript_12062,,,"Cambridge, University Library, MS Ii.4.26",manuscript,,MS-II-00004-00026,,": three cats, one with a mouse in its paws; mouse; weasel",miniature,28r,28r,28r,,,,,,,,,,,,,,,,,,,,,,,,,,,,,
_deco_34,manuscript_12062,,,MS Kk.4.25,manuscript,,MS-Kk-00004-00025,,: rabbit being chased by a weasel; melo; two cats with two mice; mice feeding; weasel chasing a lizard,miniature,74v,74v,74v,,,,,,,,,,,,,,,,,,,,,,,,,,,,,
_deco_35,manuscript_12062,,,"Cambridge, University Library, MS Ii.4.26",manuscript,,MS-II-00004-00026,,: mole; six headgehogs underneath stylised (?fruit-)bush of interlaced foliage,miniature,28v,28v,28v,,,,,,,,,,,,,,,,,,,,,,,,,,,,,
_deco_35,manuscript_12062,,,MS Kk.4.25,manuscript,,MS-Kk-00004-00025,,: mole; dormouse (in margin); red squirrel in a tree cracking a nut (in margin); grey squirrel perched on a raft of shells (in margin),miniature,75r,75r,75r,,,,,,,,,,,,,,,,,,,,,,,,,,,,,
_deco_36,manuscript_12062,,,"Cambridge, University Library, MS Ii.4.26",manuscript,,MS-II-00004-00026,,": ants, represented by ant-hills",miniature,29r,29r,29r,,,,,,,,,,,,,,,,,,,,,,,,,,,,,
_deco_36,manuscript_12062,,,MS Kk.4.25,manuscript,,MS-Kk-00004-00025,,": two hedgehogs, one rolling on its back to collect food; ants; ants emerging from anthills and feeding on crops (lower margin)",miniature,75v,75v,75v,,,,,,,,,,,,,,,,,,,,,,,,,,,,,
_deco_37,manuscript_12062,,,"Cambridge, University Library, MS Ii.4.26",manuscript,,MS-II-00004-00026,,": three eagles: one ascending, carrying a fish; a second approaching the sun; a third, falling down",miniature,31r,31r,31r,,,,,,,,,,,,,,,,,,,,,,,,,,,,,
_deco_37,manuscript_12062,,,MS Kk.4.25,manuscript,,MS-Kk-00004-00025,,: hydra (mutilated),miniature,76r,76r,76r,,,,,,,,,,,,,,,,,,,,,,,,,,,,,
_deco_38,manuscript_12062,,,"Cambridge, University Library, MS Ii.4.26",manuscript,,MS-II-00004-00026,,": two vultures, perched on a stylised bush of interlacing foliage",miniature,32r,32r,32r,,,,,,,,,,,,,,,,,,,,,,,,,,,,,
_deco_38,manuscript_12062,,,MS Kk.4.25,manuscript,,MS-Kk-00004-00025,,": three gorgons holding an eye, spectators (in margin) turned to stone",miniature,76v,76v,76v,,,,,,,,,,,,,,,,,,,,,,,,,,,,,
_deco_39,manuscript_12062,,,"Cambridge, University Library, MS Ii.4.26",manuscript,,MS-II-00004-00026,,": five cranes, one holding aloft an egg in its claw",miniature,32v,32v,32v,,,,,,,,,,,,,,,,,,,,,,,,,,,,,
_deco_39,manuscript_12062,,,MS Kk.4.25,manuscript,,MS-Kk-00004-00025,,: three sirens lulling sailors to sleep with their music (mutilated),miniature,77r,77r,77r,,,,,,,,,,,,,,,,,,,,,,,,,,,,,
_deco_4,manuscript_12062,,,"Cambridge, University Library, MS Add. 1839",manuscript,,MS-ADD-01839-00000,,"The heading on , marking the first lection of Lent, is accompanied by an ornamental line filler, in brown ink filled with red and green paint, as well as a simple ink cross with green paint dots in the corners. Simpler line-fillers with coloured terminals mark the transitions between months in the menologion (ff. , , , ).",lineFill,f. 106r; 171v; 180r; 181v; 183r,106r 171v 180r 181v 183r,106r 171v 180r 181v 183r,,,,,,,,,,,,,,,,,,,,,,,,,,,,,
_deco_4,manuscript_12062,,,"Cambridge, University Library, MS Ii.4.26",manuscript,,MS-II-00004-00026,,: panther attracting animals with its sweet breath (fully tinted),miniature,4v,4v,4v,,,,,,,,,,,,,,,,,,,,,,,,,,,,,
_deco_4,manuscript_12062,,,MS Kk.4.25,manuscript,,MS-Kk-00004-00025,,": Annunciation: St Gabriel on the left with right arm raised in blessing, and the Virgin Mary on the right, standing and holding a book",miniature,47v,47v,47v,,,,,,,,,,,,,,,,,,,,,,,,,,,,,
_deco_40,manuscript_12062,,,"Cambridge, University Library, MS Ii.4.26",manuscript,,MS-II-00004-00026,,: parrot,miniature,33r,33r,33r,,,,,,,,,,,,,,,,,,,,,,,,,,,,,
_deco_40,manuscript_12062,,,MS Kk.4.25,manuscript,,MS-Kk-00004-00025,,: hippocentaur with bow and arrow; onocentaur with club and shield,miniature,77v,77v,77v,,,,,,,,,,,,,,,,,,,,,,,,,,,,,
_deco_41,manuscript_12062,,,"Cambridge, University Library, MS Ii.4.26",manuscript,,MS-II-00004-00026,,": caladrius perched on bedsheets, a man in bed asleep (partly tinted)",miniature,33v,33v,33v,,,,,,,,,,,,,,,,,,,,,,,,,,,,,
_deco_41,manuscript_12062,,,MS Kk.4.25,manuscript,,MS-Kk-00004-00025,,: later crude copying of an eagle,miniature,78v,78v,78v,,,,,,,,,,,,,,,,,,,,,,,,,,,,,
_deco_42,manuscript_12062,,,"Cambridge, University Library, MS Ii.4.26",manuscript,,MS-II-00004-00026,,: stork eating a frog,miniature,34r,34r,34r,,,,,,,,,,,,,,,,,,,,,,,,,,,,,
_deco_42,manuscript_12062,,,MS Kk.4.25,manuscript,,MS-Kk-00004-00025,,: eagle; vulture,miniature,79v,79v,79v,,,,,,,,,,,,,,,,,,,,,,,,,,,,,
_deco_43,manuscript_12062,,,"Cambridge, University Library, MS Ii.4.26",manuscript,,MS-II-00004-00026,,: swan eating a fish; ibis snatching a snake and feeding its three young in a nest,miniature,34v,34v,34v,,,,,,,,,,,,,,,,,,,,,,,,,,,,,
_deco_43,manuscript_12062,,,MS Kk.4.25,manuscript,,MS-Kk-00004-00025,,: two cranes; stork,miniature,80r,80r,80r,,,,,,,,,,,,,,,,,,,,,,,,,,,,,
_deco_44,manuscript_12062,,,"Cambridge, University Library, MS Ii.4.26",manuscript,,MS-II-00004-00026,,": two ostriches: one looking up at the sun, the other holding in its beak an egg on the ground",miniature,35r,35r,35r,,,,,,,,,,,,,,,,,,,,,,,,,,,,,
_deco_44,manuscript_12062,,,MS Kk.4.25,manuscript,,MS-Kk-00004-00025,,": swan, bittern; heron; ibis",miniature,80v,80v,80v,,,,,,,,,,,,,,,,,,,,,,,,,,,,,
_deco_45,manuscript_12062,,,"Cambridge, University Library, MS Ii.4.26",manuscript,,MS-II-00004-00026,,: coot,miniature,35v,35v,35v,,,,,,,,,,,,,,,,,,,,,,,,,,,,,
_deco_45,manuscript_12062,,,MS Kk.4.25,manuscript,,MS-Kk-00004-00025,,: ibis feeding young in the nest,miniature,81r,81r,81r,,,,,,,,,,,,,,,,,,,,,,,,,,,,,
_deco_46,manuscript_12062,,,"Cambridge, University Library, MS Ii.4.26",manuscript,,MS-II-00004-00026,,: halcyon; phoenix pecking at the leaves of a bush,miniature,36r,36r,36r,,,,,,,,,,,,,,,,,,,,,,,,,,,,,
_deco_46,manuscript_12062,,,MS Kk.4.25,manuscript,,MS-Kk-00004-00025,,: rainbow; ostrich holding an egg on the ground in its beak; coot,miniature,81v,81v,81v,,,,,,,,,,,,,,,,,,,,,,,,,,,,,
_deco_47,manuscript_12062,,,"Cambridge, University Library, MS Ii.4.26",manuscript,,MS-II-00004-00026,,: phoenix in nest surrounded by fire,miniature,36v,36v,36v,,,,,,,,,,,,,,,,,,,,,,,,,,,,,
_deco_47,manuscript_12062,,,MS Kk.4.25,manuscript,,MS-Kk-00004-00025,,": kingfisher (with later addition); phoenix in the fire, beneath a sun",miniature,82r,82r,82r,,,,,,,,,,,,,,,,,,,,,,,,,,,,,
_deco_48,manuscript_12062,,,"Cambridge, University Library, MS Ii.4.26",manuscript,,MS-II-00004-00026,,": cinnamolgus with young in nest atop a tree, two men below hunting with slings; ercinea",miniature,37v,37v,37v,,,,,,,,,,,,,,,,,,,,,,,,,,,,,
_deco_48,manuscript_12062,,,MS Kk.4.25,manuscript,,MS-Kk-00004-00025,,: phoenix,miniature,82v,82v,82v,,,,,,,,,,,,,,,,,,,,,,,,,,,,,
_deco_49,manuscript_12062,,,"Cambridge, University Library, MS Ii.4.26",manuscript,,MS-II-00004-00026,,: hoopoe with young pecking at its beak and plumage; pelicans,miniature,38r,38r,38r,,,,,,,,,,,,,,,,,,,,,,,,,,,,,
_deco_49,manuscript_12062,,,MS Kk.4.25,manuscript,,MS-Kk-00004-00025,,": two caladrius, perched on bed-sheets, with a man lying in bed; seagull",miniature,83r,83r,83r,,,,,,,,,,,,,,,,,,,,,,,,,,,,,
_deco_5,manuscript_12062,,,"Cambridge, University Library, MS Ii.4.26",manuscript,,MS-II-00004-00026,,: panther attracting animals with its sweet breath (fully tinted),miniature,4v,4v,4v,,,,,,,,,,,,,,,,,,,,,,,,,,,,,
_deco_5,manuscript_12062,,,MS Kk.4.25,manuscript,,MS-Kk-00004-00025,,": Tobit, seated with staff to the right, being cured by St Raphael, standing to the left with right arm outstretched and index and middle fingers touching Tobit's eyes",miniature,48r,48r,48r,,,,,,,,,,,,,,,,,,,,,,,,,,,,,
_deco_50,manuscript_12062,,,"Cambridge, University Library, MS Ii.4.26",manuscript,,MS-II-00004-00026,,: owl,miniature,38v,38v,38v,,,,,,,,,,,,,,,,,,,,,,,,,,,,,
_deco_50,manuscript_12062,,,MS Kk.4.25,manuscript,,MS-Kk-00004-00025,,: ericenea (with later crude copy); coot with nest in water; quail; heron,miniature,83v,83v,83v,,,,,,,,,,,,,,,,,,,,,,,,,,,,,
_deco_51,manuscript_12062,,,"Cambridge, University Library, MS Ii.4.26",manuscript,,MS-II-00004-00026,,: siren holding a fish,miniature,39r,39r,39r,,,,,,,,,,,,,,,,,,,,,,,,,,,,,
_deco_51,manuscript_12062,,,MS Kk.4.25,manuscript,,MS-Kk-00004-00025,,: duck; parrot; pelicans,miniature,84r,84r,84r,,,,,,,,,,,,,,,,,,,,,,,,,,,,,
_deco_52,manuscript_12062,,,"Cambridge, University Library, MS Ii.4.26",manuscript,,MS-II-00004-00026,,: two patridges preening one another's feathers; patridge with a nest of eggs,miniature,39v,39v,39v,,,,,,,,,,,,,,,,,,,,,,,,,,,,,
_deco_52,manuscript_12062,,,MS Kk.4.25,manuscript,,MS-Kk-00004-00025,,: hoopoe; bee-eaters; hawk; kite; two partridges,miniature,84v,84v,84v,,,,,,,,,,,,,,,,,,,,,,,,,,,,,
_deco_53,manuscript_12062,,,"Cambridge, University Library, MS Ii.4.26",manuscript,,MS-II-00004-00026,,: magpie; hawk,miniature,40r,40r,40r,,,,,,,,,,,,,,,,,,,,,,,,,,,,,
_deco_53,manuscript_12062,,,MS Kk.4.25,manuscript,,MS-Kk-00004-00025,,: cinnamolgus in nest atop a tree (trimmed away) with a man beneath with a sling; hoopoe with young pecking its plumage (with later crude tracing in lower margin),miniature,85r,85r,85r,,,,,,,,,,,,,,,,,,,,,,,,,,,,,
_deco_54,manuscript_12062,,,"Cambridge, University Library, MS Ii.4.26",manuscript,,MS-II-00004-00026,,: nightingale nesting; bat,miniature,40v,40v,40v,,,,,,,,,,,,,,,,,,,,,,,,,,,,,
_deco_54,manuscript_12062,,,MS Kk.4.25,manuscript,,MS-Kk-00004-00025,,: later crude tracing of man with a sling; magpie; jackdaw; cuckoo; raven; crow,miniature,85v,85v,85v,,,,,,,,,,,,,,,,,,,,,,,,,,,,,
_deco_55,manuscript_12062,,,"Cambridge, University Library, MS Ii.4.26",manuscript,,MS-II-00004-00026,,: two turtledoves perched on a bush,miniature,41r,41r,41r,,,,,,,,,,,,,,,,,,,,,,,,,,,,,
_deco_55,manuscript_12062,,,MS Kk.4.25,manuscript,,MS-Kk-00004-00025,,: jackdaw; bats; little owl; tawny owl,miniature,86r,86r,86r,,,,,,,,,,,,,,,,,,,,,,,,,,,,,
_deco_56,manuscript_12062,,,"Cambridge, University Library, MS Ii.4.26",manuscript,,MS-II-00004-00026,,: swallow,miniature,41v,41v,41v,,,,,,,,,,,,,,,,,,,,,,,,,,,,,
_deco_56,manuscript_12062,,,MS Kk.4.25,manuscript,,MS-Kk-00004-00025,,: owl; two nightingales; turtledove; pigeon; crested lark,miniature,86v,86v,86v,,,,,,,,,,,,,,,,,,,,,,,,,,,,,
_deco_57,manuscript_12062,,,"Cambridge, University Library, MS Ii.4.26",manuscript,,MS-II-00004-00026,,: quail; peacock; hoopoe; cockerel,miniature,42v,42v,42v,,,,,,,,,,,,,,,,,,,,,,,,,,,,,
_deco_57,manuscript_12062,,,MS Kk.4.25,manuscript,,MS-Kk-00004-00025,,: crow; swallow; blackbird,miniature,87r,87r,87r,,,,,,,,,,,,,,,,,,,,,,,,,,,,,
_deco_58,manuscript_12062,,,"Cambridge, University Library, MS Ii.4.26",manuscript,,MS-II-00004-00026,,: three ducks,miniature,43r,43r,43r,,,,,,,,,,,,,,,,,,,,,,,,,,,,,
_deco_58,manuscript_12062,,,MS Kk.4.25,manuscript,,MS-Kk-00004-00025,,: various birds; peacock; cockerel and hen,miniature,87v,87v,87v,,,,,,,,,,,,,,,,,,,,,,,,,,,,,
_deco_59,manuscript_12062,,,"Cambridge, University Library, MS Ii.4.26",manuscript,,MS-II-00004-00026,,": beehive (bees added with caption 'apes', s. xv)",miniature,43v,43v,43v,,,,,,,,,,,,,,,,,,,,,,,,,,,,,
_deco_59,manuscript_12062,,,MS Kk.4.25,manuscript,,MS-Kk-00004-00025,,: later crude copy of hen (in lower margin),miniature,88r,88r,88r,,,,,,,,,,,,,,,,,,,,,,,,,,,,,
_deco_6,manuscript_12062,,,"Cambridge, University Library, MS Ii.4.26",manuscript,,MS-II-00004-00026,,: lynx (fully tinted),miniature,6r,6r,6r,,,,,,,,,,,,,,,,,,,,,,,,,,,,,
_deco_6,manuscript_12062,,,MS Kk.4.25,manuscript,,MS-Kk-00004-00025,,": St Michael, unfinished (bust and right arm only), with later additions",miniature,50v,50v,50v,,,,,,,,,,,,,,,,,,,,,,,,,,,,,
_deco_60,manuscript_12062,,,"Cambridge, University Library, MS Ii.4.26",manuscript,,MS-II-00004-00026,,": perindeus tree with doves in its branches and below two dragons, mouths open, doves feeding from between their teeth",miniature,45v,45v,45v,,,,,,,,,,,,,,,,,,,,,,,,,,,,,
_deco_60,manuscript_12062,,,MS Kk.4.25,manuscript,,MS-Kk-00004-00025,,: perindeus tree with pigeons among the branches and dragon beneath,miniature,88v,88v,88v,,,,,,,,,,,,,,,,,,,,,,,,,,,,,
_deco_61,manuscript_12062,,,"Cambridge, University Library, MS Ii.4.26",manuscript,,MS-II-00004-00026,,: dragon attacking an elephant,miniature,46v,46v,46v,,,,,,,,,,,,,,,,,,,,,,,,,,,,,
_deco_61,manuscript_12062,,,MS Kk.4.25,manuscript,,MS-Kk-00004-00025,,: (?)walrus (in space for fish or baleen whale),miniature,89r,89r,89r,,,,,,,,,,,,,,,,,,,,,,,,,,,,,
_deco_62,manuscript_12062,,,"Cambridge, University Library, MS Ii.4.26",manuscript,,MS-II-00004-00026,,: basilisk,miniature,47r,47r,47r,,,,,,,,,,,,,,,,,,,,,,,,,,,,,
_deco_62,manuscript_12062,,,MS Kk.4.25,manuscript,,MS-Kk-00004-00025,,": whale being hunted and caught by whalers, one astride the animal and hammering a stopper into its blow-hole",miniature,89v,89v,89v,,,,,,,,,,,,,,,,,,,,,,,,,,,,,
_deco_63,manuscript_12062,,,"Cambridge, University Library, MS Ii.4.26",manuscript,,MS-II-00004-00026,,: viper,miniature,47v,47v,47v,,,,,,,,,,,,,,,,,,,,,,,,,,,,,
_deco_63,manuscript_12062,,,MS Kk.4.25,manuscript,,MS-Kk-00004-00025,,: dolphin,miniature,90r,90r,90r,,,,,,,,,,,,,,,,,,,,,,,,,,,,,
_deco_64,manuscript_12062,,,"Cambridge, University Library, MS Ii.4.26",manuscript,,MS-II-00004-00026,,: asp being struck with a stick by a man holding a shield,miniature,48v,48v,48v,,,,,,,,,,,,,,,,,,,,,,,,,,,,,
_deco_64,manuscript_12062,,,MS Kk.4.25,manuscript,,MS-Kk-00004-00025,,": various fish, shells and molluscs (including crude later copy of a fish in the lower margin of )",miniature,90v-92r; 90v,90v 90v,92r 90v,,,,,,,,,,,,,,,,,,,,,,,,,,,,,
_deco_65,manuscript_12062,,,"Cambridge, University Library, MS Ii.4.26",manuscript,,MS-II-00004-00026,,: scitalis; amphisbaena; hydrus,miniature,49v,49v,49v,,,,,,,,,,,,,,,,,,,,,,,,,,,,,
_deco_65,manuscript_12062,,,MS Kk.4.25,manuscript,,MS-Kk-00004-00025,,: seal; hippopotamus,miniature,92v,92v,92v,,,,,,,,,,,,,,,,,,,,,,,,,,,,,
_deco_66,manuscript_12062,,,"Cambridge, University Library, MS Ii.4.26",manuscript,,MS-II-00004-00026,,: three boas,miniature,50r,50r,50r,,,,,,,,,,,,,,,,,,,,,,,,,,,,,
_deco_66,manuscript_12062,,,MS Kk.4.25,manuscript,,MS-Kk-00004-00025,,: two sea serpents,miniature,93r,93r,93r,,,,,,,,,,,,,,,,,,,,,,,,,,,,,
_deco_67,manuscript_12062,,,"Cambridge, University Library, MS Ii.4.26",manuscript,,MS-II-00004-00026,,: jaculus; siren-serpent; lizard,miniature,50v,50v,50v,,,,,,,,,,,,,,,,,,,,,,,,,,,,,
_deco_67,manuscript_12062,,,MS Kk.4.25,manuscript,,MS-Kk-00004-00025,,: dragon; weasel biting a basilisk (with crude later copy in lower margin),miniature,93v,93v,93v,,,,,,,,,,,,,,,,,,,,,,,,,,,,,
_deco_68,manuscript_12062,,,"Cambridge, University Library, MS Ii.4.26",manuscript,,MS-II-00004-00026,,: six salamanders entwined in the branches of a tree with a man asleep on the ground beneath,miniature,51r,51r,51r,,,,,,,,,,,,,,,,,,,,,,,,,,,,,
_deco_68,manuscript_12062,,,MS Kk.4.25,manuscript,,MS-Kk-00004-00025,,: viper,miniature,94r,94r,94r,,,,,,,,,,,,,,,,,,,,,,,,,,,,,
_deco_69,manuscript_12062,,,"Cambridge, University Library, MS Ii.4.26",manuscript,,MS-II-00004-00026,,: saura; stellio,miniature,51v,51v,51v,,,,,,,,,,,,,,,,,,,,,,,,,,,,,
_deco_69,manuscript_12062,,,MS Kk.4.25,manuscript,,MS-Kk-00004-00025,,": asp before a man holding a scroll inscribed ""Super aspidem et Basiliscum""; three types of snake",miniature,94v,94v,94v,,,,,,,,,,,,,,,,,,,,,,,,,,,,,
_deco_7,manuscript_12062,,,"Cambridge, University Library, MS Ii.4.26",manuscript,,MS-II-00004-00026,,: griffin snatching a pig,miniature,6v,6v,6v,,,,,,,,,,,,,,,,,,,,,,,,,,,,,
_deco_7,manuscript_12062,,,MS Kk.4.25,manuscript,,MS-Kk-00004-00025,,: antipod; twelve-footed people (both fragmentary; leaf mutilated),miniature,52r,52r,52r,,,,,,,,,,,,,,,,,,,,,,,,,,,,,
_deco_70,manuscript_12062,,,"Cambridge, University Library, MS Ii.4.26",manuscript,,MS-II-00004-00026,,: snake shedding its skin in the form of a dragon squeezing through a tower,miniature,52r,52r,52r,,,,,,,,,,,,,,,,,,,,,,,,,,,,,
_deco_70,manuscript_12062,,,MS Kk.4.25,manuscript,,MS-Kk-00004-00025,,: five types of snake,miniature,95r,95r,95r,,,,,,,,,,,,,,,,,,,,,,,,,,,,,
_deco_71,manuscript_12062,,,"Cambridge, University Library, MS Ii.4.26",manuscript,,MS-II-00004-00026,,: fish and various sea creatures,miniature,54r,54r,54r,,,,,,,,,,,,,,,,,,,,,,,,,,,,,
_deco_71,manuscript_12062,,,MS Kk.4.25,manuscript,,MS-Kk-00004-00025,,: boa biting and feeding from the udders of a cow; seven types of snake,miniature,95v,95v,95v,,,,,,,,,,,,,,,,,,,,,,,,,,,,,
_deco_72,manuscript_12062,,,"Cambridge, University Library, MS Ii.4.26",manuscript,,MS-II-00004-00026,,: whale attacking men in a boat,miniature,54v,54v,54v,,,,,,,,,,,,,,,,,,,,,,,,,,,,,
_deco_72,manuscript_12062,,,MS Kk.4.25,manuscript,,MS-Kk-00004-00025,,": five types of lizard; toad; salamander; salamander eating fruit from a tree with a man lying below, poisoned",miniature,96r,96r,96r,,,,,,,,,,,,,,,,,,,,,,,,,,,,,
_deco_73,manuscript_12062,,,"Cambridge, University Library, MS Ii.4.26",manuscript,,MS-II-00004-00026,,: Isidore of Seville seated and writing at a desk,miniature,63v,63v,63v,,,,,,,,,,,,,,,,,,,,,,,,,,,,,
_deco_73,manuscript_12062,,,MS Kk.4.25,manuscript,,MS-Kk-00004-00025,,: two types of lizard; serpent shedding its skin,miniature,96v,96v,96v,,,,,,,,,,,,,,,,,,,,,,,,,,,,,
_deco_74,manuscript_12062,,,"Cambridge, University Library, MS Ii.4.26",manuscript,,MS-II-00004-00026,,"Green, red or blue initials (2-7 lines) with blue or red penwork infill and flourishing, occasionally elaborate, at the beginning of each description.",flourInit,,,,,,,,,,,,,,,,,,,,,,,,,,,,,,,,
_deco_74,manuscript_12062,,,MS Kk.4.25,manuscript,,MS-Kk-00004-00025,,: worm; spider in its web; leech,miniature,97v,97v,97v,,,,,,,,,,,,,,,,,,,,,,,,,,,,,
_deco_75,manuscript_12062,,,"Cambridge, University Library, MS Ii.4.26",manuscript,,MS-II-00004-00026,,"Similar, but smaller, initials also occur, the same colours, but without flourishing",colInit,,,,,,,,,,,,,,,,,,,,,,,,,,,,,,,,
_deco_75,manuscript_12062,,,MS Kk.4.25,manuscript,,MS-Kk-00004-00025,,: scorpion; caterpillar eating foliage,miniature,98r,98r,98r,,,,,,,,,,,,,,,,,,,,,,,,,,,,,
_deco_76,manuscript_12062,,,MS Kk.4.25,manuscript,,MS-Kk-00004-00025,,: centipede; snail; silkworm; maggots,miniature,98v,98v,98v,,,,,,,,,,,,,,,,,,,,,,,,,,,,,
_deco_77,manuscript_12062,,,MS Kk.4.25,manuscript,,MS-Kk-00004-00025,,": beehive, bees and two beekeepers",miniature,99r,99r,99r,,,,,,,,,,,,,,,,,,,,,,,,,,,,,
_deco_78,manuscript_12062,,,MS Kk.4.25,manuscript,,MS-Kk-00004-00025,,: two fiery stones enclosing the heads of a man and a woman,miniature,101v,101v,101v,,,,,,,,,,,,,,,,,,,,,,,,,,,,,
_deco_79,manuscript_12062,,,MS Kk.4.25,manuscript,,MS-Kk-00004-00025,,": King Evax sitting at a desk, writing",miniature,113v,113v,113v,,,,,,,,,,,,,,,,,,,,,,,,,,,,,
_deco_8,manuscript_12062,,,"Cambridge, University Library, MS Ii.4.26",manuscript,,MS-II-00004-00026,,: elephant carrying four armed men and led by a man with a scourge,miniature,7r,7r,7r,,,,,,,,,,,,,,,,,,,,,,,,,,,,,
_deco_8,manuscript_12062,,,MS Kk.4.25,manuscript,,MS-Kk-00004-00025,,: Bragmanni (fragmentary; leaf mutilated),miniature,52v,52v,52v,,,,,,,,,,,,,,,,,,,,,,,,,,,,,
_deco_80,manuscript_12062,,,MS Kk.4.25,manuscript,,MS-Kk-00004-00025,,": Marbod of Rennes sitting, writing (unfinished)",miniature,120v,120v,120v,,,,,,,,,,,,,,,,,,,,,,,,,,,,,
_deco_81,manuscript_12062,,,MS Kk.4.25,manuscript,,MS-Kk-00004-00025,,": Bernardus Silvestris sitting, writing (unfinished, with later crude additions)",miniature,126v,126v,126v,,,,,,,,,,,,,,,,,,,,,,,,,,,,,
_deco_82,manuscript_12062,,,MS Kk.4.25,manuscript,,MS-Kk-00004-00025,,"Eleven-line gold initial with red and green decorative infill (f. 44v). Seven-line burnished gold initial on purple ground, with green, blue, orange and rose decorative infill (f. 51v). Six-line parti-coloured burnished gold and red initial with red infill (f. 39v). Four-line burnished gold initial on purple ground with blue and orange floral infill (f. 55r). Three-line burnished gold initial (f. 127r).",colInit,,,,,,,,,,,,,,,,,,,,,,,,,,,,,,,,
_deco_83,manuscript_12062,,,MS Kk.4.25,manuscript,,MS-Kk-00004-00025,,"Numerous one- to three-line red, green or blue penwork initials, often flourished in contrasting colours.",flourInit,,,,,,,,,,,,,,,,,,,,,,,,,,,,,,,,
_deco_9,manuscript_12062,,,"Cambridge, University Library, MS Ii.4.26",manuscript,,MS-II-00004-00026,,: beaver and three hunters,miniature,8v,8v,8v,,,,,,,,,,,,,,,,,,,,,,,,,,,,,
_deco_9,manuscript_12062,,,MS Kk.4.25,manuscript,,MS-Kk-00004-00025,,: ox; man holding a decorated horn in the lower left-hand margin; later crude imitation of the man holding a horn in the lower margin,miniature,56v,56v,56v,,,,,,,,,,,,,,,,,,,,,,,,,,,,,
_deco_1,manuscript_12063,,,"Cambridge, University Library, MS Add. 1840",manuscript,,MS-ADD-01840,,The beginning of the text is preceded by a pyle in red ink with blue infill ().,headpiece,f. 1r,1r,1r,,,,,,,,,,,,,,,,,,,,,,,,,,,,,
_deco_2,manuscript_12063,,,"Cambridge, University Library, MS Add. 1840",manuscript,,MS-ADD-01840,,The beginning and end of sections is sometimes accompanied by simple vignettes in red or red and brown ink (e.g. ).,vignette,f. 55r,55r,55r,,,,,,,,,,,,,,,,,,,,,,,,,,,,,
_deco_3,manuscript_12063,,,"Cambridge, University Library, MS Add. 1840",manuscript,,MS-ADD-01840,,"The text begins on with a major initial in red ink with blue infill, in the same style as the preceding headpiece, including a hand gripping the letter.",decInit,f. 1r,1r,1r,,,,,,,,,,,,,,,,,,,,,,,,,,,,,
_deco_4,manuscript_12063,,,"Cambridge, University Library, MS Add. 1840",manuscript,,MS-ADD-01840,,Lections begin with minor initials in red ink. Major sections sometimes begin with a more ornate initial outlined in red ink (e.g. ).,colInit,f. 55r,55r,55r,,,,,,,,,,,,,,,,,,,,,,,,,,,,,
_deco_1,manuscript_12064,,,"Cambridge, University Library, MS Add. 1875",manuscript,,MS-ADD-01875,,The heading is preceded and followed by lines of simple ornament composed of curved lines and small chevrons.,vignette,,,,,,,,,,,,,,,,,,,,,,,,,,,,,,,,
_deco_1,manuscript_12065.24,,,"Cambridge, University Library, MS Add. 1879.24",manuscript,,MS-ADD-01879-00024,,The beginnings of sections are marked by minor initials in brown ink.,plainInit,,,,,,,,,,,,,,,,,,,,,,,,,,,,,,,,
_deco_2,manuscript_12065.24,,,"Cambridge, University Library, MS Add. 1879.24",manuscript,,MS-ADD-01879-00024,,The end of the supplementary text is marked by a simple vignette in orange ink ().,vignette,f. 2v,2v,2v,,,,,,,,,,,,,,,,,,,,,,,,,,,,,
_deco_3,manuscript_12065.24,,,"Cambridge, University Library, MS Add. 1879.24",manuscript,,MS-ADD-01879-00024,,Headings are accompanied by space-fillers in orange ink,spaceFill,,,,,,,,,,,,,,,,,,,,,,,,,,,,,,,,
_deco_1,manuscript_12088,,,"Cambridge, University Library, MS Add. 1880.15",manuscript,,MS-ADD-01880-00015,,A few very simple diagrams in red ink by the scribe accompany the text on ff. and .,diagrams,1r; 3v,1r 3v,1r 3v,,,,,,,,,,,,,,,,,,,,,,,,,,,,,
_deco_1,manuscript_12088,,,"Cambridge, University Library, MS Add. 1880.6",manuscript,,MS-ADD-01880-00006,,"One rope motif frieze on , outlined in black ink.",frieze,f. 2r,2r,2r,,,,,,,,,,,,,,,,,,,,,,,,,,,,,
_deco_1,manuscript_12109,,,"Cambridge, University Library, MS Add. 3046",part,,,,The beginning of the text on is preceded by a rectangular headpiece in red ink.,headpiece,f. 1r,1r,1r,,,,,,,,,,,,,,,,,,,,,,,,,,,,,
_deco_2,manuscript_12109,,,"Cambridge, University Library, MS Add. 3046",part,,,,The text begins on with an ornamented initial in red ink.,colInit,f. 1r,1r,1r,,,,,,,,,,,,,,,,,,,,,,,,,,,,,
_deco_3,manuscript_12109,,,"Cambridge, University Library, MS Add. 3046",part,,,,"Each text begins with an ornamented initial, outlined in brown ink with red and blue paint infill as far as (e.g. ff. , , ), and then, from onwards, outlined in red with blue infill or outlined in blue with red infill (e.g. ff. , ). The scribe has placed small guide-letters in brown ink in the margin to indicate which letters should be placed where.",decInit,f. 243v; 129v-130r; 136v; 141v; 255v; 264r; 282r,243v 129v 136v 141v 255v 264r 282r,243v 130r 136v 141v 255v 264r 282r,,,,,,,,,,,,,,,,,,,,,,,,,,,,,
_deco_4,manuscript_12109,,,"Cambridge, University Library, MS Add. 3046",part,,,,Items in chapter lists begin with simple minor initials in red ink. The scribe has placed small guide-letters in brown ink in the margin to indicate which letters should be placed where.,colInit,,,,,,,,,,,,,,,,,,,,,,,,,,,,,,,,
_deco_5,manuscript_12109,,,"Cambridge, University Library, MS Add. 3046",part,,,,The transition between texts is sometimes marked by simple vignettes in brown ink.,vignette,,,,,,,,,,,,,,,,,,,,,,,,,,,,,,,,
_deco_6,manuscript_12109,,,"Cambridge, University Library, MS Add. 3046",part,,,,"The beginning of the new text on is marked with a crude initial letter, outlined in brown ink with red infill.",decInit,f. 232v,232v,232v,,,,,,,,,,,,,,,,,,,,,,,,,,,,,
_deco_7,manuscript_12109,,,"Cambridge, University Library, MS Add. 3046",part,,,,Sections begin with simple minor initials in red ink.,colInit,,,,,,,,,,,,,,,,,,,,,,,,,,,,,,,,
_deco_8,manuscript_12109,,,"Cambridge, University Library, MS Add. 3046",part,,,,The transition between texts on is marked by a simple vignette in red ink.,vignette,f. 232r,232r,232r,,,,,,,,,,,,,,,,,,,,,,,,,,,,,
_deco_1,manuscript_12110,,,"Cambridge, University Library,  MS Add. 3047",manuscript,,MS-ADD-03047,,"On ff. , , , , , , , , , , , , , , , , , , , , , , , , , , , , there are small undulated linear friezes with clover leaves at both ends, in red or black ink, or in black ink with the clover leaves coloured in red.",frieze,1r; 38r; 55v; 61r ; 69r; 86v; 92v; 103v; 108v; 116v; 122r; 139v; 157r; 189v; 195v; 209v; 226v; 240r; 247r; 253v ; 260v; 271r; 275r; 278v; 290r; 299r; 302r; 310r; 314r,1r 38r 55v 61r 69r 86v 92v 103v 108v 116v 122r 139v 157r 189v 195v 209v 226v 240r 247r 253v 260v 271r 275r 278v 290r 299r 302r 310r 314r,1r 38r 55v 61r 69r 86v 92v 103v 108v 116v 122r 139v 157r 189v 195v 209v 226v 240r 247r 253v 260v 271r 275r 278v 290r 299r 302r 310r 314r,,,,,,,,,,,,,,,,,,,,,,,,,,,,,
_deco_2,manuscript_12110,,,"Cambridge, University Library,  MS Add. 3047",manuscript,,MS-ADD-03047,,"Initials in ekthesis in red ink, decorated with a simple vegetal motif of vine scrolls, see e.g. .",decInit,f. 1r,1r,1r,,,,,,,,,,,,,,,,,,,,,,,,,,,,,
_deco_3,manuscript_12110,,,"Cambridge, University Library,  MS Add. 3047",manuscript,,MS-ADD-03047,,Minor initials in red ink throughout.,colInit,,,,,,,,,,,,,,,,,,,,,,,,,,,,,,,,
_deco_1,manuscript_12111,,,"Cambridge, University Library, MS Add. 3048",part,,,,"The beginnings of some texts are preceded by narrow headpieces in black ink (e.g. ff. , , , ) or outlined in black ink with red infill (e.g. ).",headpiece,5r; 25v; 117r; 140r; f. 176v,5r 25v 117r 140r 176v,5r 25v 117r 140r 176v,,,,,,,,,,,,,,,,,,,,,,,,,,,,,
_deco_2,manuscript_12111,,,"Cambridge, University Library, MS Add. 3048",part,,,,"Most texts and sections begin with minor initials in red ink. Some begin with a somewhat larger and more elaborate initial; that on is in red and black ink, incorporating a blessing hand, while that on incorporates vegetative forms.",colInit,f. 11v; f. 75r,11v 75r,11v 75r,,,,,,,,,,,,,,,,,,,,,,,,,,,,,
_deco_3,manuscript_12111,,,"Cambridge, University Library, MS Add. 3048",part,,,,Some sections begin with minor initials in black ink.,plainInit,,,,,,,,,,,,,,,,,,,,,,,,,,,,,,,,
_deco_4,manuscript_12111,,,"Cambridge, University Library, MS Add. 3048",part,,,,"The transitions between some texts are marked by line-fillers in black ink, in red ink or outlined in black ink with red infill (e.g. ff. , ). Those on f. , incorporate zoomorphic forms.",lineFill,48r; 81v; 40r; 184r,48r 81v 40r 184r,48r 81v 40r 184r,,,,,,,,,,,,,,,,,,,,,,,,,,,,,
_deco_5,manuscript_12111,,,"Cambridge, University Library, MS Add. 3048",part,,,,"The beginnings of some texts are preceded by simple vignettes in black ink (e.g. ff. , ).",vignette,57r; 172r,57r 172r,57r 172r,,,,,,,,,,,,,,,,,,,,,,,,,,,,,
_deco_6,manuscript_12111,,,"Cambridge, University Library, MS Add. 3048",part,,,,"The end of the text on is followed by a piece of ornament in red ink, incorporating a cross.",other,f. 260r,260r,260r,,,,,,,,,,,,,,,,,,,,,,,,,,,,,
_deco_1,manuscript_12112,,,"Cambridge, University Library, MS Add. 3049",manuscript,,MS-ADD-03049,,"On is a diagram illustrating the preceding text, in the form of a wheel superimposed on the cross, with the inscription Θεὸς λόγος ἐν σταυρῶ καὶ ψυχὴ λογικὰ καὶ σώμα around the outside of the wheel and σώμαἸησοῦς Χριστὸς νικά within it, together with the signs for the sun and moon.",diagram,f. 103r,103r,103r,,,,,,,,,,,,,,,,,,,,,,,,,,,,,
_deco_2,manuscript_12112,,,"Cambridge, University Library, MS Add. 3049",manuscript,,MS-ADD-03049,,"The beginning of the text on is preceded by a plaited headpiece, outlined in brown ink with translucent infill.",headpiece,f. 79,79r,79r,,,,,,,,,,,,,,,,,,,,,,,,,,,,,
_deco_3,manuscript_12112,,,"Cambridge, University Library, MS Add. 3049",manuscript,,MS-ADD-03049,,"Sections on begin with ornamented initials outlined in red ink with translucent yellow infill, often with blessing hands.",decInit,ff. 71r-78v,71r,78v,,,,,,,,,,,,,,,,,,,,,,,,,,,,,
_deco_4,manuscript_12112,,,"Cambridge, University Library, MS Add. 3049",manuscript,,MS-ADD-03049,,"Sections elsewhere begin with simpler initials in red ink, of variable sizes and degrees of ornamentation, including an omicron in the form of a fish on . On minor initials appear in mid-line as well as at the beginning of lines, and loops of some letters have red infill. Minor headings on have minor initials in red ink.",colInit,f. 90r; ff. 79r-80; f. 128v,90r 79r 128r,90r 80r 128v,,,,,,,,,,,,,,,,,,,,,,,,,,,,,
_deco_5,manuscript_12112,,,"Cambridge, University Library, MS Add. 3049",manuscript,,MS-ADD-03049,,Line-fillers in red ink accompany the end of sections on ff. and .,lineFill,86v; f. 87v,86v 87v,86v 87v,,,,,,,,,,,,,,,,,,,,,,,,,,,,,
_deco_6,manuscript_12112,,,"Cambridge, University Library, MS Add. 3049",manuscript,,MS-ADD-03049,,"Small pieces of marginal ornament, in red ink or outlined in brown ink with red infill, accompany headings on ff. , and .",other,79v; 88r; 121v,79v 88r 121v,79v 88r 121v,,,,,,,,,,,,,,,,,,,,,,,,,,,,,
_deco_1,manuscript_12113,,,"Cambridge, University Library, MS Add. 3050",manuscript,,MS-ADD-03050,,On there is a rectangular headpiece traced in brown ink; in the centre there is a plaited motif on a black background; the headpiece has a red frame.,headpiece,f. 1r,1r,1r,,,,,,,,,,,,,,,,,,,,,,,,,,,,,
_deco_2,manuscript_12113,,,"Cambridge, University Library, MS Add. 3050",manuscript,,MS-ADD-03050,,", frieze representing a branch with leaves, traced in black ink with some elements coloured in red",frieze,f. 2r; 10r,2r 10r,2r 10r,,,,,,,,,,,,,,,,,,,,,,,,,,,,,
_deco_3,manuscript_12113,,,"Cambridge, University Library, MS Add. 3050",manuscript,,MS-ADD-03050,,"rope motif, traced in black ink, partially filled in red",frieze,f. 14v,14v,14v,,,,,,,,,,,,,,,,,,,,,,,,,,,,,
_deco_4,manuscript_12113,,,"Cambridge, University Library, MS Add. 3050",manuscript,,MS-ADD-03050,,"ff. , friezes representing a branch, with knots, traced in black ink with a red line within",frieze,f. 114v; 117r,114v 117r,114v 117r,,,,,,,,,,,,,,,,,,,,,,,,,,,,,
_deco_5,manuscript_12113,,,"Cambridge, University Library, MS Add. 3050",manuscript,,MS-ADD-03050,,frieze representing a branch traced in red ink.,frieze,f. 126r,126r,126r,,,,,,,,,,,,,,,,,,,,,,,,,,,,,
_deco_6,manuscript_12113,,,"Cambridge, University Library, MS Add. 3050",manuscript,,MS-ADD-03050,,"Initials in ekthesis in red ink decorated with vegetal motifs, see e.g. ff. 1r and 114v. in ekthesis Minor initials in red ink, sometimes with small decoration, see e.g. ff. 113r and 113v. Zoomorphic initials in red ink (fishes), see e.g. ff. 105v and 108v.",decInit,,,,,,,,,,,,,,,,,,,,,,,,,,,,,,,,
_deco_1,manuscript_12117,,,"Cambridge, University Library, MS Add. 3076",part,,,,Sections and important words begin with normal or slightly enlarged letters in red ink.,colInit,,,,,,,,,,,,,,,,,,,,,,,,,,,,,,,,
_deco_2,manuscript_12117,,,"Cambridge, University Library, MS Add. 3076",part,,,,Sections and important words begin with normal or slightly enlarged letters in red ink.,colInit,,,,,,,,,,,,,,,,,,,,,,,,,,,,,,,,
_deco_1,manuscript_12118,,,"Cambridge, University Library, MS Add. 3121",manuscript,,MS-ADD-03121,,Cord headpiece coloured in red on f.,headpiece,7r,7r,7r,,,,,,,,,,,,,,,,,,,,,,,,,,,,,
_deco_2,manuscript_12118,,,"Cambridge, University Library, MS Add. 3121",manuscript,,MS-ADD-03121,,"The thick red-ink major initials on ff. , , , .",decInit,70v; 72r; 83v; 84v,70v 72r 83v 84v,70v 72r 83v 84v,,,,,,,,,,,,,,,,,,,,,,,,,,,,,
_deco_3,manuscript_12118,,,"Cambridge, University Library, MS Add. 3121",manuscript,,MS-ADD-03121,,Minor initials written in a thin red-ink uncial within the body of the text.,colInit,,,,,,,,,,,,,,,,,,,,,,,,,,,,,,,,
_deco_1,manuscript_12119,,,"Cambridge, University Library, MS Add. 3122",part,,,,"Sections and some words in liturgical notes begin with initials in red ink, whose size and degree of ornamentation varies in line with the hierarchy of sections.",colInit,,,,,,,,,,,,,,,,,,,,,,,,,,,,,,,,
_deco_2,manuscript_12119,,,"Cambridge, University Library, MS Add. 3122",part,,,,Sections begin with simple minor initials in brown ink.,plainInit,,,,,,,,,,,,,,,,,,,,,,,,,,,,,,,,
_deco_3,manuscript_12119,,,"Cambridge, University Library, MS Add. 3122",part,,,,The beginning of the text on is preceded by a simple rectangular headpiece in red ink.,headpiece,f. 37r,37r,37r,,,,,,,,,,,,,,,,,,,,,,,,,,,,,
_deco_4,manuscript_12119,,,"Cambridge, University Library, MS Add. 3122",part,,,,Sections begin with ornamented minor initials in red ink.,colInit,,,,,,,,,,,,,,,,,,,,,,,,,,,,,,,,
_deco_1,manuscript_12120,,,"Cambridge, University Library, MS Add. 3324",part,,,,"Initials in ekthesis in red ink with a simple vegetal decoration, see e.g. . Minor thick initials in red ink, see e.g. .",decInit,f. 17r; f. 16r,17r 16r,17r 16r,,,,,,,,,,,,,,,,,,,,,,,,,,,,,
_deco_1,manuscript_12121,,,"Cambridge, University Library, MS Add. 3326",manuscript,,MS-ADD-03326,,"Portraits of the Evangelists precede the Gospels of Matthew, Luke and John. A folio has been removed before the beginning of the Gospel of Mark (the former f. 77), which would presumably have borne the miniature of St Mark. The miniatures have suffered from severe abrasion, and parts of their borders have sometimes been lost to cropping. f. 16v Matthew ( )205 148 205148 f. 119v Luke ( )202 148 202148 f. 183v John ( )209 124 209124",miniature,,,,,,,,,,,,,,,,,,,,,,,,,,,,,,,,
_deco_2,manuscript_12121,,,"Cambridge, University Library, MS Add. 3326",manuscript,,MS-ADD-03326,,"Each Gospel is preceded by a rectangular headpiece: those for Matthew and Luke follow one style, in red and black ink, while those of Mark and John are in a different style, outlined in black ink with red, yellow blue and green paint infill. f. 17r Matthew f. 78r Mark f. 120r Luke f. 184r JohnThe beginning of the menologion section of the summary lectionary and the chapter lists for Mark and Luke are preceded by slender bands of ornament, outlined in black ink with red paint infill: ff. 8v, 76r, 117r. menologion",headpiece,,,,,,,,,,,,,,,,,,,,,,,,,,,,,,,,
_deco_3,manuscript_12121,,,"Cambridge, University Library, MS Add. 3326",manuscript,,MS-ADD-03326,,The text of each Gospel begins with a relatively small ornamented major initial in the same style as the headpiece.,decInit,,,,,,,,,,,,,,,,,,,,,,,,,,,,,,,,
_deco_4,manuscript_12121,,,"Cambridge, University Library, MS Add. 3326",manuscript,,MS-ADD-03326,,"Sections of the text, items of contents lists and lection notes begin with simple minor initials in red ink.",colInit,,,,,,,,,,,,,,,,,,,,,,,,,,,,,,,,
_deco_5,manuscript_12121,,,"Cambridge, University Library, MS Add. 3326",manuscript,,MS-ADD-03326,,The end of texts is sometimes followed by simple vignettes in black and red ink.,vignette,,,,,,,,,,,,,,,,,,,,,,,,,,,,,,,,
_deco_1,manuscript_12123,,,"Cambridge, University Library, MS Add. 3574",manuscript,,MS-ADD-3574,,"Each text is preceded by a narrow rectangular headpiece in red, blue, green and white paint and gold (e.g. ff. , , , , , ).",headpiece,64v; 77v; 174r; 209r; 228v; 234v,64v 77v 193v 209r 228v 234v,64v 77v 193v 209r 228v 234v,,,,,,,,,,,,,,,,,,,,,,,,,,,,,
_deco_2,manuscript_12123,,,"Cambridge, University Library, MS Add. 3574",manuscript,,MS-ADD-3574,,"Each text begins with a major initial in red, blue, green and white paint and gold.",decInit,,,,,,,,,,,,,,,,,,,,,,,,,,,,,,,,
_deco_3,manuscript_12123,,,"Cambridge, University Library, MS Add. 3574",manuscript,,MS-ADD-3574,,Headings were written in red ink and gilded.,chrysography,,,,,,,,,,,,,,,,,,,,,,,,,,,,,,,,
_deco_1,manuscript_12124,,,"Cambridge, University Library, MS Add. 3849",part,,,,Sections begin with minor initials in red ink.,colInit,,,,,,,,,,,,,,,,,,,,,,,,,,,,,,,,
_deco_2,manuscript_12124,,,"Cambridge, University Library, MS Add. 3849",part,,,,Divisions between days are marked by simple vignettes in red ink.,vignette,,,,,,,,,,,,,,,,,,,,,,,,,,,,,,,,
_deco_3,manuscript_12124,,,"Cambridge, University Library, MS Add. 3849",part,,,,Sections begin with minor initials in red ink.,colInit,,,,,,,,,,,,,,,,,,,,,,,,,,,,,,,,
_deco_4,manuscript_12124,,,"Cambridge, University Library, MS Add. 3849",part,,,,Sections begin with minor initials in red ink.,colInit,,,,,,,,,,,,,,,,,,,,,,,,,,,,,,,,
_deco_5,manuscript_12124,,,"Cambridge, University Library, MS Add. 3849",part,,,,Sections begin with minor initials in red ink.,colInit,,,,,,,,,,,,,,,,,,,,,,,,,,,,,,,,
_deco_6,manuscript_12124,,,"Cambridge, University Library, MS Add. 3849",part,,,,Sections begin with minor initials in red ink.,colInit,,,,,,,,,,,,,,,,,,,,,,,,,,,,,,,,
_deco_1,manuscript_12125,,,"Cambridge, University Library, MS Add. 4173",manuscript,,MS-ADD-04173,,"Thick initials in red ink throughout; they are bigger at the beginning of the texts, see e.g. ff. , .",colInit,7r; 50v,7r 50v,7r 50v,,,,,,,,,,,,,,,,,,,,,,,,,,,,,
_deco_1,manuscript_12127,,,"Cambridge, University Library, MS Add. 4489",part,,,,The beginning of texts and sections is marked by simple minor initials in brown ink.,plainInit,,,,,,,,,,,,,,,,,,,,,,,,,,,,,,,,
_deco_2,manuscript_12127,,,"Cambridge, University Library, MS Add. 4489",part,,,,Simple vignettes in brown ink precede the beginning of each day. A plait in brown ink on precedes the beginning of a month.,vignette,f. 8v,8v,8v,,,,,,,,,,,,,,,,,,,,,,,,,,,,,
_deco_3,manuscript_12127,,,"Cambridge, University Library, MS Add. 4489",part,,,,"The beginning of the lections of the eothina () is preceded by a rectangular plaited headpiece, outlined in brown ink with red ink infill.",headpiece,f. 13r,13r,13r,,,,,,,,,,,,,,,,,,,,,,,,,,,,,
_deco_4,manuscript_12127,,,"Cambridge, University Library, MS Add. 4489",part,,,,The beginnings of lections are occasionally preceded by simple vignettes (e.g. ).,vignette,f. 6v,6v,6v,,,,,,,,,,,,,,,,,,,,,,,,,,,,,
_deco_5,manuscript_12127,,,"Cambridge, University Library, MS Add. 4489",part,,,,The beginnings of lections are marked by crude minor initials in red ink. These include an omicron in the form of a fish on . Some words in lection headings begin with slightly enlarged letters in red ink.,colInit,f. 13r,13r,13r,,,,,,,,,,,,,,,,,,,,,,,,,,,,,
_deco_6,manuscript_12127,,,"Cambridge, University Library, MS Add. 4489",part,,,,The ends of lections are occasionally accompanied by simple line-fillers (e.g. ).,lineFill,f. 3r,3r,3r,,,,,,,,,,,,,,,,,,,,,,,,,,,,,
_deco_7,manuscript_12127,,,"Cambridge, University Library, MS Add. 4489",part,,,,"The beginnings of lections are marked by minor initials in red ink, gilded. Lection headings begin with slightly enlarged letters in red ink, gilded.",colInit,,,,,,,,,,,,,,,,,,,,,,,,,,,,,,,,
_deco_8,manuscript_12127,,,"Cambridge, University Library, MS Add. 4489",part,,,,Major headings are also gilded.,chrysography,,,,,,,,,,,,,,,,,,,,,,,,,,,,,,,,
_deco_1,manuscript_12128,,,"Cambridge, University Library, MS Add. 4490",manuscript,,MS-ADD-04490,,"The beginnings of sections are marked by simple minor initials in red ink, with gilding.",colInit,,,,,,,,,,,,,,,,,,,,,,,,,,,,,,,,
_deco_2,manuscript_12128,,,"Cambridge, University Library, MS Add. 4490",manuscript,,MS-ADD-04490,,The orginal annotations are gilded.,chrysography,,,,,,,,,,,,,,,,,,,,,,,,,,,,,,,,
_deco_1,manuscript_12129,,,"Cambridge, University Library, MS Add. 4491",manuscript,,MS-ADD-04491,,"The text is provided with numerous miniatures illustrating the narrative, in gold and red, blue, brown, black, grey, white, magenta, green and pink paint. These appear on ff. , , , , , and .",miniature,2r; 3v; 4v; 5v-7r; 9r-9v; 13v; 14v,2r 3v 4v 5v 9r 13v 14v,2r 3v 4v 7r 9v 13v 14v,,,,,,,,,,,,,,,,,,,,,,,,,,,,,
_deco_2,manuscript_12129,,,"Cambridge, University Library, MS Add. 4491",manuscript,,MS-ADD-04491,,The beginnings of sections are marked by simple minor initials in red ink.,colInit,,,,,,,,,,,,,,,,,,,,,,,,,,,,,,,,
_deco_1,manuscript_12130,,,"Cambridge, University Library, MS Add. 4541",manuscript,,MS-ADD-04541,,The beginnings of sections are marked by simple minor initials in red ink.,colInit,,,,,,,,,,,,,,,,,,,,,,,,,,,,,,,,
_deco_1,manuscript_12132,,,"Cambridge, University Library, MS Add. 6009",part,,,,"The beginning of the text on is preceded by a rectangular headpiece in red and black ink, topped with a cross with the words Ἰησοῦς Χριστὸς νικᾶ. On the text is preceded by a plaited headpiece in red ink, in a much simpler style, topped with a similar cross design flanked by zoomorphic forms. A thin rectangular headpiece with a concertina design, in red and black ink, precedes the text on .",headpiece,f. 9r; f. 138r; f. 180r,9r 138r 180r,9r 138r 180r,,,,,,,,,,,,,,,,,,,,,,,,,,,,,
_deco_2,manuscript_12132,,,"Cambridge, University Library, MS Add. 6009",part,,,,"Texts and sections begin with ornamented initials in red ink, with variable size and degees of elaboration. These include occasional zoomorphic forms (). An initial on has received additional adornment in green ink.",decInit,f. 6v; f. 2v,6v 2v,6v 2v,,,,,,,,,,,,,,,,,,,,,,,,,,,,,
_deco_3,manuscript_12132,,,"Cambridge, University Library, MS Add. 6009",part,,,,Subsections often begin with slightly expanded and sometimes slightly ornamented letters in red ink.,colInit,,,,,,,,,,,,,,,,,,,,,,,,,,,,,,,,
_deco_4,manuscript_12132,,,"Cambridge, University Library, MS Add. 6009",part,,,,"The end of sections is sometimes accompanied by line-fillers in red ink (e.g. ff. , ).",lineFill,f. 31v; 96r,31v 96r,31v 96r,,,,,,,,,,,,,,,,,,,,,,,,,,,,,
_deco_1,manuscript_12138,,,,manuscript,,MS-ADD-06594,,"The title Εὐαγγέλιον κατὰ Μᾶρκον is enclosed by a pyle drawn in red ink and touched with gold. It contains 7 medallions, each encircling a flower-like motif. It is closed at its base by a red ink bar and dotted with red points touched with gold ().",border,81r,81r,81r,,,,,,,,,,,,,,,,,,,,,,,,,,,,,
_deco_2,manuscript_12138,,,,manuscript,,MS-ADD-06594,,"The title Εὐαγγέλιον κατὰ Λουκᾶν is enclosed by two rectangles: one above containing 5 medallions, each encircling a flower-like motif, and a thinner one below containing vegetative ornaments. Both rectangles are dotted with red points touched with gold and are joined together on both ends by two vertical eight-shaped strips ().",border,138r,138r,138r,,,,,,,,,,,,,,,,,,,,,,,,,,,,,
_deco_3,manuscript_12138,,,,manuscript,,MS-ADD-06594,,"The title Εὐαγγέλιον κατὰ Ἰωάννην is enclosed by a red-ink decorative frame touched with gold consisting of one rectangle above the title, a thinner one below and two curved vertical strips joining the two rectangles on both ends. The two rectangles and the two curved strips contain vegetative ornaments and are dotted with red ink points touched with gold ().",border,242r,242r,242r,,,,,,,,,,,,,,,,,,,,,,,,,,,,,
_deco_4,manuscript_12138,,,,manuscript,,MS-ADD-06594,,"The hypotheses are encircled by decorative red-ink borders forming a line of small s-shaped strokes and closing at the bottom into an upright palmette. There is however no palmette in the hypothesis on the Gospel of John (, , ).",border,78v; 81r; 241r,78v 81r 241r,78v 81r 241r,,,,,,,,,,,,,,,,,,,,,,,,,,,,,
_deco_5,manuscript_12138,,,,manuscript,,MS-ADD-06594,,The end of the table of the kephalaia to the Gospel of Luke is marked out by a red-ink horizontal line of small s-shaped strokes ().,border,137v,137v,137v,,,,,,,,,,,,,,,,,,,,,,,,,,,,,
_deco_6,manuscript_12138,,,,manuscript,,MS-ADD-06594,,"Each Gospel (except the incipit of Matthew which is missing) begins with a major initial in red ink, stylised in a vegetative form and touched with gold (, , , ).",initial,81r; 137v; 138r; 242r,81r 137v 138r 242r,81r 137v 138r 242r,,,,,,,,,,,,,,,,,,,,,,,,,,,,,
_deco_7,manuscript_12138,,,,manuscript,,MS-ADD-06594,,The beginnings of sections are marked by simple minor initials in red ink throughout the text.,,,,,,,,,,,,,,,,,,,,,,,,,,,,,,,,,
_deco_1,manuscript_12139,,,"Cambridge, University Library, MS Add. 6677",part,,,,Some sections of the summary lectionary are preceded by vignettes in brown ink with red infill.,vignette,,,,,,,,,,,,,,,,,,,,,,,,,,,,,,,,
_deco_2,manuscript_12139,,,"Cambridge, University Library, MS Add. 6677",part,,,,"Section headings and lection listings begin with minor initials in red ink, and subsections of listings begin with normal letters in red ink.",colInit,,,,,,,,,,,,,,,,,,,,,,,,,,,,,,,,
_deco_3,manuscript_12139,,,"Cambridge, University Library, MS Add. 6677",part,,,,"Some lectionary section headings begin with line-fillers accompanying the heading, in the same style as the vignettes",lineFill,,,,,,,,,,,,,,,,,,,,,,,,,,,,,,,,
_deco_4,manuscript_12139,,,"Cambridge, University Library, MS Add. 6677",part,,,,"Lections begin with minor initials in red ink, while subsections of lection headings begin with normal letters in red ink.",colInit,,,,,,,,,,,,,,,,,,,,,,,,,,,,,,,,
_deco_5,manuscript_12139,,,"Cambridge, University Library, MS Add. 6677",part,,,,"The Gospel of Matthew is preceded by a pyle, and the other three Gospels by rectangular headpieces, with vegetative ornament, in gold and red, blue, green and white paint:- pyle f. 6r Matthew f. 82v Mark f. 130v Luke f. 208r John",headpiece,,,,,,,,,,,,,,,,,,,,,,,,,,,,,,,,
_deco_6,manuscript_12139,,,"Cambridge, University Library, MS Add. 6677",part,,,,The text of each Gospel begins with a major initial with vegetative ornament in the same style as the headpieces.,decInit,,,,,,,,,,,,,,,,,,,,,,,,,,,,,,,,
_deco_7,manuscript_12139,,,"Cambridge, University Library, MS Add. 6677",part,,,,Minor initials in purple ink frequently appear at the beginning of lines.,colInit,,,,,,,,,,,,,,,,,,,,,,,,,,,,,,,,
_deco_8,manuscript_12139,,,"Cambridge, University Library, MS Add. 6677",part,,,,"Simple vignettes in purple ink mark the beginning and end of each chapter list, and the end of the Gospels of Matthew and Mark.",vignette,,,,,,,,,,,,,,,,,,,,,,,,,,,,,,,,
_deco_1,manuscript_12140,,,"Cambridge, University Library, MS Add. 6678",manuscript,,MS-ADD-06678,,Portraits of each of the writers of the Epistles in paint and gold have been placed at the beginning of their first letter Each of these except that of St Paul has simple ornament at its corners. f. 44v James ( )91 93 9193 f. 49r Peter ( )78-81 94 78-8194 f. 56r John ( )65 92 6592 f. 61v Jude ( )58 94 5894 f. 63r Paul ( )89 92 8992,miniature,,,,,,,,,,,,,,,,,,,,,,,,,,,,,,,,
_deco_2,manuscript_12140,,,"Cambridge, University Library, MS Add. 6678",manuscript,,MS-ADD-06678,,"The beginning of the text is preceded by a square headpiece in paint and gold (), with vegetative ornament within and at its corners, topped by two birds. In a circular medallion in the centre is a bust of Christ.",headpiece,f. 1r,1r,1r,,,,,,,,,,,,,,,,,,,,,,,,,,,,,
_deco_3,manuscript_12140,,,"Cambridge, University Library, MS Add. 6678",manuscript,,MS-ADD-06678,,"The text begins with a major initial in paint and gold (). Simpler major initials, in red ink which has been gilded, begin each Epistle.",decInit,f. 1r,1r,1r,,,,,,,,,,,,,,,,,,,,,,,,,,,,,
_deco_4,manuscript_12140,,,"Cambridge, University Library, MS Add. 6678",manuscript,,MS-ADD-06678,,"The beginning of subsections of texts are marked with minor initials at the beginning of the next, in red ink which has been gilded.",colInit,,,,,,,,,,,,,,,,,,,,,,,,,,,,,,,,
_deco_5,manuscript_12140,,,"Cambridge, University Library, MS Add. 6678",manuscript,,MS-ADD-06678,,"Headings, subscriptions and the text of have been gilded.",chrysography,f. 1r,1r,1r,,,,,,,,,,,,,,,,,,,,,,,,,,,,,
_deco_1,manuscript_12141,,,"Cambridge, University Library, MS Add. 7216",manuscript,,MS-ADD-07216,,"The beginning of the hymns for each day included is preceded by a headpiece outlined in black ink with red paint infill (e.g. ff. , , ).",headpiece,25r; 99v; 195r,25r 99v 195r,25r 99v 195r,,,,,,,,,,,,,,,,,,,,,,,,,,,,,
_deco_2,manuscript_12141,,,"Cambridge, University Library, MS Add. 7216",manuscript,,MS-ADD-07216,,"Each hymn begins with a decorated initial, in red or occasionally in black ink (e.g. ). On an erroneous red initial has been overwritten with the correct letter in black ink.",colInit,f. 226v; f. 30v,226v 30v,226v 30v,,,,,,,,,,,,,,,,,,,,,,,,,,,,,
_deco_1,manuscript_12143,,,"Cambridge, University Library, MS Add. 7593",part,,,,The beginnings of sections are marked by minor initials is red ink.,colInit,,,,,,,,,,,,,,,,,,,,,,,,,,,,,,,,
_deco_2,manuscript_12143,,,"Cambridge, University Library, MS Add. 7593",part,,,,The beginnings of sections are marked by minor initials is red ink.,colInit,,,,,,,,,,,,,,,,,,,,,,,,,,,,,,,,
_deco_3,manuscript_12143,,,"Cambridge, University Library, MS Add. 7593",part,,,,"The beginning of the text on is preceded by a rectangular headpiece, part of which is in red ink and part in black ink with red infill. The texts beginning on ff. and are preceded by simple, crudely drawn rectangular headpieces in red ink. At the beginning of the other texts (e.g. ff. , ) there are rectangular borders of the same size and style, containing the date of the relevant feast-day.",headpiece,f. 5r; 12r; 125r; 50v; 63v,5r 12r 125r 50v 63v,5r 12r 125r 50v 63v,,,,,,,,,,,,,,,,,,,,,,,,,,,,,
_deco_4,manuscript_12143,,,"Cambridge, University Library, MS Add. 7593",part,,,,"The beginning of sections is marked by small minor initials in red ink. Texts begin with larger, slightly ornamented initials in red ink.",colInit,,,,,,,,,,,,,,,,,,,,,,,,,,,,,,,,
_deco_1,manuscript_12147,,,"Cambridge, University Library, MS Dd.2.22",part,,,,Sections begin with minor initials in red or green ink.,colInit,,,,,,,,,,,,,,,,,,,,,,,,,,,,,,,,
_deco_2,manuscript_12147,,,"Cambridge, University Library, MS Dd.2.22",part,,,,An ink drawing of an ornamented face appears in the original lower margin of .,drawing,the right pastedown,"right cover, inside","right cover, inside",,,,,,,,,,,,,,,,,,,,,,,,,,,,,
_deco_3,manuscript_12147,,,"Cambridge, University Library, MS Dd.2.22",part,,,,"Texts and sections begin with minor initials in orange ink, and subsections in some texts begin with enlarged letters in red ink within the body of the text.",colInit,,,,,,,,,,,,,,,,,,,,,,,,,,,,,,,,
_deco_4,manuscript_12147,,,"Cambridge, University Library, MS Dd.2.22",part,,,,Some texts are preceded by simple vignettes in red or orange ink.,vignette,,,,,,,,,,,,,,,,,,,,,,,,,,,,,,,,
_deco_5,manuscript_12147,,,"Cambridge, University Library, MS Dd.2.22",part,,,,"Small pieces of marginal ornament mark the beginning of some texts (e.g. ff. , , ).",other,155r; 160v; 165v,155r 160v 165v,155r 160v 165v,,,,,,,,,,,,,,,,,,,,,,,,,,,,,
_deco_1,manuscript_12148,,,"Cambridge, University Library, MS Dd.2.51",part,,,,"Occasional sections are preceded by slender rectangular headpieces in red ink or red ink with pale brown infill (ff. , ).",headpiece,1r; 105r,1r 105r,1r 105r,,,,,,,,,,,,,,,,,,,,,,,,,,,,,
_deco_2,manuscript_12148,,,"Cambridge, University Library, MS Dd.2.51",part,,,,"Occasional sections are preceded by vignettes in red or red and brown ink (ff. , , , , , , , ).",vignette,33r; 59v; 82r; 147r; 149r; 154r; 156r; 202r,33r 59v 82r 147r 149r 154r 156r 202r,33r 59v 82r 147r 149r 154r 156r 202r,,,,,,,,,,,,,,,,,,,,,,,,,,,,,
_deco_3,manuscript_12148,,,"Cambridge, University Library, MS Dd.2.51",part,,,,"Some sections begin with small, slightly ornamented minor initials in red ink (e.g. ff. , ). Other sections and subsections begin with normal letters in red ink.",colInit,2v; f. 33r,2v 33r,2v 33r,,,,,,,,,,,,,,,,,,,,,,,,,,,,,
_deco_4,manuscript_12148,,,"Cambridge, University Library, MS Dd.2.51",part,,,,"The transitions between many sections are accompanied by simple line-fillers in red or red and brown ink (e.g. ff. , , ).",lineFill,2v; 6v; 131v,2v 6v 131v,2v 6v 131v,,,,,,,,,,,,,,,,,,,,,,,,,,,,,
_deco_5,manuscript_12148,,,"Cambridge, University Library, MS Dd.2.51",part,,,,"Many sections are preceded by a small quatrefoil plait in red ink, or brown ink with red infill (e.g. , , ).",other,f. 3r; 107v; 109v,3r 107v 109v,3r 107v 109v,,,,,,,,,,,,,,,,,,,,,,,,,,,,,
_deco_1,manuscript_12150,,,"Cambridge, University Library, MS Dd.3.50",part,,,,The beginnings of sections are marked with minor initials in red ink.,colInit,,,,,,,,,,,,,,,,,,,,,,,,,,,,,,,,
_deco_2,manuscript_12150,,,"Cambridge, University Library, MS Dd.3.50",part,,,,The beginning of texts and sections is marked by minor initials in red ink.,colInit,,,,,,,,,,,,,,,,,,,,,,,,,,,,,,,,
_deco_3,manuscript_12150,,,"Cambridge, University Library, MS Dd.3.50",part,,,,Some texts and sections are preceded by simple vignettes in red ink.,vignette,,,,,,,,,,,,,,,,,,,,,,,,,,,,,,,,
_deco_1,manuscript_12151,,,"Cambridge, University Library, MS Dd.3.86.9",manuscript,,MS-DD-00003-00086-00009,,The text on is accompanied by diagrams and drawings executed by the scribe.,diagram,ff. 6r-14r,6r,14r,,,,,,,,,,,,,,,,,,,,,,,,,,,,,
_deco_1,manuscript_12152,,,"Cambridge, University Library, MS Dd.4.16",part,,,,Decorated initials written in red ink.,colInit,,,,,,,,,,,,,,,,,,,,,,,,,,,,,,,,
_deco_2,manuscript_12152,,,"Cambridge, University Library, MS Dd.4.16",part,,,,"Occasional decorated thick initials: ff. , , , , , , , , , , , , , , .",decInit,49v; 73r-85r; 86v; 89r; 112r-113r; 129r; 132r; 146v; 178r; 181r; 192r; 193r; 232r; 265v; 290r,49v 73r 86v 89r 112r 129r 132r 146v 178r 181r 192r 193r 232r 265v 290r,49v 85r 86v 89r 113r 129r 132r 146v 178r 181r 192r 193r 232r 265v 290r,,,,,,,,,,,,,,,,,,,,,,,,,,,,,
_deco_3,manuscript_12152,,,"Cambridge, University Library, MS Dd.4.16",part,,,,"Occasional decorated thick initials: ff. , , , .",decInit,292r-292v; 295r; 298r-301r; 303v,292r 295r 298r 303v,292v 295r 301r 303v,,,,,,,,,,,,,,,,,,,,,,,,,,,,,
_deco_1,manuscript_12153,,,"Cambridge, University Library, MS Dd.4.39",part,,,,"Rectangular headpieces in red ink precede psalms at the beginning of each kathisma on ff. , , , , , , , , , , , . On only the border of the headpiece was drawn, and ornament added within it in black ink by a later hand. The same occurred on . On a large square border was drawn for a headpiece but also apparently left empty before half of it was filled with a black ink drawing of Moses, probably by a later hand. Another hand later added another, much cruder drawing, apparently based on the first one.",headpiece,47r; 63v; 79v; 98r; 131v; 185v; 202v; 218r; 234r; 254v; 272v; 289v; 131v; f. 325r; f. 165r,47r 63v 79v 98r 131v 185v 202v 218r 234r 254v 272v 289v 131v 325r 165r,47r 63v 79v 98r 131v 185v 202v 218r 234r 254v 272v 289v 131v 325r 165r,,,,,,,,,,,,,,,,,,,,,,,,,,,,,
_deco_2,manuscript_12153,,,"Cambridge, University Library, MS Dd.4.39",part,,,,"Minor initials in red ink, with simple ornament, begin each line of verse, with slightly larger, ornamented initials at the beginning of each psalm, ode, troparion or prayer. Those at the beginning of the first psalm of each kathisma are often larger and more elaborate.",colInit,,,,,,,,,,,,,,,,,,,,,,,,,,,,,,,,
_deco_1,manuscript_12155,,,"Cambridge, University Library, MS Dd.4.42",manuscript,,MS-DD-00004-00042,,"The beginnings of sections are marked by minor initials in red ink, sometimes ornamented. Guide letters written in the outer margin to indicate which initials should be added survive on the edge of some folios (e.g. ).",colInit,ff. 102v-103v,102v,103v,,,,,,,,,,,,,,,,,,,,,,,,,,,,,
_deco_2,manuscript_12155,,,"Cambridge, University Library, MS Dd.4.42",manuscript,,MS-DD-00004-00042,,Divisions between texts are marked by line-fillers or vignettes in brown and red ink.,lineFill,,,,,,,,,,,,,,,,,,,,,,,,,,,,,,,,
_deco_1,manuscript_12158,,,"Cambridge, University Library, MS Dd.9.69",part,,,,The canon tables () have decorative surrounds in red ink.,canonTable,ff. 6r-10r,6r,10r,,,,,,,,,,,,,,,,,,,,,,,,,,,,,
_deco_10,manuscript_12158,,,"Cambridge, University Library, MS Dd.9.69",part,,,,Minor initials in red ink appear at the begining of sections of the text.,colInit,,,,,,,,,,,,,,,,,,,,,,,,,,,,,,,,
_deco_2,manuscript_12158,,,"Cambridge, University Library, MS Dd.9.69",part,,,,The start of the text of Eusebios () is preceded by a simple vignette in red ink.,vignette,f. 4r,4r,4r,,,,,,,,,,,,,,,,,,,,,,,,,,,,,
_deco_3,manuscript_12158,,,"Cambridge, University Library, MS Dd.9.69",part,,,,The text of Eusebios begins with a minor initial in red ink.,colInit,,,,,,,,,,,,,,,,,,,,,,,,,,,,,,,,
_deco_4,manuscript_12158,,,"Cambridge, University Library, MS Dd.9.69",part,,,,"Portrraits of the Evangelists accompany all four Gospels. Those of Matthew, Mark and Luke are in a 10th-century style and have either been cannibalised from an older manuscript or produced in an archaising style imitating an older exemplar. There is also a miniature of Christ as the Ancient of Days, surrounded by the symbols of the four Evangelists, on the same leaf as the miniature of St Luke. These two are of more recent date, and were perhaps painted at the time of the manuscript's original production or added when it was rebound with additional material added. However, these two miniatures seem too large for the manuscript, and this leaf too is perhaps reused from another original manuscript. 10th-century f. 13v Matthew ( )140 100 140100 f. 88v Mark ( )148 103 148103 f. 139r Christ with the symbols of the Evangelists ( )195 140 195140 f. 139v Luke ( )176 138 176138 f. 230v John ( )147 102 147102",miniature,,,,10th-century,,900,999,,gregorian,,,,,,,,,,,,,,,,,,,,,,,
_deco_5,manuscript_12158,,,"Cambridge, University Library, MS Dd.9.69",part,,,,"The Gospel of Matthew is preceded by a pyle, and the other three Gospels by rectangular headpieces, with vegetative or lozenge ornament, in bright red ink:- pyle f. 14r Matthew f. 89r Mark f. 140r Luke f. 231r John",headpiece,,,,,,,,,,,,,,,,,,,,,,,,,,,,,,,,
_deco_6,manuscript_12158,,,"Cambridge, University Library, MS Dd.9.69",part,,,,The text of each Gospel begins with a relatively small ornamented major initial in bright red ink. Minor initials in red ink frequently appear at the beginning of lines.,colInit,,,,,,,,,,,,,,,,,,,,,,,,,,,,,,,,
_deco_7,manuscript_12158,,,"Cambridge, University Library, MS Dd.9.69",part,,,,The start of the text of Revelation () is preceded by a simple vignette in red ink.,vignette,f. 295r,295r,295r,,,,,,,,,,,,,,,,,,,,,,,,,,,,,
_deco_8,manuscript_12158,,,"Cambridge, University Library, MS Dd.9.69",part,,,,"The text of Eusebios begins with a major initial with simple ornament, in red ink.",decInit,,,,,,,,,,,,,,,,,,,,,,,,,,,,,,,,
_deco_9,manuscript_12158,,,"Cambridge, University Library, MS Dd.9.69",part,,,,Minor initials in red ink frequently appear at the beginning of lines.,colInit,,,,,,,,,,,,,,,,,,,,,,,,,,,,,,,,
_deco_1,manuscript_12164,,,"Cambridge, University Library, MS Dd.8.3",manuscript,,MS-DD-00008-00003,,"The initial letters of headings and each section are written in red ink, occasionally slightly ornamented (e.g. ff. , ).",colInit,143v; 151v,143v 151v,143v 151v,,,,,,,,,,,,,,,,,,,,,,,,,,,,,
_deco_2,manuscript_12164,,,"Cambridge, University Library, MS Dd.8.3",manuscript,,MS-DD-00008-00003,,"A large hand with a pointing finger, similar in form to a manicule, has been drawn in pencil on , along with another, partially erased drawing.",drawing,151v,151v,151v,,,,,,,,,,,,,,,,,,,,,,,,,,,,,
_deco_1,manuscript_12165,,,"Cambridge, University Library, MS Dd.8.23",manuscript,,MS-DD-00008-00023,,"Most of the areas marked out for ornament have been left unfilled. However, a few rectangular headpieces of this sort have been filled with simple ornament in red ink:- f. 194v February f. 197v April f. 207r August",headpiece,,,,,,,,,,,,,,,,,,,,,,,,,,,,,,,,
_deco_2,manuscript_12165,,,"Cambridge, University Library, MS Dd.8.23",manuscript,,MS-DD-00008-00023,,"Vignettes in red ink precede a few sections:- f. 196v March f. 198v May f. 210v lections for various occasions Vignettes in red ink, or red and dark brown, also appear at the end of major sections of the lectionary (e.g. ff. 28r, 75r, 210r ).",vignette,,,,,,,,,,,,,,,,,,,,,,,,,,,,,,,,
_deco_3,manuscript_12165,,,"Cambridge, University Library, MS Dd.8.23",manuscript,,MS-DD-00008-00023,,"Simple but large major initials in red ink, by Hand B, have been placed at the beginning of sections of the lectionary, and smaller ones at the start of lections. Those for sections, and very occasionally those for lections (e.g. ) are drawn in outline, suggesting that they may have been intended for later infill with paint, which may also apply to the headpieces. At the beginning of the weeks of Mark the major initial has been omitted and a later hand has added one in brown ink (). Other initials have occasionally also been omitted and added by a later hand (e.g. ). Minor initials in red ink frequently appear in the main text at the beginning of lines, and at the beginning of lection headings in the menologion.",colInit,f. 32v; f. 129r; f. 191r,32v 129r 191r,32v 129r 191r,,,,,,,,,,,,,,,,,,,,,,,,,,,,,
_deco_4,manuscript_12165,,,"Cambridge, University Library, MS Dd.8.23",manuscript,,MS-DD-00008-00023,,"Outlines in red ink for pylai have been drawn at the beginning of a number of sections, but these decorations have not been filled in:- pylai synaxarion f. 28v weeks of Matthew f. 178v OctoberSimilarly, unfilled outlines for rectangular headpieces have been drawn at the beginnings of the following sections:- f. 76r weeks of Luke f. 129r weeks of Mark f. 151r lections of the Passion f. 173r September f. 181v November f. 184r December f. 189r January f. 200v June f. 204v July",unfilled,,,,,,,,,,,,,,,,,,,,,,,,,,,,,,,,
_deco_1,manuscript_12167,,,"Cambridge, University Library, MS Dd.10.42",manuscript,,MS-DD-00010-00042,,"The texts of Idylls 2-5 begin with a large and elaborate major initial in red ink: ff. , , , .",decInit,7r; 11v; 13v; 15v,7r 11v 13v 15v,7r 11v 13v 15v,,,,,,,,,,,,,,,,,,,,,,,,,,,,,
_deco_2,manuscript_12167,,,"Cambridge, University Library, MS Dd.10.42",manuscript,,MS-DD-00010-00042,,"Minor initials in red ink, with simple ornament on ff. , , , .",colInit,1r; 1v; 2r; 2v,1r 1v 2r 2v,1r 1v 2r 2v,,,,,,,,,,,,,,,,,,,,,,,,,,,,,
_deco_1,manuscript_12168,,,"Cambridge, University Library, MS Dd.10.54",part,,,,"Simple vignettes in brown ink, sometimes highlighted in translucent yellow wash, precede some sections. (e.g. ff. 48r, 149v).",vignette,,,,,,,,,,,,,,,,,,,,,,,,,,,,,,,,
_deco_2,manuscript_12168,,,"Cambridge, University Library, MS Dd.10.54",part,,,,"Small decorated initials in brown ink outline, sometimes with infill in translucent yellow wash, mark the beginning of sections, and headings are often highlighted with translucent yellow wash. (e.g. ff. , ).",decInit,65r; 149v,65r 149v,65r 149v,,,,,,,,,,,,,,,,,,,,,,,,,,,,,
_deco_3,manuscript_12168,,,"Cambridge, University Library, MS Dd.10.54",part,,,,"Simple line-fillers in brown ink, sometimes highlighted in translucent yellow wash, accompany the end of some sections and headings (e.g. ff. , ).",lineFill,65r; 76v,65r 76v,65r 76v,,,,,,,,,,,,,,,,,,,,,,,,,,,,,
_deco_4,manuscript_12168,,,"Cambridge, University Library, MS Dd.10.54",part,,,,There are enlarged and flourished initials in brown ink extending into the margin at the beginning of passages.,plainInit,,,,,,,,,,,,,,,,,,,,,,,,,,,,,,,,
_deco_5,manuscript_12168,,,"Cambridge, University Library, MS Dd.10.54",part,,,,There are enlarged initials in brown ink at the beginning of passages.,plainInit,,,,,,,,,,,,,,,,,,,,,,,,,,,,,,,,
_deco_1,manuscript_12169,,,"Cambridge, University Library, MS Dd.10.55",manuscript,,MS-DD-00010-00055,,"Crude vignettes in red or red and brown ink precede the beginning of the text and some sections (ff. , , ).",vignette,1r; 15v; 47r,1r 15v 47r,1r 15v 47r,,,,,,,,,,,,,,,,,,,,,,,,,,,,,
_deco_2,manuscript_12169,,,"Cambridge, University Library, MS Dd.10.55",manuscript,,MS-DD-00010-00055,,"Small major initials in red ink, with simple ornament, mark the beginning of some sections (e.g. ff. , ). Minor initials in red ink, sometimes with very simple ornament, mark the beginning of each section and sentence.",colInit,46v; 75v,46v 75v,46v 75v,,,,,,,,,,,,,,,,,,,,,,,,,,,,,
_deco_1,manuscript_12170,,,"Cambridge, University Library, MS Dd.11.54",part,,,,The thick red-ink major initials mark the start of a new work from .,colInit,f. 7r,7r,7r,,,,,,,,,,,,,,,,,,,,,,,,,,,,,
_deco_1,manuscript_12171,,,"Cambridge, University Library, MS Dd.11.70",part,,,,"Headpiece on ff. ,",headpiece,113v; 130r,1:113v 1:130r,1:113v 1:130r,,,,,,,,,,,,,,,,,,,,,,,,,,,,,
_deco_10,manuscript_12171,,,"Cambridge, University Library, MS Dd.11.70",part,,,,Minor initials written in a thin red-ink uncial within the body of the text.,colInit,,,,,,,,,,,,,,,,,,,,,,,,,,,,,,,,
_deco_11,manuscript_12171,,,"Cambridge, University Library, MS Dd.11.70",part,,,,Headpiece on,headpiece,f. 8r,3:8r,3:8r,,,,,,,,,,,,,,,,,,,,,,,,,,,,,
_deco_12,manuscript_12171,,,"Cambridge, University Library, MS Dd.11.70",part,,,,"Thick red-ink major initial on ff. , , , , , , , , , , , , , , , , ,",decInit,8r; 9v; 10r; 10v; 11v; 12r; 13v; 14r; 15v; 16r; 17r; 18r; 18v; 19v; 24r; 24v; 26r; 29r,3:8r 3:9v 3:10r 3:10v 3:11v 3:12r 3:13v 3:14r 3:15v 3:16r 3:17r 3:18r 3:18v 3:19v 3:24r 3:24v 3:26r 3:29r,3:8r 3:9v 3:10r 3:10v 3:11v 3:12r 3:13v 3:14r 3:15v 3:16r 3:17r 3:18r 3:18v 3:19v 3:24r 3:24v 3:26r 3:29r,,,,,,,,,,,,,,,,,,,,,,,,,,,,,
_deco_13,manuscript_12171,,,"Cambridge, University Library, MS Dd.11.70",part,,,,Minor initials written in a thin red-ink uncial within the body of the text.,colInit,,,,,,,,,,,,,,,,,,,,,,,,,,,,,,,,
_deco_2,manuscript_12171,,,"Cambridge, University Library, MS Dd.11.70",part,,,,"Thick red-ink major initials: e.g. on ff. , , , .",decInit,49r; 64v; 81r; 113v,1:49r 1:64v 1:81r 1:113v,1:49r 1:64v 1:81r 1:113v,,,,,,,,,,,,,,,,,,,,,,,,,,,,,
_deco_3,manuscript_12171,,,"Cambridge, University Library, MS Dd.11.70",part,,,,Minor initials written in a thin red-ink uncial within the body of the text to mark the quotations from the dramas.,colInit,,,,,,,,,,,,,,,,,,,,,,,,,,,,,,,,
_deco_4,manuscript_12171,,,"Cambridge, University Library, MS Dd.11.70",part,,,,"Ornamental line fillers at title headers: ff. , , .",lineFill,34r; 38v; 64v,1:34r 1:38v 1:64v,1:34r 1:38v 1:64v,,,,,,,,,,,,,,,,,,,,,,,,,,,,,
_deco_5,manuscript_12171,,,"Cambridge, University Library, MS Dd.11.70",part,,,,Rope motif headpiece within a reddish rectangle on .,headpiece,f. 229r,1:229r,1:229r,,,,,,,,,,,,,,,,,,,,,,,,,,,,,
_deco_6,manuscript_12171,,,"Cambridge, University Library, MS Dd.11.70",part,,,,"The thick red-ink major initials on ff. , , , .",decInit,229r; 229v; 236v; 243r,1:229r 1:229v 1:236v 1:243r,1:229r 1:229v 1:236v 1:243r,,,,,,,,,,,,,,,,,,,,,,,,,,,,,
_deco_7,manuscript_12171,,,"Cambridge, University Library, MS Dd.11.70",part,,,,Minor initials written in a thin red-ink uncial within the body of the text.,colInit,,,,,,,,,,,,,,,,,,,,,,,,,,,,,,,,
_deco_8,manuscript_12171,,,"Cambridge, University Library, MS Dd.11.70",part,,,,"Ornamental line fillers drawn in red ink on ff. , .",lineFill,229v; 236v,1:229v 1:236v,1:229v 1:236v,,,,,,,,,,,,,,,,,,,,,,,,,,,,,
_deco_9,manuscript_12171,,,"Cambridge, University Library, MS Dd.11.70",part,,,,Thick red-ink major initials on ff.,decInit,1r; 3v,2:1r 2:3v,2:1r 2:3v,,,,,,,,,,,,,,,,,,,,,,,,,,,,,
_deco_1,manuscript_12172,,,"Cambridge, University Library, MS Dd.11.90",manuscript,,MS-DD-00011-00090,,The text of each book or hypothesis and of various subsections within these begin with a minor initial in red ink.,colInit,,,,,,,,,,,,,,,,,,,,,,,,,,,,,,,,
_deco_1,manuscript_12174,,,"Cambridge, University Library, MS Dd.15.27",manuscript,,MS-DD-00015-00027,,The main text begins with a plaited headpiece in brown ink ().,headpiece,f. 8r,8r,8r,,,,,,,,,,,,,,,,,,,,,,,,,,,,,
_deco_1,manuscript_12175,,,"Cambridge, University Library, MS Ee.4.29",part,,,,Sections begin with simple minor initials in red ink.,colInit,,,,,,,,,,,,,,,,,,,,,,,,,,,,,,,,
_deco_1,manuscript_12175,,,"Cambridge, University Library, MS Ee.4.29*",manuscript,,MS-EE-00004-00029-AST,,Sections begin with simple minor initials in red ink.,colInit,,,,,,,,,,,,,,,,,,,,,,,,,,,,,,,,
_deco_2,manuscript_12175,,,"Cambridge, University Library, MS Ee.4.29",part,,,,Sections begin with simple minor initials in red ink.,colInit,,,,,,,,,,,,,,,,,,,,,,,,,,,,,,,,
_deco_1,manuscript_12176,,,"Cambridge, University Library, MS Ee.6.35",manuscript,,MS-EE-00006-00035,,The beginning of the text is preceded by a rather crude vignette in red ink ().,vignette,f. 5r,5r,5r,,,,,,,,,,,,,,,,,,,,,,,,,,,,,
_deco_2,manuscript_12176,,,"Cambridge, University Library, MS Ee.6.35",manuscript,,MS-EE-00006-00035,,"One section of the text, on , begins with an ornamented major initial in red.",decInit,f. 9r,9r,9r,,,,,,,,,,,,,,,,,,,,,,,,,,,,,
_deco_3,manuscript_12176,,,"Cambridge, University Library, MS Ee.6.35",manuscript,,MS-EE-00006-00035,,"Minor initials in red ink, with simple ornament, begin each section.",colInit,,,,,,,,,,,,,,,,,,,,,,,,,,,,,,,,
_deco_4,manuscript_12176,,,"Cambridge, University Library, MS Ee.6.35",manuscript,,MS-EE-00006-00035,,The colophon is accompanied by a crude rosette in brown ink ().,rosette,294v,294v,294v,,,,,,,,,,,,,,,,,,,,,,,,,,,,,
_deco_1,manuscript_12178,,,"Cambridge, University Library, MS Ff.1.24",part,,,,"The beginning of the first text is preceded by a pyle outlined in red, with gold infill (f. 1r). pyle The beginning of texts on ff. 104r and 203r are preceded by decorative bars in red ink with reserved white ornament.",headpiece,,,,,,,,,,,,,,,,,,,,,,,,,,,,,,,,
_deco_2,manuscript_12178,,,"Cambridge, University Library, MS Ff.1.24",part,,,,Plain two-line red minor initials placed in the margins throughout mark the beginning of sections of text.,colInit,,,,,,,,,,,,,,,,,,,,,,,,,,,,,,,,
_deco_3,manuscript_12178,,,"Cambridge, University Library, MS Ff.1.24",part,,,,"The beginning of sections on ff. , , , , and are preceded by simple vignettes in red ink.",vignette,207r; 219r; 228v; 231v; 236r,207r 219r 228v 231v 236r,207r 219r 228v 231v 236r,,,,,,,,,,,,,,,,,,,,,,,,,,,,,
_deco_4,manuscript_12178,,,"Cambridge, University Library, MS Ff.1.24",part,,,,The rubric heading for the first text () is gilded.,chrysography,f. 1r,1r,1r,,,,,,,,,,,,,,,,,,,,,,,,,,,,,
_deco_1,manuscript_12179,,,"Cambridge, University Library, MS Ff.1.26",manuscript,,MS-FF-00001-00026,,"Initials in ekthesis in red ink decorated with a vegetal motif, see e.g. ff. , .",decInit,1r; 19v-20r,1r 19v,1r 20r,,,,,,,,,,,,,,,,,,,,,,,,,,,,,
_deco_2,manuscript_12179,,,"Cambridge, University Library, MS Ff.1.26",manuscript,,MS-FF-00001-00026,,"Thick minor initials, written in red ink, see e.g. .",plainInit,f. 1v,1v,1v,,,,,,,,,,,,,,,,,,,,,,,,,,,,,
_deco_3,manuscript_12179,,,"Cambridge, University Library, MS Ff.1.26",manuscript,,MS-FF-00001-00026,,"Small friezes in red ink are traced passim in order to fill the lines, see ff. and .",lineFill,33v; 187r,33v 187r,33v 187r,,,,,,,,,,,,,,,,,,,,,,,,,,,,,
_deco_1,manuscript_12180,,,"Cambridge, University Library, MS Ff.1.30",part,,,,"The heading and the text begin with initials in red ink, with brown ink ornament ().",decInit,ii recto,ii recto,ii recto,,,,,,,,,,,,,,,,,,,,,,,,,,,,,
_deco_2,manuscript_12180,,,"Cambridge, University Library, MS Ff.1.30",part,,,,Sections begin with simple initials in red ink.,colInit,,,,,,,,,,,,,,,,,,,,,,,,,,,,,,,,
_deco_3,manuscript_12180,,,"Cambridge, University Library, MS Ff.1.30",part,,,,Some texts are preceded by simple vignettes in red ink.,vignette,,,,,,,,,,,,,,,,,,,,,,,,,,,,,,,,
_deco_1,manuscript_12181,,,"Cambridge, University Library, MS Ff.3.2",manuscript,,MS-FF-00003-00002,,Enlarged initials in brown ink appear frequently at the beginning of sections and sentences.,plainInit,,,,,,,,,,,,,,,,,,,,,,,,,,,,,,,,
_deco_1,manuscript_12182,,,"Cambridge, University Library, MS Ff.3.4",part,,,,plaited interlace in brown ink surmounted by a rhombus filled with a plaited motif,frieze,f. 1r,1r,1r,,,,,,,,,,,,,,,,,,,,,,,,,,,,,
_deco_10,manuscript_12182,,,"Cambridge, University Library, MS Ff.3.4",part,,,,"Red thick initials in red ink, in ekthesis, see e.g. .",plainInit,f. 161r,161r,161r,,,,,,,,,,,,,,,,,,,,,,,,,,,,,
_deco_2,manuscript_12182,,,"Cambridge, University Library, MS Ff.3.4",part,,,,chain motif surmounted by a knot,frieze,f. 11r,11r,11r,,,,,,,,,,,,,,,,,,,,,,,,,,,,,
_deco_3,manuscript_12182,,,"Cambridge, University Library, MS Ff.3.4",part,,,,"rope motif in brown ink, partially coloured in red; over it a cross in rope motif, coloured in red.",frieze,f. 14r,14r,14r,,,,,,,,,,,,,,,,,,,,,,,,,,,,,
_deco_4,manuscript_12182,,,"Cambridge, University Library, MS Ff.3.4",part,,,,knots and ropes,frieze,f. 27[a]r,27[a]r,27[a]r,,,,,,,,,,,,,,,,,,,,,,,,,,,,,
_deco_5,manuscript_12182,,,"Cambridge, University Library, MS Ff.3.4",part,,,,ropes and plaited motifs.,frieze,f. 43r,43r,43r,,,,,,,,,,,,,,,,,,,,,,,,,,,,,
_deco_6,manuscript_12182,,,"Cambridge, University Library, MS Ff.3.4",part,,,,Initials in ekthesis in red ink decorated with a vegetal motif on ff. and .,decInit,14r; f. 126r,14r 126r,14r 126r,,,,,,,,,,,,,,,,,,,,,,,,,,,,,
_deco_7,manuscript_12182,,,"Cambridge, University Library, MS Ff.3.4",part,,,,"Red thick initials in red ink, in ekthesis, see e.g. . The ink has faded on many leaves, see e.g. .",plainInit,f. 109r; f. 39v,109r 39v,109r 39v,,,,,,,,,,,,,,,,,,,,,,,,,,,,,
_deco_8,manuscript_12182,,,"Cambridge, University Library, MS Ff.3.4",part,,,,"ropes, sometimes coloured in red, see",frieze,f. 180r; f. 162r,180r 162r,180r 162r,,,,,,,,,,,,,,,,,,,,,,,,,,,,,
_deco_9,manuscript_12182,,,"Cambridge, University Library, MS Ff.3.4",part,,,,vegetal motifs.,frieze,f. 179r,179r,179r,,,,,,,,,,,,,,,,,,,,,,,,,,,,,
_deco_1,manuscript_12184,,,"Cambridge, University Library, MS Ff.3.30",manuscript,,MS-FF-00003-00030,,"On there is a pyle decorated with circles containing geometrical patterns, coloured in red and yellow. Another pyle is found on , containing a combination of geometrical patterns and interlaces, coloured in red and yellow.",pyle,f. 1r; f. 39r,1r 39r,1r 39r,,,,,,,,,,,,,,,,,,,,,,,,,,,,,
_deco_2,manuscript_12184,,,"Cambridge, University Library, MS Ff.3.30",manuscript,,MS-FF-00003-00030,,"On ff. , and there are headpieces traced in black ink, coloured in red, black and yellow, containing vegetal motifs and palmettes, supported by three geometrical elements.",headpiece,90r; 183r; 220r,90r 183r 220r,90r 183r 220r,,,,,,,,,,,,,,,,,,,,,,,,,,,,,
_deco_3,manuscript_12184,,,"Cambridge, University Library, MS Ff.3.30",manuscript,,MS-FF-00003-00030,,"On and there are rectangular bands, coloured in red and yellow, filled with a combination of vegetal and heart motifs. On ff. there is a frieze in red ink formed by a rectangular frame including a rope partially coloured in yellow; at the ends of the frieze, head and tail of a snake. A rope frieze in the form of a snake is also present on . Small red undulated vegetal friezes with pearls are present on ff. , and . There are also linear friezes in red ink, coloured in red, on , with a knot in red ink coloured in yellow, and on . A frieze in the form of a rope is found on .",frieze,f. 42r; f. 164r; f. 85r; f. 176r; 146r; 170r; 191r; f. 148r; f. 170r; 162r,42r 164r 85r 176r 146r 170r 191r 148r 170r 162r,42r 164r 85r 176r 146r 170r 191r 148r 170r 162r,,,,,,,,,,,,,,,,,,,,,,,,,,,,,
_deco_4,manuscript_12184,,,"Cambridge, University Library, MS Ff.3.30",manuscript,,MS-FF-00003-00030,,"On the initial is decorated with a yellow and red motif similar to that of the pyle present on the same folio. On there is an anthropomorphic initial with a hand, coloured in red and yellow. Interlace initial with vegetal ornaments, in ekthesis, traced in red ink and partially coloured in yellow on .",decInit,f. 1r; f. 183r; f. 90r,1r 183r 90r,1r 183r 90r,,,,,,,,,,,,,,,,,,,,,,,,,,,,,
_deco_5,manuscript_12184,,,"Cambridge, University Library, MS Ff.3.30",manuscript,,MS-FF-00003-00030,,"Minor thick initials in red ink with pearls (see e.g. ), and sometimes vegetal motifs (see e.g. ).",plainInit,f. 91r; f. 107v,91r 107v,91r 107v,,,,,,,,,,,,,,,,,,,,,,,,,,,,,
_deco_6,manuscript_12184,,,"Cambridge, University Library, MS Ff.3.30",manuscript,,MS-FF-00003-00030,,Hand B realized two decorated initials with palmettes in the same brown ink used for the text on .,decInit,f. 256v,256v,256v,,,,,,,,,,,,,,,,,,,,,,,,,,,,,
_deco_1,manuscript_12185,,,"Cambridge, University Library, MS Ff.4.3",manuscript,,MS-FF-00004-00003,,"Minor initials in red ink, sometimes slightly ornamented, mark the beginning of sections. Sentences in ff. begin with letters in red ink.",colInit,ff. 208r-235r,208r,235r,,,,,,,,,,,,,,,,,,,,,,,,,,,,,
_deco_2,manuscript_12185,,,"Cambridge, University Library, MS Ff.4.3",manuscript,,MS-FF-00004-00003,,"Vignettes in red ink precede the beginning of each major portion of the text: , , ,",vignette,1r; 11r; 206v; 209r,1r 11r 206v 209r,1r 11r 206v 209r,,,,,,,,,,,,,,,,,,,,,,,,,,,,,
_deco_3,manuscript_12185,,,"Cambridge, University Library, MS Ff.4.3",manuscript,,MS-FF-00004-00003,,The end of sections in are marked by simple line-fillers consisting of a horizontal bar in red ink.,lineFill,ff. 206v-238r,206v,238r,,,,,,,,,,,,,,,,,,,,,,,,,,,,,
_deco_4,manuscript_12185,,,"Cambridge, University Library, MS Ff.4.3",manuscript,,MS-FF-00004-00003,,"The end of text sections on ff. , is accompanied by vegetative cul-de-lampe ornament in black ink.",culDeLampe,208v; 237v-238r,208v 237v,208v 238r,,,,,,,,,,,,,,,,,,,,,,,,,,,,,
_deco_1,manuscript_12186,,,"Cambridge, University Library, MS Ff.4.2",part,,,,A plaited band in red ink precedes the beginning of the text ().,vignette,f. 2r,2r,2r,,,,,,,,,,,,,,,,,,,,,,,,,,,,,
_deco_2,manuscript_12186,,,"Cambridge, University Library, MS Ff.4.2",part,,,,The text begins with a slightly ornamented initial in red ink ().,decInit,f. 2r,2r,2r,,,,,,,,,,,,,,,,,,,,,,,,,,,,,
_deco_3,manuscript_12186,,,"Cambridge, University Library, MS Ff.4.2",part,,,,The end of the text is arranged in multiple tapering forms accompanied by simple cul-de-lampe ornament in red ink ().,culDeLampe,110v,110v,110v,,,,,,,,,,,,,,,,,,,,,,,,,,,,,
_deco_4,manuscript_12186,,,"Cambridge, University Library, MS Ff.4.2",part,,,,"The beginning of the text is preceded by a rectangular headpiece in brown and red ink, containing the title ().",headpiece,f. 111r,111r,111r,,,,,,,,,,,,,,,,,,,,,,,,,,,,,
_deco_5,manuscript_12186,,,"Cambridge, University Library, MS Ff.4.2",part,,,,"Bands of decoration in red ink, some very simple and others more elaborate, precede the beginning of some sections:- ff. , , , , , , , , , , . One of these is in a combination of brown and red ink, now discoloured ().",vignette,115r; 128v; 134r; 146v; 168r; 176r; 202r; 221r; 232v; 251r; f. 267v; f. 267v,115r 128v 134r 146v 168r 176r 202r 221r 232v 251r 267v 267v,115r 128v 134r 146v 168r 176r 202r 221r 232v 251r 267v 267v,,,,,,,,,,,,,,,,,,,,,,,,,,,,,
_deco_6,manuscript_12186,,,"Cambridge, University Library, MS Ff.4.2",part,,,,"Each section begins with an ornamented initial in red ink: , , , , , , , , , , , , ,",decInit,111r; 115r; 117v; 129r; 134r; 146v; 168r; 176r; 190v; 202r; 221r; 232v; 251r; f. 267v,111r 115r 117v 129r 134r 146v 168r 176r 190v 202r 221r 232v 251r 267v,111r 115r 117v 129r 134r 146v 168r 176r 190v 202r 221r 232v 251r 267v,,,,,,,,,,,,,,,,,,,,,,,,,,,,,
_deco_7,manuscript_12186,,,"Cambridge, University Library, MS Ff.4.2",part,,,,Minor initials in red ink appear very occasionally in the middle of the text (e.g. ).,colInit,f. 238v,238v,238v,,,,,,,,,,,,,,,,,,,,,,,,,,,,,
_deco_8,manuscript_12186,,,"Cambridge, University Library, MS Ff.4.2",part,,,,The end of one section is accompanied by a line-filler in red ink ().,lineFill,f. 190v,190v,190v,,,,,,,,,,,,,,,,,,,,,,,,,,,,,
_deco_9,manuscript_12186,,,"Cambridge, University Library, MS Ff.4.2",part,,,,The text at the end of a section on is arranged in multiple tapering forms accompanied by simple cul-de-lampe ornament in red ink.,culDeLampe,f. 175v,175v,175v,,,,,,,,,,,,,,,,,,,,,,,,,,,,,
_deco_1,manuscript_12188,,,"Cambridge, University Library, MS Ff.5.8",manuscript,,MS-FF-00005-00008,,Small headpiece outlined in by the copyist in brown in on wrongly marking the second book.,headpiece,f. 27v,27v,27v,,,,,,,,,,,,,,,,,,,,,,,,,,,,,
_deco_2,manuscript_12188,,,"Cambridge, University Library, MS Ff.5.8",manuscript,,MS-FF-00005-00008,,"Simple friezes on along with the headpiece, and on at the beginning of book 2.",frieze,f. 27v; f. 42r,27v 42r,27v 42,,,,,,,,,,,,,,,,,,,,,,,,,,,,,
_deco_3,manuscript_12188,,,"Cambridge, University Library, MS Ff.5.8",manuscript,,MS-FF-00005-00008,,"Thick red-ink initial on ; initials in brown ink on ff. , and .",colInit,f. 3r; 27v; 42r; 81v,3r 27v 42r 81v,3r 27v 42r 81v,,,,,,,,,,,,,,,,,,,,,,,,,,,,,
_deco_1,manuscript_12189,,,"Cambridge, University Library, MS Ff.6.32",manuscript,,MS-FF-00006-00032,,"Initials in ekthesis in red ink are decorated with a vegetal motif with scrollworks, see e.g. .",decInit,f. 2r,2r,2r,,,,,,,,,,,,,,,,,,,,,,,,,,,,,
_deco_2,manuscript_12189,,,"Cambridge, University Library, MS Ff.6.32",manuscript,,MS-FF-00006-00032,,Thick minor initials written in red ink see e.g. .,plainInit,f. 6r,6r,6r,,,,,,,,,,,,,,,,,,,,,,,,,,,,,
_deco_3,manuscript_12189,,,"Cambridge, University Library, MS Ff.6.32",manuscript,,MS-FF-00006-00032,,"Pearls and small crosses in brown and red ink are traced at the end of the prepositions and of books, see e.g. . Small crosses in brown ink are present in the upper margins of all leaves.",other,f. 10r,10r,10r,,,,,,,,,,,,,,,,,,,,,,,,,,,,,
_deco_1,manuscript_12190,,,"Cambridge, University Library, MS Gg.1.2",part,,,,"On there is a rectangular headpiece filled with branches and scrolls, coloured in red.",headpiece,f. 1r,1r,1r,,,,,,,,,,,,,,,,,,,,,,,,,,,,,
_deco_10,manuscript_12190,,,"Cambridge, University Library, MS Gg.1.2",part,,,,"Small flourishings, rinceaux in red ink are traced near some titles, see e.g. .",other,f. 320r,320r,320r,,,,,,,,,,,,,,,,,,,,,,,,,,,,,
_deco_11,manuscript_12190,,,"Cambridge, University Library, MS Gg.1.2",part,,,,"Initials in ekthesis, in red ink, are decorated with a simple vegetal motif, see e.g. .",decInit,f. 320r,320r,320r,,,,,,,,,,,,,,,,,,,,,,,,,,,,,
_deco_12,manuscript_12190,,,"Cambridge, University Library, MS Gg.1.2",part,,,,"There are also smaller thick initials in ekthesis in red ink, see e.g. .",plainInit,f. 319v,319v,319v,,,,,,,,,,,,,,,,,,,,,,,,,,,,,
_deco_2,manuscript_12190,,,"Cambridge, University Library, MS Gg.1.2",part,,,,"Small flourishings, rinceaux in red ink are traced near some titles, see e.g. .",other,ff. 64v-65r,64v,65r,,,,,,,,,,,,,,,,,,,,,,,,,,,,,
_deco_3,manuscript_12190,,,"Cambridge, University Library, MS Gg.1.2",part,,,,"Initials in ekthesis, in red ink, are decorated with a simple vegetal motif, see e.g. .",decInit,f. 1r,1r,1r,,,,,,,,,,,,,,,,,,,,,,,,,,,,,
_deco_4,manuscript_12190,,,"Cambridge, University Library, MS Gg.1.2",part,,,,"There are also smaller thick initials in ekthesis in red ink, see e.g. .",plainInit,f. 2v,2v,2v,,,,,,,,,,,,,,,,,,,,,,,,,,,,,
_deco_5,manuscript_12190,,,"Cambridge, University Library, MS Gg.1.2",part,,,,"On there is a rectangular headpiece filled with branches and scrolls, and 6 wheels, coloured in a now faded red ink.",headpiece,f. 73r,73r,73r,,,,,,,,,,,,,,,,,,,,,,,,,,,,,
_deco_6,manuscript_12190,,,"Cambridge, University Library, MS Gg.1.2",part,,,,"A small linear frieze in brown ink with clovers at both ends is used as line-filler to signal the beginning of the part dedicated to the masculine names, .",frieze,f. 91r,91r,91r,,,,,,,,,,,,,,,,,,,,,,,,,,,,,
_deco_7,manuscript_12190,,,"Cambridge, University Library, MS Gg.1.2",part,,,,"Small flourishings, rinceaux in red ink are traced near some titles, see e.g. ff. ,, , .",other,f. 129r; 136v; f. 179r; f. 249r,129r 136v 179r 249r,129r 136v 179r 249r,,,,,,,,,,,,,,,,,,,,,,,,,,,,,
_deco_8,manuscript_12190,,,"Cambridge, University Library, MS Gg.1.2",part,,,,"Initials in ekthesis, in red ink, decorated with a simple vegetal motif, see e.g. .",decInit,f. 136v,136v,136v,,,,,,,,,,,,,,,,,,,,,,,,,,,,,
_deco_9,manuscript_12190,,,"Cambridge, University Library, MS Gg.1.2",part,,,,"There are also smaller thick initials in ekthesis in red ink, see e.g. .",plainInit,f. 73r,73r,73r,,,,,,,,,,,,,,,,,,,,,,,,,,,,,
_deco_1,manuscript_12191,,,"Cambridge, University Library, MS Gg.2.33",part,,,,"The initial of the first work, in ekthesis and in red ink, is decorated with a vegetal motif with rinceaux.",decInit,,,,,,,,,,,,,,,,,,,,,,,,,,,,,,,,
_deco_10,manuscript_12191,,,"Cambridge, University Library, MS Gg.2.33",part,,,,", the text is accompanied passim by geometrical diagrams, traced in black ink, with letters in red.",drawing,ff. 112r-112v,112r,112v,,,,,,,,,,,,,,,,,,,,,,,,,,,,,
_deco_11,manuscript_12191,,,"Cambridge, University Library, MS Gg.2.33",part,,,,"Some diagrams accompany the texts on ff. , .",diagram,124r-125r; 128v,124r 128v,125r 128v,,,,,,,,,,,,,,,,,,,,,,,,,,,,,
_deco_12,manuscript_12191,,,"Cambridge, University Library, MS Gg.2.33",part,,,,"The first initial, in ekthesis and in red ink, is decorated with a simple vegetal motif with rinceaux (see ).",decInit,f. 180r,180r,180r,,,,,,,,,,,,,,,,,,,,,,,,,,,,,
_deco_13,manuscript_12191,,,"Cambridge, University Library, MS Gg.2.33",part,,,,"Thick initials in red ink in ekthesis, sometimes very simply decorated with points or strokes (see ).",plainInit,f. 191r,191r,191r,,,,,,,,,,,,,,,,,,,,,,,,,,,,,
_deco_14,manuscript_12191,,,"Cambridge, University Library, MS Gg.2.33",part,,,,"Some diagrams accompany the texts, see e.g. ff. , , .",diagram,180r; 182r; 191v-192r,180r 182r 191v,180r 182r 192r,,,,,,,,,,,,,,,,,,,,,,,,,,,,,
_deco_15,manuscript_12191,,,"Cambridge, University Library, MS Gg.2.33",part,,,,"Thick initials in red ink in ekthesis, sometimes very simply decorated (see ).",plainInit,f. 204r,204r,204r,,,,,,,,,,,,,,,,,,,,,,,,,,,,,
_deco_16,manuscript_12191,,,"Cambridge, University Library, MS Gg.2.33",part,,,,"Some diagrams accompany the text by Theodore Metochiotes, on ff. , , .",diagram,207r; 208r; 209r,207r 208r 209r,207r 208r 209r,,,,,,,,,,,,,,,,,,,,,,,,,,,,,
_deco_17,manuscript_12191,,,"Cambridge, University Library, MS Gg.2.33",part,,,,"Thick initials in red ink in ekthesis, sometimes very simply decorated (see ).",plainInit,f. 214r,214r,214r,,,,,,,,,,,,,,,,,,,,,,,,,,,,,
_deco_18,manuscript_12191,,,"Cambridge, University Library, MS Gg.2.33",part,,,,Some diagrams accompany the text on .,diagram,f. 221r,221r,221r,,,,,,,,,,,,,,,,,,,,,,,,,,,,,
_deco_19,manuscript_12191,,,"Cambridge, University Library, MS Gg.2.33",part,,,,"Two thick initials in red ink in ekthesis, one is very simply decorated, on .",plainInit,f. 233r,233r,233r,,,,,,,,,,,,,,,,,,,,,,,,,,,,,
_deco_2,manuscript_12191,,,"Cambridge, University Library, MS Gg.2.33",part,,,,On ff. and blank space was left for a title and an initial.,unfilled,23v; 52r,23v 52r,23v 52r,,,,,,,,,,,,,,,,,,,,,,,,,,,,,
_deco_20,manuscript_12191,,,"Cambridge, University Library, MS Gg.2.33",part,,,,"thick initials in black ink in ekthesis, sometimes very simply decorated, see e.g. .",plainInit,ff. 107r-109r ; f. 249v,107r 249v,109r 249v,,,,,,,,,,,,,,,,,,,,,,,,,,,,,
_deco_21,manuscript_12191,,,"Cambridge, University Library, MS Gg.2.33",part,,,,"There are some geometrical diagrams on , .",,ff. 252v-253v; ff. 107r-109r,252v 107r,253v 109r,,,,,,,,,,,,,,,,,,,,,,,,,,,,,
_deco_3,manuscript_12191,,,"Cambridge, University Library, MS Gg.2.33",part,,,,"Thick red-ink initials in ekthesis mark the start of a new work, or a new section, or a scholion, and sometimes are very simply decorated with points or strokes, see e.g. and .",plainInit,3r; 26v,3r 26v,3r 26v,,,,,,,,,,,,,,,,,,,,,,,,,,,,,
_deco_4,manuscript_12191,,,"Cambridge, University Library, MS Gg.2.33",part,,,,A clover and a leaf in red ink accompany the title on .,unspecified,f. 1r,1r,1r,,,,,,,,,,,,,,,,,,,,,,,,,,,,,
_deco_5,manuscript_12191,,,"Cambridge, University Library, MS Gg.2.33",part,,,,"Thick red-ink initials in ekthesis with a very simple decoration, see ff. , .",decInit,57r; 58v,57r 58v,57r 58v,,,,,,,,,,,,,,,,,,,,,,,,,,,,,
_deco_6,manuscript_12191,,,"Cambridge, University Library, MS Gg.2.33",part,,,,"Thick red-ink initials in ekthesis, see e.g. , sometimes very simply decorated with points or strokes.",plainInit,f. 65r,65r,65r,,,,,,,,,,,,,,,,,,,,,,,,,,,,,
_deco_7,manuscript_12191,,,"Cambridge, University Library, MS Gg.2.33",part,,,,"The text is accompanied by geometrical diagrams, traced in black ink, with letters and terms in red (see e.g. ff. , , , ).",diagram,68v; 70r; 71v; 259v-260r,68v 70r 71v 259v,68v 70r 71v 260r,,,,,,,,,,,,,,,,,,,,,,,,,,,,,
_deco_8,manuscript_12191,,,"Cambridge, University Library, MS Gg.2.33",part,,,,"Thick red-ink initials in ekthesis, see e.g. , sometimes very simply decorated, see e.g. .",plainInit,f. 83r; 84v,83r 84v,83r 84v,,,,,,,,,,,,,,,,,,,,,,,,,,,,,
_deco_9,manuscript_12191,,,"Cambridge, University Library, MS Gg.2.33",part,,,,"The text is accompanied throughout by geometrical diagrams, traced in black ink, with letters in red (see e.g. ).",drawing,f. 89v,89v,89v,,,,,,,,,,,,,,,,,,,,,,,,,,,,,
_deco_1,manuscript_12192,,,"Cambridge, University Library, MS Gg.2.34",manuscript,,MS-GG-00002-00034,,"At there is a small undulating frieze in red ink, with vines at the ends",frieze,f. 1r,1r,1r,,,,,,,,,,,,,,,,,,,,,,,,,,,,,
_deco_2,manuscript_12192,,,"Cambridge, University Library, MS Gg.2.34",manuscript,,MS-GG-00002-00034,,"One initial in ekthesis in red ink is decorated with a vegetal motif with pearls, on",decInit,f. 1r,1r,1r,,,,,,,,,,,,,,,,,,,,,,,,,,,,,
_deco_3,manuscript_12192,,,"Cambridge, University Library, MS Gg.2.34",manuscript,,MS-GG-00002-00034,,"Minor initials in red ink, some of them with small vegetal decorations (see e.g. ff. , ).",plainInit,13r; 14r,13r 14r,13r 14r,,,,,,,,,,,,,,,,,,,,,,,,,,,,,
_deco_4,manuscript_12192,,,"Cambridge, University Library, MS Gg.2.34",manuscript,,MS-GG-00002-00034,,"Diagrams accompany the texts at ff. , , , , , , , , .",diagram,8v; 9r; 9v; 10r; 10v; 11v; 13r; 14r; 16r,8v 9r 9v 10r 10v 11v 13r 14r 16r,8v 9r 9v 10r 10v 11v 13r 14r 16r,,,,,,,,,,,,,,,,,,,,,,,,,,,,,
_deco_1,manuscript_12194,,,"Cambridge, University Library, MS Gg.6.10",manuscript,,MS-GG-00006-00010,,"Small friezes in red ink are present at the beginning of the texts: on f. scrollworks with a vegetal motif; on f. interlace frieze divided in two parts, with title at the centre.",frieze,4r; 36v,4r 36v,4r 36v,,,,,,,,,,,,,,,,,,,,,,,,,,,,,
_deco_2,manuscript_12194,,,"Cambridge, University Library, MS Gg.6.10",manuscript,,MS-GG-00006-00010,,"Initials in ekthesis in red ink are decorated with a vegetal motif, see e.g. ff. and .",decInit,4r; 36v,4r 36v,4r 36v,,,,,,,,,,,,,,,,,,,,,,,,,,,,,
_deco_3,manuscript_12194,,,"Cambridge, University Library, MS Gg.6.10",manuscript,,MS-GG-00006-00010,,"Thick red-ink initials in ekthesis, see e.g. ff. .",plainInit,31r-31v,31r,31v,,,,,,,,,,,,,,,,,,,,,,,,,,,,,
_deco_4,manuscript_12194,,,"Cambridge, University Library, MS Gg.6.10",manuscript,,MS-GG-00006-00010,,"The first text is accompanied by some diagrams, see e.g. ff. , .",diagram,10r; 27v-29v,10r 27v,10r 29v,,,,,,,,,,,,,,,,,,,,,,,,,,,,,
_deco_1,manuscript_12196,,,"Cambridge, University Library, MS Hh.6.12",manuscript,,MS-HH-00006-00012,,"On the beginning of the Gospel of Matthew and the name of David are marked with minor initials in red ink, and the first letters of some other names are also rubricated.",collInit,f. 2r,2r,2r,,,,,,,,,,,,,,,,,,,,,,,,,,,,,
_deco_2,manuscript_12196,,,"Cambridge, University Library, MS Hh.6.12",manuscript,,MS-HH-00006-00012,,"Space has been left for initial letters at the beginning of the Gospels of Mark and Luke (ff. , ), with the letter marked in the corner of the area to be filled, but these have not been added.",unfilled,59r; 91r,59r 91r,59r 91r,,,,,,,,,,,,,,,,,,,,,,,,,,,,,
_deco_1,manuscript_12197,,,"Cambridge, University Library, MS Ii.3.25",manuscript,,MS-II-00003-00025,,"Ornamental friezes in red ink are drawn on the top of the rubrics beginning each homily: ff. , , , , , , , , , , ,",frieze,3r; 14r; 33r; 37v; 43r; 50r; 70v; 81v; 99v; 111r; 124r; 136v,3r 14r 33r 37v 43r 50r 70v 81v 99v 111r 124r 136v,3r 14r 33r 37v 43r 50r 70v 81v 99v 111r 124r 136v,,,,,,,,,,,,,,,,,,,,,,,,,,,,,
_deco_2,manuscript_12197,,,"Cambridge, University Library, MS Ii.3.25",manuscript,,MS-II-00003-00025,,Flourished major initials in red ink marking the start of homilies.,decInit,,,,,,,,,,,,,,,,,,,,,,,,,,,,,,,,
_deco_3,manuscript_12197,,,"Cambridge, University Library, MS Ii.3.25",manuscript,,MS-II-00003-00025,,Presence of set-out minor initials in a red-ink uncial script.,colInit,,,,,,,,,,,,,,,,,,,,,,,,,,,,,,,,
_deco_1,manuscript_12198,,,"Cambridge, University Library, MS Ii.4.16",manuscript,,MS-II-00004-00016,,"The beginning of the text is preceded by a rectangular headpiece in red ink, with plaited ornament ().",headpiece,f. 3r,3r,3r,,,,,,,,,,,,,,,,,,,,,,,,,,,,,
_deco_10,manuscript_12198,,,"Cambridge, University Library, MS Ii.4.16",manuscript,,MS-II-00004-00016,,Shorter lines are frequently completed with simple line-fillers in red ink.,lineFill,,,,,,,,,,,,,,,,,,,,,,,,,,,,,,,,
_deco_11,manuscript_12198,,,"Cambridge, University Library, MS Ii.4.16",manuscript,,MS-II-00004-00016,,Book 1,other,f. 21r,21r,21r,,,,,,,,,,,,,,,,,,,,,,,,,,,,,
_deco_12,manuscript_12198,,,"Cambridge, University Library, MS Ii.4.16",manuscript,,MS-II-00004-00016,,Book 2,other,f. 60r,60r,60r,,,,,,,,,,,,,,,,,,,,,,,,,,,,,
_deco_13,manuscript_12198,,,"Cambridge, University Library, MS Ii.4.16",manuscript,,MS-II-00004-00016,,Book 3,other,f. 111v,111v,111v,,,,,,,,,,,,,,,,,,,,,,,,,,,,,
_deco_14,manuscript_12198,,,"Cambridge, University Library, MS Ii.4.16",manuscript,,MS-II-00004-00016,,Book 4,other,ff. 158v-159r,158v,159r,,,,,,,,,,,,,,,,,,,,,,,,,,,,,
_deco_2,manuscript_12198,,,"Cambridge, University Library, MS Ii.4.16",manuscript,,MS-II-00004-00016,,Book 2,vignette,f. 23r,23r,23r,,,,,,,,,,,,,,,,,,,,,,,,,,,,,
_deco_3,manuscript_12198,,,"Cambridge, University Library, MS Ii.4.16",manuscript,,MS-II-00004-00016,,Book 3,vignette,61r,61r,61r,,,,,,,,,,,,,,,,,,,,,,,,,,,,,
_deco_4,manuscript_12198,,,"Cambridge, University Library, MS Ii.4.16",manuscript,,MS-II-00004-00016,,Book 4,vignette,113r,113r,113r,,,,,,,,,,,,,,,,,,,,,,,,,,,,,
_deco_5,manuscript_12198,,,"Cambridge, University Library, MS Ii.4.16",manuscript,,MS-II-00004-00016,,Book 1,decInit,f. 3r,3r,3r,,,,,,,,,,,,,,,,,,,,,,,,,,,,,
_deco_6,manuscript_12198,,,"Cambridge, University Library, MS Ii.4.16",manuscript,,MS-II-00004-00016,,Book 2,decInit,f. 23r,23r,23r,,,,,,,,,,,,,,,,,,,,,,,,,,,,,
_deco_7,manuscript_12198,,,"Cambridge, University Library, MS Ii.4.16",manuscript,,MS-II-00004-00016,,Book 3,decInit,f. 61r,61r,61r,,,,,,,,,,,,,,,,,,,,,,,,,,,,,
_deco_8,manuscript_12198,,,"Cambridge, University Library, MS Ii.4.16",manuscript,,MS-II-00004-00016,,Book 4,decInit,f. 113r,113r,113r,,,,,,,,,,,,,,,,,,,,,,,,,,,,,
_deco_9,manuscript_12198,,,"Cambridge, University Library, MS Ii.4.16",manuscript,,MS-II-00004-00016,,"Minor initials in red ink, with simple ornament, begin each sub-section, while the initial letters of important words are also often in red ink. Minor initials and rounded letters at the beginning of sub-sections frequently have infill in translucent yellow wash.",colInit,,,,,,,,,,,,,,,,,,,,,,,,,,,,,,,,
_deco_1,manuscript_12199,,,"Cambridge, University Library, MS Ii.5.44",part,,,,Reddish headpiece on,headpiece,f. 1r,1r,1r,,,,,,,,,,,,,,,,,,,,,,,,,,,,,
_deco_2,manuscript_12199,,,"Cambridge, University Library, MS Ii.5.44",part,,,,"Thick red-ink book initials along with palmettes in red ink on ff. , , , , , , , , , , , , , , , , , , , , .",colInit,1r; 15v; 30v; 38r; 44r; 52v; 60v; 69r; 74v; 84r; 87v; 94v; 102v; 107r; 115v; 121r; 121v; 131v; 134v; 136v; 143v,1r 15v 30v 38r 44r 52v 60v 69r 74v 84r 87v 94v 102v 107r 115v 121r 121v 131v 134v 136v 143v,1r 15v 30v 38r 44r 52v 60v 69r 74v 84r 87v 94v 102v 107r 115v 121r 121v 131v 134v 136v 143v,,,,,,,,,,,,,,,,,,,,,,,,,,,,,
_deco_3,manuscript_12199,,,"Cambridge, University Library, MS Ii.5.44",part,,,,"The inner spaces of some letters, especially those with a circular shape, and elongated alphas are filled in red.",other,,,,,,,,,,,,,,,,,,,,,,,,,,,,,,,,
_deco_1,manuscript_12200,,,"Cambridge, University Library, MS Ii.6.41",manuscript,,MS-II-00006-00041,,": title and double frame in red, cartouche in a gradient brown and golden borders",title-page,f. 1r,1r,1r,,,,,,,,,,,,,,,,,,,,,,,,,,,,,
_deco_2,manuscript_12200,,,"Cambridge, University Library, MS Ii.6.41",manuscript,,MS-II-00006-00041,,": title in blank contoured letters, double frame in green, cartouche in a gradient red and particular in green",title-page,f. 25r,25r,25r,,,,,,,,,,,,,,,,,,,,,,,,,,,,,
_deco_3,manuscript_12200,,,"Cambridge, University Library, MS Ii.6.41",manuscript,,MS-II-00006-00041,,": title in gold, cartouche in a gradient green with grapefruit.",title-page,f. 81r,81r,81r,,,,,,,,,,,,,,,,,,,,,,,,,,,,,
_deco_1,manuscript_12201,,,"Cambridge, University Library, MS Kk.5.6",part,,,,"Undulating linear friezes with clover leaves at both ends on ff. , , .",frieze,1r; 21r; 39r,1r 21r 39r,1r 21r 39r,,,,,,,,,,,,,,,,,,,,,,,,,,,,,
_deco_2,manuscript_12201,,,"Cambridge, University Library, MS Kk.5.6",part,,,,"Initials in ekthesis in red ink are decorated with a simple vegetal motif, see e.g. .",decInit,f. 1r,1r,1r,,,,,,,,,,,,,,,,,,,,,,,,,,,,,
_deco_3,manuscript_12201,,,"Cambridge, University Library, MS Kk.5.6",part,,,,"Diagrams have been traced by hand A passim in the margin of , and by hand B on ff. , , .",diagram,ff. 1r-55v; 58r; 59r; 60r-61r,1r 58r 59r 60r,55v 58r 59r 61r,,,,,,,,,,,,,,,,,,,,,,,,,,,,,
_deco_1,manuscript_12202,,,"Cambridge, University Library, MS Kk.5.7",manuscript,,MS-KK-00005-00007,,"Thick initials in red ink, see .",plainInit,f. 1r,1r,1r,,,,,,,,,,,,,,,,,,,,,,,,,,,,,
_deco_1,manuscript_12204,,,"Cambridge, University Library, MS Kk.5.9",manuscript,,MS-KK-00005-00009,,"Undulated linear frieze with clover leaves at both ends on ff. , and",frieze,8r; 84r,8r 84r,8r 84r,,,,,,,,,,,,,,,,,,,,,,,,,,,,,
_deco_2,manuscript_12204,,,"Cambridge, University Library, MS Kk.5.9",manuscript,,MS-KK-00005-00009,,"Initials in ekthesis in red ink are decorated with a simple vegetal motif, see e.g.",decInit,f. 8r,8r,8r,,,,,,,,,,,,,,,,,,,,,,,,,,,,,
_deco_1,manuscript_12205,,,"Cambridge, University Library, MS Kk.5.11",manuscript,,MS-KK-00005-00011,,On ff. and there are two small pylai in black ink with a vegetal motif of vine scrolls.,pyle,2r; 12v,2r 12v,2r 12v,,,,,,,,,,,,,,,,,,,,,,,,,,,,,
_deco_2,manuscript_12205,,,"Cambridge, University Library, MS Kk.5.11",manuscript,,MS-KK-00005-00011,,"Several friezes in black ink are present throughout the manuscipt. There are friezes with a vegetal motif of vine volute (see e.g. ), very simple linear friezes with vine leaves (see e.g. ), friezes with palmette motif (see e.g. ), friezes with clover motif (see e.g. ff. , , , ).",frieze,f. 3v; f. 4v; f. 5v; 8r; 11v; 185v; 281v,3v 4r 5v 8r 11v 185v 281v,3v 4r 5v 8r 11v 185v 281v,,,,,,,,,,,,,,,,,,,,,,,,,,,,,
_deco_3,manuscript_12205,,,"Cambridge, University Library, MS Kk.5.11",manuscript,,MS-KK-00005-00011,,"Initials in ekthesis in black ink are decorated with a vegetal motif with scrollworks, and clover and vine motifs see e.g. ff. , , .",decInit,12v; 48r; 53v,12v 48r 53v,12v 48r 53v,,,,,,,,,,,,,,,,,,,,,,,,,,,,,
_deco_4,manuscript_12205,,,"Cambridge, University Library, MS Kk.5.11",manuscript,,MS-KK-00005-00011,,Minor initials written in black ink see e.g. .,plainInit,ff. 2r-12r,2r,12r,,,,,,,,,,,,,,,,,,,,,,,,,,,,,
_deco_5,manuscript_12205,,,"Cambridge, University Library, MS Kk.5.11",manuscript,,MS-KK-00005-00011,,"Clovers and crosses in black ink are traced passim at the end of texts (see e.g. , , .",,12r; 258r; 281r,12r 258r 281r,12r 258r 281r,,,,,,,,,,,,,,,,,,,,,,,,,,,,,
_deco_1,manuscript_12206,,,"Cambridge, University Library, MS Kk.5.12",manuscript,,MS-KK-00005-00012,,The initial letters of each entry in are written in red ink.,colInit,ff. 1r-151r,1r,151r,,,,,,,,,,,,,,,,,,,,,,,,,,,,,
_deco_2,manuscript_12206,,,"Cambridge, University Library, MS Kk.5.12",manuscript,,MS-KK-00005-00012,,"Space has been left for rubrication of the initial letters of almost all headings in , but these have not been added.",unfilled,ff. 151v-165v,151v,165v,,,,,,,,,,,,,,,,,,,,,,,,,,,,,
_deco_1,manuscript_12207,,,"Cambridge, University Library, MS Kk.5.19",manuscript,,MS-KK-00005-00019,,"Major initials in red ink flourished with vegetative ornaments mark the start of a new text or a new book section of Thucydides’ Histories on ff. , , , , , , , , , . Some title headings of the manuscript are followed by ornamental line fillers drawn in red ink (e.g. ff. , ).",decInit,1r; 5v; 8v; 10r; 53r; 88r; 125r; 170r; 202v; 272v; 170r; 202v,1r 5v 8v 10r 53r 88r 125r 170r 202v 272v 170r 202v,1r 5v 8v 10r 53r 88r 125r 170r 202v 272v 170r 202v,,,,,,,,,,,,,,,,,,,,,,,,,,,,,
_deco_2,manuscript_12207,,,"Cambridge, University Library, MS Kk.5.19",manuscript,,MS-KK-00005-00019,,Some minor red-ink initials are written within the body of the text along with some rubricated marginal notes.,colInit,,,,,,,,,,,,,,,,,,,,,,,,,,,,,,,,
_deco_3,manuscript_12207,,,"Cambridge, University Library, MS Kk.5.19",manuscript,,MS-KK-00005-00019,,"The manuscript contains two sketches drawn in red ink in the lower margins of ff. and . The first sketch illustrates lines 12 to 16 of f. , corresponding to Histories, Book II, 13, 7. It consists of a map representing the city of Athens on the left, the harbour of Phalerum on the right, and the Phaleric walls joining the two. The scribe also provided the drawing with some informative inscriptions using words directly borrowed from the text of Thucydides. Those include indications of distances in Greek numerals and of the guarded (φυλαττόμενον) and unguarded areas (ἀφύλακτον) on the map. Although the second sketch is found on f. , it illustrates lines 2 to 8 of f. , which corresponds to Histories, Book II, 15, 4. It shows the city walls of Plataea reinforced by a wooden structure made to ensure the protection of the city from the siege of the Lacedaemonians. Although the sketch was originally accompanied by three inscriptions, the one located below the sketch is now lost to trimming. The two other ones are Πλαταία (“Plataea”), which is written within the top circle representing the city of Plataea, and ξύλινον τεῖχος (“wooden wall”), located on the right side of the sketch.",vignette,57v; 77r; 57v; 77r; 76v,57v 77r 57v 77r 76v,57v 77r 57v 77r 76v,,,,,,,,,,,,,,,,,,,,,,,,,,,,,
_deco_4,manuscript_12207,,,"Cambridge, University Library, MS Kk.5.19",manuscript,,MS-KK-00005-00019,,"Ornamental chevrons precede the remaining words which the scribe was unable to fit in the last line of a page (e.g. ff. , ).",,124r; 125r,124r 125r,124r 125r,,,,,,,,,,,,,,,,,,,,,,,,,,,,,
_deco_1,manuscript_12208,,,"Cambridge, University Library, MS Kk.5.25",part,,,,"The beginning of the text () is preceded by a rectangular headpiece containing a lion's head and vegetative ornament, in red, green, blue, purple, yellow and white paint, in a Renaissance style.",headpiece,f. 1r,1r,1r,,,,,,,,,,,,,,,,,,,,,,,,,,,,,
_deco_2,manuscript_12208,,,"Cambridge, University Library, MS Kk.5.25",part,,,,Simple vignettes in red ink precede most sections.,vignette,,,,,,,,,,,,,,,,,,,,,,,,,,,,,,,,
_deco_3,manuscript_12208,,,"Cambridge, University Library, MS Kk.5.25",part,,,,"The text begins with a major initial outlined in red, with translucent blue paint infill ().",decInit,f. 1r,1r,1r,,,,,,,,,,,,,,,,,,,,,,,,,,,,,
_deco_4,manuscript_12208,,,"Cambridge, University Library, MS Kk.5.25",part,,,,"Minor initials in red ink, with simple ornament, mark the beginning of some sections (e.g. ff. , ). Initials in red ink, of normal size or slightly expanded, mark the beginning of each entry. Some have been supplied or overwritten by another hand in bright red ink.",colInit,19r; 56v,19r 56v,19r 56v,,,,,,,,,,,,,,,,,,,,,,,,,,,,,
_deco_5,manuscript_12208,,,"Cambridge, University Library, MS Kk.5.25",part,,,,"Some sections, rather than a vignette, instead have a simple line-filler in red ink accompanying the heading.",lineFill,,,,,,,,,,,,,,,,,,,,,,,,,,,,,,,,
_deco_6,manuscript_12208,,,"Cambridge, University Library, MS Kk.5.25",part,,,,Simple vignettes in red ink precede most sections.,vignette,,,,,,,,,,,,,,,,,,,,,,,,,,,,,,,,
_deco_7,manuscript_12208,,,"Cambridge, University Library, MS Kk.5.25",part,,,,"Initials in red ink, of normal size or slightly expanded, mark the beginning of each entry. Some have been supplied or overwritten by another hand in bright red ink.",colInit,,,,,,,,,,,,,,,,,,,,,,,,,,,,,,,,
_deco_8,manuscript_12208,,,"Cambridge, University Library, MS Kk.5.25",part,,,,"Some sections, rather than a vignette, instead have a simple line-filler in red ink, in the same style, accompanying the heading.",lineFill,,,,,,,,,,,,,,,,,,,,,,,,,,,,,,,,
_deco_1,manuscript_12209,,,"Cambridge, University Library, MS Kk.5.26",part,,,,"On there is a pyle with a golden contour; in the pyle, coloured in red, blue and green, there are gilded linear motifs, lilies, two cartouches, on which is written, in gold, the motto of Francis I of France Erit Christianorum lumen in igne at auro praestantior.",pyle,f. 1r,1r,1r,,,,,,,,,,,,,,,,,,,,,,,,,,,,,
_deco_10,manuscript_12209,,,"Cambridge, University Library, MS Kk.5.26",part,,,,"The text is accompanied by geometrical illustrations, traced in black, with letters and terms in red (see, for example, ff. , ).",diagram,82v; 84r,82v 84r,82v 84r,,,,,,,,,,,,,,,,,,,,,,,,,,,,,
_deco_2,manuscript_12209,,,"Cambridge, University Library, MS Kk.5.26",part,,,,"On the lower part of , Francis I's emblem is enclosed in a laurel crown, with two putti at its sides; beneath, the dedication to king Francis is written in gold on a blue band with gilded frame: Francisci regis bibliothecae dicatus. The putti appear to belong to group ""a"" in Giovanni Onorio da Maglie's production (see Agati 2001, p. 106).",bas-de-page,f. 1r,1r,1r,,,,,,,,,,,,,,,,,,,,,,,,,,,Agati 2001,,
_deco_3,manuscript_12209,,,"Cambridge, University Library, MS Kk.5.26",part,,,,"On gilded initial on a coloured ground, divided in 4 squares, blue and red; in the ground, pen-flourished vegetal gilded decoration. On ff. and , initials in red ink decorated with a simple vegetal motif.",decInit,f. 1r; 8r; 14v,1r 8r 14v,1r 8r 14v,,,,,,,,,,,,,,,,,,,,,,,,,,,,,
_deco_4,manuscript_12209,,,"Cambridge, University Library, MS Kk.5.26",part,,,,"Around the titles on ff. and , three small vegetal motifs in red ink.",unspecified,8r; 14v,8r 14v,8r 14v,,,,,,,,,,,,,,,,,,,,,,,,,,,,,
_deco_5,manuscript_12209,,,"Cambridge, University Library, MS Kk.5.26",part,,,,On ff. and there are rectangular headpieces in red ink; the first is filled with triangular motifs; the second is filled with a repetitive geometrical pattern.,headpiece,20r; 53r,20r 53r,20r 53r,,,,,,,,,,,,,,,,,,,,,,,,,,,,,
_deco_6,manuscript_12209,,,"Cambridge, University Library, MS Kk.5.26",part,,,,"Friezes in a rope motif in red ink are present on ff. , , and . The rope on f. 44r has a dragon head at the right-hand end.",frieze,35r; 44r; 50v,35r 44r 50v,35r 44r 50v,,,,,,,,,,,,,,,,,,,,,,,,,,,,,
_deco_7,manuscript_12209,,,"Cambridge, University Library, MS Kk.5.26",part,,,,"Thick red-ink initials in ekthesis with a vegetal decoration, see ff. , , and . Minor initials in red ink, sometimes simply decorated, see e.g. .",decInit,20r; 44r; 55r; ff. 34v-35r,20r 44r 55r 34v,20r 44r 55r 35r,,,,,,,,,,,,,,,,,,,,,,,,,,,,,
_deco_8,manuscript_12209,,,"Cambridge, University Library, MS Kk.5.26",part,,,,"Thick red-ink initials, decorated with vegetal motifs and pearls: see, for example, , .",decInit,f. 64r; f. 72r,64r 72r,64r 72r,,,,,,,,,,,,,,,,,,,,,,,,,,,,,
_deco_9,manuscript_12209,,,"Cambridge, University Library, MS Kk.5.26",part,,,,"Minor initials, thick, in red ink: see, for example, .",initial,f. 101r,101r,101r,,,,,,,,,,,,,,,,,,,,,,,,,,,,,
_deco_1,manuscript_12211,,,"Cambridge, University Library, MS Kk.5.28",part,,,,On there is a plaited frieze in red ink.,frieze,f. 1r,1r,1r,,,,,,,,,,,,,,,,,,,,,,,,,,,,,
_deco_2,manuscript_12211,,,"Cambridge, University Library, MS Kk.5.28",part,,,,"Initials in ekthesis in red ink are decorated with a vegetal motif with pearls, see e.g.",decInit,f. 1r,1r,1r,,,,,,,,,,,,,,,,,,,,,,,,,,,,,
_deco_3,manuscript_12211,,,"Cambridge, University Library, MS Kk.5.28",part,,,,On there is a linear frieze with vine leaves in red ink. On there is a small undulating linear frieze with leaves in red ink.,frieze,f. 89r; f. 109r,89r 109r,89r 109r,,,,,,,,,,,,,,,,,,,,,,,,,,,,,
_deco_4,manuscript_12211,,,"Cambridge, University Library, MS Kk.5.28",part,,,,"Initials in ekthesis in red ink are decorated with a vegetal motif with pearls, at ff. , .",decInit,109r; 112v,109r 112v,109r 112v,,,,,,,,,,,,,,,,,,,,,,,,,,,,,
_deco_5,manuscript_12211,,,"Cambridge, University Library, MS Kk.5.28",part,,,,Minor initials in red ink at,plainInit,f. 89r,89r,89r,,,,,,,,,,,,,,,,,,,,,,,,,,,,,
_deco_1,manuscript_12212,,,"Cambridge, University Library, MS Kk.5.31",part,,,,"Initials in ekthesis in red ink are decorated with a vegetal motif with pearls, see e.g. .",decInit,f. 9r,9r,9r,,,,,,,,,,,,,,,,,,,,,,,,,,,,,
_deco_2,manuscript_12212,,,"Cambridge, University Library, MS Kk.5.31",part,,,,"Thick minor initials in red ink, see e.g. .",colInit,f. 13v,13v,13v,,,,,,,,,,,,,,,,,,,,,,,,,,,,,
_deco_3,manuscript_12212,,,"Cambridge, University Library, MS Kk.5.31",part,,,,"Blank space was left at the beginning of the text, , for the insertion of a bigger decorated inital.",unfilled,f. 1r,1r,1r,,,,,,,,,,,,,,,,,,,,,,,,,,,,,
_deco_4,manuscript_12212,,,"Cambridge, University Library, MS Kk.5.31",part,,,,"Simple initials in ekthesis in red ink, see e.g. .",decInit,f. 18r,18r,18r,,,,,,,,,,,,,,,,,,,,,,,,,,,,,
_deco_5,manuscript_12212,,,"Cambridge, University Library, MS Kk.5.31",part,,,,"Initials in ekthesis in a red ink are decorated with a vegetal motif with pearls, see e.g.",decInit,f. 43r,43r,43r,,,,,,,,,,,,,,,,,,,,,,,,,,,,,
_deco_6,manuscript_12212,,,"Cambridge, University Library, MS Kk.5.31",part,,,,Minor initials written in a red ink see e.g. .,colInit,f. 78v,78v,78v,,,,,,,,,,,,,,,,,,,,,,,,,,,,,
_deco_7,manuscript_12212,,,"Cambridge, University Library, MS Kk.5.31",part,,,,"Blanck space was left at the beginning of the text, , for the addition of a bigger decorated inital.",,f. 39r,39r,39r,,,,,,,,,,,,,,,,,,,,,,,,,,,,,
_deco_8,manuscript_12212,,,"Cambridge, University Library, MS Kk.5.31",part,,,,"Aelian's text is accompanied by illustrations, which represent formations and manoeuvres by means of simple small signs (circles, arrows...) and letters. They are traced by the scribe in black and red ink; circles have been colored sometimes in blue, green, red and gold (see e.g. ). They are present at , , , , , , , , , , , , , , , , , , .",drawing,ff. 44v-45r; 43r; 43v; 44v; 45r; 45v; 46v; 47v; 48r; 50v; 51r; 52r; 53r; 54r; 55r; 55v; 59v; 61r; 62v; 67r,44v 43r 43v 44v 45r 45v 46v 47v 48r 50v 51r 52r 53r 54r 55r 55v 59v 61r 62v 67r,45r 43r 43v 44v 45r 45v 46v 47v 48r 50v 51r 52r 53r 54r 55r 55v 59v 61r 62v 67r,,,,,,,,,,,,,,,,,,,,,,,,,,,,,
_deco_1,manuscript_12213,,,"Cambridge, University Library, MS Kk.5.35",manuscript,,MS-KK-00005-00035,,Empty space left for initials of Gospels and a minature on which were never executed.,,f. 193r,193r,193r,,,,,,,,,,,,,,,,,,,,,,,,,,,,,
_deco_2,manuscript_12213,,,"Cambridge, University Library, MS Kk.5.35",manuscript,,MS-KK-00005-00035,,Sample initials of the paragraphs are outlined in red ink.,colInit,,,,,,,,,,,,,,,,,,,,,,,,,,,,,,,,
_deco_1,manuscript_12214,,,"Cambridge, University Library, MS Kk.5.37",part,,,,A crude vegetative vignette in red ink precedes the beginning of the text (f. 1r).,vignette,,,,,,,,,,,,,,,,,,,,,,,,,,,,,,,,
_deco_2,manuscript_12214,,,"Cambridge, University Library, MS Kk.5.37",part,,,,"A small major initial in red ink, with simple ornament, marks the beginning of the text (). Minor initials in red ink mark the beginning of each section.",colInit,f. 1r,1r,1r,,,,,,,,,,,,,,,,,,,,,,,,,,,,,
_deco_3,manuscript_12214,,,"Cambridge, University Library, MS Kk.5.37",part,,,,Vertical scrolling decoration and asterisks follow the end of the text (),other,f. 149r,149r,149r,,,,,,,,,,,,,,,,,,,,,,,,,,,,,
_deco_1,manuscript_12215,,,"Cambridge, University Library, MS Kk.6.4",manuscript,,MS-KK-00006-00004,,The beginning of the text on is preceded by a pyle in red ink.,headpiece,f. 3r,3r,3r,,,,,,,,,,,,,,,,,,,,,,,,,,,,,
_deco_2,manuscript_12215,,,"Cambridge, University Library, MS Kk.6.4",manuscript,,MS-KK-00006-00004,,The text of each book or hypothesis begins with a simple minor initial in red ink.,collInit,,,,,,,,,,,,,,,,,,,,,,,,,,,,,,,,
_deco_1,manuscript_12216,,,"Cambridge, University Library, MS Kk.6.23",manuscript,,MS-KK-00006-00023,,Sample initials of the paragraphs are outlined in red ink.,colInit,,,,,,,,,,,,,,,,,,,,,,,,,,,,,,,,
_deco_1,manuscript_12218,,,"Cambridge, University Library, MS Kk.6.29",manuscript,,MS-KK-00006-00029,,"An enlarged, slightly ornamented initial marks the beginning of the text (. Initials in red ink mark the beginning of sections of the commentary ()",colInit,f. 1r; ff. 33r-163v,1r 33r,1r 163v,,,,,,,,,,,,,,,,,,,,,,,,,,,,,
_deco_1,manuscript_12219,,,"Cambridge, University Library, MS Kk.6.34",manuscript,,MS-KK-00006-00034,,A large tau decorated with floral motifs in brown ink marks the start of the text on ; this is the sole decorated initial.,decInit,f. 1r,1r,1r,,,,,,,,,,,,,,,,,,,,,,,,,,,,,
_deco_1,manuscript_12220,,,"Cambridge, University Library, MS Ll.2.13",manuscript,,MS-LL-00002-00013,,"On ff. , , and the initials of each Gospel are elegantly decorated, painted alternately in red in a blue rectangle, or in blue on a red one. The initial beta on f. 3r bears the coat of arms of Guillaume Budé. The initials of the chapters are drawn in gold in rectangles one line high alternately in red or blue.",decInit,3r; 53r; 86r; 142r,3r 53r 86r 142r,3r 53r 86r 142r,,,,,,,,,,,,,,,,,,,,,,,,,,,,,
_deco_2,manuscript_12220,,,"Cambridge, University Library, MS Ll.2.13",manuscript,,MS-LL-00002-00013,,The initials of the paragraphs are gilded.,colInit,,,,,,,,,,,,,,,,,,,,,,,,,,,,,,,,
_deco_1,manuscript_12221,,,"Cambridge, University Library, MS Ll.4.12",manuscript,,MS-LL-00004-00012,,Headpiece on f. .,headpiece,47r,47r,47r,,,,,,,,,,,,,,,,,,,,,,,,,,,,,
_deco_2,manuscript_12221,,,"Cambridge, University Library, MS Ll.4.12",manuscript,,MS-LL-00004-00012,,"Thick red-ink major initials throughout the manuscript, e.g. ff. , .",decInit,1r; 21r,1r 21r,1r 21r,,,,,,,,,,,,,,,,,,,,,,,,,,,,,
_deco_3,manuscript_12221,,,"Cambridge, University Library, MS Ll.4.12",manuscript,,MS-LL-00004-00012,,"Minor initials written in a thin red-ink uncial throughout the manuscript, e.g. f. .",colInit,2r,2r,2r,,,,,,,,,,,,,,,,,,,,,,,,,,,,,
_deco_1,manuscript_12224,,,"Cambridge, University Library, MS Ll.5.4",manuscript,,MS-LL-00005-00004,,"Diagrams drawn in black ink, by the main scribe (pp. 26-27, 30, 44, 93-94, 203, 242-243, p. 248).",diagram,,,,,,,,,,,,,,,,,,,,,,,,,,,,,,,,
_deco_2,manuscript_12224,,,"Cambridge, University Library, MS Ll.5.4",manuscript,,MS-LL-00005-00004,,Sketches drawn in black ink of two animals (p. 6 bis).,sketch,,,,,,,,,,,,,,,,,,,,,,,,,,,,,,,,
_deco_1,manuscript_12225,,,"Cambridge, University Library, MS Mm.1.11",manuscript,,MS-MM-00001-00011,,"The tragedies and the argumenta are preceded by headpieces in red ink (), with birds (f. 30r) or rectangular headpiece with vegetative ornament in red ink () or brown ink ().",headpiece,f. 1v; f. 30v; f. 71v,1v 30v 71v,1v 30v 71v,,,,,,,,,,,,,,,,,,,,,,,,,,,,,
_deco_2,manuscript_12225,,,"Cambridge, University Library, MS Mm.1.11",manuscript,,MS-MM-00001-00011,,"The thick red-ink major initials in floral pattern mark the start of a new work or argument, and of most of the scholia in ff. 1-33 (see ). In an head replaces an omicron.",decInit,f. 26v; f. 30r,26v 30r,26v 30r,,,,,,,,,,,,,,,,,,,,,,,,,,,,,
_deco_3,manuscript_12225,,,"Cambridge, University Library, MS Mm.1.11",manuscript,,MS-MM-00001-00011,,Minor initials written in a thin red-ink uncial within the body of the text.,colInit,,,,,,,,,,,,,,,,,,,,,,,,,,,,,,,,
_deco_4,manuscript_12225,,,"Cambridge, University Library, MS Mm.1.11",manuscript,,MS-MM-00001-00011,,"The manuscript contains sketches drawn in pale brown or red ink in the margins of ff. ; human figures: , ; birds: ; , , .",drawing,7v; 14r; 14v; 24v; 26v; 30r; 55r,7v 14r 14v 24v 26v 30r 55r,7v 14r 14v 24v 26v 30r 55r,,,,,,,,,,,,,,,,,,,,,,,,,,,,,
_deco_1,manuscript_12226,,,"Cambridge, University Library, MS Mm.1.17",part,,,,"Initials in ekthesis in red ink decorated with a simple vegetal motif, see e.g. .",decInit,f. 20r,20r,20r,,,,,,,,,,,,,,,,,,,,,,,,,,,,,
_deco_2,manuscript_12226,,,"Cambridge, University Library, MS Mm.1.17",part,,,,"Simple thick initials in red ink, see e.g..",plainInit,f. 35v,35v,35v,,,,,,,,,,,,,,,,,,,,,,,,,,,,,
_deco_3,manuscript_12226,,,"Cambridge, University Library, MS Mm.1.17",part,,,,"Small vegetal friezes in black and red ink on ff. , , .",frieze,87r; 95r; 117r,87r 95r 117r,87r 95r 117r,,,,,,,,,,,,,,,,,,,,,,,,,,,,,
_deco_4,manuscript_12226,,,"Cambridge, University Library, MS Mm.1.17",part,,,,"Simple thick initials in red ink, sometimes with small decorative strokes, see e.g..",plainInit,f. 95r,95r,95r,,,,,,,,,,,,,,,,,,,,,,,,,,,,,
_deco_5,manuscript_12226,,,"Cambridge, University Library, MS Mm.1.17",part,,,,"Vegetal decorative motif in the upper margin, before the beginning of the text, on .",other,f. 64r,64r,64r,,,,,,,,,,,,,,,,,,,,,,,,,,,,,
_deco_1,manuscript_12227,,,"Cambridge, University Library, MS Mm.6.9",manuscript,,MS-MM-00006-00009,,"Gospels and Acts are preceded by rectangular headpieces with vegetative ornament, in red ink:- f. 1r Matthew f. 39r Mark f. 63r Luke f. 103r John f. 135r ActsThe beginning of the Epistles (f. 180r) is preceded by the slightly decorated boundary markings for another such headpiece, but the ornament within it and at the corners (for which gaps were left) was not added. These were supplied by a later hand in black ink.",headpiece,,,,,,,,,,,,,,,,,,,,,,,,,,,,,,,,
_deco_2,manuscript_12227,,,"Cambridge, University Library, MS Mm.6.9",manuscript,,MS-MM-00006-00009,,"Vignettes in red and black ink, with animal heads or occasionally vegetative ornament at their terminals, mark the end of each Gospel (e.g. ff. 338r, 102v), and the end of some Epistles or hypotheses and the beginning of the next (e.g. ff. 258v-259r, 263v-264r).",vignette,,,,,,,,,,,,,,,,,,,,,,,,,,,,,,,,
_deco_3,manuscript_12227,,,"Cambridge, University Library, MS Mm.6.9",manuscript,,MS-MM-00006-00009,,"The canon tables (ff. ) have decorative surrounds in red ink, with architectural and vegetative ornament.",canonTable,i recto-v recto,i recto,v recto,,,,,,,,,,,,,,,,,,,,,,,,,,,,,
_deco_4,manuscript_12227,,,"Cambridge, University Library, MS Mm.6.9",manuscript,,MS-MM-00006-00009,,"The text of each book or hypothesis begins with a relatively small ornamented major initial in red ink, in the same style as the headpieces. That for Matthew (f. 1r) is more ornate than the others, in the same style as the accompanying headpiece. Minor initials in red ink frequently appear at the beginning of lines.",collInit,,,,,,,,,,,,,,,,,,,,,,,,,,,,,,,,
_deco_5,manuscript_12227,,,"Cambridge, University Library, MS Mm.6.9",manuscript,,MS-MM-00006-00009,,"Line-fillers in red and black ink, with vegetative terminals, accompany the end or beginning of some Epistles and hypotheses (e.g. ff. , ).",lineFill,272r; 276v-277r,272r 276v,272r 277r,,,,,,,,,,,,,,,,,,,,,,,,,,,,,
_deco_6,manuscript_12227,,,"Cambridge, University Library, MS Mm.6.9",manuscript,,MS-MM-00006-00009,,"Rectangular boundaries for miniatures, presumably author portraits, have been marked out preceding one Epistle by each writer, but these have never been added:- f. 179v James f. 190r 2 Peter f. 194r 1 John f. 200v Jude f. 203r RomansFrom this it may be conjectured that the pages left blank between books among the Gospels and Acts (ff. v verso-vi verso, 38v, 62r-62v, 132v-134v) were originally intended for larger miniatures, including Evangelist portraits, but that these two were never added, leaving the space free for Hand C to fill them with text at a later date.",unfilled,,,,,,,,,,,,,,,,,,,,,,,,,,,,,,,,
_deco_1,manuscript_12230,,,"Cambridge, University Library, MS Nn.1.21",manuscript,,MS-NN-00001-00021,,"Each homily begins with a major initial in brown ink, usually slightly ornamented. Enlarged minor initials in brown ink mark the beginning of paragraphs.",plainInit,,,,,,,,,,,,,,,,,,,,,,,,,,,,,,,,
_deco_2,manuscript_12230,,,"Cambridge, University Library, MS Nn.1.21",manuscript,,MS-NN-00001-00021,,"Very simple vignettes, line-fillers and other basic ornament in brown ink accompany the beginning and end of homilies. A crude, later vignette in brown ink with infill in translucent green paint precedes the beginning of the text ().",vignette,f. 1r,1r,1r,,,,,,,,,,,,,,,,,,,,,,,,,,,,,
_deco_3,manuscript_12230,,,"Cambridge, University Library, MS Nn.1.21",manuscript,,MS-NN-00001-00021,,"Quatrefoil plaits in brown ink outline, sometimes with red paint infill, have been used to highlight certain points in the text (ff. , ).",other,42r; 48r,42r 48r,42r 48r,,,,,,,,,,,,,,,,,,,,,,,,,,,,,
_deco_1,manuscript_12231,,,"Cambridge, University Library, MS Nn.1.23",manuscript,,MS-NN-00001-00023,,The beginning of the text on f. 1*v is preceded by a rectangular headpiece with acanthus leaves in black and red ink. A rectangular headpiece in brown ink opens each text from f. 3v to f. 230r. Minor hair-line decoration on f. 22v and from f. 244r.,headpiece,,,,,,,,,,,,,,,,,,,,,,,,,,,,,,,,
_deco_2,manuscript_12231,,,"Cambridge, University Library, MS Nn.1.23",manuscript,,MS-NN-00001-00023,,"A large ornate intial, outlined in red and black ink, is present on f. 1*v. Decorated intials in each text and throughout the manuscript, in brown ink, from f. 3v.",decInit,,,,,,,,,,,,,,,,,,,,,,,,,,,,,,,,
_deco_1,manuscript_12232,,,"Cambridge, University Library, MS Nn.1.24",manuscript,,MS-NN-00001-00024,,"Major initials in floral pattern, drawn with thick red ink: ff. 1r, 3v, 5v, 6r, 21r, 23r, 24v",decInit,,,,,,,,,,,,,,,,,,,,,,,,,,,,,,,,
_deco_2,manuscript_12232,,,"Cambridge, University Library, MS Nn.1.24",manuscript,,MS-NN-00001-00024,,"Paragraph initials outlined in red ink, with simple decoration.",colInit,,,,,,,,,,,,,,,,,,,,,,,,,,,,,,,,
_deco_3,manuscript_12232,,,"Cambridge, University Library, MS Nn.1.24",manuscript,,MS-NN-00001-00024,,Diagram on .,diagram,f. 11r,11r,11r,,,,,,,,,,,,,,,,,,,,,,,,,,,,,
_deco_1,manuscript_12237,,,"Cambridge, University Library, MS Nn.2.34",manuscript,,MS-NN-00002-00034,,"Headpieces incorporate the rubrics at the beginning of each book: , , , , , , .",headpiece,f. 27v; f. 62r; f. 90v; f. 121r; f. 138r; f. 153v; f. 179r; f. 195v,27r 62r 90v 121r 138r 153v 179r 195v,27v 62r 90v 121r 138r 153v 179r 195v,,,,,,,,,,,,,,,,,,,,,,,,,,,,,
_deco_2,manuscript_12237,,,"Cambridge, University Library, MS Nn.2.34",manuscript,,MS-NN-00002-00034,,Thick red-ink major initials at the beginning of each book.,decInit,,,,,,,,,,,,,,,,,,,,,,,,,,,,,,,,
_deco_1,manuscript_12238,,,"Cambridge, University Library, MS Nn.2.36",manuscript,,MS-NN-00002-00036,,"Gospels are preceded by hollow rectangular headpieces with vegetative ornament surrounding the heading, in red, blue, green and white paint and gold:- f. 10r Matthew f. 74r Mark f. 115r Luke f. 179r JohnThe beginning of other major sections are preceded by narrower rectangular headpieces in the same style:- f. 1r Eusebius's Letter to Karpianos f. 8v Κεφάλαια to Matthew f. 72r Κεφάλαια to Mark f. 110r Κεφάλαια to Luke f. 176v Κεφάλαια to John f. 225r Summary lectionaryA simple, narrow headpiece in purple ink marks the beginning of the summary menologion (f. 230r). menologion",headpiece,,,,,,,,,,,,,,,,,,,,,,,,,,,,,,,,
_deco_2,manuscript_12238,,,"Cambridge, University Library, MS Nn.2.36",manuscript,,MS-NN-00002-00036,,"Vignettes in purple ink mark the end of chapter lists, the beginning of some sections of the summary lectionary, the beginning and end of subscriptions to Gospels (or the end of Gospels where no subscription is present), and the beginning and end of the colophon (e.g. ff. 9v, 110r 176r-176v, 224v, 227r, 235r).",vignette,,,,,,,,,,,,,,,,,,,,,,,,,,,,,,,,
_deco_3,manuscript_12238,,,"Cambridge, University Library, MS Nn.2.36",manuscript,,MS-NN-00002-00036,,"The canon tables () have decorative surrounds in brown crayon and purple ink, with architectural and vegetative ornament, and on . Some pages have been provided with infill in red and blue paint, others only with line ornament in purple ink.",canonTable,ff. 2v-8v; f. 7v,2v 7v,8v 7v,,,,,,,,,,,,,,,,,,,,,,,,,,,,,
_deco_4,manuscript_12238,,,"Cambridge, University Library, MS Nn.2.36",manuscript,,MS-NN-00002-00036,,"Each Gospel begins with a large major initial in the same style as their headpieces:- f. 10r Matthew f. 74r Mark f. 115r Luke f. 179r JohnIn the initial letter of the Gospel of John, an epsilon, the central bar takes the form of an arm and hand, as was common; more unusually, the hand is shown not in a gesture of blessing, but grasping the following letter. epsilonThe summary lectionary begins with a much smaller gilded and ornamented initial (f. 225r).",decInit,,,,,,,,,,,,,,,,,,,,,,,,,,,,,,,,
_deco_5,manuscript_12238,,,"Cambridge, University Library, MS Nn.2.36",manuscript,,MS-NN-00002-00036,,"The beginning of each Ammonian section is marked by a rubricated minor initial, sometimes with simple ornament, appearing at the beginning of the next line where the section begins in mid-line. Initials of the same style begin each entry in the summary lectionary.",collInit,,,,,,,,,,,,,,,,,,,,,,,,,,,,,,,,
_deco_6,manuscript_12238,,,"Cambridge, University Library, MS Nn.2.36",manuscript,,MS-NN-00002-00036,,"The headings of each Gospel and the minor initials on the first page of each Gospel have been gilded, as has the initial letter to the heading at the beginning of the summary lectionary ().",chrysography,f. 225r,225r,225r,,,,,,,,,,,,,,,,,,,,,,,,,,,,,
_deco_7,manuscript_12238,,,"Cambridge, University Library, MS Nn.2.36",manuscript,,MS-NN-00002-00036,,"Line-fillers in purple ink, with vegetative terminals, accompany the end of most sections of the summary lectionary (ff. , ).",lineFill,220r; 230v-234v,220r 230v,220r 234v,,,,,,,,,,,,,,,,,,,,,,,,,,,,,
_deco_8,manuscript_12238,,,"Cambridge, University Library, MS Nn.2.36",manuscript,,MS-NN-00002-00036,,"Semicircular areas of ornament have been marked out in brown crayon at the bottom of ), but these have not been added.",unfilled,f. 9v,9v,9v,,,,,,,,,,,,,,,,,,,,,,,,,,,,,
_deco_1,manuscript_12239,,,"Cambridge, University Library, MS Nn.2.39",manuscript,,MS-NN-00002-00039,,"Headpieces in red ink on ff. ,",headpiece,ii recto,ii recto,ii recto,,,,,,,,,,,,,,,,,,,,,,,,,,,,,
_deco_2,manuscript_12239,,,"Cambridge, University Library, MS Nn.2.39",manuscript,,MS-NN-00002-00039,,Sample initials of the paragraphs are outlined in red ink.,colInit,,,,,,,,,,,,,,,,,,,,,,,,,,,,,,,,
_deco_1,manuscript_12241,,,"Cambridge, University Library, MS Nn.3.3",manuscript,,MS-NN-00003-00003,,The Thoman Life of Aristophanes and Plutus are preceded by rectangular headpieces with vegetative ornament in red ink: ff. and . Blank space is left for a headpiece on f. .,headpiece,1r; 2r; 40r,1r 2r 40r,1r 2r 40r,,,,,,,,,,,,,,,,,,,,,,,,,,,,,
_deco_2,manuscript_12241,,,"Cambridge, University Library, MS Nn.3.3",manuscript,,MS-NN-00003-00003,,"Minor initials in red ink, with simple ornament on ff. , and at the begin of each scholion.",colInit,1v; 39v,1v 39v,1v 39v,,,,,,,,,,,,,,,,,,,,,,,,,,,,,
_deco_1,manuscript_12242,,,"Cambridge, University Library, MS Nn.3.8",manuscript,,MS-NN-00003-00008,,The texts of Catoptrics () and Optics ( are accompanied by diagrams in brown ink by the scribe.,diagram,"ff. 1r-15r; ff. 35r-40v, 57r-80r",1r 35r,15r 80v,,,,,,,,,,,,,,,,,,,,,,,,,,,,,
_deco_1,manuscript_12243,,,"Cambridge, University Library, MS Nn.3.13",manuscript,,MS-NN-00003-00013,,"The beginnigs of Orestes and Disticha Catonis are preceded by rectangular headpieces or vegetative ornament in red ink (ff. , , ).",headpiece,69r; 158r; 159r,69r 158r 159r,69r 158r 159r,,,,,,,,,,,,,,,,,,,,,,,,,,,,,
_deco_2,manuscript_12243,,,"Cambridge, University Library, MS Nn.3.13",manuscript,,MS-NN-00003-00013,,"The thick red-ink major initials in floral pattern mark the start of a new work or argument, and of most of the scholia.",colInit,,,,,,,,,,,,,,,,,,,,,,,,,,,,,,,,
_deco_1,manuscript_12244,,,"Cambridge, University Library, MS Nn.3.14",part,,,,"The beginning of the texts on ff. 1r, 33v and 78r are preceded by rectangular headpieces or vegetative ornament in red ink.",headpiece,,,,,,,,,,,,,,,,,,,,,,,,,,,,,,,,
_deco_2,manuscript_12244,,,"Cambridge, University Library, MS Nn.3.14",part,,,,"The texts on ff. , , and begin with an enlarged ornamental initial, outlined in red ink. Some initials are more ornate, with vegetative motives.",decInit,1r; 2v; 33v; 78r,1r 2v 33v 78r,1r 2v 33v 78r,,,,,,,,,,,,,,,,,,,,,,,,,,,,,
_deco_3,manuscript_12244,,,"Cambridge, University Library, MS Nn.3.14",part,,,,"Thick red-ink initials mark the start of a new work or argument, and of most of the scholia.",colInit,,,,,,,,,,,,,,,,,,,,,,,,,,,,,,,,
_deco_1,manuscript_12245,,,"Cambridge, University Library, MS Nn.3.15",part,,,,"Enlarged ornamental initial, outlined in red ink on ff. and .",decInit,2r; 23r,1:2r 1:23r,1:2r 1:23r,,,,,,,,,,,,,,,,,,,,,,,,,,,,,
_deco_2,manuscript_12245,,,"Cambridge, University Library, MS Nn.3.15",part,,,,The thick red-ink initials mark the beginning of the hypothesis and of most of the scholia.,colInit,,,,,,,,,,,,,,,,,,,,,,,,,,,,,,,,
_deco_3,manuscript_12245,,,"Cambridge, University Library, MS Nn.3.15",part,,,,"The beginning of the texts on ff. 76r, 76v and 114r are preceded by rectangular headpieces in red ink.",headpiece,,,,,,,,,,,,,,,,,,,,,,,,,,,,,,,,
_deco_4,manuscript_12245,,,"Cambridge, University Library, MS Nn.3.15",part,,,,"The texts on ff. , , begin with ornate initials, outlined in red ink; the horizontal line of the lunate epsilon on f. 76v is rendered with one hand.",decInit,76r; 76v,1:76r 1:76v,1:76r 1:76v,,,,,,,,,,,,,,,,,,,,,,,,,,,,,
_deco_5,manuscript_12245,,,"Cambridge, University Library, MS Nn.3.15",part,,,,"The beginning of the texts on ff. 47r, 47v and 48r are preceded by rectangular headpieces in red ink.",headpiece,,,,,,,,,,,,,,,,,,,,,,,,,,,,,,,,
_deco_6,manuscript_12245,,,"Cambridge, University Library, MS Nn.3.15",part,,,,"Enlarged ornamental initial, outlined in red ink on ff. , , and bigger on ff. , and .",decInit,1r; 3r; 99r; 23r; 47v; 48r,2:1r 2:3r 2:99r 2:23r 2:47v 2:48r,2:1r 2:3r 2:99r 2:23r 2:47v 2:48r,,,,,,,,,,,,,,,,,,,,,,,,,,,,,
_deco_7,manuscript_12245,,,"Cambridge, University Library, MS Nn.3.15",part,,,,The thick red-ink initials mark the beginning of the the scholia.,colInit,,,,,,,,,,,,,,,,,,,,,,,,,,,,,,,,
_deco_1,manuscript_12246,,,"Cambridge, University Library, MS Nn.3.16",part,,,,The beginning of the text on f. 2r is preceded by rectangular headpieces in brown ink.,headpiece,,,,,,,,,,,,,,,,,,,,,,,,,,,,,,,,
_deco_2,manuscript_12246,,,"Cambridge, University Library, MS Nn.3.16",part,,,,"An ornated initial, outlined in red ink on f. .",decInit,2r,2:2r,2:2r,,,,,,,,,,,,,,,,,,,,,,,,,,,,,
_deco_1,manuscript_12247,,,"Cambridge, University Library, MS Nn.3.17",part,,,,"The beginning of the texts on ff. 1r, 2r, 31r, 32r, 61r and 62r are preceded by headpieces in red ink with weave decoration, or rectangular shape with small palms. The headpiece on f. 2r is made up of interwoven circles with bird figures and floral motifs inside. The headpiece of f. 62r has been copied by a reader on the margin. Some small tailpieces have been added in brown ink by a different hand: 30v, 60v (a snake).",headpiece,,,,,,,,,,,,,,,,,,,,,,,,,,,,,,,,
_deco_2,manuscript_12247,,,"Cambridge, University Library, MS Nn.3.17",part,,,,"The texts on ff. , , , , begin with ornate initials, outlined in red ink.",decInit,1r; 2r; 32r; 62r,1:1r 1:2r 1:32r 1:62r,1:1r 1:2r 1:32r 1:62r,,,,,,,,,,,,,,,,,,,,,,,,,,,,,
_deco_3,manuscript_12247,,,"Cambridge, University Library, MS Nn.3.17",part,,,,"The beginning of the texts on ff. 1r, 2r are preceded by weave decorations, or rectangular shape in red ink with floral motifs. The lists of characters on ff. 30r and 56r are surrounded by a frame with stylized leaves in red ink. Two tailpieces in black and brown ink by two different hands are present on f. 55r.",headpiece,,,,,,,,,,,,,,,,,,,,,,,,,,,,,,,,
_deco_4,manuscript_12247,,,"Cambridge, University Library, MS Nn.3.17",part,,,,"Enlarged ornamental initials, outlined in red ink on ff. , , , and .",decInit,1r; 1v; 2r; 30r; 56r,2:1r 2:1v 2:2r 2:30r 2:56r,2:1r 2:1v 2:2r 2:30r 2:56r,,,,,,,,,,,,,,,,,,,,,,,,,,,,,
_deco_1,manuscript_12248,,,"Cambridge, University Library, MS Nn.3.18",manuscript,,MS-NN-00003-00018,,"Thick red-ink initials on ff. , , , , , , , ,",colInit,2r; 3v; 44v; 81v; 118v; 163v; 197v; f. 234r; f. 266r,2r 3v 44v 81v 118v 163v 197v 234r 266r,2r 3v 44v 81v 118v 163v 197v 234r 266r,,,,,,,,,,,,,,,,,,,,,,,,,,,,,
_deco_1,manuscript_12252,,,"Cambridge, University Library, MS Nn.4.8",part,,,,"Some simple, linear friezes in red ink on ff. , ; palmettes and knots on ff. , , , , , , , , , , , , .",frieze,1r; 16v; 23r; 26r; 31r; 37v; 41v; 45v; 54r; 56r; 59r; 64v; 68r; 78v; 79r,1r 16v 23r 26r 31r 37v 41v 45v 54r 56r 59r 64v 68r 78v 79r,1r 16v 23r 26r 31r 37v 41v 45v 54r 56r 59r 64v 68r 78v 79r,,,,,,,,,,,,,,,,,,,,,,,,,,,,,
_deco_2,manuscript_12252,,,"Cambridge, University Library, MS Nn.4.8",part,,,,"Some plain or slightly decorated initials on the same folios as friezes, and small initials in red ink throughout the part.",decInit,,,,,,,,,,,,,,,,,,,,,,,,,,,,,,,,
_deco_3,manuscript_12252,,,"Cambridge, University Library, MS Nn.4.8",part,,,,A rectangular headpiece on f. 81r in black an red.,headpiece,,,,,,,,,,,,,,,,,,,,,,,,,,,,,,,,
_deco_4,manuscript_12252,,,"Cambridge, University Library, MS Nn.4.8",part,,,,Major initials in red or black ink.,decInit,,,,,,,,,,,,,,,,,,,,,,,,,,,,,,,,
_deco_1,manuscript_12274,,,"Cambridge, University Library, MS Or. 929",manuscript,,MS-OR-00929,,"Each line of verse in the Greek text begins with a simple initial letter in red ink, while the text is written in continuous sequence without breaks for lines of verse. On a similar practice has been applied to the Hebrew and Syriac text, but this is otherwise absent from the non-Greek text.",colInit,ff. 148v-159r,148v,159r,,,,,,,,,,,,,,,,,,,,,,,,,,,,,
_deco_1,manuscript_12276,,,"Cambridge, University Library, MS Or. 1699.Π.X",manuscript,,MS-OR-01699-Π-X,,"The beginnings of sections are marked by enlarged initials in brown ink, accompanied by small pieces of ornament, outlined in brown ink with green and red infill.",decInit,,,,,,,,,,,,,,,,,,,,,,,,,,,,,,,,
_deco_1,manuscript_72951,,,"Cambridge, Corpus Christi College, MS 633",manuscript,,MS-CCCC-00633,,A plaited headpiece in red ink marks the beginning of the weeks of Matthew ().,headpiece,f. 7r,7r,7r,,,,,,,,,,,,,,,,,,,,,,,,,,,,,
_deco_2,manuscript_72951,,,"Cambridge, Corpus Christi College, MS 633",manuscript,,MS-CCCC-00633,,Each lection begins with a slightly ornamented initial in red ink.,colInit,,,,,,,,,,,,,,,,,,,,,,,,,,,,,,,,
_deco_1,manuscript_73427.1,,,"Cambridge, University Library, MS Add. 10062",manuscript,,MS-ADD-10062-OVERTEXT,,"The beginning of the text is preceded by a crudely drawn pyle in red ink, with vegetative ornament, whose design appears extemporised (). The lections for the weeks of Matthew are preceded by a thin rectangular headpiece with a black ink border containing a plait in red ink () and those of Luke and Mark by pylai, the latter H-shaped, with black ink borders containing respectively vegetative ornament and plaits, in red ink. The menologion is preceded by a plait in red ink.",headpiece,f. 1r; f. 21v,1r 21v,1r 21v,,,,,,,,,,,,,,,,,,,,,,,,,,,,,
_deco_2,manuscript_73427.1,,,"Cambridge, University Library, MS Add. 10062",manuscript,,MS-ADD-10062-OVERTEXT,,"The text of each lection begins with an enlarged ornamental initial in red ink, usually quite small and simple, sometimes larger and more elaborate (e.g. ff. , ), sometimes highlighted with a translucent yellow wash (e.g. ff. , ).",colInit,6v; 23v; 13v; 21v,6v 23v 13v 21v,6v 23v 13v 21v,,,,,,,,,,,,,,,,,,,,,,,,,,,,,
_deco_3,manuscript_73427.1,,,"Cambridge, University Library, MS Add. 10062",manuscript,,MS-ADD-10062-OVERTEXT,,The months of the menologion are preceded by simple vignettes in red ink.,vignette,,,,,,,,,,,,,,,,,,,,,,,,,,,,,,,,
_deco_4,manuscript_73427.1,,,"Cambridge, University Library, MS Add. 10062",manuscript,,MS-ADD-10062-OVERTEXT,,Headings for lections and for major sections have been highlighted with translucent yellow wash.,other,,,,,,,,,,,,,,,,,,,,,,,,,,,,,,,,
_deco_5,manuscript_73427.1,,,"Cambridge, University Library, MS Add. 10062",manuscript,,MS-ADD-10062-OVERTEXT,,"Lections begin with ornamented minor initials in brown ink. The area substituted by the patch on includes part of an existing initial letter in red ink, and the missing part of this has been supplied on the patch in brown.",colInit,f. 171v,171v,171v,,,,,,,,,,,,,,,,,,,,,,,,,,,,,
_deco_1,manuscript_76360,,,"Cambridge, University Library, MS Add. 3166",manuscript,,MS-ADD-03166,,Texts begin with minor initials in brown ink.,plainInit,,,,,,,,,,,,,,,,,,,,,,,,,,,,,,,,
_deco_1,manuscript_76562,,,"Cambridge, Christ's College, MS Rouse 358",manuscript,,MS-CHRISTS-COLLEGE-ROUSE-00358,,A portrait of Homer with a swan on .,illustration,"sect. 1, p. [iii]",1:[iii],1:[iii],,,,,,,,,,,,,,,,,,,,,,,,,,,,,
_deco_2,manuscript_76562,,,"Cambridge, Christ's College, MS Rouse 358",manuscript,,MS-CHRISTS-COLLEGE-ROUSE-00358,,"Numerous stencilled ornaments placed to fill in empty spaces at the end of books or to separate hypotheses from books, e.g.: , , , .",other,"sect. 1, pp. 64; 65; 86; 87",1:64 1:65 1:86 1:87,1:64 1:65 1:86 1:87,,,,,,,,,,,,,,,,,,,,,,,,,,,,,
_deco_3,manuscript_76562,,,"Cambridge, Christ's College, MS Rouse 358",manuscript,,MS-CHRISTS-COLLEGE-ROUSE-00358,,Oval printed frames have been glued on the pages that serve as frontispieces of the two tomes (; ) and the first pages of the Batrachomyomachia (). Other rectilinear frames have been glued around the Latin translations of the hypotheses to the books of the Iliad (e.g. ) and the Odyssey (e.g. ).,other,"sect. 1, p. [i]; sect. 2, p. [iii]; sect. 2, p. 520; sect. 1, p. [vi]; sect. 2, p. [iv]",1:[i] 2:[iii] 2:520 1:[vi] 2:[iv],1:[i] 2:[iii] 2:520 1:[vi] 2:[iv],,,,,,,,,,,,,,,,,,,,,,,,,,,,,
_deco_1,manuscript_76563,,,"Cambridge, Christ's College, MS Rouse 359",manuscript,,MS-CHRISTS-COLLEGE-ROUSE-00359,,"Numerous stencilled ornaments placed to fill in empty spaces at the end of books or to separate hypotheses from books, e.g.: sect. 1, pp. , , , , , .",other,51; 112; 113; 114; 171; 172[c],1:51 1:112 1:113 1:114 1:171 1:172[c],1:51 1:112 1:113 1:114 1:171 1:172[c],,,,,,,,,,,,,,,,,,,,,,,,,,,,,
_deco_2,manuscript_76563,,,"Cambridge, Christ's College, MS Rouse 359",manuscript,,MS-CHRISTS-COLLEGE-ROUSE-00359,,"Oval printed frames have been glued on the pages that serve as frontispieces of the sections: , , ,",other,"sect. 1, p. [v]; sect. 2, p. [iii]; sect. 3, p. [iii]",1:[v] 2:[iii] 3:[iii],1:[v] 2:[iii] 3:[iii],,,,,,,,,,,,,,,,,,,,,,,,,,,,,
_deco_1,manuscript_76564,,,"Cambridge, Christ's College, MS 29.2.3",manuscript,,MS-CHRISTS-00029-00002-00003,,"The beginnings of sections on ff. , , , , and are preceded by headpieces in various plaited designs, in combinations of red, blue and black paint and gold.",headpiece,1v; 15v; 28v; 42v; 67r; 90v,1v 15v 28v 42v 67r 90v,1v 15v 28v 42v 67r 90v,,,,,,,,,,,,,,,,,,,,,,,,,,,,,
_deco_2,manuscript_76564,,,"Cambridge, Christ's College, MS 29.2.3",manuscript,,MS-CHRISTS-00029-00002-00003,,"Sections begin with minor initials in red ink, usually gilded, often with ornament in red ink and blue paint. Some sub-sections begin with normal-sized initial letters in red ink.",colInit,,,,,,,,,,,,,,,,,,,,,,,,,,,,,,,,
_deco_3,manuscript_76564,,,"Cambridge, Christ's College, MS 29.2.3",manuscript,,MS-CHRISTS-00029-00002-00003,,Many headings and annotations forming part of the original text are gilded.,chrysography,,,,,,,,,,,,,,,,,,,,,,,,,,,,,,,,
_deco_4,manuscript_76564,,,"Cambridge, Christ's College, MS 29.2.3",manuscript,,MS-CHRISTS-00029-00002-00003,,The beginnings of prayers on ff. and are each accompanied by small quatrefoil plaits in red and black paint and gold () or black ink ().,other,31r; 90r; f. 31r; 90r,31r 90r 31r 90r,31r 90r 31r 90r,,,,,,,,,,,,,,,,,,,,,,,,,,,,,
_deco_1,manuscript_76566,,,"Cambridge, University Library, MS Nn.1.22",manuscript,,MS-NN-00001-00022,,"Each homily begins with a major initial in brown ink, usually slightly ornamented. Enlarged minor initials in brown ink mark the beginning of paragraphs.",plainInit,,,,,,,,,,,,,,,,,,,,,,,,,,,,,,,,
_deco_2,manuscript_76566,,,"Cambridge, University Library, MS Nn.1.22",manuscript,,MS-NN-00001-00022,,"Very simple vignettes, line-fillers and other basic ornament in brown ink accompany the beginning and end of homilies.",vignette,,,,,,,,,,,,,,,,,,,,,,,,,,,,,,,,
_deco_3,manuscript_76566,,,"Cambridge, University Library, MS Nn.1.22",manuscript,,MS-NN-00001-00022,,"Quatrefoil plaits in brown ink outline, sometimes with red paint infill, have been used to highlight certain points in the text (ff. , , , , ).",other,105v; 115v; 120v; 122v; 155r,105v 115v 120v 122v 155r,105v 115v 120v 122v 155r,,,,,,,,,,,,,,,,,,,,,,,,,,,,,
_deco_4,manuscript_76566,,,"Cambridge, University Library, MS Nn.1.22",manuscript,,MS-NN-00001-00022,,"A rough outline for an image, possibly of a head with a halo, has been placed on , probably by a later hand, but has not been completed.",unfilled,f. 106v,106v,106v,,,,,,,,,,,,,,,,,,,,,,,,,,,,,
_deco_1,manuscript_77213,,,"Cambridge, Pembroke College, MS LC II.174",manuscript,,MS-PEMBROKE-LC-II-00174,,Plain thick initials in brown ink.,plainInit,,,,,,,,,,,,,,,,,,,,,,,,,,,,,,,,
_deco_1,manuscript_77234,,,"Cambridge, University Library, MS Add. 4166.25",manuscript,,MS-ADD-04166-00025,,"On the , before the text, there are a few geometrical motifs in red ink, forming a sort of headpiece.",headpiece,recto,[1]r,[1]r,,,,,,,,,,,,,,,,,,,,,,,,,,,,,
_deco_1,manuscript_77234,,,"Cambridge, University Library, MS Add. 4166.23",manuscript,,MS-ADD-04166-00023,,"On , there is a small undulated linear frieze in red ink.",frieze,f. [1]r,[1]r,[1]r,,,,,,,,,,,,,,,,,,,,,,,,,,,,,
_deco_1,manuscript_77234.22,,,"Cambridge, University Library, MS Add. 4166.22",manuscript,,MS-ADD-04166-00022,,The beginnings of hymns are marked by minor initials in red ink.,colInit,,,,,,,,,,,,,,,,,,,,,,,,,,,,,,,,
_deco_2,manuscript_77234,,,"Cambridge, University Library, MS Add. 4166.25",manuscript,,MS-ADD-04166-00025,,Thick initials in ekthesis in red ink.,plainInit,,,,,,,,,,,,,,,,,,,,,,,,,,,,,,,,
_deco_2,manuscript_77234,,,"Cambridge, University Library, MS Add. 4166.23",manuscript,,MS-ADD-04166-00023,,Thick initials in ekthesis in red ink.,plainInit,,,,,,,,,,,,,,,,,,,,,,,,,,,,,,,,
_deco_1,manuscript_77290,,,"Cambridge, Sidney Sussex College, MS 65",part,,,,The transition between sections is marked by vignettes in the same ink as the accompanying headings on .,vignette,ff. [11v-55r],[11v],[55r],,,,,,,,,,,,,,,,,,,,,,,,,,,,,
_deco_2,manuscript_77290,,,"Cambridge, Sidney Sussex College, MS 65",part,,,,"Canons begin with slightly enlarged initial letters in red ink, or on in orange ink.",colInit,ff. [10v-27v],[10v],[27v],,,,,,,,,,,,,,,,,,,,,,,,,,,,,
_deco_3,manuscript_77290,,,"Cambridge, Sidney Sussex College, MS 65",part,,,,The transition between sections is accompanied by line-fillers on .,lineFill,ff. [1r-7v],[1r],[7v],,,,,,,,,,,,,,,,,,,,,,,,,,,,,
_deco_1,manuscript_77292,,,"Cambridge, St John's College, MS M.8",manuscript,,MS-ST-JOHNS-M-00008,,Some sections begin with simple minor initials in brown ink.,plainInit,,,,,,,,,,,,,,,,,,,,,,,,,,,,,,,,
_deco_1,manuscript_77479.2,,,"Cambridge, University Library, MS Add. 2754.2",manuscript,,MS-ADD-02754-00002,,The beginnings of sections are marked by minor initials in red ink.,colInit,,,,,,,,,,,,,,,,,,,,,,,,,,,,,,,,
_deco_1,manuscript_77483,,,"Cambridge, University Library, MS Dd.3.86.10-11",part,,,,"Red thick initials in red ink, in ekthesis.",plainInit,,,,,,,,,,,,,,,,,,,,,,,,,,,,,,,,
_deco_2,manuscript_77483,,,"Cambridge, University Library, MS Dd.3.86.10-11",part,,,,"Red thick initials in red ink, in ekthesis.",plainInit,,,,,,,,,,,,,,,,,,,,,,,,,,,,,,,,
_deco_1,manuscript_77765,,,"Cambridge, Gonville and Caius College, MS 623/389",manuscript,,MS-GONVILLE-AND-CAIUS-00623-00389,,Small pieces of simple vegetative ornament in brown ink are used to mark the beginning of sections on .,other,ff. [33]v-[34]r,[33]v,[34]r,,,,,,,,,,,,,,,,,,,,,,,,,,,,,
_deco_1,manuscript_77766,,,"Cambridge, Emmanuel College, MS 79",part,,,,"On Joshua Barnes sketched in brown ink the arms of the College, a lion rampant.",miniature,f. [1]r,[1]r,[1]r,,,,,,,,,,,,,,,,,,,,,,,,,,,,,
_deco_1,manuscript_77767,,,"Cambridge, Emmanuel College, MS 178",manuscript,,MS-EMMANUEL-COLLEGE-00178,,"Miniature in a wreath, representing the author as he is going to drink from a chalice filled by streams coming from Homer and a cherub. The drawing was probably done by Joshua Barnes himself, in ink, and has been partially coloured in blue and red.",miniature,f. [v] reto,[v] recto,[v] recto,,,,,,,,,,,,,,,,,,,,,,,,,,,,,
_deco_1,manuscript_77951,,,"Cambridge, University Library, MS Add. 1879.1",manuscript,,MS-ADD-01879-00001,,"Lections begin with large initials in red ink, with some ornamentation. Sections of headings begin with smaller, simpler initials in red ink.",colInit,,,,,,,,,,,,,,,,,,,,,,,,,,,,,,,,
_deco_2,manuscript_77951,,,"Cambridge, University Library, MS Add. 1879.1",manuscript,,MS-ADD-01879-00001,,"Sub-sections of the main text are marked by simple, enlarged initials in brown ink.",plainInit,,,,,,,,,,,,,,,,,,,,,,,,,,,,,,,,
_deco_3,manuscript_77951,,,"Cambridge, University Library, MS Add. 1879.1",manuscript,,MS-ADD-01879-00001,,The end of a lection is accompanied by a line-filler in red ink ().,lineFill,f. 3v,3v,3v,,,,,,,,,,,,,,,,,,,,,,,,,,,,,
_deco_1,manuscript_77952,,,"Cambridge, University Library, MS Add. 1879.2",manuscript,,MS-ADD-01879-00002,,"Each lection begins with an ornamented initial, outlined usually in brown ink, but in one case in red (), with red, blue and yellow paint infill.",decInit,f. 4v,4v,4v,,,,,,,,,,,,,,,,,,,,,,,,,,,,,
_deco_2,manuscript_77952,,,"Cambridge, University Library, MS Add. 1879.2",manuscript,,MS-ADD-01879-00002,,The beginning of minor sections of text is marked by enlarged initials in brown ink.,plainInit,,,,,,,,,,,,,,,,,,,,,,,,,,,,,,,,
_deco_1,manuscript_77953,,,"Cambridge, University Library, MS Add. 1879.3",manuscript,,MS-ADD-01879-00003,,Sections of text begin with enlarged initials in brown ink.,plainInit,,,,,,,,,,,,,,,,,,,,,,,,,,,,,,,,
_deco_2,manuscript_77953,,,"Cambridge, University Library, MS Add. 1879.3",manuscript,,MS-ADD-01879-00003,,The first two lines of the heading marking the beginning of an ode are highlighted with translucent yellow wash () .,other,verso,1v,1v,,,,,,,,,,,,,,,,,,,,,,,,,,,,,
_deco_1,manuscript_77954,,,"Cambridge, University Library, MS Add. 1879.4",manuscript,,MS-ADD-01879-00004,,"There are traces of simple ornament in red and black ink, probably of later date, on one side of each scrap.",other,,,,,,,,,,,,,,,,,,,,,,,,,,,,,,,,
_deco_1,manuscript_77957,,,"Cambridge, University Library, MS Add. 1879.7",manuscript,,MS-ADD-01879-00007,,Sections begin with minor initials in the same ink as the rest of the text.,plainInit,,,,,,,,,,,,,,,,,,,,,,,,,,,,,,,,
_deco_1,manuscript_77959,,,"Cambridge, University Library, MS Add. 1879.9",manuscript,,MS-ADD-01879-00009,,Between the end of the text and the colophon is a simple vignette in black ink ().,vignette,f. 10v,10v,10v,,,,,,,,,,,,,,,,,,,,,,,,,,,,,
_deco_1,manuscript_77960,,,"Cambridge, University Library, MS Add. 1879.10",manuscript,,MS-ADD-01879-00010,,The beginnings of sections are marked by simple minor initials in red ink.,colInit,,,,,,,,,,,,,,,,,,,,,,,,,,,,,,,,
_deco_2,manuscript_77960,,,"Cambridge, University Library, MS Add. 1879.10",manuscript,,MS-ADD-01879-00010,,The end of the text is followed by a simple vignette in brown ink ().,vignette,f. 5v,5v,5v,,,,,,,,,,,,,,,,,,,,,,,,,,,,,
_deco_1,manuscript_77961,,,"Cambridge, University Library, MS Add. 1879.11",manuscript,,MS-ADD-01879-00011,,"Sections of text begin with minor initials in red ink, at the beginning of the following line where the section begins in mid-line.",colInit,,,,,,,,,,,,,,,,,,,,,,,,,,,,,,,,
_deco_1,manuscript_77962,,,"Cambridge, University Library, MS Add. 1879.12",manuscript,,MS-ADD-01879-00012,,"Lections begin with minor initials in red ink, sometimes slightly ornamented.",colInit,,,,,,,,,,,,,,,,,,,,,,,,,,,,,,,,
_deco_1,manuscript_77965,,,"Cambridge, University Library, MS Add. 1879.14",part,,,,Hymns begin with minor initials in red ink.,colInit,,,,,,,,,,,,,,,,,,,,,,,,,,,,,,,,
_deco_1,manuscript_77965,,,"Cambridge, University Library, MS Add. 1879.15",part,,,,Hymns begin with minor initials in red ink.,colInit,,,,,,,,,,,,,,,,,,,,,,,,,,,,,,,,
_deco_1,manuscript_77966,,,"Cambridge, University Library, MS Add. 1879.16",manuscript,,MS-ADD-01879-00016,,The beginnings of sections are marked by minor initials in brown ink.,plainInit,,,,,,,,,,,,,,,,,,,,,,,,,,,,,,,,
_deco_1,manuscript_77967,,,"Cambridge, University Library, MS Add. 1879.17",manuscript,,MS-ADD-01879-00017,,The beginnings of sections are marked by minor initials in brown ink.,plainInit,,,,,,,,,,,,,,,,,,,,,,,,,,,,,,,,
_deco_1,manuscript_77969,,,"Cambridge, University Library, MS Add. 1879.19",manuscript,,MS-ADD-01879-00019,,The beginnings of sections are marked by simple minor initials in brown ink.,plainInit,,,,,,,,,,,,,,,,,,,,,,,,,,,,,,,,
_deco_1,manuscript_77969,,,"Cambridge, University Library, MS Add. 1879.20",manuscript,,MS-ADD-01879-00020,,The beginnings of sections are marked by simple minor initials in brown ink.,plainInit,,,,,,,,,,,,,,,,,,,,,,,,,,,,,,,,
_deco_2,manuscript_77969,,,"Cambridge, University Library, MS Add. 1879.19",manuscript,,MS-ADD-01879-00019,,Transitions between chapters are marked by simple vignettes in brown ink.,vignette,,,,,,,,,,,,,,,,,,,,,,,,,,,,,,,,
_deco_2,manuscript_77969,,,"Cambridge, University Library, MS Add. 1879.20",manuscript,,MS-ADD-01879-00020,,Transitions between chapters are marked by simple vignettes in brown ink.,vignette,,,,,,,,,,,,,,,,,,,,,,,,,,,,,,,,
_deco_1,manuscript_77971,,,"Cambridge, University Library, MS Add. 1879.21",manuscript,,MS-ADD-01879-00021,,Lections begin with simple minor initials in red ink.,colInit,,,,,,,,,,,,,,,,,,,,,,,,,,,,,,,,
_deco_1,manuscript_77974,,,"Cambridge, University Library, MS Add. 1879.23",part,,,,The text is accompanied by mathematical diagrams.,diagram,,,,,,,,,,,,,,,,,,,,,,,,,,,,,,,,
_deco_2,manuscript_77974,,,"Cambridge, University Library, MS Add. 1879.23",part,,,,"Sections begin with ornamented initials outlined in brown ink, with red infill.",decInit,,,,,,,,,,,,,,,,,,,,,,,,,,,,,,,,
_deco_3,manuscript_77974,,,"Cambridge, University Library, MS Add. 1879.23",part,,,,The beginning of subsections is marked by simple minor initials in red ink.,colInit,,,,,,,,,,,,,,,,,,,,,,,,,,,,,,,,
_deco_1,manuscript_77975,,,"Cambridge, University Library, MS Add. 1880.1",manuscript,,MS-ADD-01880-00001,,Seven crosses outlined in red ink at the beginning of the text and the final epigram and to fill the empty space on the second column.,other,,,,,,,,,,,,,,,,,,,,,,,,,,,,,,,,
_deco_1,manuscript_77978,,,"Cambridge, University Library, MS Add. 1880.4",manuscript,,MS-ADD-01880-00004,,Four enlarged initials in red ink in uncial majuscule.,colInit,,,,,,,,,,,,,,,,,,,,,,,,,,,,,,,,
_deco_1,manuscript_77981,,,"Cambridge, University Library, MS Add. 1880.7",manuscript,,MS-ADD-01880-00007,,"Each letter begins with an ornamented initial, outlined in red ink.",decInit,,,,,,,,,,,,,,,,,,,,,,,,,,,,,,,,
_deco_1,manuscript_77982,,,"Cambridge, University Library, MS Add. 1880.8",manuscript,,MS-ADD-01880-00008,,"Thick red initials in red, decorated with a simple motif of pearls. Above the title on there is a knot in red ink.",decInit,f. [1]v,[1]v,[1]v,,,,,,,,,,,,,,,,,,,,,,,,,,,,,
_deco_1,manuscript_77984,,,"Cambridge, University Library, MS Add. 1880.10",manuscript,,MS-ADD-01880-00010,,The beginnings of sections are marked by minor initials in red ink.,colInit,,,,,,,,,,,,,,,,,,,,,,,,,,,,,,,,
_deco_2,manuscript_77984,,,"Cambridge, University Library, MS Add. 1880.10",manuscript,,MS-ADD-01880-00010,,The beginning of the text on is preceded by a simple vignette in red ink.,vignette,f. 5r,5r,5r,,,,,,,,,,,,,,,,,,,,,,,,,,,,,
_deco_1,manuscript_77986,,,"Cambridge, University Library, MS Add. 1880.12",manuscript,,MS-ADD-01880-00012,,"One rope motif headpiece on , outlined in black ink and points in red ink. A large pyle on in black and red ink.",headpiece,f. 1r; f. 2v,1r 2v,1r 2v,,,,,,,,,,,,,,,,,,,,,,,,,,,,,
_deco_2,manuscript_77986,,,"Cambridge, University Library, MS Add. 1880.12",manuscript,,MS-ADD-01880-00012,,Decorated major initials in red ink on ff. and .,decInit,22v; 23v,22v 23v,22v 23v,,,,,,,,,,,,,,,,,,,,,,,,,,,,,
_deco_3,manuscript_77986,,,"Cambridge, University Library, MS Add. 1880.12",manuscript,,MS-ADD-01880-00012,,Coloured unicial initials in red ink throughout the quires.,colInit,,,,,,,,,,,,,,,,,,,,,,,,,,,,,,,,
_deco_1,manuscript_77991,,,"Cambridge, University Library, MS Add. 1880.18",manuscript,,MS-ADD-01880-00018,,Initials and numerals in red ink.,colInit,,,,,,,,,,,,,,,,,,,,,,,,,,,,,,,,
_deco_1,manuscript_77992,,,"Cambridge, University Library, MS Add. 1880.19",manuscript,,MS-ADD-01880-00019,,"Large pen-drawn initial in black, blue and red ink on the : the letter (ω) is in the shape of a floral bud containing a pineapple-shaped centre, with a pendant and a bird on top. It takes up half of the folio.",decInit,recto,[1]r,[1]r,,,,,,,,,,,,,,,,,,,,,,,,,,,,,
_deco_2,manuscript_77992,,,"Cambridge, University Library, MS Add. 1880.19",manuscript,,MS-ADD-01880-00019,,Enlarged initialis in red ink on the .,colInit,verso,[1]v,[1]v,,,,,,,,,,,,,,,,,,,,,,,,,,,,,
_deco_1,manuscript_77993,,,"Cambridge, University Library, MS Add. 1880.20",manuscript,,MS-ADD-01880-00020,,Thick initials in red ink.,plainInit,,,,,,,,,,,,,,,,,,,,,,,,,,,,,,,,
_deco_1,,,,"Cambridge, University Library, MS Ee.6.41",manuscript,,MS-EE-00006-00041,,"Blue initials with red penwork flourishing. Pen-flourishes occasionally include fish (ff. 41v, 46v).",flourInit,,,,,,,,,,,,,,,,,,,,,,,,,,,,,,,,
_deco_1,,,,"Cambridge, University Library, MS Gg.1.8",part,,,,"Pencil sketch of a dragon creature with a man's legs and head, adorned with symbols and annotated in French, the outline marked with pin pricks (f. 78r). Entitled 'Vnitrium', and accompanied by annotations and labels in pencil.",miniature,,,,,,,,,,,,,,,,,,,,,,,,,,,,,,,,
_deco_1,,,,MS Add. 6447,part,,,,"170 drawings in grisaille, two per page, each occupying the upper half of a text column; outlined in ink or pencil, shaded with black chalk or lead; depicting biblical and historical scenes. The drawings follow the usual set found with the text, classified by E. Breitenbach, in his IV Kreis (p. 74) as being of Western origin, and says of it (p. 75) 'steht innerhalb der Kreises isoliert' (i.e. 'stands alone within that circle'). According to the description by Speculum humanae salvationis: eine typengeschichtliche Untersuchung, Studien der deutschen Kunstgeschichte 272 (Strassburg: J.H.E. Heitz, 1930)B. Cardon, , 'the models used were related to the ones in workshops in Utrecht in the mid-15th century, drawing upon Eyckian sources'. Manuscripts of the Speculum humanae salvacionis in the Southern Netherlands (c. 1410-1470) (Leuven: Peeters, 1996), pp. 382-84 2v: Annunciation to St Anne; King Astyages' dream, with bearded king holding branches with leaves 5v: Fall of Lucifer; Creation of Eve 6r: God instructing Adam and Eve; Temptation of Eve 6v: Fall: Adam eating and Eve taking the fruit; Expulsion of Adam and Eve 7r: Eve spinning and Adam digging; dove bringing olive branch to Noah's Ark 7v: Joachim and Anna at Golden Gate; King Astyages' dream with his daughter 8r: and Hortus conclusus ; fons signatus Barlaam's prophecy 8v: Nativity of the Virgin; Tree of Jesse 9r: ; Porta clausa Temple of Solomon 9v: Presentation of the Virgin in the Temple; Mensa Solis 10r: sacrifice of Yepte's daughter; Queen of Persia observing her domain 10v: wedding of Mary and Joseph; wedding of Sara, Raguel's daughter, and Tobias 11r: ; turris barris tower hung with a thousand shields 11v: Annunciation; God appearing to Moses in burning bush and giving him Tablets 12r: Gideon's fleece; Rebecca giving water to Eleazar 12v: Nativity; vision of Pharaoh's butler 13r: Aaron's rod; Emperor Octavian consulting Sibyl who receives vision of the Virgin and Child inside the sun 13v: Adoration of the Magi; Magi pointing at star 14r: three strong men bringing water from Bethlehem to David; servant bringing chalice to Solomon 14v: Presentation in the Temple; Ark of the Covenant 15r: candlestick with seven lamps (menorah); Presentation of Samuel in the Temple 15v: idols falling off columns as Holy Family enters Egypt; sculpture of the Virgin and Child made by Egyptians 16r: Moses breaking Pharaoh's crown; Nebuchadnezzar's vision of a statue 16v: Baptism of Christ, witnessed by an angel; Brazen Sea 17r: leper Naaman bathing in Jordan; two men carrying Ark across dry river Jordan 17v: Temptation of Christ, with Satan and three dice; Daniel breaking idol Bel and killing dragon 18r: David defeating Goliath; David killing bear and lion 18v: Mary Magdalene drying Christ's feet with her hair; Manasseh pentitent in captivity 19r: return of the Prodigal son; David repenting before Nathan 19v: Christ's entry into Jerusalem; Jeremiah lamenting before gates of Jerusalem 20r: David greeted after his triumph and bearing the head of Goliath; Heliodorus punished by two angels for attempting to plunder the Temple 20v: Last Supper; God giving manna to people of Israel 21r: Lamb, symbolising Christ ('Agnus Dei'); Melchisedech offering bread and wine to Abraham 21v: Christ prostrating his enemies with one word; Samson killing a thousand men with a donkey's jaw 22r: Shamgar killing six hundred men; David killing eight hundred men 22v: Betrayal of Christ; Joab killing Amasa 23r: Saul threatening David; Cain killing Abel 23v: Mocking of Christ; torture of Hur 24r: Noah ridiculed by Cham; blinded Samson ridiculed by Philistines 24v: Flagellation; Achior tied to tree by Holofernes' servants 25r: Lamech berated by his wives; Job attacked by Satan and by his wife 25v: Christ crowned with Crown of Thorns and mocked; Darius's concubine Apamene placing crown on her head 26r: Shimei threatening David with stone and club; King Amon threatening David's messengers 26v: Carrying of the Cross; Isaac carrying wood to the altar 27r: son of vineyard owner cast out and killed (Parable of the Wicked Husbandmen); two men carrying vine from Promised Land to desert 27v: Christ nailed to the Cross; Tubalchain with hammer and Jubal with psaltery 28r: Isaiah's martyrdom; King Moab sacrificing his son 28v: Crucifixion; Nebuchadnezzar's vision of tree 29r: King Codrus sacrificing his life for liberation of his citizens; Eleazar killing elephant 29v: Longinus piercing Christ's side and Jews mocking him; David ridiculed by Michol 30r: Absalom's death; King Embmedorach cutting his father's body in three hundred pieces and feeding vultures 30v: Deposition; Joseph's brothers with his tunic 31r: Adam and Eve lamenting Abel's death; Naomi asking her daughters-in-law to call here 'Mara' (i.e. bitter) because of her misfortune 31v: Entombment of Christ; two men carrying bier with Abner's coffin 32r: Joseph in well addressed by two of his brothers; Jonah cast into the sea 32v: Hellmouth with four levels; angel cooling three youths in fiery furnace 33r: angel sending Habakkuk to feed Daniel's in lion's den; bird using worm's blood to free young one from glass cover 33v: Christ's triumph over Satan; Benaiah killing lion 34r: Samson killing lion with his bare hands; Ehud piercing Eglon with his sword 34v: Virgin surrounded by Instruments of the Pasion and triumphing over Satan; Judith beheading Holofernes 35r: Jael piercing Cysara's eye with sword; Queen Tomyris beheading Cyrus 35v: saints rescued from Hell (shown as Hellmouth) by Christ; people of Israel set free from Egypt by angel 36r: Abraham rescued from Chaldaeans' fire by God; angel leading Lot and his family out of Sodom 36v: Resurrection: Christ stepping out of the tomb; Samson removing gates of Gaza 37r: Jonah emerging from whale; builders of Solomon's Temple with corner stone 37v: Ascension of Christ; Jacob's dream of heavenly ladder 38r: Christ bringing back lost sheep; Elijah in fiery chariot 38v: Pentecost; Tower of Babel 39r: God giving Moses Tablets; Elisha filling poor widow's vessels with oil 39v: Virgin praying surrounded by Instruments of the Passion and manger with ox and ass; Anna, Tobias's wife, troubled by her son's absence 40r: woman looking for her drachma (Parable of the Lost Coin/Piece of Silver); Saul giving Michal to Phalathiel/Palti 40v: Coronation of the Virgin; David playing harp before Ark 41r: St John's vision of woman surrounded by sun and standing on moon; Solomon's mother, Bathsheba, seated on his right side 41v: Virgin interceding for the sinners; Abigail pleading to David to have pity on Nabal 42r: Thecuites reconciling David and Absalom; wise woman showing Sheba's head to Joab 42v: Virgin protecting sinners under her cloak; Tharbis saving city of Saba from Moses' siege by asking her father to let her marry Moses 43r: woman of Thebes drops millstone on Abimelech; Michal speaking to soldier while David escapes through window 43v: Christ displaying wounds before God; Antipater showing wounds to Julius Caesar 44r: Virgin showing her breasts ('Maria mediatrix'); Esther pleading to Ahasuerus for people of Israel 44v: Last Judgement: Christ seated on rainbow, with feet resting on orb, lily and sword at his head, flanked by two angels with trumpets above dead rising from graves; three men bringing gifts to nobleman seated under canopy 45r: five wise and five foolish virgins (Parable of the Ten Virgins); God's hand writing on the wall before King Balthazar 'Mane tetel fares' 45v: devils punishing sinful souls in cauldron; two men cutting David's enemies with saw 46r: Gideon riding and dragging enemy; Pharaoh and his army drowned in Red Sea 46v: God holding the crucifix ('Throne of Mercy'); Queen of Sheba before Solomon 47r: feast of King Ahasuerus; Job's sons feasting E. Breitenbach, Speculum humanae salvationis: eine typengeschichtliche Untersuchung, Studien der deutschen Kunstgeschichte 272 (Strassburg: J.H.E. Heitz, 1930)Speculum humanae salvationis: eine typengeschichtliche UntersuchungB. Cardon, Manuscripts of the Speculum humanae salvacionis in the Southern Netherlands (c. 1410-1470) (Leuven: Peeters, 1996), pp. 382-84Manuscripts of the Speculum humanae salvacionis in the Southern Netherlands (c. 1410-1470) 2v: Annunciation to St Anne; King Astyages' dream, with bearded king holding branches with leavesAnnunciation to St Anne 5v: Fall of Lucifer; Creation of Eve Fall of LuciferCreation of Eve 6r: God instructing Adam and Eve; Temptation of Eve God instructing Adam and EveTemptation of Eve 6v: Fall: Adam eating and Eve taking the fruit; Expulsion of Adam and Eve Fall: Adam eating and Eve taking the fruitExpulsion of Adam and Eve 7r: Eve spinning and Adam digging; dove bringing olive branch to Noah's Ark Eve spinning and Adam diggingdove bringing olive branch to Noah's Ark 7v: Joachim and Anna at Golden Gate; King Astyages' dream with his daughterJoachim and Anna at Golden Gate 8r: and Hortus conclusus ; fons signatus Barlaam's prophecy Hortus conclususfons signatusBarlaam's prophecy 8v: Nativity of the Virgin; Tree of Jesse Nativity of the VirginTree of Jesse 9r: ; Porta clausa Temple of Solomon Porta clausaTemple of Solomon 9v: Presentation of the Virgin in the Temple; Mensa Solis Presentation of the Virgin in the TempleMensa Solis 10r: sacrifice of Yepte's daughter; Queen of Persia observing her domainsacrifice of Yepte's daughter 10v: wedding of Mary and Joseph; wedding of Sara, Raguel's daughter, and Tobias wedding of Mary and Josephwedding of Sara, Raguel's daughter, and Tobias 11r: ; turris barris tower hung with a thousand shields turris barristower hung with a thousand shields 11v: Annunciation; God appearing to Moses in burning bush and giving him Tablets AnnunciationGod appearing to Moses in burning bushgiving him Tablets 12r: Gideon's fleece; Rebecca giving water to Eleazar Gideon's fleeceRebecca giving water to Eleazar 12v: Nativity; vision of Pharaoh's butler Nativityvision of Pharaoh's butler 13r: Aaron's rod; Emperor Octavian consulting Sibyl who receives vision of the Virgin and Child inside the sun Aaron's rodEmperor Octavian consulting Sibyl who receives vision of the Virgin and Child inside the sun 13v: Adoration of the Magi; Magi pointing at star Adoration of the MagiMagi pointing at star 14r: three strong men bringing water from Bethlehem to David; servant bringing chalice to Solomon three strong men bringing water from Bethlehem to Davidservant bringing chalice to Solomon 14v: Presentation in the Temple; Ark of the Covenant Presentation in the TempleArk of the Covenant 15r: candlestick with seven lamps (menorah); Presentation of Samuel in the Temple candlestick with seven lamps (menorah)Presentation of Samuel in the Temple 15v: idols falling off columns as Holy Family enters Egypt; sculpture of the Virgin and Child made by Egyptians idols falling off columns as Holy Family enters Egyptsculpture of the Virgin and Child made by Egyptians 16r: Moses breaking Pharaoh's crown; Nebuchadnezzar's vision of a statue Moses breaking Pharaoh's crownNebuchadnezzar's vision of a statue 16v: Baptism of Christ, witnessed by an angel; Brazen Sea Baptism of Christ, witnessed by an angelBrazen Sea 17r: leper Naaman bathing in Jordan; two men carrying Ark across dry river Jordan leper Naaman bathing in Jordantwo men carrying Ark across dry river Jordan 17v: Temptation of Christ, with Satan and three dice; Daniel breaking idol Bel and killing dragon Temptation of Christ, with Satan and three diceDaniel breaking idol Bel and killing dragon 18r: David defeating Goliath; David killing bear and lion David defeating GoliathDavid killing bear and lion 18v: Mary Magdalene drying Christ's feet with her hair; Manasseh pentitent in captivity Mary Magdalene drying Christ's feet with her hairManasseh pentitent in captivity 19r: return of the Prodigal son; David repenting before Nathan return of the Prodigal sonDavid repenting before Nathan 19v: Christ's entry into Jerusalem; Jeremiah lamenting before gates of Jerusalem Christ's entry into JerusalemJeremiah lamenting before gates of Jerusalem 20r: David greeted after his triumph and bearing the head of Goliath; Heliodorus punished by two angels for attempting to plunder the Temple David greeted after his triumph and bearing the head of GoliathHeliodorus punished by two angels for attempting to plunder the Temple 20v: Last Supper; God giving manna to people of Israel Last SupperGod giving manna to people of Israel 21r: Lamb, symbolising Christ ('Agnus Dei'); Melchisedech offering bread and wine to Abraham Lamb, symbolising Christ ('Agnus Dei')Melchisedech offering bread and wine to Abraham 21v: Christ prostrating his enemies with one word; Samson killing a thousand men with a donkey's jaw Christ prostrating his enemies with one wordSamson killing a thousand men with a donkey's jaw 22r: Shamgar killing six hundred men; David killing eight hundred men Shamgar killing six hundred menDavid killing eight hundred men 22v: Betrayal of Christ; Joab killing Amasa Betrayal of ChristJoab killing Amasa 23r: Saul threatening David; Cain killing Abel Saul threatening DavidCain killing Abel 23v: Mocking of Christ; torture of Hur Mocking of Christtorture of Hur 24r: Noah ridiculed by Cham; blinded Samson ridiculed by Philistines Noah ridiculed by Chamblinded Samson ridiculed by Philistines 24v: Flagellation; Achior tied to tree by Holofernes' servants FlagellationAchior tied to tree by Holofernes' servants 25r: Lamech berated by his wives; Job attacked by Satan and by his wife Lamech berated by his wivesJob attacked by Satan and by his wife 25v: Christ crowned with Crown of Thorns and mocked; Darius's concubine Apamene placing crown on her head Christ crowned with Crown of Thorns and mockedDarius's concubine Apamene placing crown on her head 26r: Shimei threatening David with stone and club; King Amon threatening David's messengers Shimei threatening David with stone and clubKing Amon threatening David's messengers 26v: Carrying of the Cross; Isaac carrying wood to the altar Carrying of the CrossIsaac carrying wood to the altar 27r: son of vineyard owner cast out and killed (Parable of the Wicked Husbandmen); two men carrying vine from Promised Land to desert son of vineyard owner cast out and killed (Parable of the Wicked Husbandmen)two men carrying vine from Promised Land to desert 27v: Christ nailed to the Cross; Tubalchain with hammer and Jubal with psaltery Christ nailed to the CrossTubalchain with hammer and Jubal with psaltery 28r: Isaiah's martyrdom; King Moab sacrificing his son Isaiah's martyrdomKing Moab sacrificing his son 28v: Crucifixion; Nebuchadnezzar's vision of tree CrucifixionNebuchadnezzar's vision of tree 29r: King Codrus sacrificing his life for liberation of his citizens; Eleazar killing elephant King Codrus sacrificing his life for liberation of his citizensEleazar killing elephant 29v: Longinus piercing Christ's side and Jews mocking him; David ridiculed by Michol Longinus piercing Christ's side and Jews mocking himDavid ridiculed by Michol 30r: Absalom's death; King Embmedorach cutting his father's body in three hundred pieces and feeding vulturesAbsalom's death 30v: Deposition; Joseph's brothers with his tunic DepositionJoseph's brothers with his tunic 31r: Adam and Eve lamenting Abel's death; Naomi asking her daughters-in-law to call here 'Mara' (i.e. bitter) because of her misfortune Adam and Eve lamenting Abel's deathNaomi asking her daughters-in-law to call here 'Mara' (i.e. bitter) because of her misfortune 31v: Entombment of Christ; two men carrying bier with Abner's coffin Entombment of Christtwo men carrying bier with Abner's coffin 32r: Joseph in well addressed by two of his brothers; Jonah cast into the sea Joseph in well addressed by two of his brothersJonah cast into the sea 32v: Hellmouth with four levels; angel cooling three youths in fiery furnace Hellmouth with four levelsangel cooling three youths in fiery furnace 33r: angel sending Habakkuk to feed Daniel's in lion's den; bird using worm's blood to free young one from glass coverangel sending Habakkuk to feed Daniel's in lion's den 33v: Christ's triumph over Satan; Benaiah killing lion Christ's triumph over SatanBenaiah killing lion 34r: Samson killing lion with his bare hands; Ehud piercing Eglon with his sword Samson killing lion with his bare handsEhud piercing Eglon with his sword 34v: Virgin surrounded by Instruments of the Pasion and triumphing over Satan; Judith beheading Holofernes Virgin surrounded by Instruments of the Pasion and triumphing over SatanJudith beheading Holofernes 35r: Jael piercing Cysara's eye with sword; Queen Tomyris beheading Cyrus Jael piercing Cysara's eye with swordQueen Tomyris beheading Cyrus 35v: saints rescued from Hell (shown as Hellmouth) by Christ; people of Israel set free from Egypt by angel saints rescued from Hell (shown as Hellmouth) by Christpeople of Israel set free from Egypt by angel 36r: Abraham rescued from Chaldaeans' fire by God; angel leading Lot and his family out of Sodom Abraham rescued from Chaldaeans' fire by Godangel leading Lot and his family out of Sodom 36v: Resurrection: Christ stepping out of the tomb; Samson removing gates of Gaza Resurrection: Christ stepping out of the tombSamson removing gates of Gaza 37r: Jonah emerging from whale; builders of Solomon's Temple with corner stone Jonah emerging from whalebuilders of Solomon's Temple with corner stone 37v: Ascension of Christ; Jacob's dream of heavenly ladder Ascension of ChristJacob's dream of heavenly ladder 38r: Christ bringing back lost sheep; Elijah in fiery chariot Christ bringing back lost sheepElijah in fiery chariot 38v: Pentecost; Tower of Babel PentecostTower of Babel 39r: God giving Moses Tablets; Elisha filling poor widow's vessels with oil God giving Moses TabletsElisha filling poor widow's vessels with oil 39v: Virgin praying surrounded by Instruments of the Passion and manger with ox and ass; Anna, Tobias's wife, troubled by her son's absence Virgin praying surrounded by Instruments of the Passion and manger with ox and assAnna, Tobias's wife, troubled by her son's absence 40r: woman looking for her drachma (Parable of the Lost Coin/Piece of Silver); Saul giving Michal to Phalathiel/Palti woman looking for her drachma (Parable of the Lost Coin/Piece of Silver)Saul giving Michal to Phalathiel/Palti 40v: Coronation of the Virgin; David playing harp before Ark Coronation of the VirginDavid playing harp before Ark 41r: St John's vision of woman surrounded by sun and standing on moon; Solomon's mother, Bathsheba, seated on his right side St John's vision of woman surrounded by sun and standing on moonSolomon's mother, Bathsheba, seated on his right side 41v: Virgin interceding for the sinners; Abigail pleading to David to have pity on Nabal Virgin interceding for the sinnersAbigail pleading to David to have pity on Nabal 42r: Thecuites reconciling David and Absalom; wise woman showing Sheba's head to Joab Thecuites reconciling David and Absalomwise woman showing Sheba's head to Joab 42v: Virgin protecting sinners under her cloak; Tharbis saving city of Saba from Moses' siege by asking her father to let her marry MosesVirgin protecting sinners under her cloak 43r: woman of Thebes drops millstone on Abimelech; Michal speaking to soldier while David escapes through window woman of Thebes drops millstone on AbimelechMichal speaking to soldier while David escapes through window 43v: Christ displaying wounds before God; Antipater showing wounds to Julius Caesar Christ displaying wounds before GodAntipater showing wounds to Julius Caesar 44r: Virgin showing her breasts ('Maria mediatrix'); Esther pleading to Ahasuerus for people of Israel Virgin showing her breasts ('Maria mediatrix')Esther pleading to Ahasuerus for people of Israel 44v: Last Judgement: Christ seated on rainbow, with feet resting on orb, lily and sword at his head, flanked by two angels with trumpets above dead rising from graves; three men bringing gifts to nobleman seated under canopyLast Judgement: Christ seated on rainbow, with feet resting on orb, lily and sword at his head, flanked by two angels with trumpets above dead rising from graves 45r: five wise and five foolish virgins (Parable of the Ten Virgins); God's hand writing on the wall before King Balthazar 'Mane tetel fares' five wise and five foolish virgins (Parable of the Ten Virgins)God's hand writing on the wall before King Balthazar 'Mane tetel fares' 45v: devils punishing sinful souls in cauldron; two men cutting David's enemies with saw devils punishing sinful souls in cauldrontwo men cutting David's enemies with saw 46r: Gideon riding and dragging enemy; Pharaoh and his army drowned in Red Sea Gideon riding and dragging enemyPharaoh and his army drowned in Red Sea 46v: God holding the crucifix ('Throne of Mercy'); Queen of Sheba before Solomon God holding the crucifix ('Throne of Mercy')Queen of Sheba before Solomon 47r: feast of King Ahasuerus; Job's sons feasting feast of King AhasuerusJob's sons feasting",miniature,,,,,,,,,,,,,,,,,,,,,,,,,,,,,,"E. Breitenbach, Speculum humanae salvationis: eine typengeschichtliche Untersuchung, Studien der deutschen Kunstgeschichte 272 (Strassburg: J.H.E. Heitz, 1930); B. Cardon, Manuscripts of the Speculum humanae salvacionis in the Southern Netherlands (c. 1410-1470) (Leuven: Peeters, 1996), pp. 382-84",,
_deco_1,,,,"Cambridge, University Library, MS Gg.4.27(2)",manuscript,,MS-GG-00004-00027-00002,,"Plain initials in red or blue, 2-4 lines.",plainInit,,,,,,,,,,,,,,,,,,,,,,,,,,,,,,,,
_deco_1,,,,"Cambridge, University Library, MS Gg.1.10",part,,,,"Marginal diagrams, typically in dark brown but with occasional use of red on ff. 12r, 25r, 30r, 33r, 33v, 36r, 38v, 41v, 43r, 45r.",marginal,,,,,,,,,,,,,,,,,,,,,,,,,,,,,,,,
_deco_1,,,,MS Dd.1.16,manuscript,,MS-DD-00001-00016,,": Genealogical tables from Adam to Christ, of Jewish kings and prophets, rulers of Mesopotamia, Persia and Egypt, Alexander the Great and Roman emperors, some names encircled in gold.",diagram,1r-6r,1r,6r,,,,,,,,,,,,,,,,,,,,,,,,,,,,,
_deco_1,,,,MS 25,manuscript,,,,Blue initials with red and blue penwork ornamentation.,initial,,,,,,,,,,,,,,,,,,,,,,,,,,,,,,,,
_deco_1,,,,MS 18,manuscript,,,,"One illuminated floriated initial with gold, red and blue (f.2v), which forms three sides of a page border.",decinit,,,,,,,,,,,,,,,,,,,,,,,,,,,,,,,,
_deco_1,,,,MS 26,manuscript,,,,Large red initial with green penwork ornamentation (fol 2v). Large red initials to mark sections.,initial,,,,,,,,,,,,,,,,,,,,,,,,,,,,,,,,
_deco_1,,,,MS 10,manuscript,,,,Five line initial (of 'Deus') on fol. 1v,decinit,,,,,,,,,,,,,,,,,,,,,,,,,,,,,,,,
_deco_1,,,,,manuscript,,,,Alternating blue and red flourished penwork initials.,flourInit,,,,,,,,,,,,,,,,,,,,,,,,,,,,,,,,
_deco_1,,,,,manuscript,,,,"Red (occasionally blue) penwork initials [2 l.] for Extracts and Declarations etc, fols",plainInitnit,1r to 134r,1r,134r,,,,,,,,,,,,,,,,,,,,,,,,,,,,,
_deco_1,,,,,manuscript,,,,Alternate blue and red penwork initials throughout the text. Larger blue and red flourished initials indicate the major divisions of the Psalter. The first Psalm in each Nocturne (and also Ps. li (probably) and ci) had pictured initials which have been cut out.,,,,,,,,,,,,,,,,,,,,,,,,,,,,,,,,,
_deco_1,,,,MS 28,manuscript,,,,Red and blue initials with good flourished ornament. Headings in alternating red and blue letters. Roman numerals in red ink.,initial,,,,,,,,,,,,,,,,,,,,,,,,,,,,,,,,
_deco_1,,,,"Cambridge, Queens' College, MS
                            27",manuscript,,MS-QUEENS-00027,,"Ornamental initials (3-6 ll.) in blue with red foliate and abstract pen-flourishing for main and lesser text divisions, ff. 1r-190r.",flourInit,,,,,,,,,,,,,,,,,,,,,,,,,,,,,,,,
_deco_1,,,,"Cambridge, Queens' College, MS 26",manuscript,,MS-QUEENS-00026,,"Pink and white-patterned initial (P, 10 ll., f. 79r) on an outer white-patterned blue ground, bordered in gold, and inner burnished and punched gold ground, with infill of stylized leaf forms arranged in coils in pink, orange, blue and white, for the opening to the Prologue to Luke.",decInit,,,,,,,,,,,,,,,,,,,,,,,,,,,,,,,,
_deco_1,,,,"Cambridge, Queens' College, MS
                            18",manuscript,,MS-QUEENS-00018,,"Historiated initial formed of dragon and anthropomorphic hybrid locked in combat, Psalmist pleading to the Lord (A, 6 ll., f. , Ps 27).",histInit,49v,49v,49v,,,,,,,,,,,,,,,,,,,,,,,,,,,,,
_deco_1,,,,"Cambridge, Queens' College, MS
                            24",manuscript,,MS-QUEENS-00024,,"Ornamental initials (7 ll.) in pink or blue with white decoration on a gold ground with foliate and acanthus motifs, with three-sided bar and spraywork borders with foliate and acanthus motifs for main text divisions on ff. 1r, 31v.",border,,,,,,,,,,,,,,,,,,,,,,,,,,,,,,,,
_deco_1,,,,"Cambridge, Queens' College, MS 31",manuscript,,MS-QUEENS-00031,,"2r: Gold initial (F, 3 ll.) on pink and blue inner and outer ground patterned with white.",colInit,,,,,,,,,,,,,,,,,,,,,,,,,,,,,,,,
_deco_1,,,,"Cambridge, Queens' College, MS 19",manuscript,,MS-QUEENS-00019,,"Green and plain parchment initials (2-5 ll.), some incorporating geometric elements, others terminating in stylized leaf forms (e.g. f. 9v), alternating with red and plain parchment abstract initials (2-5 ll.) of the same style [e.g. f. 7v], for the opening to the preface and the main text of the Speculum, as well as at other principal openings within the first text.",decInit,,,,,,,,,,,,,,,,,,,,,,,,,,,,,,,,
_deco_1,,,,"Cambridge, Queens' College, MS
                            21",manuscript,,MS-QUEENS-00021,,"Green, red and plain parchment abstract-patterned initial (I, 18 ll., f. 2v), at the opening to the main text. Green, red and plain parchment initial (I, 21 ll., f. 1r), at the opening to the Prologue. Red initial (Y, 4 ll., f. 1v) with abstract decoration in red and green, for the opening to the Capitula; red initial (M, 3 ll., f. 97v) with abstract decoration in red and green, with infill of stylized leaf forms in green, for one of the principal openings in the text. Green and red abstract-patterned initials (e.g. I, 5 ll., f. 35v; I, 6 ll., f. 45r) for some of the paragraph openings. Red and plain parchment initial (P, 2 ll., f. 6r) for one of the paragraph openings. Green initials (2 ll.) with simple abstract patterns in red, with no infill, alternating with red initials (2 ll.) with simple abstract patterns in green, for some of the paragraph openings (e.g. ff. 7v-8r); red initials (2 ll.), incorporating abstract and stylized leaf forms, with no infill (e.g. N, 2 ll., f. 11v; E, 2 ll., f. 42r), for some of the paragraph openings. Red initials (e.g. E, 2 ll., f. 26v; E, 2 ll., f. 37v) on plain parchment inner grounds, with infill of abstract patterns in green, and green initials (2 ll.) with infill of abstract patterns in red (e.g E, 2 ll., f. 76r; E, 2 ll., f. 80v), for some of the paragraph openings.",flourInit,,,,,,,,,,,,,,,,,,,,,,,,,,,,,,,,
_deco_1,,,,"Cambridge, Queens' College, MS
                            35",manuscript,,MS-QUEENS-00035,,"Diagrammatic chronology from Creation to Arthur, Prince of Wales:",,,,,,,,,,,,,,,,,,,,,,,,,,,,,,,,,
_deco_1,,,,"Cambridge, Queens' College, MS
                            20",part,,,,"Plain initial (N, 2. ll.) in red (ii verso); green initial (Q, 4 ll.) with red flourishing (iii recto). Most of the spaces left for initials are blank.",flourInit,,,,,,,,,,,,,,,,,,,,,,,,,,,,,,,,
_deco_1,,,,"Cambridge, Queens' College, MS
                            22",manuscript,,MS-QUEENS-00022,,Plain red initials.,plainInit,,,,,,,,,,,,,,,,,,,,,,,,,,,,,,,,
_deco_1,,,,"Cambridge, Queens' College, MS 23",manuscript,,MS-QUEENS-00023,,Spaces left for initials with guide letters.,unfilled,,,,,,,,,,,,,,,,,,,,,,,,,,,,,,,,
_deco_1,,,,"Cambridge, Queens' College, MS
                            18*",manuscript,,MS-QUEENS-00018*,,"Four historiated initials formed of gold panels with interlaced knotwork terminating in beasts' heads or acanthus: f. 3r, Ps 81 (D, 7 ll.): Christ standing, holding book and cross-staff PsChristf. 27v, Ps 92 (D, 7 ll.): Mounted knight slaying dragon Psknightdragonf. 44r, Ps 101 (D, 10 ll.): Supplicant kneeling in prayer and looking up to Christ who is blessing and holding a book PsChristf. 80r, Ps 113 (I, 21 ll.): St Michael slaying a dragon PsSt Michael slaying a dragon",histInit,,,,,,,,,,,,,,,,,,,,,,,,,,,,,,,,
_deco_1,,,,"Cambridge, Queens' College, MS 14",manuscript,,MS-QUEENS-00014,,"Pinkish beige abstract-patterned initial (I, 32 ll., f. 3r) with abstract patterning around the initial in orange and green, the initial terminating in stylized leaf forms in the same colours, for the opening to the Retractions. Pinkish beige and plain parchment initial (S, 12 ll., f. 15v), with no infill, for the opening to Book Two. Green and plain parchment abstract-patterned initials (e.g. G, 11 ll., f. 3v, Q, 9 ll., f. 62r, E, 8 ll., f. 92r, E, 8 ll., f. 137v etc.), with no infill, for the opening of the main text and for the opening to Books Six, Nine, Thirteen and Fifteen, for one of the paragraph openings (N, 2 ll., f. 124r; N, 5 ll., f. 119r, with a termination of stylized leaf form) in Book Eleven, and for one of the paragraph openings (M, 3 ll., f. 273r) in Book Twenty-Two; yellow and plain parchment abstract-patterned initialsfor some of the paragraph openings to Book Nineteen (e.g. Q, 7 ll., f. 223r). Orange and plain parchment abstract-patterned initials (I, 25 ll., f. 26v; Q, 7 ll., f. 49r; D, 9 ll., f. 69v), with no infill, for the beginning of Books Three and Seven. Pinkish beige and plain parchment abstract-patterned initials (D, 8 ll., f. 38v, O, 8 ll., f. 99r), on plain parchment inner grounds, with no infill, the ascender terminating in stylized leaf forms, for the opening to Books Four, Five and Seven. Red, green and plain parchment, abstract-patterned initials (N, 7 ll., f. 80v) on plain parchment inner grounds, with infill of stylized leaf forms in same colours, arranged symmetrically, and with decoration of same extending from the initial into the margin, for the opening to Books Eight and Ten. Light blue, green, red and plain parchment initials (e.g. D, 3 ll., f. 113r; D, 3 ll. f. 114r; A, 3 ll., f. 114v), the stave(s) of the initial terminating in stylized leaf forms (D, 3 ll., f. 116r, flourished in red), on a plain parchment inner ground, with no infill, for the opening to some of the Capitula for Books Eleven to Twenty-Two. Yellow and plain parchment abstract-patterned initial (D, 8 ll., f. 147r), with an extension of a stylized berry form in green, on a plain parchment inner ground, with no infill, for the opening to Book Fourteen; yellow, green and plain parchment initial of same (D, 9 ll., f. 203r) with green and red berry forms, for the opening to Book Eighteen.",decInit,,,,,,,,,,,,,,,,,,,,,,,,,,,,,,,,
_deco_1,,,,"Cambridge, Queens' College, MS
                            29",manuscript,,MS-QUEENS-00029,,"Blue, red and gold bars extending from historiated initial with half-length man in red shooting with bow and arrow upwards at an animal seated at top (f. 1r). shooting with bow and arrow",border,,,,,,,,,,,,,,,,,,,,,,,,,,,,,,,,
_deco_1,,,,"Cambridge, Queens'
                                          College, MS 15",manuscript,,MS-QUEENS-00015,,"Red and green arabesque initial on plain parchment ground (N, 12 ll., f. 1r); red and plain parchment abstract-patterned initial (I, 15 ll., f. 95r).",decInit,,,,,,,,,,,,,,,,,,,,,,,,,,,,,,,,
_deco_1,,,,"Cambridge, Queens' College, MS 16",manuscript,,MS-QUEENS-00016,,"Arabesque initials in red and green (e.g. P, 19 ll., f. 1r; C, 4 ll., f. 66v; Q, 5 ll., f. 92v).",decInit,,,,,,,,,,,,,,,,,,,,,,,,,,,,,,,,
_deco_1,manusript_1,,,"Cambridge, Gonville and Caius College, MS 451a/750",manuscript,,MS-GONVILLE-AND-CAIUS-00451-A-00750,,Small (three-line) diagram of a lead plate with five crosses drawn in brown ink on f. 2v.,diagram,,,,,,,,,,,,,,,,,,,,,,,,,,,,,,,,
_deco_2,,,,"Cambridge, University Library, MS Ee.6.41",manuscript,,MS-EE-00006-00041,,Rubrication in red.,rubrication,,,,,,,,,,,,,,,,,,,,,,,,,,,,,,,,
_deco_2,,,,"Cambridge, University Library, MS Gg.1.8",part,,,,"Heptagonal diagram comprising a seven-pointed star, at each point of which is a circle enclosing a further seven-pointed star: each contains a Zodiac-like symbol at its centre, with further symbols located at the points within the enclosing circle. The diagram is labelled at the centre: 'Prima materia +'. The seven stars are labelled according to Galenic humours, as follows (clockwise from the top): 'Femynyne Malancoly', 'Femynyne Flegmaticke', 'Masculyne Collericke', 'Masculyne Sanguyne', 'Masculyne Collericke', 'Femynyne Flegmaticke', 'Femynyne Malancoly'.",diagram,,,,,,,,,,,,,,,,,,,,,,,,,,,,,,,,
_deco_2,,,,MS Add. 6447,part,,,,"Four- to eight-line initials in blue, with internal void decoration, and infill and marginal flourishing in red ink (ff. 1r, 2v, 5v).",flourInit,,,,,,,,,,,,,,,,,,,,,,,,,,,,,,,,
_deco_2,,,,"Cambridge, University Library, MS Gg.4.27(2)",manuscript,,MS-GG-00004-00027-00002,,Headings written in red.,rubrication,,,,,,,,,,,,,,,,,,,,,,,,,,,,,,,,
_deco_2,,,,"Cambridge, University Library, MS Gg.1.10",part,,,,Red initial with blue pen-flourishing on f. 1r.,flourInit,,,,,,,,,,,,,,,,,,,,,,,,,,,,,,,,
_deco_2,,,,MS Dd.1.16,manuscript,,MS-DD-00001-00016,,": two schematic depictions of Noah's ark, 'secundum moysen' and 'secundum iosephum'",diagram,1r,1r,1r,,,,,,,,,,,,,,,,,,,,,,,,,,,,,
_deco_2,,,,MS 25,manuscript,,,,Red paragraph marks for minor text divisions,rubrication,,,,,,,,,,,,,,,,,,,,,,,,,,,,,,,,
_deco_2,,,,MS 18,manuscript,,,,Paragraphs marked by blue initials with red penwork flourishing.,flourInit,,,,,,,,,,,,,,,,,,,,,,,,,,,,,,,,
_deco_2,,,,MS 26,manuscript,,,,Rubricated headings found throughout.,rubrication,,,,,,,,,,,,,,,,,,,,,,,,,,,,,,,,
_deco_2,,,,MS 10,manuscript,,,,"Red penwork initials (2 – 3 lines) occasionally with minor internally-voided decoration, for main and sub-divisions",plainInitnit,,,,,,,,,,,,,,,,,,,,,,,,,,,,,,,,
_deco_2,,,,"Cambridge, Queens' College, MS
                            27",manuscript,,MS-QUEENS-00027,,"Alternate red and blue paragraph marks (1 l.) for minor text divisions, ff. 1r-190r.",rubrication,,,,,,,,,,,,,,,,,,,,,,,,,,,,,,,,
_deco_2,,,,"Cambridge, Queens' College, MS 26",manuscript,,MS-QUEENS-00026,,"Red or blue paragraph marks on ff. 1-173; red or blue plain initials (1 l.) on ff. 174-208. Glosses have paragraph marks in the same ink as the text, some stylized: f. 21v stylized oak branch; ff. 23r, 25v, 90r, 15v, etc. stylized leaf forms.",rubrication,,,,,,,,,,,,,,,,,,,,,,,,,,,,,,,,
_deco_2,,,,"Cambridge, Queens' College, MS
                            18",manuscript,,MS-QUEENS-00018,,"Eighty zoomorphic, figural, foliate or panelled initials (5-24 ll.) in gold, blue, green, orange-red and pink for Prologue and remaining Psalms, larger initials (9-18 ll.) for the Psalms of the three- and eight-fold divisions (1, 26, 38, 51, 52, 68, 80, 97, 101, 109), smaller initials (5-8 ll., except I and L initials) for the remaining Psalms, some initials formed of gold or multi-coloured panels with interlaced knotwork terminating in beasts’ heads or acanthus and filled with coiled foliage and animal, human or hybrid figures entangled within it (e.g. ff. 3r, 57r, 62v, 99r), others shaped by dragons, fish, birds, human or hybrid figures (e.g. ff. 20v, 46r, 79r, 94r, 122v, 130v, 137r); opening verse of each Psalm written in red display capitals, except incipit texts of Psalms 1 and 68 which are in gold display capitals (ff. 3r, 130v) and of Psalms 26, 38, 51 and 52 for which blank spaces have been left.",decInit,,,,,,,,,,,,,,,,,,,,,,,,,,,,,,,,
_deco_2,,,,"Cambridge, Queens' College, MS
                            24",manuscript,,MS-QUEENS-00024,,"Ornamental initials (3 ll.) in gold on blue and dark pink with white decoration and spraywork for lesser text divisions (e.g. 26v, 52v, 64v).",decInit,,,,,,,,,,,,,,,,,,,,,,,,,,,,,,,,
_deco_2,,,,"Cambridge, Queens' College, MS 31",manuscript,,MS-QUEENS-00031,,Blue initials with toothed pen-flourishing in red.,flourInit,,,,,,,,,,,,,,,,,,,,,,,,,,,,,,,,
_deco_2,,,,"Cambridge, Queens' College, MS 19",manuscript,,MS-QUEENS-00019,,Plain green and red initials (1 l.) for some of the paragraph openings in the second text.,colInit,,,,,,,,,,,,,,,,,,,,,,,,,,,,,,,,
_deco_2,,,,"Cambridge, Queens' College, MS
                            35",manuscript,,MS-QUEENS-00035,,"1 roundel miniature (c. 84 mm) in pink, gold and blue frame for start of roll (f. 1r; the Temptation).",miniature,,,,,,,,,,,,,,,,,,,,,,,,,,,,,,,,
_deco_2,,,,"Cambridge, Queens' College, MS
                            20",part,,,,Large and small plain initials in red. Drawing in ink of a head in profile in the lower margin of 40v.,flourInit,,,,,,,,,,,,,,,,,,,,,,,,,,,,,,,,
_deco_2,,,,"Cambridge, Queens' College, MS
                            22",manuscript,,MS-QUEENS-00022,,Paragraph marks and underlining in red.,rubrication,,,,,,,,,,,,,,,,,,,,,,,,,,,,,,,,
_deco_2,,,,"Cambridge, Queens' College, MS
                            18*",manuscript,,MS-QUEENS-00018*,,"Sixty-four zoomorphic, figural, foliate or panelled initials (5-24 ll.) in gold, blue, green, orange-red and pink for Prologue and remaining Psalms, larger initials (10-13 ll.) for the Psalms of the three- and eight-fold divisions, smaller initials (5-9 ll., except I and L initials, e.g. f. 80r) for the remaining Psalms. Some initials formed of gold or multi-coloured panels with interlaced knotwork terminating in beasts’ heads or acanthus and filled with coiled foliage and animal, human or hybrid figures entangled within it or supporting the structure (e.g. ff. 9v, 11r, 21v, 24v, 26v, 68v, 84v); others shaped by dragons, fish, birds, human or hybrid figures (e.g. ff. 6v, 84v, 89r, 93r, 116r, 118v). Initial for Psalm 80 (E, 14 ll.) left unfinished as an inked under-drawing (f. 1r); initial for Psalm 84 (B, 6 ll.) left unfinished as a leadpoint under-drawing (f. 8r). Zoomorphic, figural, foliate or panelled initials (7-8 ll.) for Canticles. Gold initial (O, 3 ll.) with foliate infill on blue ground for Jerome’s letter (f. 160r). Opening verse of Psalms 81 (3r), 82 (4r) and 84 (8r) written in red display capitals; spaces left blank for incipit texts of remaining Psalms.",decInit,,,,,,,,,,,,,,,,,,,,,,,,,,,,,,,,
_deco_2,,,,"Cambridge, Queens' College, MS 14",manuscript,,MS-QUEENS-00014,,"Unfinished pen-drawn initial (C, 12 ll., f. 117r) with terminations of stylized leaf forms, on a plain parchment inner ground, with infill of stylized leaf and abstract forms, arranged symmetrically, for the opening to Book Eleven.",flourInit,,,,,,,,,,,,,,,,,,,,,,,,,,,,,,,,
_deco_2,,,,"Cambridge, Queens' College, MS
                            29",manuscript,,MS-QUEENS-00029,,"1r: David crowned, seated playing the harp (above), David in red tunic, stones in lap, and sling facing Goliath in a sitting posture, with red mail, blue surcoat, and scimitar.David crowned, seated playing the harpDavid in red tunic, stones in lap, and sling 4r: Half-length praying figure on gold ground. Half-length praying figure on gold ground. 24r: David, a boy holding a glove, and another standing figure (left); bishop in mitre and blue chasuble speaks to them (right). 38v: David kneels with hand pointing to his face, with above the Divine Hand in a red cloud. David kneels with hand pointing to his facethe Divine Hand in a red cloud. 51v: Warrior in red mail and blue surcoat about to behead a kneeling tonsured man. 52r: Fool, bald and clad only in a short cloak, stands holding a stick and eating a cake (left); David throned (right). 65v: Above, Christ half-length with red cross-nimbus and globe blessing; below, David half-length nude, crowned in water.Above, Christ half-length with red cross-nimbus and globe blessing 82v: David sits playing on two bells hung from a red beam, with a long-headed hammer in each hand; initial ends in a tailed and lion-headed man playing the harp.David sits playing on two bells hung from a red beam, with a long-headed hammer in each hand 98r: Three tonsured clerks in red, blue and pink copes before a lectern with an open book, which the foremost handles. 100r: David kneels and prays, above Christ's head in a red cloud. David kneels and praysChrist's head in a red cloud. 116r: God the Father and Christ in blue over red, and cross-nimbi, each with a book, seated; above, Dove in the centre in a red cloud.God the Father and Christ in blue over red, and cross-nimbi, each with a book, seated 178r: God the Father with red cross-nimbus seated holds the Crucified Christ before Him; above, outside the initial, the Dove.God the Father with red cross-nimbus seated holds the Crucified Christ before Him 186v: Christ blessing a kneeling figure: above his head a red cloud with white stars.Christ blessingkneeling figure 206v: Three kneeling figures, above, the Divine Hand in a red cloud.Three kneeling figures",histInit,,,,,,,,,,,,,,,,,,,,,,,,,,,,,,,,
_deco_2,,,,"Cambridge, Queens'
                                          College, MS 15",manuscript,,MS-QUEENS-00015,,"Green initial (M, 2 ll., f. 75v) and red initial (Q, 3 ll., f. 76r) with minimal flourishing of dots and wavy lines in red.",flourInit,,,,,,,,,,,,,,,,,,,,,,,,,,,,,,,,
_deco_2,,,,"Cambridge, Queens' College, MS 16",manuscript,,MS-QUEENS-00016,,"Plain initials in green (P, 5 ll., f. 93r; T, 3 ll., f. 101r).",colInit,,,,,,,,,,,,,,,,,,,,,,,,,,,,,,,,
_deco_2,manusript_1,,,"Cambridge, Gonville and Caius College, MS 451a/750",manuscript,,MS-GONVILLE-AND-CAIUS-00451-A-00750,,"Full-page diagram of a so-called Zodiac Man, with the Latin names of the signs of the zodiac written inside his body, drawn in brown ink on f. 14v.",diagram,,,,,,,,,,,,,,,,,,,,,,,,,,,,,,,,
_deco_3,,,,"Cambridge, University Library, MS Gg.1.8",part,,,,"A sketch in ink of alchemical oven/experimental set-up, on a small piece of paper pasted onto the page.",diagram,,,,,,,,,,,,,,,,,,,,,,,,,,,,,,,,
_deco_3,,,,MS Add. 6447,part,,,,"Two- or three-line initials, alternating in red or blue, occasionally with internal void decoration.",plainInit,,,,,,,,,,,,,,,,,,,,,,,,,,,,,,,,
_deco_3,,,,"Cambridge, University Library, MS Gg.1.10",part,,,,Blue initial with red dot decoration on f. 36v.,colInit,,,,,,,,,,,,,,,,,,,,,,,,,,,,,,,,
_deco_3,,,,MS Dd.1.16,manuscript,,MS-DD-00001-00016,,: mansions in the desert and Tabernacle,diagram,2r,2r,2r,,,,,,,,,,,,,,,,,,,,,,,,,,,,,
_deco_3,,,,MS 18,manuscript,,,,Alternating 1-line red and blue initials throughout.,plainInit,,,,,,,,,,,,,,,,,,,,,,,,,,,,,,,,
_deco_3,,,,MS 10,manuscript,,,,Red paragraph marks for minor text divisions,rubrication,,,,,,,,,,,,,,,,,,,,,,,,,,,,,,,,
_deco_3,,,,"Cambridge, Queens' College, MS
                            24",manuscript,,MS-QUEENS-00024,,Paragraph marks (1 l.) in alternate blue with red pen-flourishing and gold with blue pen-flourishing for verses.,,,,,,,,,,,,,,,,,,,,,,,,,,,,,,,,,
_deco_3,,,,"Cambridge, Queens' College, MS 31",manuscript,,MS-QUEENS-00031,,Initials in the text touched with red.,plainInit,,,,,,,,,,,,,,,,,,,,,,,,,,,,,,,,
_deco_3,,,,"Cambridge, Queens' College, MS
                            35",manuscript,,MS-QUEENS-00035,,"Ornamental initials (4–5 ll.) in gold on pink and blue with white and green decoration and foliate motifs, two-sided spraywork border with acanthus and foliate motifs springing from them, for opening of text and start of Old Testament genealogy, f. 1r.",decInit,,,,,,,,,,,,,,,,,,,,,,,,,,,,,,,,
_deco_3,,,,"Cambridge, Queens' College, MS 14",manuscript,,MS-QUEENS-00014,,Line-fillers: abstract forms in green and orange (e.g f. 3r).,lineFill,,,,,,,,,,,,,,,,,,,,,,,,,,,,,,,,
_deco_3,,,,"Cambridge, Queens' College, MS
                            29",manuscript,,MS-QUEENS-00029,,"Gold initials (2 ll.) on blue or pink inner and outer grounds, with white foliage infill.",colInit,,,,,,,,,,,,,,,,,,,,,,,,,,,,,,,,
_deco_3,,,,"Cambridge, Queens'
                                          College, MS 15",manuscript,,MS-QUEENS-00015,,"Plain initials in red, green or blue (e.g. S, 8 ll., f. 25v; D, 8 ll., f. 54v; S, 4 ll., f. 100r).",colInit,,,,,,,,,,,,,,,,,,,,,,,,,,,,,,,,
_deco_3,,,,"Cambridge, Queens' College, MS 16",manuscript,,MS-QUEENS-00016,,One-line red Roman numerals in margins for chapters.,plainInit,,,,,,,,,,,,,,,,,,,,,,,,,,,,,,,,
_deco_3,manusript_1,,,"Cambridge, Gonville and Caius College, MS 451a/750",manuscript,,MS-GONVILLE-AND-CAIUS-00451-A-00750,,"Fancy ascenders on letters on the top line, throughout the manuscript.",other,,,,,,,,,,,,,,,,,,,,,,,,,,,,,,,,
_deco_4,,,,"Cambridge, University Library, MS Gg.1.8",part,,,,"A series of sixty-six circular images or flask outlines, with allegorical depictions of the stages of the alchemical process; occasional use of symbols in the annotations, coloured (watercolour?) in yellow, golden (now brown), red, black (now dark grey), grey, silver (?), green (now turquoise), a beige-like hue, light blue. The diagrams are on the rectos only, some accommodated on larger leaves that have been folded into the volume. 80r: Mercurius 81r: Preparation 82r: Deuision 83r: Disstillation 84r: Amation (with label 'Gabriell') 85r: Leo Viridis 86r: Coitus (with label 'Vertues') 87r: Vegetall Anymall Mynerall 88r: Calcynation 89r: Sublymatyon 90r: Solutyon 91r: Generation 92r: Putrefactyon 93r: Conception 94r: Impregnation (with labels 'Ierarchie' and 'Ephionia') 95r: Coniunction (with labels 'Fier', 'Eyer', 'Water', 'Earthe') 96r: Fermentacyon 97r: Seperatyon (with labels 'Fyer', 'Eyer', 'Water', 'Earth') 98r: Sepeation [sic] (with labels 'Water', 'Eyer', 'Fyer', 'Earth') 99r: Coniunction (with labels 'Water', 'Eyer', 'Fyer', 'Earth') 100r: Seperatyon (with labels 'Fyer', 'Eyer', 'Water', 'Eyey', 'Earth') 101r: Coniunction (with label 'Eyer into Fyer into Water into Earthe') 102r: Seperatyon (with labels 'Eyer', 'Water', 'Fyer', 'Earth') 103r: Ignis Innaturalis 104r: Ortus (with label 'Potestate') 105r: Fermentacyon 106r: Purgatyon 107r: Separation (with label 'Water into X Fyer into X Earth into X Eyer into X - and various symbols at X) 108r: Coniunction (with labels 'Eyer', 'Water', 'Fyer', 'Earth') 109r: Coniunctyon (on a fold-out page) (with label ' Fyer into X Water into X Eyer into X Earth' - and various symbols at X) 110r: Separacyon 111r: Separation (with label 'Fyer into X Earth in X Eyer in X Water into X - with various symbols at X) 112r: Coniuntion [sic] (with labels 'Eyer', 'Water', 'Fyer', 'Earth') 113r: Separation (with label 'Earth into X Eyer into X Water into X Fyer into X - with various symbols at X) 114r: Coniunction (with labels 'Earth', 'Eyer', 'Water', 'Fyer') 115r: Exaltacyon 116r: Quinta Essentie 117r: Fixacyon (with label 'Principatus') 118r: Proiection 119r: Multiplication 120r: Imbibicion 121r: Solucyon 122r: Conielation 123r: Coninctyon [sic] 124r: Sublimation 125r: Calcination 126r: Fixation (with label 'Dominacione') 127r: Multiplication 128r: Fermenttatyon 129r: Imbibicyon 130r: Solution 131r: Congealacyon 132r: Sublymation 133r: Calcynation 134r: Quinta Essentie 135r: Fixatyon (with label 'Ararchie Epiphonemya') 136r: Multiplication : Fermentatyon (on a fold-out sheet) 137r: Imbibicyon 138r: Calcynatyon 139r: Sublymatyon 140r: Solutyon 141r: Conielation 142r: Coniunctyon 143r: Exaltacion 144r: Quinto Essentie 145r: Fixation (with label 'Cherubine')",miniature,,,,,,,,,,,,,,,,,,,,,,,,,,,,,,,,
_deco_4,,,,MS Add. 6447,part,,,,Headings written and paraph marks drawn in red; litterae notabiliores touched in red. litterae notabiliores,rubrication,,,,,,,,,,,,,,,,,,,,,,,,,,,,,,,,
_deco_4,,,,"Cambridge, University Library, MS Gg.1.10",part,,,,Rubric in red and blue in a script inspired by capitalis rustica on f. 1r. capitalis rustica,rubric,,,,,,,,,,,,,,,,,,,,,,,,,,,,,,,,
_deco_4,,,,MS Dd.1.16,manuscript,,MS-DD-00001-00016,,: habitatio regis et sacerdotum,diagram,4v,4v,4v,,,,,,,,,,,,,,,,,,,,,,,,,,,,,
_deco_4,,,,MS 18,manuscript,,,,Rubrication found throughout the text.,rubrication,,,,,,,,,,,,,,,,,,,,,,,,,,,,,,,,
_deco_4,,,,"Cambridge, Queens' College, MS 31",manuscript,,MS-QUEENS-00031,,Chapter-headings in red. Red and blue paragraph marks.,rubrication,,,,,,,,,,,,,,,,,,,,,,,,,,,,,,,,
_deco_4,,,,"Cambridge, Queens' College, MS
                            35",manuscript,,MS-QUEENS-00035,,"Ornamental initials (2 ll.) in alternate gold with blue pen-flourishing and blue with red pen-flourishing for lesser text divisions and notes on monarchs and royal lines; gold and blue penwork initials (1 l.) for minor text divisions, ff. 1r-3v.",flourInit,,,,,,,,,,,,,,,,,,,,,,,,,,,,,,,,
_deco_4,,,,"Cambridge, Queens' College, MS 14",manuscript,,MS-QUEENS-00014,,"Simple scrolls (e.g. f. 18r etc.) and pointing hands (e.g. f. 140r); edge-of-text profile heads (e.g. ff. 86v, 248v). The initials to Books Eleven, Twelve and Twenty-Two are unfinished. Animal with the head of a bearded man with a long nose on f. 82v.",other,,,,,,,,,,,,,,,,,,,,,,,,,,,,,,,,
_deco_4,,,,"Cambridge, Queens' College, MS
                            29",manuscript,,MS-QUEENS-00029,,"Gold, blue or red initials (1 l.) to subdivisions, some with blue or red pen-flourishing.",flourInit,,,,,,,,,,,,,,,,,,,,,,,,,,,,,,,,
_deco_4,,,,"Cambridge, Queens'
                                          College, MS 15",manuscript,,MS-QUEENS-00015,,"1-line initials in ink of text set into the left margin, some with arabesque decoration (e.g. f. 103r).",plainInit,,,,,,,,,,,,,,,,,,,,,,,,,,,,,,,,
_deco_5,,,,"Cambridge, University Library, MS Gg.1.10",part,,,,"Red initials, typically 2-3 lines high at the start of each new section of text, typically 3-4 initials per page.",plainInit,,,,,,,,,,,,,,,,,,,,,,,,,,,,,,,,
_deco_5,,,,MS Dd.1.16,manuscript,,MS-DD-00001-00016,,"Red, green or blue initials with penwork flourishing (5-28 lines), some filled with foliage, at the beginning of each book.",flourInit,,,,,,,,,,,,,,,,,,,,,,,,,,,,,,,,
_deco_5,,,,"Cambridge, Queens' College, MS
                            35",manuscript,,MS-QUEENS-00035,,"Red, green or blue roundels (extra large for Noah, David, Zechariah ('Sedechias'), and Christ), crowned for kings, connected by blue and gold line, for Old Testament genealogy; alternate pink and blue roundels, crowned for kings, connected by green, red and pink lines, for genealogies of ancient rulers, Kings of France, British and English royal houses; blue and red roundels with modern crowns, connected with red and green lines, for later continuations of English royal line (f. 20r); small double-line red roundels connected by red or green lines for cadet branches of Old Testament genealogy, royal lines and popes.",,,,,,,,,,,,,,,,,,,,,,,,,,,,,,,,,
_deco_5,,,,"Cambridge, Queens' College, MS
                            29",manuscript,,MS-QUEENS-00029,,"Line-fillers of finely drawn vegetal, anthropomorphic, zoomorphic and abstract designs in blue and red.",lineFill,,,,,,,,,,,,,,,,,,,,,,,,,,,,,,,,
_deco_5,,,,"Cambridge, Queens'
                                          College, MS 15",manuscript,,MS-QUEENS-00015,,"Extensions of letters into the bottom margin, with two turning into a bow and arrow (ff. , ) and one accompanied by a dog (f. ).",other,10r; 31v; 18r,10r 31v 18r,10r 31v 18r,,,,,,,,,,,,,,,,,,,,,,,,,,,,,
_deco_6,,,,"Cambridge, University Library, MS Gg.1.10",part,,,,Rubricated (in red) at the start of each new text and each section of text. Rubrication more frequent ff. 93r-137r.,rubric,,,,,,,,,,,,,,,,,,,,,,,,,,,,,,,,
_deco_6,,,,MS Dd.1.16,manuscript,,MS-DD-00001-00016,,"Red, blue and green chapter initials (3 lines), some with penwork flourishing in alternating colours.",flourInit,,,,,,,,,,,,,,,,,,,,,,,,,,,,,,,,
_deco_7,,,,MS Dd.1.16,manuscript,,MS-DD-00001-00016,,"Human and animal heads or figures in lower margins marking run-overs and occasionally associated with the text: e.g. Adam plangens (13r), man with shield (39r), eagle (47v), goat with inscription peccata populi (60r).Adam plangenspeccata populi",border,,,,,,,,,,,,,,,,,,,,,,,,,,,,,,,,
