metadata: origin UID,metadata: file URL,metadata: collection,metadata: ms ID,metadata: shelfmark,metadata: ms type,metadata: part name,metadata: part ID,overview: origin,overview: additions,locus: locus,locus: from,locus: to,orig date: date,orig date: when,orig date: not before,orig date: not after,orig date: certainty,orig date: calendar,orig place: place,orig place: country,orig place: country ID,orig place: country lat,orig place: country long,orig place: region,orig place: region ID,orig place: region lat,orig place: region long,orig place: settlement,orig place: settlement ID,orig place: settlement lat,orig place: settlement long,orig org: org,orig org: org ID,orig org: org lat,orig org: org long,add date: date,add date: when,add date: not before,add date: not after,add date: certainty,add date: calendar,add place: place,add place: country,add place: country ID,add place: country lat,add place: country long,add place: region,add place: region ID,add place: region lat,add place: region long,add place: settlement,add place: settlement ID,add place: settlement lat,add place: settlement long,add org: org,add org: org ID,add org: org lat,add org: org long,bibliography: bibl(s),bibliography: ref(s),bibliography: ref ID(s),bibliography: note(s)
_origin_1,manuscript_1,,,,manuscript,,MS-FF-00001-00025-00004,Mid-13th century. England.,,,,,Mid-13th century. ,,1240,1260,,Gregorian,England.,,,,,,,,,,,,,,,,,,,,,,,,,,,,,,,,,,,,,,,,,,,
_origin_1,manuscript_1,,,,manuscript,,MS-II-00006-00031,"15th century. England. The manuscript was dated by Margaret Connolly to the 15th century (see IMEP 19, p. 229). I suggest a date of production of the late fifteenth century, based on characteristics of the hand (see 'Script' for further description), and features of the spelling and vocabulary in comparison with the standard edition, which is based primarily upon the earlier copies of the text at the British Library. The most notable differences are the use of the 'th' digraph in place of þ/thorn, evidence of vowel change ('o' becomes 'u', as in 'bot'/'but'), and modernised vocabulary ('them', in place of 'þoo').",,,,,15th century. ,,1450,1500,,Gregorian,England.,,,,,,,,,,,,,,,,,,,,,,,,,,,,,,,,,,,,,,,,,,,
_origin_1,manuscript_1,,,,manuscript,,MS-FF-00004-00042,"1st quarter of the 15th century C.E. Bruges, Flanders",,,,,1st quarter of the 15th century C.E.,,1400,1425,,Gregorian,"Bruges, Flanders",,,,,,,,,,,,,,,,,,,,,,,,,,,,,,,,,,,,,,,,,,,
_origin_1,manuscript_1,,,,manuscript-composite,,MS-FF-00001-00025-00005,,,,,,,,,,,,,,,,,,,,,,,,,,,,,,,,,,,,,,,,,,,,,,,,,,,,,,,
_origin_1,manuscript_1,,,,part,,,14th century (?first half). England.,,,,,14th century (?first half). ,,1300,1350,medium,Gregorian,England.,,,,,,,,,,,,,,,,,,,,,,,,,,,,,,,,,,,,,,,,,,,
_origin_2,manuscript_1,,,,part,,,Mid-16th century (not after 1574). England.,,,,,Mid-16th century (not after 1574). ,,1540,1574,,Gregorian,England.,,,,,,,,,,,,,,,,,,,,,,,,,,,,,,,,,,,,,,,,,,,
_origin_3,manuscript_1,,,,part,,,Mid-16th century. England.,,,,,Mid-16th century. ,,1525,1575,high,Gregorian,England.,,,,,,,,,,,,,,,,,,,,,,,,,,,,,,,,,,,,,,,,,,,
_origin_1,manuscript_1,,,,manuscript-composite,,MS-DD-00004-00017,,,,,,,,,,,,,,,,,,,,,,,,,,,,,,,,,,,,,,,,,,,,,,,,,,,,,,,
_origin_1,manuscript_1,,,,part,,,,,,,,,,,,,,,,,,,,,,,,,,,,,,,,,,,,,,,,,,,,,,,,,,,,,,,,,
_origin_2,manuscript_1,,,,part,,,"First quarter of the 14th century (perhaps not before 1320; not after 1323) England The manuscript may be datable to after 1320: since Thomas Becket is among the martyrs, the Thomas among the confessors in the Litany (f. 90r) is probably , who was canonized in 1320.Thomas de Cantilupe Thomas, de Cantelupe, Saint, approximately 1218-1282 For explanation of the terminus post quem non, see Provenance. The manuscript may have been made in East Anglia, as were other manuscripts with which it bears artistic affinities (see Decoration).",,90r,90r,90r,"First quarter of the 14th century (perhaps not before
                                    1320; not after 1323)",,1300,1323,,Gregorian,England,,,,,,,,,,,,,,,,,,,,,,,,,,,,,,,,,,,,,,,,,,,
_origin_3,manuscript_1,,,,part,,,,,,,,,,,,,,,,,,,,,,,,,,,,,,,,,,,,,,,,,,,,,,,,,,,,,,,,,
_origin_4,manuscript_1,,,,part,,,,,,,,,,,,,,,,,,,,,,,,,,,,,,,,,,,,,,,,,,,,,,,,,,,,,,,,,
_origin_1,manuscript_1,,,,manuscript-composite,,MS-II-00006-00033,,,,,,,,,,,,,,,,,,,,,,,,,,,,,,,,,,,,,,,,,,,,,,,,,,,,,,,
_origin_1,manuscript_1,,,,part,,,"16th century, possibly late 15th century England",,,,,"16th century, possibly late 15th
                                    century",,1475,1600,medium,Gregorian,England,,,,,,,,,,,,,,,,,,,,,,,,,,,,,,,,,,,,,,,,,,,
_origin_2,manuscript_1,,,,part,,,15th century England,,,,,15th century ,,1400,1500,medium,Gregorian,England,,,,,,,,,,,,,,,,,,,,,,,,,,,,,,,,,,,,,,,,,,,
_origin_1,manuscript_1,,,,manuscript,,MS-II-00006-00032,850-1000 C.E. Scotland?,,,,,850-1000 C.E.,,850,1000,,Gregorian,Scotland?,,,,,,,,,,,,,,,,,,,,,,,,,,,,,,,,,,,,,,,,,,,
_origin_1,manuscript_1,,,,manuscript,,MS-FF-00001-00025-00002,Mid-16th century (not after 1574). England.,,,,,Mid-16th century (not after 1574). ,,1540,1574,,Gregorian,England.,,,,,,,,,,,,,,,,,,,,,,,,,,,,,,,,,,,,,,,,,,,
_origin_1,manuscript_1,,,,manuscript,,MS-ADD-03021,"Early fourteenth century. Thorney, Cambridgeshire. The original entries were compiled during the abbacy of William of Clopton (1305-1323).",,,,,Early fourteenth century. ,,1305,1323,,Gregorian,"Thorney, Cambridgeshire.",,,,,,,,,,,,,,,,,,,,,,,,,,,,,,,,,,,,,,,,,,,
_origin_1,manuscript_1,,,,manuscript-composite,,MS-LL-00001-00010,,,,,,,,,,,,,,,,,,,,,,,,,,,,,,,,,,,,,,,,,,,,,,,,,,,,,,,
_origin_1,manuscript_1,,,,part,,,"Mid-14th century. England, probably Cerne Abbas.",,,,,Mid-14th century. ,,1330,1370,,Gregorian,"England, probably Cerne Abbas.",,,,,,,,,,,,,,,,,,,,,,,,,,,,,,,,,,,,,,,,,,,
_origin_2,manuscript_1,,,,part,,,"Second half of the 14th century. England, probably Cerne Abbas.",,,,,Second half of the 14th century. ,,1350,1400,,Gregorian,"England, probably Cerne Abbas.",,,,,,,,,,,,,,,,,,,,,,,,,,,,,,,,,,,,,,,,,,,
_origin_3,manuscript_1,,,,part,,,"13th/14th century. England, probably Cerne Abbas.",,,,,13th/14th century. ,,1200,1400,,Gregorian,"England, probably Cerne Abbas.",,,,,,,,,,,,,,,,,,,,,,,,,,,,,,,,,,,,,,,,,,,
_origin_4,manuscript_1,,,,part,,,"Mid-14th century. England, probably Cerne Abbas.",,,,,Mid-14th century. ,,1330,1370,,Gregorian,"England, probably Cerne Abbas.",,,,,,,,,,,,,,,,,,,,,,,,,,,,,,,,,,,,,,,,,,,
_origin_5,manuscript_1,,,,part,,,"13th century. England, probably Cerne Abbas.",,,,,13th century. ,,1200,1300,,Gregorian,"England, probably Cerne Abbas.",,,,,,,,,,,,,,,,,,,,,,,,,,,,,,,,,,,,,,,,,,,
_origin_6,manuscript_1,,,,part,,,"Second half of the 13th or early 14th century. England, probably Cerne Abbas.",,,,,Second half of the 13th or early 14th century. ,,1250,1330,,Gregorian,"England, probably Cerne Abbas.",,,,,,,,,,,,,,,,,,,,,,,,,,,,,,,,,,,,,,,,,,,
_origin_7,manuscript_1,,,,part,,,"First half of the 9th century (probably 818×830). Mercia. Manuscript dated to 818×830 on the basis of the acrostic poem. See Introduction and P.R. Robinson (1988), no. 73.",,,,,First half of the 9th century (probably 818×830). ,,800,850,,Gregorian,Mercia.,,,,,,,,,,,,,,,,,,,,,,,,,,,,,,,,,,,,,,,,,,,
_origin_8,manuscript_1,,,,part,,,13th or early 14th century. Cerne Abbey.,,,,,13th or early 14th century. ,,1330,1200,,Gregorian,Cerne Abbey.,,,,,,,,,,,,,,,,,,,,,,,,,,,,,,,,,,,,,,,,,,,
_origin_9,manuscript_1,,,,part,,,Late 14th or 15th century. Cerne Abbey.,,,,,Late 14th or 15th century. ,,1500,1380,,Gregorian,Cerne Abbey.,,,,,,,,,,,,,,,,,,,,,,,,,,,,,,,,,,,,,,,,,,,
_origin_1,manuscript_1,,,,manuscript,,MS-ADD-03020,"Early fourteenth century. Thorney, Cambridgeshire. The original entries were compiled during the abbacy of William of Clopton (1305-1323).",,,,,Early fourteenth century. ,,1305,1323,,Gregorian,"Thorney, Cambridgeshire.",,,,,,,,,,,,,,,,,,,,,,,,,,,,,,,,,,,,,,,,,,,
_origin_1,manuscript_1,,,,manuscript,,MS-FF-00001-00025-00003,Mid-16th century (not after 1574). England.,,,,,Mid-16th century (not after 1574). ,,1540,1574,,Gregorian,England.,,,,,,,,,,,,,,,,,,,,,,,,,,,,,,,,,,,,,,,,,,,
_origin_1,manuscript_1,,,,manuscript-composite,,MS-FF-00001-00025-00001,,,,,,,,,,,,,,,,,,,,,,,,,,,,,,,,,,,,,,,,,,,,,,,,,,,,,,,
_origin_1,manuscript_1,,,,part,,,Mid-16th century. England.,,,,,Mid-16th century. ,,1525,1575,high,Gregorian,England.,,,,,,,,,,,,,,,,,,,,,,,,,,,,,,,,,,,,,,,,,,,
_origin_2,manuscript_1,,,,part,,,Second half of the twelfth century. England.,,,,,Second half of the twelfth century. ,,1150,1200,,Gregorian,England.,,,,,,,,,,,,,,,,,,,,,,,,,,,,,,,,,,,,,,,,,,,
_origin_1,manuscript_1,,,,manuscript,,MS-DD-00013-00027,First half of the 16th century C.E. (c. 1524-1533) East Anglia,,,,,"First half of the 16th century
                                C.E. (c. 1524-1533)",,1524,1533,,Gregorian,East Anglia,,,,,,,,,,,,,,,,,,,,,,,,,,,,,,,,,,,,,,,,,,,
_origin_1,manuscript_1,,,,manuscript,,MS-KK-00001-00024,8th century. Northumbria.,,,,,8th century. ,,700,800,,Gregorian,Northumbria.,,,,,,,,,,,,,,,,,,,,,,,,,,,,,,,,,,,,,,,,,,,
_origin_1,manuscript_1,,,,manuscript,,MS-LL-00005-00018,"Fifteenth century. This is ratified by the dateable texts contained in MS Ll.5.18, which accommodate production from quite early in the first half of the century. The Life of Saint Margaret, commissioned by Edmund Mortimer, was composed by John Lydgate between 1415-26 and the version of the Life of Saint Dorothy contained in MS Ll.5.18 has been identified by Manfred Görlach to be one of a group of the tale that dates from the early fifteenth century. Unknown",,,,,"Fifteenth century. This is ratified by the dateable texts contained in MS Ll.5.18, which
                                accommodate production from quite early in the first half of the century. The Life of Saint
                                    Margaret, commissioned by Edmund Mortimer, was composed by John Lydgate between 1415-26 and the version of
                                the Life of Saint Dorothy contained in MS Ll.5.18 has been identified by Manfred Görlach to be
                                one of a group of the tale that dates from the early fifteenth century.",,1400,1499,,,Unknown,,,,,,,,,,,,,,,,,,,,,,,,,,,,,,,,,,,,,,,,,,,
_origin_1,manuscript_1,,,,manuscript-composite,,MS-FF-00004-00042,,,,,,,,,,,,,,,,,,,,,,,,,,,,,,,,,,,,,,,,,,,,,,,,,,,,,,,
_origin_1,manuscript_1,,,,part,,,1100-1200 Sawley or Durham,,,,,1100-1200,,1100,1200,,Gregorian,Sawley or Durham,,,,,,,,,,,,,,,,,,,,,,,,,,,,,,,,,,,,,,,,,,,
_origin_2,manuscript_1,,,,part,,,1200-1500 Bury St. Edmunds,,,,,1200-1500,,1200,1500,,Gregorian,Bury St. Edmunds,,,,,,,,,,,,,,,,,,,,,,,,,,,,,,,,,,,,,,,,,,,
_origin_1,manuscript_1,,,,manuscript,,MS-FF-00001-00017-00001,1180-1230 C.E. England,,,,,"1180-1230
                                C.E.",,1180,1230,,Gregorian,England,,,,,,,,,,,,,,,,,,,,,,,,,,,,,,,,,,,,,,,,,,,
_origin_1,manuscript_1,,,,manuscript,,MS-II-00002-00004,Third quarter of the 11th century C.E. Exeter,,,,,Third quarter of the 11th century C.E.,,1050,1075,,Gregorian,Exeter,,,,,,,,,,,,,,,,,,,,,,,,,,,,,,,,,,,,,,,,,,,
_origin_1,manuscript_1,,,,manuscript,,MS-MM-00005-00031,"1249-1250 C.E. Germany, Cologne or Lower Saxony",,,,,1249-1250 C.E.,,1249,1250,,Gregorian,"Germany, Cologne or Lower Saxony",,,,,,,,,,,,,,,,,,,,,,,,,,,,,,,,,,,,,,,,,,,
_origin_1,manuscript_1,,,,manuscript,,MS-KK-00005-00016,"Mid-8th century (after 737). Wearmouth-Jarrow. Produced after 734 and probably in or 737 or shortly thereafter, perhaps at .Wearmouth-Jarrow AbbeyWearmouth-Jarrow Abbey",,,,,Mid-8th century (after 737). ,,734,750,,Gregorian,Wearmouth-Jarrow.,,,,,,,,,,,,,,,,,,,,,,,,,,,,,,,,,,,,,,,,,,,
_origin_1,manuscript_1,,,,manuscript,,,"Mid-9th century Francia (?Lyons) Wilmart (1912), Goldbacher (1913) and Hauler (1913) together showed that the contents of this manuscript on ff. 3r-152r were copied directly or indirectly from a manuscript written apparently in the region of Luxeuil in the 7th century. This latter manuscript, known as the Codex Phirmaconensis, is now divided into three parts: In that manuscript, the thirty-sixth sermon (Sermo de evangelio ubi dicit...; ff. Paris, Bibliothèque nationale, MS lat. 11641 St Petersburg, National Library of Russia, Lat.F.papyr. I.1 (formerly Leningrad, M.E. Saltyakov-Schedrin State Public Library) Geneva, Bibliothèque de Genève, Ms. lat. 16151r-152r) ended a few lines further on and was followed by Sermo de Caritate (see Mai (1844) and Hamman (1960), a heading for which appears at the end of the capitula on f. 3r of this copy. Part of that sermon may followed on f. 152r-152v, where approximately 31 lines have been carefully erased, but this is uncertain. The next item follows, with no indication of a change of exemplar, on f. 152v, col. 1, l. 18. In an unpublished description of MS Add. 3479 (now UA ULIB 7/3/75/22), Roger Mynors observed that Codex Phimarconensis was at Lyons, from at least the first half of the 9th century, for it contains marginalia in the characteristic hand of (for another manuscript at Cambridge University Library that contains notes by Florus, see Florus of Lyon Florus, of Lyons, -860 . These notes are not reproduced in this copy, however between ff. Codex Bezae (MS Nn.2.41)152v and 161r the repeated 'K' in the margin and the marks 'COR. I.' on f. 155r and 'HBR' on f. 156v are in his style, though not by his hand but by that of the scribe of the manuscript. This suggests that this section of the manuscript was also copied from a manuscript that had been read by Florus. If so, MS Add. 3479 may be added to the list of ninth-century Lyon books given by S. Tafel, 'The Lyons scriptorium III - Florus Magister', in . Other scholars have assumed that ff. Palaeographia Latina, ed. by W.M. Lindsay, St Andrews University Publications, 20 (1925), 40-703r-152r of this manuscript and Cambrai, Bibliothèque municipale, MS 567 have each descended from Codex Phimarconensis through a common ancestor (see, for example, Lambot (1961), p. x).",,3r-152r; 151r-152r; 3r; 152r-152v; 152v; 152v and 161r; 155r; 156v; 3r-152r,3r 151r 3r 152r 152v 152v 155r 156v 3r,152r 152r 3r 152v 152v 161r 155r 156v 152r,Mid-9th century,,830,869,,Gregorian,Francia (?Lyons),,,,,,,,,,,,,,,,,,,,,,,,,,,,,,,,,,,,,,,,"Codex Bezae (MS Nn.2.41); S. Tafel, 'The Lyons scriptorium III - Florus Magister', in Palaeographia Latina, ed. by W.M. Lindsay, St Andrews University Publications, 20 (1925), 40-70","Paris, Bibliothèque nationale, MS lat. 11641; St Petersburg, National Library of Russia, Lat.F.papyr. I.1; Geneva, Bibliothèque de Genève, Ms. lat. 16; unpublished description of MS Add. 3479; UA ULIB 7/3/75/22; Cambrai, Bibliothèque municipale, MS 567; Codex Bezae (MS Nn.2.41)",https://gallica.bnf.fr/ark:/12148/btv1b8438674r https://www.e-codices.unifr.ch/en/list/one/nlr/lat-F-I-1 https://www.e-codices.unifr.ch/en/list/one/bge/lat0016 https://doi.org/10.17863/CAM.67568 https://archivesearch.lib.cam.ac.uk/repositories/2/archival_objects/821185 https://data.biblissima.fr/w/Item:Q240864 https://cudl.lib.cam.ac.uk/view/MS-NN-00002-00041/1,
_origin_1,manuscript_1,,,,manuscript,,MS-II-00001-00033,"Second half of 12th century. England. Several possible places of origin have been proposed. Treharne (1998, pp. 240-44) suggests a South-Eastern origin, probably Christ Church, Canterbury or Rochester. Schipper (1983, pp. 291-92), building on Godden (1967, p. 23), argues that part of the manuscript was copied at the cathedral priory at Ely, on the basis of the presence of text on St Æthelthryth from the Vita sanctorum on ff. 34v-36v, which could have constituted the central starting point for the process of copying. Traxel (2004, p. 207) suggests a possible compilation originally from St Augustine's, Canterbury and then Ely. Mary Richards' review (2007) of Traxel re-proposes a possible Rochester provenance. Frankis (2007) proposes a connection with the priory of Barnwell, a house of Augustinian canons near Cambridge, which was dedicated to St Giles.",,34v-36v,34v,36v,Second half of 12th century. ,,1150,1200,,Gregorian,England.,,,,,,,,,,,,,,,,,,,,,,,,,,,,,,,,,,,,,,,,,,,
_origin_1,manuscript_1,,,,manuscript,,MS-GG-00001-00001,"First half of 14th century, after 1307 C.E. England Thiolier 1989 McIntosh et al. 1986",,,,,"First half of 14th century, after 1307 C.E.",,1307,1350,,Gregorian,England,,,,,,,,,,,,,,,,,,,,,,,,,,,,,,,,,,,,,,,,,Thiolier 1989; McIntosh et al. 1986,#Thiolier1989 #McIntoshetal1986,
_origin_1,manuscript_1,,,,manuscript,,,,,,,,,,,,,,,,,,,,,,,,,,,,,,,,,,,,,,,,,,,,,,,,,,,,,,,,,
_origin_1,manuscript_1,,,,manuscript,,MS-HH-00001-00010,Third quarter of 11th century C.E. Exeter,,,,,Third quarter of 11th century C.E.,,1075,1110,,Gregorian,Exeter,,,,,,,,,,,,,,,,,,,,,,,,,,,,,,,,,,,,,,,,,,,
_origin_1,manuscript_1,,,,manuscript,,MS-GG-00004-00018,"First quarter of the 15th century (after 1410). England. Among the list of 'Rejected Manuscripts' in P.R. Robinson, Catalogue of dated and datable manuscripts c. 737-1600 in Cambridge libraries (1988), p. 108. The date of 1410 given in the colophon is the date of the completion of Walton's translation, so provides only a terminus ante quem non rather than a specific date of production. For further information on the author, see: Douglas Gray, 'Walton, John', Oxford DNB (2004) [https://doi.org/10.1093/ref:odnb/28655].",,,,,First quarter of the 15th century (after 1410). ,,1410,1425,high,Gregorian,England.,,,,,,,,,,,,,,,,,,,,,,,,,,,,,,,,,,,,,,,,,https://doi.org/10.1093/ref:odnb/28655,https://doi.org/10.1093/ref:odnb/28655,
_origin_1,manuscript_1,,,,manuscript,,MS-ADD-10185-00001,"Second half of the 13th century, probably no later than 1274/75. England (Ipswich) Keith Briggs has proposed a terminus post quem non of 1274/75 for the production of this manuscript on the basis of comparison with the names appearing in other contemporary documents, and suggested on similar basis that it may have been made as late as 1270 and probably not much earlier than 1265. Briggs (2019)",,,,,"Second half of the 13th century, probably no
                                later than 1274/75.",,1250,1275,high,gregorian,England (Ipswich),,,,,,,,,,,,,,,,,,,,,,,,,,,,,,,,,,,,,,,,Briggs (2019),,,
_origin_1,manuscript_1,,,,manuscript,,MS-ADD-04126,"Mid-19th century England The manuscript has been identified as the work of the miniaturist , who also worked on CUL MS Add. 4109. Caleb Wing (b. 1801, d. 1875) Wing, C. W. (Charles William), active 1826-1860",,,,,Mid-19th century,,1819,1875,,Gregorian,England,,,,,,,,,,,,,,,,,,,,,,,,,,,,,,,,,,,,,,,,,,,
_origin_1,manuscript_1,,,,manuscript,,MS-000GG-00004-00031,Sixteenth century C.E.,,,,,Sixteenth century C.E.,,1500,1599,,Gregorian,,,,,,,,,,,,,,,,,,,,,,,,,,,,,,,,,,,,,,,,,,,,
_origin_1,manuscript_1,,,,manuscript,,MS-NN-00004-00001,1519-1529 C.E. Bruges,,,,,1519-1529 C.E.,,1519,1529,,Gregorian,Bruges,,,,,,,,,,,,,,,,,,,,,,,,,,,,,,,,,,,,,,,,,,,
_origin_1,manuscript_1,,,,manuscript-composite,,MS-FF-00001-00028,,,,,,,,,,,,,,,,,,,,,,,,,,,,,,,,,,,,,,,,,,,,,,,,,,,,,,,
_origin_1,manuscript_1,,,,part,,,"Late 14th century. England, perhaps Westminster Abbey Westminster Abbey.",,,,,Late 14th century. ,,1370,1400,medium,Gregorian,"England, perhaps Westminster Abbey Westminster Abbey.",,,,,,,,,,,,,Westminster Abbey; Westminster Abbey,,,,,,,,,,,,,,,,,,,,,,,,,,,,,,
_origin_2,manuscript_1,,,,part,,,Second half of the 15th century or early 16th century. England.,,,,,Second half of the 15th century or early 16th century. ,,1450,1525,,Gregorian,England.,,,,,,,,,,,,,,,,,,,,,,,,,,,,,,,,,,,,,,,,,,,
_origin_1,manuscript_1,,,,manuscript-composite,,MS-KK-00003-00018,,,,,,,,,,,,,,,,,,,,,,,,,,,,,,,,,,,,,,,,,,,,,,,,,,,,,,,
_origin_1,manuscript_1,,,,part,,,"16th century (before 1574). England, probably Norwich.",,,,,16th century (before 1574). ,,1500,1574,,Gregorian,"England, probably Norwich.",,,,,,,,,,,,,,,,,,,,,,,,,,,,,,,,,,,,,,,,,,,
_origin_2,manuscript_1,,,,part,,,"Second half of the 11th century. Worcester. Made at by Hemming, monk and sub-prior, or an associate of his (see Script for further details and references). Worcester Cathedral PrioryWorcester Priory",,,,,Second half of the 11th century. ,,1050,1100,,Gregorian,Worcester.,,,,,,,,,,,,,,,,,,,,,,,,,,,,,,,,,,,,,,,,,,,
_origin_3,manuscript_1,,,,part,,,"16th century (before 1574). England, probably Norwich.",,,,,16th century (before 1574). ,,1500,1574,,Gregorian,"England, probably Norwich.",,,,,,,,,,,,,,,,,,,,,,,,,,,,,,,,,,,,,,,,,,,
_origin_1,manuscript_1,,,,manuscript,,MS-EE-00004-00024,"Third quarter of the 13th century. France, perhaps Paris. The manuscript was probably commissioned in Paris for a patron with northern English interests; compare the Nuremburg Hours (Nuremberg, Stadtbibliothek, MS 4.4) and the Murthly Hours (o). Edinburgh, National Library of Scotland, MS 21000 Binski and Zutshi and Stones date the manuscript's production to c. 1270, Peterson to c. 1280.",,,,,Third quarter of the 13th century. ,,1260,1280,,Gregorian,"France, perhaps Paris.",,,,,,,,,,,,,,,,,,,,,,,,,,,,,,,,,,,,,,,,"Nuremberg, Stadtbibliothek, MS 4.4o; Edinburgh, National Library of Scotland, MS 21000","Edinburgh, National Library of Scotland, MS 21000",https://manuscripts.nls.uk/repositories/2/resources/12661,
_origin_1,manuscript_1,,,,manuscript,,MS-FF-00004-00042,after c. 850 with glosses added between the latter half of the ninth century and the early eleventh century Wales,,,,," after c.
                                850 with glosses added between the latter half of the ninth century
                                and the early eleventh century",,850,900,,Gregorian,Wales,,,,,,,,,,,,,,,,,,,,,,,,,,,,,,,,,,,,,,,,,,,
_origin_1,manuscript_1,,,,manuscript,,MS-ADD-03206-00001,Second half of the 11th century England The palaeography suggests possibly South-West England.,,,,,Second half of the 11th century,,1050,1100,,Gregorian,England,,,,,,,,,,,,,,,,,,,,,,,,,,,,,,,,,,,,,,,,,,,
_origin_1,manuscript_1,,,,manuscript,,MS-II-00006-00002,"Late 14th century. Bruges, Flanders. 'One of the earliest Flemish Hours produced for English patrons [...]. Despite stylistic similarities with Northern Netherlandish manuscripts, [a] Bruges origin is supported by [a] group of manuscripts of s. xiv/xv illuminated in [the] same style in [the] circle of [the] Master of Pink Baldachins, some of which contain Bruges calendars (e.g. )'.Oxford, Bodleian Library, MS. Canon. liturg. 125 Binski and Zutshi (2011), pp. 343-44.",,,,,Late 14th century. ,,1380,1400,,Gregorian,"Bruges, Flanders.",,,,,,,,,,,,,,,,,,,,,,,,,,,,,,,,,,,,,,,,"Oxford, Bodleian Library, MS. Canon. liturg. 125; Binski and Zutshi (2011), pp. 343-44.","Oxford, Bodleian Library, MS. Canon. liturg. 125",https://medieval.bodleian.ox.ac.uk/catalog/manuscript_2829,
_origin_1,manuscript_1,,,,manuscript,,,"15th century, probably compiled over a period of time during the later 3rd and 4th quarters of the century. England, probably Nottinghamshire. As Keiser (1999) has pointed out, the later copies of legal instruments in Item 28 make frequent reference to William Booth or Bothe (d. 1464), bishop of Coventry and Lichfield and later archbishop of York, and to others associated with him, notably members of the Worsley family. The appearance of the handwriting, and the possible dating of some of the watermarks to c. 1469 and c. 1477, tend to suggest that the manuscript may have been compiled over a period during the last quarter of the fifteenth century. The fact that Scribe C, who must have added item 27 at a date after 1483 (when the sweating sickness first appeared in England) also collaborated with Scribe A in the copying of item 6, lends substantial support to this suggestion. Items 26, 28 and 32 strongly suggest that the principal compiler of the manuscript (Scribe A) was a member or servant of the religious community at the collegiate church of Southwell, near Newark, in Nottinghamshire. In order to compile Item 28 he must have had access to the archive of William Booth, who often stayed at the archiepiscopal residence at Southwell, and in whose church he was buried in 1464. Item 26 indicates that the compiler was directly associated with a member of the Worsley family family, whose extensive connections with the community at Southwell (and with Booth) are evident in Item 28, and more generally in the Southwell visitation records of the later fifteenth century (printed by Leach (1891)). Regarding the contents of the manuscript, it is relevant to note that hawking and hunting were amongst the clerical misdemeanours identified during the visitations, and that there are also allusions to the fact that the community was troubled by plague from time to time. Verweij (2006-09)",,,,,"15th century, probably compiled over a period of time during the
                        later 3rd and 4th quarters of the century. ",,1400,1500,,Gregorian,"England, probably Nottinghamshire.",,,,,,,,,,,,,,,,,,,,,,,,,,,,,,,,,,,,,,,,Verweij (2006-09),,,
_origin_1,manuscript_1,,,,manuscript,,,"Third quarter of the 15th century. England. The manuscript was previously thought to be 'the earliest dated manuscript in humanistic script', copied at Oxford in 1441 by Thomas Clare, a monk of Bury St Edmunds. However, subsequent dating of the translation of Aristotle's De anima, together with palaeographical analysis and study of the paper stocks, points to a later date of production. The colophon may have been copied from the exemplar, thus eliminating Thomas Clare as the scribe and as Oxford as the location of this manuscript's production, or it may have been written in error, with '1441' instead of '1471'. The localisation of the manuscript's production to Oxford thus remains in doubt (see Provenance and Summary for further discussion). de la Mare (1980), p. 98 Robinson (1989), no. 106 Emden, BRUO, p. 425",,,,,Third quarter of the 15th century. ,,1441,1485,,Gregorian,England.,,,,,,,,,,,,,,,,,,,,,,,,,,,,,,,,,,,,,,,,"de la Mare (1980), p. 98; Robinson (1989), no. 106; Emden, BRUO, p. 425",,,
_origin_1,manuscript_12138,,,,manuscript,,MS-ADD-06594,"9th century Nikisiani It very likely originates from the , which is also known as the Monastery of Kosinitsa, near Monastery of Panagia EikosifoinissaMonī́ Eikosifoiníssīs Nikisiani, in Greece (but geographically speaking considered as being part of Macedonia). The Greek scholar reported in Athanasios Papadopoulos-Kerameus (1856-1912) Papadópoulos-Kerameús, Athanásios 1856-19121882 that, when he consulted the codex, it bore the ex-libris τῆς Εἰκοσιφοινίσσης, meaning 'belonging to Eikosifoinissa'. (C.R. Gregory, Textkritik des Neuen Testamentes (Leipzig: J. C Hinrichs, 1900), vol. 1, p. 66).",,,,,9th century,,800,899,,gregorian,Nikisiani,,,,,,,,,,,,,,,,,,,,,,,,,,,,,,,,,,,,,,,,,,,"It very likely originates from the , which is also known as the Monastery of Kosinitsa, near Monastery of Panagia EikosifoinissaMonī́ Eikosifoiníssīs Nikisiani, in Greece (but geographically speaking considered as being part of Macedonia). The Greek scholar reported in Athanasios Papadopoulos-Kerameus (1856-1912) Papadópoulos-Kerameús, Athanásios 1856-19121882 that, when he consulted the codex, it bore the ex-libris τῆς Εἰκοσιφοινίσσης, meaning 'belonging to Eikosifoinissa'. (C.R. Gregory, Textkritik des Neuen Testamentes (Leipzig: J. C Hinrichs, 1900), vol. 1, p. 66)."
_origin_1,manuscript_1,,,,manuscript,,MS-DD-00001-00014,"Second quarter of the 14th century Italy Decoration completed in England, possibly London. E.G. Millar described the historiated initials as being in the style of the Queen Mary Psalter (British Library, Royal MS 2 B.vii) (Millar (1928), no. 228), which Margaret Rickert considered to be London work (Rickert (1965), pp. 127-28).",,,,,Second quarter of the 14th century,,1325,1350,,Gregorian,Italy,,,,,,,,,,,,,,,,,,,,,,,,,,,,,,,,,,,,,,,,"British Library, Royal MS 2 B.vii",,,
_origin_1,manuscript_1,,,,manuscript,,MS-DD-00005-00078-003,c. 1600 C.E. Westminster,,,,,"c. 1600
                                C.E.",,1595,1610,,Gregorian,Westminster,,,,,,,,,,,,,,,,,,,,,,,,,,,,,,,,,,,,,,,,,,,
_origin_1,manuscript_1,,,,manuscript,,,"Mid-13th century Canterbury?, England",,,,,Mid-13th century,,1241,1299,,,"Canterbury?, England",,,,,,,,,,,,,,,,,,,,,,,,,,,,,,,,,,,,,,,,,,,
_origin_1,manuscript_1,,,,manuscript,,,13th century France or England,,,,,13th century,,1201,1299,,,France or England,,,,,,,,,,,,,,,,,,,,,,,,,,,,,,,,,,,,,,,,,,,
_origin_1,manuscript_1,,,,manuscript,,,"11th century Canterbury?, England",,,,,11th century,,1000,1100,,Gregorian,"Canterbury?, England",,,,,,,,,,,,,,,,,,,,,,,,,,,,,,,,,,,,,,,,,,,
_origin_1,manuscript_1,,,,manuscript,,,"12th century Herefordshire, England",,,,,"12th
                                century",,1140,1199,,gregorian,"Herefordshire, England",,,,,,,,,,,,,,,,,,,,,,,,,,,,,,,,,,,,,,,,,,,
_origin_1,,,,,manuscript,,,14th century England,,,,,14th century,,1301,1399,,,England,,,,,,,,,,,,,,,,,,,,,,,,,,,,,,,,,,,,,,,,,,,
_origin_1,,,,,manuscript,,,15th century (ca. 1450 – 1475) England,,,,,"15th century (ca. 1450 –
								1475)",,1450,1479,,Gregorian,England,,,,,,,,,,,,,,,,,,,,,,,,,,,,,,,,,,,,,,,,,,,
_origin_1,manuscript_1,,,,manuscript,,,15th century France,,,,,15th century,,1400,1499,,,France,,,,,,,,,,,,,,,,,,,,,,,,,,,,,,,,,,,,,,,,,,,
_origin_1,,,,,manuscript,,,Late 12th or early 13th century England,,,,,"Late 12th or early 13th
                                century",,1280,1320,,,England,,,,,,,,,,,,,,,,,,,,,,,,,,,,,,,,,,,,,,,,,,,
_origin_1,manuscript_1,,,,manuscript,,,12th century St Alban's,,,,,12th century,,1100,1199,,,St Alban's,,,,,,,,,,,,,,,,,,,,,,,,,,,,,,,,,,,,,,,,,,,
_origin_1,manuscript_1,,,,manuscript,,,"15th century Yorkshire, England",,,,,15th century,,1401,1499,,,"Yorkshire, England",,,,,,,,,,,,,,,,,,,,,,,,,,,,,,,,,,,,,,,,,,,
_origin_1,manuscript_1,,,,manuscript,,,c.1395 London?,,,,,c.1395,1395,1395,1395,,,London?,,,,,,,,,,,,,,,,,,,,,,,,,,,,,,,,,,,,,,,,,,,
_origin_1,manuscript_1,,,,manuscript,,,"1500 Flanders, Ghent",,,,,1500,,1500,1500,,,"Flanders, Ghent",,,,,,,,,,,,,,,,,,,,,,,,,,,,,,,,,,,,,,,,,,,
_origin_1,manuscript_1,,,,manuscript,,,15th century Canterbury,,,,,15th century,,1400,1499,,,Canterbury,,,,,,,,,,,,,,,,,,,,,,,,,,,,,,,,,,,,,,,,,,,
_origin_1,manuscript_1,,,,manuscript,,MS-DD-00002-00011,c. 1588-1595 C.E. Oxford,,,,,"c. 1588-1595
                                C.E.",,1588,1600,,Gregorian,Oxford,,,,,,,,,,,,,,,,,,,,,,,,,,,,,,,,,,,,,,,,,,,
_origin_1,manuscript_1,,,,manuscript,,MS-ADD-08844,c. 1595 England,,,,,"c.
                                1595",,1590,1600,,Gregorian,England,,,,,,,,,,,,,,,,,,,,,,,,,,,,,,,,,,,,,,,,,,,
_origin_1,manuscript_1,,,,manuscript,,MS-ADD-02764-00002,c. 1585-90 C.E. England,,,,,"c. 1585-90
                                C.E.",,1585,1590,,Gregorian,England,,,,,,,,,,,,,,,,,,,,,,,,,,,,,,,,,,,,,,,,,,,
_origin_1,manuscript_1,,,,manuscript,,MS-ADD-03056,c. 1610 C.E. England,,,,,"c. 1610
                                C.E.",,1606,1617,,Gregorian,England,,,,,,,,,,,,,,,,,,,,,,,,,,,,,,,,,,,,,,,,,,,
_origin_1,manuscript_1,,,,manuscript,,MS-UA-COLLECT-ADMIN-00004,"1454-89, 1533 Cambridge",,,,,"1454-89,
                                1533",,1454,1533,,Gregorian,Cambridge,,,,,,,,,,,,,,,,,,,,,,,,,,,,,,,,,,,,,,,,,,,
_origin_1,manuscript_1,,,,manuscript,,MS-DD-00004-00022,c. 1615 C.E. Westminster,,,,,"c. 1615
                                C.E.",,1610,1620,,Gregorian,Westminster,,,,,,,,,,,,,,,,,,,,,,,,,,,,,,,,,,,,,,,,,,,
_origin_1,manuscript_1,,,,manuscript,,MS-ADD-03389,First third of the 12th century C.E. Italy,,,,,"First third of the 12th century
                                C.E.",,1100,1133,,Gregorian,Italy,,,,,,,,,,,,,,,,,,,,,,,,,,,,,,,,,,,,,,,,,,,
_origin_1,manuscript_1,,,,manuscript,,MS-ADD-03389,4 April 1597 Oxford,,,,,"4 April
                                1597",,1597,1597,,Gregorian,Oxford,,,,,,,,,,,,,,,,,,,,,,,,,,,,,,,,,,,,,,,,,,,
_origin_1,manuscript_1,,,,manuscript,,MS-DD-00009-00033,c. 1600-1605 C.E. Westminster,,,,,"c. 1600-1605
                                C.E.",,1595,1610,,Gregorian,Westminster,,,,,,,,,,,,,,,,,,,,,,,,,,,,,,,,,,,,,,,,,,,
_origin_1,manuscript_1,,,,manuscript,,MS-NN-00006-00036,c. 1605-1615 C.E. Westminster,,,,,"c. 1605-1615
								C.E.",,1605,1615,,Gregorian,Westminster,,,,,,,,,,,,,,,,,,,,,,,,,,,,,,,,,,,,,,,,,,,
_origin_1,manuscript_1,,,,manuscript,,,c.1000 Ireland,,,,,,,,,,,Ireland,,,,,,,,,,,,,,,,,,,,,,,,,,,,,,,,,,,,,,,,,,,
_origin_1,manuscript_1,,,,manuscript,,,"1470-1500 England The manuscript is datable, on textual and palaeographical evidence, to the late fifteenth century. This is corroborated by the watermark observable in the paper, a common fleur-de-lis above a crown, similar to specimens dated to the 1470s and 1480s.",,,,,1470-1500,,1470,1500,,,England,,,,,,,,,,,,,,,,,,,,,,,,,,,,,,,,,,,,,,,,,,,"The manuscript is datable, on textual and palaeographical evidence, to the late fifteenth century. This is corroborated by the watermark observable in the paper, a common fleur-de-lis above a crown, similar to specimens dated to the 1470s and 1480s."
_origin_1,manuscript_1,,,,manuscript,,,"c.1210-20 England, possibly London",,,,,,,,,,,"England, possibly London",,,,,,,,,,,,,,,,,,,,,,,,,,,,,,,,,,,,,,,,,,,
_origin_1,manuscript_1,,,,manuscript,,,14th century C.E. England,,,,,14th century C.E.,,1300,1400,,Gregorian,England,,,,,,,,,,,,,,,,,,,,,,,,,,,,,,,,,,,,,,,,,,,
_origin_1,manuscript_1,,,,manuscript,,,13/14th century C.E. Italy England,,,,,13/14th century C.E.,,1200,1400,,Gregorian,Italy; England,,,,,,,,,,,,,,,,,,,,,,,,,,,,,,,,,,,,,,,,,,,
_origin_1,manuscript_1,,,,manuscript,,MS-PET-075-I,c. 1393 England,,,,,c. 1393,,1393,1393,,Gregorian,England,,,,,,,,,,,,,,,,,,,,,,,,,,,,,,,,,,,,,,,,,,,
_origin_1,manuscript_1,,,,manuscript,,MS-PETERHOUSE-00130,c. 1145 Germany,,,,,"c.
                                1145",,1145,1145,,Gregorian,Germany,,,,,,,,,,,,,,,,,,,,,,,,,,,,,,,,,,,,,,,,,,,
_origin_1,manuscript_1,,,,manuscript,,,14th century C.E. England,,,,,14th century C.E.,,1300,1400,,Gregorian,England,,,,,,,,,,,,,,,,,,,,,,,,,,,,,,,,,,,,,,,,,,,
_origin_1,manuscript_1,,,,manuscript,,MS-SIDNEYSUSSEX-00095,"c. 1409 England The opening rubric suggests that the manuscript was written by a monk of Thorney Abbey but the words de Thorne are written over an erasure. Pamela Robinson rejects the 1409 date and suggests that it probably derives from the exemplar and is not that of this copy ( Catalogue of dated and datable manuscripts c. 737-1600 in Cambridge Libraries , p. 111).",,,,,,,,,,,England,,,,,,,,,,,,,,,,,,,,,,,,,,,,,,,,,,,,,,,,,,,
_origin_1,manuscript_1,,,,manuscript,,MS-SIDNEYSUSSEX-00095,early-mid 15th century East Anglia,,,,,,,,,,,East Anglia,,,,,,,,,,,,,,,,,,,,,,,,,,,,,,,,,,,,,,,,,,,
_origin_1,manuscript_1,,,,manuscript,,MS-00002,c. 1484 York,,,,,,,,,,,York,,,,,,,,,,,,,,,,,,,,,,,,,,,,,,,,,,,,,,,,,,,
_origin_1,manuscript_11817,,,"Cambridge, Christ's College, Fragment A",manuscript,,MS-CHRISTS-COLLEGE-FRAGMENT-A,12th century,,,,,12th century,,1100,1199,,gregorian,,,,,,,,,,,,,,,,,,,,,,,,,,,,,,,,,,,,,,,,,,,,
_origin_1,manuscript_11818,,,"Cambridge, Christ's College, Fragment B",manuscript,,MS-CHRISTS-COLLEGE-FRAGMENT-B,second half of the 12th or the 13th century,,,,,"second half of the 12th or the 13th
                                century",,1150,1299,,gregorian,,,,,,,,,,,,,,,,,,,,,,,,,,,,,,,,,,,,,,,,,,,,
_origin_1,manuscript_11819,,,"Cambridge, Christ's College, Fragment C",manuscript,,MS-CHRISTS-COLLEGE-FRAGMENT-C,13th century,,,,,13th century,,1200,1299,,gregorian,,,,,,,,,,,,,,,,,,,,,,,,,,,,,,,,,,,,,,,,,,,,
_origin_1,manuscript_11803,,,"Cambridge, Christ's College, MS 6",manuscript,,MS-CHRISTS-COLLEGE-00006,"f. 219v 13th century, before May 1258 southern Italy",,f. 219v,219v,219v,"13th
                                century, before May 1258",,1200,1258-05,,gregorian,southern Italy,,,,,,,,,,,,,,,,,,,,,,,,,,,,,,,,,,,,,,,,,,,
_origin_1,manuscript_11804,,,"Cambridge, Christ's College, MS 9",manuscript,,MS-CHRISTS-COLLEGE-00009,12th century,,,,,"12th
                                century",,1100,1200,,gregorian,,,,,,,,,,,,,,,,,,,,,,,,,,,,,,,,,,,,,,,,,,,,
_origin_1,manuscript_76564,,,"Cambridge, Christ's College, MS 29.2.3",manuscript,,MS-CHRISTS-00029-00002-00003,"the priest Ioannes Ioannes, priest Damascus 1652/3 f. 94v",,f. 94v,94v,94v,1652/3,,1652-09,1653-08,,gregorian,,,,,,,,,,,,,,,,,,,,,,,,,,,,,,,,,,,,,,,,,,,,
_origin_1,manuscript_11806,,,"Cambridge, Christ's College, MS Rouse
                            252",manuscript-composite,,MS-CHRISTS-COLLEGE-ROUSE-00252,,,,,,,,,,,,,,,,,,,,,,,,,,,,,,,,,,,,,,,,,,,,,,,,,,,,,,,
_origin_1,manuscript_11806,,,"Cambridge, Christ's College, MS Rouse
                            252",part,,,16th century,,,,,,,,,,,,,,,,,,,,,,,,,,,,,,,,,,,,,,,,,,,,,,,,,,,,,,
_origin_2,manuscript_11806,,,"Cambridge, Christ's College, MS Rouse
                            252",part,,,in the years around 1550,,,,,in the years around 1550,,1540,1560,,gregorian,,,,,,,,,,,,,,,,,,,,,,,,,,,,,,,,,,,,,,,,,,,,
_origin_1,manuscript_11807,,,"Cambridge, Christ's College, MS Rouse 253",manuscript,,MS-CHRISTS-COLLEGE-ROUSE-00253,second half of the 16th or 17th century,,,,,"second half of
                                the 16th or 17th century",,1550,1699,,gregorian,,,,,,,,,,,,,,,,,,,,,,,,,,,,,,,,,,,,,,,,,,,,
_origin_1,manuscript_11808,,,"Cambridge, Christ's College, MS Rouse 254",manuscript,,MS-CHRISTS-COLLEGE-ROUSE-00254,last third of the 16th century MS Rouse 255,,,,,"last third of
                                the 16th century",,1565,1599,,gregorian,,,,,,,,,,,,,,,,,,,,,,,,,,,,,,,,,,,,,,,,,MS Rouse 255,,,
_origin_1,manuscript_11809,,,"Cambridge, Christ's College, MS Rouse
                            255",manuscript-composite,,MS-CHRISTS-COLLEGE-ROUSE-00255,the late 16th century,,,,,"the late 16th
                                century",,1570,1600,,gregorian,,,,,,,,,,,,,,,,,,,,,,,,,,,,,,,,,,,,,,,,,,,,
_origin_1,manuscript_11809,,,"Cambridge, Christ's College, MS Rouse
                            255",part,,,the late 16th century,,,,,"the late 16th
                                century",,1570,1600,,gregorian,,,,,,,,,,,,,,,,,,,,,,,,,,,,,,,,,,,,,,,,,,,,
_origin_2,manuscript_11809,,,"Cambridge, Christ's College, MS Rouse
                            255",part,,,the late 16th century,,,,,"the late 16th
                                century",,1570,1600,,gregorian,,,,,,,,,,,,,,,,,,,,,,,,,,,,,,,,,,,,,,,,,,,,
_origin_1,manuscript_11811,,,"Cambridge, Christ's College, MS Rouse 262",manuscript-composite,,MS-CHRISTS-COLLEGE-ROUSE-00262,,,,,,,,,,,,,,,,,,,,,,,,,,,,,,,,,,,,,,,,,,,,,,,,,,,,,,,
_origin_1,manuscript_11811,,,"Cambridge, Christ's College, MS Rouse 262",part,,,16th century,,,,,,,,,,,,,,,,,,,,,,,,,,,,,,,,,,,,,,,,,,,,,,,,,,,,,,
_origin_2,manuscript_11811,,,"Cambridge, Christ's College, MS Rouse 262",part,,,in the 16th century,,,,,in the 16th century,,1500,1599,,gregorian,,,,,,,,,,,,,,,,,,,,,,,,,,,,,,,,,,,,,,,,,,,,
_origin_3,manuscript_11811,,,"Cambridge, Christ's College, MS Rouse 262",part,,,in the 16th century,,,,,"
                                    in the 16th century",,1500,1599,,gregorian,,,,,,,,,,,,,,,,,,,,,,,,,,,,,,,,,,,,,,,,,,,,
_origin_4,manuscript_11811,,,"Cambridge, Christ's College, MS Rouse 262",part,,,in the 16th century,,,,,"
                                    in the 16th century",,1500,1599,,gregorian,,,,,,,,,,,,,,,,,,,,,,,,,,,,,,,,,,,,,,,,,,,,
_origin_1,manuscript_11812,,,"Cambridge, Christ's College, MS Rouse 263",manuscript,,MS-CHRISTS-COLLEGE-ROUSE-00263,"f. 107r, lines 8-11 late 16th or first half of the 17th century",,"f. 107r, lines 8-11",107r,107r,"late 16th or
                                first half of the 17th century",,1580,1650,,gregorian,,,,,,,,,,,,,,,,,,,,,,,,,,,,,,,,,,,,,,,,,,,,
_origin_1,manuscript_11813,,,"Cambridge, Christ's College, MS Rouse 264",manuscript,,MS-CHRISTS-COLLEGE-ROUSE-00264,mid-17th century 1623 ff. 318r-327v,,ff. 318r-327v,318r,327v,"mid-17th
                                century",,1633,1663,,gregorian,,,,,,,,,,,,,,,,,,,,,,,,,,,,,,,,,,,,,,,,,,,,
_origin_1,manuscript_11814,,,"Cambridge, Christ's College, MS Rouse 265",manuscript,,MS-CHRISTS-COLLEGE-ROUSE-00265,17th century f. 1r μονῆς Γε,,f. 1r,1r,1r, 17th century,,1600,1700,,gregorian,,,,,,,,,,,,,,,,,,,,,,,,,,,,,,,,,,,,,,,,,,,,
_origin_1,manuscript_11816,,,"Cambridge, Christ's College, MS Rouse 298",manuscript-composite,,MS-CHRISTS-COLLEGE-ROUSE-00298,,,,,,,,,,,,,,,,,,,,,,,,,,,,,,,,,,,,,,,,,,,,,,,,,,,,,,,
_origin_1,manuscript_11816,,,"Cambridge, Christ's College, MS Rouse 298",part,,,11th century 14th or 15th century,,,,,11th century,,1000,1099,,gregorian,,,,,,,,,,,,,,,,,,,,,,,,,,,,,,,,,,,,,,,,,,,,
_origin_2,manuscript_11816,,,"Cambridge, Christ's College, MS Rouse 298",part,,,11th century,,,,,,,,,,,,,,,,,,,,,,,,,,,,,,,,,,,,,,,,,,,,,,,,,,,,,,
_origin_3,manuscript_11816,,,"Cambridge, Christ's College, MS Rouse 298",part,,,second half of the 14th century,,,,,,,,,,,,,,,,,,,,,,,,,,,,,,,,,,,,,,,,,,,,,,,,,,,,,,
_origin_1,manuscript_76562,,,"Cambridge, Christ's College, MS Rouse 358",manuscript,,MS-CHRISTS-COLLEGE-ROUSE-00358,"1552 Augsburg (Germany) sect. 1, p. [680]",,"sect. 1, p. [680]",1:[680],1:[680],1552,1552,1552,1552,,gregorian,Augsburg (Germany),,,,,,,,,,,,,,,,,,,,,,,,,,,,,,,,,,,,,,,,,,,
_origin_1,manuscript_76563,,,"Cambridge, Christ's College, MS Rouse 359",manuscript,,MS-CHRISTS-COLLEGE-ROUSE-00359,"Carolus Stephanus Stephanus, Carolus between 1552 and 1592 sect. 1, p. [v] sect. 2, p. [iii] sect. 3, p. [iii] sect. 4, p. [v] Augsburg (Germany)",,"sect. 1, p. [v]; sect. 2, p. [iii]; sect. 3, p. [iii]; sect. 4, p. [v]",1:[v] 2:[iii] 3:[iii] 1:[v],1:[v] 2:[iii] 3:[iii] 1:[v],between 1552 and 1592,,1552,1592,,gregorian,Augsburg (Germany),,,,,,,,,,,,,,,,,,,,,,,,,,,,,,,,,,,,,,,,,,,
_origin_1,manuscript_1,,,"Cambridge, Clare College, MS 12 ",manuscript-composite,,MS-CLARE-COLLEGE-00012,,,,,,,,,,,,,,,,,,,,,,,,,,,,,,,,,,,,,,,,,,,,,,,,,,,,,,,
_origin_1,manuscript_1,,,"Cambridge, Clare College, MS 12 ",part,,,13th century England,,,,, 13th century ,,1200,1300,medium,Gregorian,England,,,,,,,,,,,,,,,,,,,,,,,,,,,,,,,,,,,,,,,,,,,
_origin_2,manuscript_1,,,"Cambridge, Clare College, MS 12 ",part,,,"Last quarter of the 12th century, or first half of the 13th century. ?Italy",,,,," Last quarter of the 12th century, or
                                    first half of the 13th century. ",,1175,1250,medium,Gregorian,?Italy,,,,,,,,,,,,,,,,,,,,,,,,,,,,,,,,,,,,,,,,,,,
_origin_3,manuscript_1,,,"Cambridge, Clare College, MS 12 ",part,,,13th century. England.,,,,, 13th century. ,,1200,1300,medium,Gregorian,England.,,,,,,,,,,,,,,,,,,,,,,,,,,,,,,,,,,,,,,,,,,,
_origin_4,manuscript_1,,,"Cambridge, Clare College, MS 12 ",part,,,Second half of the 13th century. England.,,,,, Second half of the 13th century. ,,1250,1300,medium,Gregorian,England.,,,,,,,,,,,,,,,,,,,,,,,,,,,,,,,,,,,,,,,,,,,
_origin_1,manuscript_11820,,,"Cambridge, Clare College, MS 24",manuscript,,MS-CLARE-COLLEGE-00024,first half of the 15th century,,,,,"first half of the 15th
                                                century",,1400,1450,,gregorian,,,,,,,,,,,,,,,,,,,,,,,,,,,,,,,,,,,,,,,,,,,,
_origin_1,manuscript_11821,,,"Cambridge, Clare College, MS 31",manuscript,,MS-CLARE-COLLEGE-00031,late 15th or early 16th century,,,,,"late 15th or early 16th
                                                century",,1490,1510,,gregorian,,,,,,,,,,,,,,,,,,,,,,,,,,,,,,,,,,,,,,,,,,,,
_origin_1,manuscript_1,,,"Cambridge, Corpus Christi College, MS 41",manuscript-composite,,MS-CCCC-00041,,,,,,,,,,,,,,,,,,,,,,,,,,,,,,,,,,,,,,,,,,,,,,,,,,,,,,,
_origin_1,manuscript_1,,,"Cambridge, Corpus Christi College, MS 41",part,,,"16th century. England, probably in or near Cambridge. Date of production assigned based on palaeographical features. Place of production assigned based on two references to places in or near Cambridge, England.",,,,,16th century. ,,1500,1600,high,Gregorian,"England, probably in or near Cambridge.",,,,,,,,,,,,,,,,,,,,,,,,,,,,,,,,,,,,,,,,,,,
_origin_2,manuscript_1,,,"Cambridge, Corpus Christi College, MS 41",part,,,"11th century, probably c. 1000-1050, and by 1072 at the latest. England, perhaps Crediton. Date of production assigned based on palaeographical features. The terminus ante quem for the main text is the Leofrician donation inscription on p. 488, which must have been added to the volume before 1072 as Leofric died in that year; in all likelihood, the text of the Old English Historia Ecclesiastica in this manuscript was completed in the first half of the eleventh century. Place of production assigned based on palaeographical and linguistic features. For a discussion of the possibility of a Crediton origin for the volume, see Stokes (2014). P. Stokes, English Vernacular Minuscule from Æthelred to Cnut, c. 990 - c. 1035, Publications of the Manchester Centre for Anglo-Saxon Studies 14 (Cambridge, 2014), esp. p. 41 D.A.E. Pelteret, Catalogue of English Post-Conquest Vernacular Documents (Woodbridge, 1990), esp. pp. 98-9 (no. 92) Elaine M. Drage, 'Bishop Leofric and the Exeter Cathedral Chapter, 1050-1072: A Reassessment of the Manuscript Evidence' (unpublished D.Phil. dissertation, University of Oxford, 1978), pp. 29-41",,488,488.0,488.0,"11th century, probably c. 1000-1050, and by 1072 at
                                    the latest. ",,1000,1072,,Gregorian,"England, perhaps Crediton.",,,,,,,,,,,,,,,,,,,,,,,,,,,,,,,,,,,,,,,,"P. Stokes, English Vernacular Minuscule from Æthelred to Cnut, c. 990 - c. 1035, Publications of the Manchester Centre for Anglo-Saxon Studies 14 (Cambridge, 2014), esp. p. 41 ; D.A.E. Pelteret, Catalogue of English Post-Conquest Vernacular Documents (Woodbridge, 1990), esp. pp. 98-9 (no. 92) ; Elaine M. Drage, 'Bishop Leofric and the Exeter Cathedral Chapter, 1050-1072: A Reassessment of the Manuscript Evidence' (unpublished D.Phil. dissertation, University of Oxford, 1978), pp. 29-41",,,
_origin_3,manuscript_1,,,"Cambridge, Corpus Christi College, MS 41",part,,,"16th century. England, probably in or near Cambridge. Date of production assigned based on palaeographical features. Place of production assigned based on two references to places in or near Cambridge, England.",,,,,16th century. ,,1500,1600,high,Gregorian,"England, probably in or near Cambridge.",,,,,,,,,,,,,,,,,,,,,,,,,,,,,,,,,,,,,,,,,,,
_origin_1,manuscript_1,,,"Cambridge, Corpus Christi College, MS 61",manuscript,,MS-CCCC-00061,"Late 14th or early 15th century. England (perhaps London; see De Hamel 2005). The manuscript has been variously dated based on palaeographical and decorative grounds but most scholars agree that the manuscript must have been produced at some point between 1385 and 1425: c. 1385-1456 (Parkes (1978)); c. 1398 (Seymour (1992); (1995)); after 1415-before 1425 (Scott (2000)); c. 1415-c. 1425 (De Hamel (2005)); c. 1415-c.1420 (Nichols (2008)); c. 1400-1415 (Coleman (2010)); 1385-1413 (Mooney, Horobin and Stubbs (2011)); 1400-1450 (Rand (2009)).",,,,,Late 14th or early 15th century. ,,1385,1425,high,Gregorian,England (perhaps London; see De Hamel 2005).,,,,,,,,,,,,,,,,,,,,,,,,,,,,,,,,,,,,,,,,,,,
_origin_1,manuscript_11828,,,"Cambridge, Corpus Christi College, MS 81",manuscript,,MS-CCCC-00081,the mid-15th century,,,,,the mid-15th century,,1450,1475,,gregorian,,,,,,,,,,,,,,,,,,,,,,,,,,,,,,,,,,,,,,,,,,,,
_origin_1,manuscript_1,,,"Cambridge, Corpus Christi College, MS 210",manuscript-composite,,MS-CCCC-00210,,,,,,,,,,,,,,,,,,,,,,,,,,,,,,,,,,,,,,,,,,,,,,,,,,,,,,,
_origin_1,manuscript_1,,,"Cambridge, Corpus Christi College, MS 210",part,,,1454. England. With additions from William Worcestre's Itineraria (1478-1480).,,,,,1454. ,,1454,1480,high,Gregorian,England.,,,,,,,,,,,,,,,,,,,,,,,,,,,,,,,,,,,,,,,,,,,
_origin_2,manuscript_1,,,"Cambridge, Corpus Christi College, MS 210",part,,,"1478×1480. England. Nichols (2008) dates pp. 1-86, 279-320 to 1478; pp. 87-226 to 1480 and pp. 227-78, 329-32 to 1579 (see p. 50, no. 67).",,,,,1478×1480. ,,1478,1480,high,Gregorian,England.,,,,,,,,,,,,,,,,,,,,,,,,,,,,,,,,,,,,,,,,,,,
_origin_3,manuscript_1,,,"Cambridge, Corpus Christi College, MS 210",part,,,c. 1460-c. 1480. England. Date of origin given for the letter; with additions from William Worcestre's Itineraria (1478-1480).,,,,,c. 1460-c. 1480. ,,1460,1480,medium,Gregorian,England.,,,,,,,,,,,,,,,,,,,,,,,,,,,,,,,,,,,,,,,,,,,
_origin_4,manuscript_1,,,"Cambridge, Corpus Christi College, MS 210",part,,,?1479. England. With additions from William Worcestre's Itineraria (1478-1480).,,,,,?1479. ,,1479,1480,high,Gregorian,England.,,,,,,,,,,,,,,,,,,,,,,,,,,,,,,,,,,,,,,,,,,,
_origin_5,manuscript_1,,,"Cambridge, Corpus Christi College, MS 210",part,,,1463/4. England. With additions from William Worcestre's Itineraria (1478-1480).,,,,,1463/4. ,,1463,1480,high,Gregorian,England.,,,,,,,,,,,,,,,,,,,,,,,,,,,,,,,,,,,,,,,,,,,
_origin_6,manuscript_1,,,"Cambridge, Corpus Christi College, MS 210",part,,,c. 1460-1470. England. With additions from William Worcestre's Itineraria (1478-1480),,,,,c. 1460-1470.,,1460,1480,medium,Gregorian,England.,,,,,,,,,,,,,,,,,,,,,,,,,,,,,,,,,,,,,,,,,,,
_origin_7,manuscript_1,,,"Cambridge, Corpus Christi College, MS 210",part,,,c. 1400-c. 1480. England. With additions from William Worcestre's Itineraria (1478-1480).,,,,, c. 1400-c. 1480. ,,1400,1480,high,Gregorian,England.,,,,,,,,,,,,,,,,,,,,,,,,,,,,,,,,,,,,,,,,,,,
_origin_1,manuscript_11829,,,"Cambridge, Corpus Christi College, MS 224",manuscript,,MS-CCCC-00224,"The codex was copied by Georgios Hermonymos during his stay in Paris for (see Kalatzi (2009), p. 77) between the Guillaume Budé Budé, Guillaume, 1468-1540 the last quarter of 15th century and the early 16th century.",,,,,,,,,,,,,,,,,,,,,,,,,,,,,,,,,,,,,,,,,,,,,,,,,,,,,,
_origin_1,manuscript_11830,,,"Cambridge, Corpus Christi College, MS 248",manuscript,,MS-CCCC-00248,between 1530 and 1556,,,,, between 1530 and 1556,,1530,1556,,gregorian,,,,,,,,,,,,,,,,,,,,,,,,,,,,,,,,,,,,,,,,,,,,
_origin_1,manuscript_1,,,"Cambridge, Corpus Christi College, MS 335",manuscript-composite,,MS-CCCC-00335,,,,,,,,,,,,,,,,,,,,,,,,,,,,,,,,,,,,,,,,,,,,,,,,,,,,,,,
_origin_1,manuscript_1,,,"Cambridge, Corpus Christi College, MS 335",part,,,First half of the 14th century. England.,,,,,First half of the 14th century. ,,1350,1350,medium,Gregorian,England.,,,,,,,,,,,,,,,,,,,,,,,,,,,,,,,,,,,,,,,,,,,
_origin_2,manuscript_1,,,"Cambridge, Corpus Christi College, MS 335",part,,,Late 14th or early 15th century. England.,,,,,Late 14th or early 15th century. ,,1375,1450,high,Gregorian,England.,,,,,,,,,,,,,,,,,,,,,,,,,,,,,,,,,,,,,,,,,,,
_origin_3,manuscript_1,,,"Cambridge, Corpus Christi College, MS 335",part,,,Late 14th or early 15th century. England.,,,,,Late 14th or early 15th century. ,,1350,1450,high,Gregorian,England.,,,,,,,,,,,,,,,,,,,,,,,,,,,,,,,,,,,,,,,,,,,
_origin_4,manuscript_1,,,"Cambridge, Corpus Christi College, MS 335",part,,,"First half of the 15th century. England, probably East Anglia References to Ely and the Diocese of Norwich in the formulary, and to places in Suffolk and Norfolk in copies of documents.",,,,,First half of the 15th century. ,,1400,1450,high,Gregorian,"England, probably East Anglia",,,,,,,,,,,,,,,,,,,,,,,,,,,,,,,,,,,,,,,,,,,
_origin_1,manuscript_1,,,"Cambridge, Corpus Christi College, MS 354",manuscript,,MS-CCCC-00354,"Late 15th century or early 16th century. England. Dated 1485-1510, according to Mooney, Horobin and Stubbs, (online resource, 2011). Late Medieval English Scribes",,,,,Late 15th century or early 16th century. ,,1450,1525,high,Gregorian,England.,,,,,,,,,,,,,,,,,,,,,,,,,,,,,,,,,,,,,,,,,Late Medieval English Scribes,https://www.medievalscribes.com/index.php?nav=off,
_origin_1,manuscript_1,,,"Cambridge, Corpus Christi College, MS 374",manuscript-composite,,MS-CCCC-00374,,,,,,,,,,,,,,,,,,,,,,,,,,,,,,,,,,,,,,,,,,,,,,,,,,,,,,,
_origin_1,manuscript_1,,,"Cambridge, Corpus Christi College, MS 374",part,,,Late 15th century (not after 1481). England. See Provenance for justification for the terminus ante quem non of 1481.,,,,,Late 15th century (not after 1481). ,,1470,1481,high,Gregorian,England.,,,,,,,,,,,,,,,,,,,,,,,,,,,,,,,,,,,,,,,,,,,
_origin_2,manuscript_1,,,"Cambridge, Corpus Christi College, MS 374",part,,,Late 15th century. England.,,,,,Late 15th century. ,,1450,1500,high,Gregorian,England.,,,,,,,,,,,,,,,,,,,,,,,,,,,,,,,,,,,,,,,,,,,
_origin_3,manuscript_1,,,"Cambridge, Corpus Christi College, MS 374",part,,,15th century. England.,,,,,15th century. ,,1400,1500,high,Gregorian,England.,,,,,,,,,,,,,,,,,,,,,,,,,,,,,,,,,,,,,,,,,,,
_origin_1,manuscript_1,,,"Cambridge, Corpus Christi College, MS 388",manuscript,,MS-CCCC-00388,"c. 1320-1330. England. Hunt (2001), p. 85.",,,,,c. 1320-1330. ,,1315,1335,high,Gregorian,England.,,,,,,,,,,,,,,,,,,,,,,,,,,,,,,,,,,,,,,,,"Hunt (2001), p. 85.",,,
_origin_1,manuscript_11831,,,"Cambridge, Corpus Christi College, MS 403",manuscript,,MS-CCCC-00403,late 15th or early 16th century,,,,,late 15th or early 16th century,,1475,1525,,gregorian,,,,,,,,,,,,,,,,,,,,,,,,,,,,,,,,,,,,,,,,,,,,
_origin_1,manuscript_1,,,"Cambridge, Corpus Christi College, MS 405",manuscript-composite,,MS-CCCC-00405,,,,,,,,,,,,,,,,,,,,,,,,,,,,,,,,,,,,,,,,,,,,,,,,,,,,,,,
_origin_1,manuscript_1,,,"Cambridge, Corpus Christi College, MS 405",part,,,"Probably first quarter of the 16th century. England. Date of production assigned based on the presence of the notarial mark of John Stoberd, who was active as a notary public in the first quarter of the 16th century. Place of production assigned based on palaeographical features, and names and places described in the text.",,,,,"Probably first quarter of the 16th
                                    century. ",,1500,1525,medium,Gregorian,England.,,,,,,,,,,,,,,,,,,,,,,,,,,,,,,,,,,,,,,,,,,,
_origin_2,manuscript_1,,,"Cambridge, Corpus Christi College, MS 405",part,,,"16th century. England. Date and place of production assigned based on palaeographical features, and similarity to other selective lists of the contents of volumes collected by Archbishop Matthew Parker and annotated by Parker and his circle.",,,,,16th century. ,,1500,1600,medium,Gregorian,England.,,,,,,,,,,,,,,,,,,,,,,,,,,,,,,,,,,,,,,,,,,,
_origin_3,manuscript_1,,,"Cambridge, Corpus Christi College, MS 405",part,,,"Second quarter of the 14th century, perhaps c. 1325/1326. Probably Ireland As noted by Smallwood, the regnal list on ff. 6v-7r was probably copied c. 1325/26, since Edward II, the last ruler to be named, is given a regnal duration of 18 years. i.e., in the 18th regnal year of the reign of Edward II. Place of production assigned based on Irish place names described in the text and the connection of this volume to the Knights Hospitaller community of St John of Jerusalem at Waterford in Ireland.",,6v-7r,6v,7r,"Second quarter of the 14th century,
                                    perhaps c. 1325/1326. ",,1325,1350,high,Gregorian,Probably Ireland,,,,,,,,,,,,,,,,,,,,,,,,,,,,,,,,,,,,,,,,,,,
_origin_4,manuscript_1,,,"Cambridge, Corpus Christi College, MS 405",part,,,Probably last quarter of the 12th century or first half of the 13th century. Probably Ireland Date of production assigned based on palaeographical features. Place of production assigned based on the significant number of Irish saints commemorated in the calendar.,,,,," Probably last quarter of the 12th century
                                    or first half of the 13th century. ",,1175,1250,high,Gregorian,Probably Ireland,,,,,,,,,,,,,,,,,,,,,,,,,,,,,,,,,,,,,,,,,,,
_origin_5,manuscript_1,,,"Cambridge, Corpus Christi College, MS 405",part,,,14th century. Probably Ireland. Date of production assigned based on palaeographical features and dates referred to in the text. Place of production assigned based on significant number of references to Irish places and persons.,,,,,14th century. ,,1300,1400,medium,Gregorian,Probably Ireland.,,,,,,,,,,,,,,,,,,,,,,,,,,,,,,,,,,,,,,,,,,,
_origin_6,manuscript_1,,,"Cambridge, Corpus Christi College, MS 405",part,,,14th century. ?Ireland or ?England.,,,,,14th century. ,,1300,1400,medium,Gregorian,?Ireland or ?England.,,,,,,,,,,,,,,,,,,,,,,,,,,,,,,,,,,,,,,,,,,,
_origin_7,manuscript_1,,,"Cambridge, Corpus Christi College, MS 405",part,,,Probably 14th century. Probably Ireland. Date of production assigned based on palaeographical features. Place of production assigned based on Irish origins of other Parts of this manuscript.,,,,,Probably 14th century. ,,1300,1400,medium,Gregorian,Probably Ireland.,,,,,,,,,,,,,,,,,,,,,,,,,,,,,,,,,,,,,,,,,,,
_origin_8,manuscript_1,,,"Cambridge, Corpus Christi College, MS 405",part,,,"14th century, in or after 1332. ?Ireland or ?England. Date and place of production assigned based on palaeographical features. The Letters Patent of King Edward III on ff. 247v-248v are dated to the fifth year of Edward's reign (i.e., 1332/1333), so the copy must have been made after that date.",,247v-248v,247v,248v,"14th century, in or after 1332. ",,1332,1400,medium,Gregorian,?Ireland or ?England.,,,,,,,,,,,,,,,,,,,,,,,,,,,,,,,,,,,,,,,,,,,
_origin_1,manuscript_1,,,"Cambridge, Corpus Christi College, MS 412",manuscript-composite,,MS-CCCC-00412,,,,,,,,,,,,,,,,,,,,,,,,,,,,,,,,,,,,,,,,,,,,,,,,,,,,,,,
_origin_1,manuscript_1,,,"Cambridge, Corpus Christi College, MS 412",part,,,"Written at the end of the 15th century or in the 16th century, possibly in 1499. Written in England. Written in England at the end of the 15th century or in the early-16th century. Place of production assigned based on palaeographical and textual information. Date of production can probably be assigned to '1499' based on a dating clause in the document, although it is possible that this is a slightly later copy of an existing document made in 1499.",,,,," Written at the end of the 15th century or
                                    in the 16th century, possibly in 1499. ",,1499,1525,high,Gregorian,Written in England.,,,,,,,,,,,,,,,,,,,,,,,,,,,,,,,,,,,,,,,,,,,"Written in England at the end of the 15th century or in the early-16th century. Place of production assigned based on palaeographical and textual information. Date of production can probably be assigned to '1499' based on a dating clause in the document, although it is possible that this is a slightly later copy of an existing document made in 1499."
_origin_2,manuscript_1,,,"Cambridge, Corpus Christi College, MS 412",part,,,Written in the late 14th or early 15th century. Probably written somewhere in what is now Italy. Date and place of production assigned based on palaeographical features.,,,,," Written in the late 14th or early 15th
                                    century. ",,1375,1425,medium,Gregorian,Probably written somewhere in what is now Italy.,,,,,,,,,,,,,,,,,,,,,,,,,,,,,,,,,,,,,,,,,,,Date and place of production assigned based on palaeographical features.
_origin_3,manuscript_1,,,"Cambridge, Corpus Christi College, MS 412",part,,,Recipe on f. v recto probably written in the 16th century. England Recipe on f. v recto probably written in England Date and place of production assigned based on palaeographical and linguistic features.,,v recto; v recto,v recto v recto,v recto v recto, Recipe on f. v recto probably written in the 16th century. ,,1500,1600,medium,Gregorian,England Recipe on f. v recto probably written in England,,,,,,,,,,,,,,,,,,,,,,,,,,,,,,,,,,,,,,,,,,,Date and place of production assigned based on palaeographical and linguistic features.
_origin_1,manuscript_1,,,"Cambridge, Corpus Christi College, MS 416",manuscript,,MS-CCCC-00416,"Written in the first half of the 12th century. Written in England. Date and place of production assigned based on palaeographical features. Date of production assigned to the first half of the 12th century by Richard Gameson in The Manuscripts of Early Norman England (c.1066-1130), no. 88. R. Gameson, The Manuscripts of Early Norman England (c.1066-1130) (Oxford: Published for the British Academy by Oxford University Press, 1999), no. 88",,,,,Written in the first half of the 12th century. ,,1100,1150,high,Gregorian,Written in England.,,,,,,,,,,,,,,,,,,,,,,,,,,,,,,,,,,,,,,,,"R. Gameson, The Manuscripts of Early Norman England (c.1066-1130) (Oxford: Published for the British Academy by Oxford University Press, 1999), no. 88",,,
_origin_1,manuscript_1,,,"Cambridge, Corpus Christi College, MS 456",manuscript-composite,,MS-CCCC-00456,,,,,,,,,,,,,,,,,,,,,,,,,,,,,,,,,,,,,,,,,,,,,,,,,,,,,,,
_origin_1,manuscript_1,,,"Cambridge, Corpus Christi College, MS 456",part,,,Probably added to the volume between 1568 and 1575. Written in England. Date and place of production assigned based on the probability that the leaf was added by the Parkerian circle.,,,,,"Probably added to the volume between
                                    1568 and 1575. ",,1568,1575,medium,Gregorian,Written in England.,,,,,,,,,,,,,,,,,,,,,,,,,,,,,,,,,,,,,,,,,,,Date and place of production assigned based on the probability that the leaf was added by the Parkerian circle.
_origin_2,manuscript_1,,,"Cambridge, Corpus Christi College, MS 456",part,,,Probably written in the second half of the 14th century. Probably written in England. Date and place of production assigned based on palaeographical and decorative features of the manuscript.,,,,,"Probably written in the second half of
                                    the 14th century. ",,1350,1400,medium,Gregorian,Probably written in England.,,,,,,,,,,,,,,,,,,,,,,,,,,,,,,,,,,,,,,,,,,,Date and place of production assigned based on palaeographical and decorative features of the manuscript.
_origin_3,manuscript_1,,,"Cambridge, Corpus Christi College, MS 456",part,,,Probably written in the late 14th century. Written in England. Date and place of production assigned based on palaeographical features.,,,,," Probably written in the late 14th
                                    century. ",,1350,1400,medium,Gregorian,Written in England.,,,,,,,,,,,,,,,,,,,,,,,,,,,,,,,,,,,,,,,,,,,Date and place of production assigned based on palaeographical features.
_origin_4,manuscript_1,,,"Cambridge, Corpus Christi College, MS 456",part,,,Probably written in the late 14th or early 15th century. Written in England. Date and place of production assigned based on palaeographical features.,,,,," Probably written in the late 14th or
                                    early 15th century. ",,1350,1450,medium,Gregorian,Written in England.,,,,,,,,,,,,,,,,,,,,,,,,,,,,,,,,,,,,,,,,,,,Date and place of production assigned based on palaeographical features.
_origin_1,manuscript_11832,,,"Cambridge, Corpus Christi College, MS 468",manuscript,,MS-CCCC-00468,last quarter of the 13th century,,,,,last quarter of the 13th century,,1275,1299,,gregorian,,,,,,,,,,,,,,,,,,,,,,,,,,,,,,,,,,,,,,,,,,,,
_origin_1,manuscript_11833,,,"Cambridge, Corpus Christi College, MS 480",manuscript,,MS-CCCC-00480,first half of the 12th century,,,,,"first half of
                                the 12th century",,1100,1149,,gregorian,,,,,,,,,,,,,,,,,,,,,,,,,,,,,,,,,,,,,,,,,,,,
_origin_1,manuscript_11834,,,"Cambridge, Corpus Christi College, MS 486",manuscript,,MS-CCCC-00486,late 12th or early 13th century,,,,," late 12th or early 13th
                                century",,1175,1225,,gregorian,,,,,,,,,,,,,,,,,,,,,,,,,,,,,,,,,,,,,,,,,,,,
_origin_1,manuscript_72951,,,"Cambridge, Corpus Christi College, MS 633",manuscript,,MS-CCCC-00633,the late 15th or early 16th century,,,,,"the late 15th
                                or early 16th century",,1490,1510,,gregorian,,,,,,,,,,,,,,,,,,,,,,,,,,,,,,,,,,,,,,,,,,,,
_origin_1,manuscript_11837,,,"Cambridge, Emmanuel College, MS 12",manuscript,,MS-EMMANUEL-COLLEGE-00012,11th or 12th century Mount Athos f. 1r απο το μοναστηρι του κασταμονητη,,f. 1r,1r,1r,11th or 12th century,,1000,1199,,gregorian,Mount Athos,,,,,,,,,,,,,,,,,,,,,,,,,,,,,,,,,,,,,,,,,,,
_origin_1,manuscript_11837,,,"Cambridge, Emmanuel College, MS 13",manuscript,,MS-EMMANUEL-COLLEGE_00013,in the 11th or 12th century,,,,,,,,,,,,,,,,,,,,,,,,,,,,,,,,,,,,,,,,,,,,,,,,,,,,,,
_origin_1,manuscript_11838,,,"Cambridge, Emmanuel College, MS 14",manuscript,,MS-EMMANUEL-COLLEGE-00014,in the 11th or 12th century,,,,,,,,,,,,,,,,,,,,,,,,,,,,,,,,,,,,,,,,,,,,,,,,,,,,,,
_origin_1,manuscript_11838,,,"Cambridge, Emmanuel College, MS 15",manuscript,,MS-EMMANUEL-COLLEGE-00015,in the 11th or 12th century,,,,,,,,,,,,,,,,,,,,,,,,,,,,,,,,,,,,,,,,,,,,,,,,,,,,,,
_origin_1,manuscript_11839,,,"Cambridge, Emmanuel College, MS 30",manuscript,,MS-EMMANUEL-COLLEGE-00030,between 1463 and c. 1475,,,,, between 1463 and c. 1475,,1463,1475,,gregorian,,,,,,,,,,,,,,,,,,,,,,,,,,,,,,,,,,,,,,,,,,,,
_origin_1,manuscript_11840,,,"Cambridge, Emmanuel College, MS 32",manuscript-composite,,MS-EMMANUEL-COLLEGE-00032,,,,,,,,,,,,,,,,,,,,,,,,,,,,,,,,,,,,,,,,,,,,,,,,,,,,,,,
_origin_1,manuscript_11840,,,"Cambridge, Emmanuel College, MS 32",part,,,"early 16th century, not before ca. 1515",,,,,"early 16th century, not before
                                    ca. 1515",,1515,1525,,gregorian,,,,,,,,,,,,,,,,,,,,,,,,,,,,,,,,,,,,,,,,,,,,
_origin_2,manuscript_11840,,,"Cambridge, Emmanuel College, MS 32",part,,,early 15th century,,,,,"early 15th
                                century",,1400,1410,,gregorian,,,,,,,,,,,,,,,,,,,,,,,,,,,,,,,,,,,,,,,,,,,,
_origin_3,manuscript_11840,,,"Cambridge, Emmanuel College, MS 32",part,,,early 16th century,,,,," early 16th
                                century",,1500,1525,,gregorian,,,,,,,,,,,,,,,,,,,,,,,,,,,,,,,,,,,,,,,,,,,,
_origin_4,manuscript_11840,,,"Cambridge, Emmanuel College, MS 32",part,,,early 16th century,,,,,"early 16th
                                century",,1500,1525,,gregorian,,,,,,,,,,,,,,,,,,,,,,,,,,,,,,,,,,,,,,,,,,,,
_origin_5,manuscript_11840,,,"Cambridge, Emmanuel College, MS 32",part,,,second half of 15th century,,,,," second half of 15th
                                century",,1450,1500,,gregorian,,,,,,,,,,,,,,,,,,,,,,,,,,,,,,,,,,,,,,,,,,,,
_origin_6,manuscript_11840,,,"Cambridge, Emmanuel College, MS 32",part,,,second half of 14th century,,,,," second half of 14th
                                century",,1360,1400,,gregorian,,,,,,,,,,,,,,,,,,,,,,,,,,,,,,,,,,,,,,,,,,,,
_origin_7,manuscript_11840,,,"Cambridge, Emmanuel College, MS 32",part,,,last quarter of 15th century,,,,,"last quarter of 15th
                                    century",,1478,1500,,gregorian,,,,,,,,,,,,,,,,,,,,,,,,,,,,,,,,,,,,,,,,,,,,
_origin_8,manuscript_11840,,,"Cambridge, Emmanuel College, MS 32",part,,,first third of the 16th century,,,,,"first third of the 16th
                                    century",,1500,1530,,gregorian,,,,,,,,,,,,,,,,,,,,,,,,,,,,,,,,,,,,,,,,,,,,
_origin_9,manuscript_11840,,,"Cambridge, Emmanuel College, MS 32",part,,,first third of the 16th century,,,,,"first third of the 16th
                                    century",,1500,1530,,gregorian,,,,,,,,,,,,,,,,,,,,,,,,,,,,,,,,,,,,,,,,,,,,
_origin_10,manuscript_11840,,,"Cambridge, Emmanuel College, MS 32",part,,,early 16th century,,,,,"early 16th
                                century",,1515,1530,,gregorian,,,,,,,,,,,,,,,,,,,,,,,,,,,,,,,,,,,,,,,,,,,,
_origin_11,manuscript_11840,,,"Cambridge, Emmanuel College, MS 32",part,,,early 16th century,,,,,early 16th century,,1500,1530,,gregorian,,,,,,,,,,,,,,,,,,,,,,,,,,,,,,,,,,,,,,,,,,,,
_origin_12,manuscript_11840,,,"Cambridge, Emmanuel College, MS 32",part,,,early 16th century,,,,,"early 16th
                                century",,1500,1530,,gregorian,,,,,,,,,,,,,,,,,,,,,,,,,,,,,,,,,,,,,,,,,,,,
_origin_1,manuscript_11841,,,"Cambridge, Emmanuel College, MS 33",manuscript-composite,,MS-EMMANUEL-00033,,,,,,,,,,,,,,,,,,,,,,,,,,,,,,,,,,,,,,,,,,,,,,,,,,,,,,,
_origin_1,manuscript_11841,,,"Cambridge, Emmanuel College, MS 33",part,,,"early 16th century, not before ca. 1516",,,,,"early 16th century, not before
                                    ca. 1516",,1515,1525,,gregorian,,,,,,,,,,,,,,,,,,,,,,,,,,,,,,,,,,,,,,,,,,,,
_origin_2,manuscript_11841,,,"Cambridge, Emmanuel College, MS 33",part,,,early 16th century,,,,,"early 16th
                                century",,1500,1525,,gregorian,,,,,,,,,,,,,,,,,,,,,,,,,,,,,,,,,,,,,,,,,,,,
_origin_3,manuscript_11841,,,"Cambridge, Emmanuel College, MS 33",part,,,late 15th century,,,,,late 15th century,,1478,1500,,gregorian,,,,,,,,,,,,,,,,,,,,,,,,,,,,,,,,,,,,,,,,,,,,
_origin_4,manuscript_11841,,,"Cambridge, Emmanuel College, MS 33",part,,,last quarter of 15th century,,,,,"last quarter of 15th
                                century",,1478,1500,,gregorian,,,,,,,,,,,,,,,,,,,,,,,,,,,,,,,,,,,,,,,,,,,,
_origin_1,manuscript_11842,,,"Cambridge, Emmanuel College, MS 59",manuscript,,MS-EMMANUEL-COLLEGE-00059,"The manuscript was probably copied in the 14th century; since the paper is a type which was used c. 1350-1382, the production of the manuscript can be placed in the second half of the century.",,,,,,,,,,,,,,,,,,,,,,,,,,,,,,,,,,,,,,,,,,,,,,,,,,,,,,
_origin_1,manuscript_11843,,,"Cambridge, Emmanuel College, MS 61",manuscript,,MS-EMMANUEL-COLLEGE-00061,"The manuscript, based on the watermarks, was copied probably in England, in the 17th century, before 1694, when the manuscript was donated to Emmanuel College.",,,,,,,,,,,,,,,,,,,,,,,,,,,,,,,,,,,,,,,,,,,,,,,,,,,,,,
_origin_1,manuscript_1,,,"Cambridge, Emmanuel College, MS 66",manuscript-composite,,MS-EMMANUEL-COLLEGE-00066,,,,,,,,,,,,,,,,,,,,,,,,,,,,,,,,,,,,,,,,,,,,,,,,,,,,,,,
_origin_1,manuscript_1,,,"Cambridge, Emmanuel College, MS 66",part,,,"Written in the 15th century, probably in the second half Written in England Date and location of production assigned based on the palaeographical features of this Part.",,,,," Written in the 15th century, probably
                                    in the second half ",,1450,1500,medium,Gregorian,Written in England,,,,,,,,,,,,,,,,,,,,,,,,,,,,,,,,,,,,,,,,,,,Date and location of production assigned based on the palaeographical features of this Part.
_origin_2,manuscript_1,,,"Cambridge, Emmanuel College, MS 66",part,,,"Written in the 13th century, probably in the second half Written perhaps in France Date and location of production suggested based on the palaeographical features of this Part.",,,,," Written in the 13th century, probably
                                    in the second half ",,1250,1300,medium,Gregorian,Written perhaps in France,,,,,,,,,,,,,,,,,,,,,,,,,,,,,,,,,,,,,,,,,,,Date and location of production suggested based on the palaeographical features of this Part.
_origin_1,manuscript_1,,,"Cambridge, Emmanuel College, MS 69",manuscript,,MS-EMMANUEL-COLLEGE-00069,First half of the 15th century. England.,,,,, First half of the 15th century. ,,1400,1450,high,Gregorian,England.,,,,,,,,,,,,,,,,,,,,,,,,,,,,,,,,,,,,,,,,,,,
_origin_1,manuscript_1,,,"Cambridge, Emmanuel College, MS 70",manuscript,,MS-EMMANUEL-COLLEGE-00070,"Written between c. 1420 and 1453, for the most part by John Dunstable (d. 1453). Written in England. Date and location of production assigned based on the identification of the scribe as John Dunstable, whose biographical details are known. The extract from Iohannes de Rubeis on ff. 14v-21v is an astrological judgment for the year 1420. R. M. Thomson, 'John Dunstable and His Books', The Musical Times, 150.1909 (2009), 3–16",,14v-21v,14v,21v,"Written between c. 1420 and 1453, for the most
                                part by John Dunstable (d. 1453). ",,1420,1453,high,Gregorian,Written in England.,,,,,,,,,,,,,,,,,,,,,,,,,,,,,,,,,,,,,,,,"R. M. Thomson, 'John Dunstable and His Books', The Musical Times, 150.1909 (2009), 3–16",,,
_origin_1,manuscript_77766,,,"Cambridge, Emmanuel College, MS 79",manuscript-composite,,MS-EMMANUEL-COLLEGE-00079,,,,,,,,,,,,,,,,,,,,,,,,,,,,,,,,,,,,,,,,,,,,,,,,,,,,,,,
_origin_1,manuscript_77766,,,"Cambridge, Emmanuel College, MS 79",part,,,"This part of the manuscript is an autograph by the author of the text, Joshua Barnes, and was completed on 28 March 1673 in Cambridge, Emmanuel College (see the date on f. [2]r).",,f. [2]r,[2]r,[2]r,,,,,,,,,,,,,,,,,,,,,,,,,,,,,,,,,,,,,,,,,,,,,,,,,,
_origin_2,manuscript_77766,,,"Cambridge, Emmanuel College, MS 79",part,,,"This part of the manuscript is an autograph by the author of the text, Joshua Barnes, and was completed in 1673 in Cambridge, Emmanuel College (see the date on f. [32]r).",,f. [32]r,[32]r,[32]r,,,,,,,,,,,,,,,,,,,,,,,,,,,,,,,,,,,,,,,,,,,,,,,,,,
_origin_1,manuscript_11844,,,"Cambridge, Emmanuel College, MS 90",manuscript,,MS-EMMANUEL-COLLEGE-00090,"Walter Mildmay (c. 1520-1589) Mildmay, Walter, Sir, 1520?-1589 between 1583 and 1589",,,,,"between 1583 and
                                1589",,1583,1589-05-31,,gregorian,,,,,,,,,,,,,,,,,,,,,,,,,,,,,,,,,,,,,,,,,,,,
_origin_1,manuscript_1,,,"Cambridge, Emmanuel College, MS 95",manuscript-composite,,MS-EMMANUEL-COLLEGE-00095,,,,,,,,,,,,,,,,,,,,,,,,,,,,,,,,,,,,,,,,,,,,,,,,,,,,,,,
_origin_1,manuscript_1,,,"Cambridge, Emmanuel College, MS 95",part,,,Copied in the 16th century century. England.,,,,, Copied in the 16th century century. ,,1500,1600,high,Gregorian,England.,,,,,,,,,,,,,,,,,,,,,,,,,,,,,,,,,,,,,,,,,,,
_origin_2,manuscript_1,,,"Cambridge, Emmanuel College, MS 95",part,,,15th century. England.,,,,,15th century.,,1400,1600,high,Gregorian,England.,,,,,,,,,,,,,,,,,,,,,,,,,,,,,,,,,,,,,,,,,,,
_origin_3,manuscript_1,,,"Cambridge, Emmanuel College, MS 95",part,,,16th century. England.,,,,,16th century.,,1400,1600,high,Gregorian,England.,,,,,,,,,,,,,,,,,,,,,,,,,,,,,,,,,,,,,,,,,,,
_origin_1,manuscript_11845,,,"Cambridge, Emmanuel College, MS 109",manuscript,,MS-EMMANUEL-COLLEGE-00109,"The manuscript is not dated. On the basis of the scripts, it can be dated possibly in the 16th century, probably before 1594.",,,,,,,,,,,,,,,,,,,,,,,,,,,,,,,,,,,,,,,,,,,,,,,,,,,,,,
_origin_1,manuscript_11846,,,"Cambridge, Emmanuel College, MS 110",manuscript,,MS-EMMANUEL-COLLEGE-00110,late 10th century or first half of the 11th,,,,,"late 10th
                                century or first half of the 11th",,980,1050,,gregorian,,,,,,,,,,,,,,,,,,,,,,,,,,,,,,,,,,,,,,,,,,,,
_origin_1,manuscript_77767,,,"Cambridge, Emmanuel College, MS 178",manuscript,,MS-EMMANUEL-COLLEGE-00178,"The manuscript is an autograph by the author of the texts, Joshua Barnes, and was completed in 1673 in Cambridge; the date is written on the frontispiece on f. [v] recto. On the left pastedown is pasted Joshua Barnes' bookplate, with the date of 1700.",,f. [v] recto; left pastedown,"[v] recto left cover, inner","[v] recto left cover, inner",,,,,,,,,,,,,,,,,,,,,,,,,,,,,,,,,,,,,,,,,,,,,,,,,,
_origin_1,manuscript_11851,,,"Cambridge, Emmanuel College, MS 236",manuscript-composite,,MS-EMMANUEL-COLLEGE-00236,,,,,,,,,,,,,,,,,,,,,,,,,,,,,,,,,,,,,,,,,,,,,,,,,,,,,,,
_origin_1,manuscript_11851,,,"Cambridge, Emmanuel College, MS 236",part,,,about 1360,,,,," about
                                1360",,1350,1370,,gregorian,,,,,,,,,,,,,,,,,,,,,,,,,,,,,,,,,,,,,,,,,,,,
_origin_2,manuscript_11851,,,"Cambridge, Emmanuel College, MS 236",part,,,not before the second half of 13th century,,,,,"not before the second half of 13th
                                    century",,1250,1350,,gregorian,,,,,,,,,,,,,,,,,,,,,,,,,,,,,,,,,,,,,,,,,,,,
_origin_3,manuscript_11851,,,"Cambridge, Emmanuel College, MS 236",part,,,not before the second half of 13th century,,,,,"not before the second half of 13th
                                    century",,1250,1300,,gregorian,,,,,,,,,,,,,,,,,,,,,,,,,,,,,,,,,,,,,,,,,,,,
_origin_4,manuscript_11851,,,"Cambridge, Emmanuel College, MS 236",part,,,the 11th century,,,,,the 11th century,,1000,1100,,gregorian,,,,,,,,,,,,,,,,,,,,,,,,,,,,,,,,,,,,,,,,,,,,
_origin_5,manuscript_11851,,,"Cambridge, Emmanuel College, MS 236",part,,,the 12th century,,,,,the 12th century,,1100,1200,,gregorian,,,,,,,,,,,,,,,,,,,,,,,,,,,,,,,,,,,,,,,,,,,,
_origin_6,manuscript_11851,,,"Cambridge, Emmanuel College, MS 236",part,,,the 11th or 12th century,,,,,the 11th or 12th century,,1000,1200,,gregorian,,,,,,,,,,,,,,,,,,,,,,,,,,,,,,,,,,,,,,,,,,,,
_origin_7,manuscript_11851,,,"Cambridge, Emmanuel College, MS 236",part,,,10th or 11th century,,,,,10th or 11th century,,900,1100,,gregorian,,,,,,,,,,,,,,,,,,,,,,,,,,,,,,,,,,,,,,,,,,,,
_origin_1,manuscript_11848,,,"Cambridge, Emmanuel College, MS 249",manuscript,,MS-EMMANUEL-COLLEGE-00249,"The manuscript was copied by a scribe of western European origin in England from MS London, Lambeth Palace, 802 (a) ( Vaggione 1985, p. 339), probably under the initiative of Thomas Tenison ( Vaggione 1985, pp 340-341). Codex Lambeth 802 (a) was copied before the 8th January 1687/8 (see Wright, Argyrou and Dendrinos 2016, p. 66); since MS Emmanuel 249 was copied by the same scribe who copied MS Lambeth Palace 802 (a) (see Hands), its production is probably to be placed around the same time, between 1670 and 1687, namely after Vossius arrived in England bringing with him the manuscript used as the original for MS Lambeth 802 (a), Leiden, Bibliotheek der Rijksuniversiteit, Voss. gr. Q, and before the date of production of one of its copies, MS Lambeth 902 (b). o 13",,,,,,,,,,,,,,,,,,,,,,,,,,,,,,,,,,,,,,,,,,,,,,,,,,,"Vaggione 1985; Vaggione 1985; Wright, Argyrou and Dendrinos 2016; Leiden, Bibliotheek der Rijksuniversiteit, Voss. gr. Qo 13",,,
_origin_1,manuscript_11849,,,"Cambridge, Emmanuel College, MS 251",manuscript-composite,,MS-EMMANUEL-COLLEGE-00251,,,,,,,,,,,,,,,,,,,,,,,,,,,,,,,,,,,,,,,,,,,,,,,,,,,,,,,
_origin_1,manuscript_11849,,,"Cambridge, Emmanuel College, MS 251",part,,,13th century Otranto,,,,,"13th
                                    century",,1200,1299,,gregorian,,,,,,,,,,,,,,,,,,,,,,,,,,,,,,,,,,,,,,,,,,,,
_origin_2,manuscript_11849,,,"Cambridge, Emmanuel College, MS 251",part,,,8th century,,,,,8th century,,700,799,,gregorian,,,,,,,,,,,,,,,,,,,,,,,,,,,,,,,,,,,,,,,,,,,,
_origin_3,manuscript_11849,,,"Cambridge, Emmanuel College, MS 251",part,,,later 13th or 14th century,,,,,"later 13th
                                    or 14th century",,1250,1399,,gregorian,,,,,,,,,,,,,,,,,,,,,,,,,,,,,,,,,,,,,,,,,,,,
_origin_4,manuscript_11849,,,"Cambridge, Emmanuel College, MS 251",part,,,later 13th or 14th century,,,,,"later 13th
                                    or 14th century",,1250,1399,,gregorian,,,,,,,,,,,,,,,,,,,,,,,,,,,,,,,,,,,,,,,,,,,,
_origin_1,manuscript_11850,,,"Cambridge, Emmanuel College, MS 253",manuscript,,MS-EMMANUEL-COLLEGE-00253,England 12th century,,,,,"12th
                                century",,1100,1199,,gregorian,England,,,,,,,,,,,,,,,,,,,,,,,,,,,,,,,,,,,,,,,,,,,
_origin_1,manuscript_1,,,"Cambridge, Fitzwilliam Museum, Charles Fairfax Murray MS 17",manuscript,,MS-FITZWILLIAM-CHARLES-FAIRFAX-MURRAY-00017,Late 15th century. England.,,,,,Late 15th century. ,,1475,1500,high,Gregorian,England.,,,,,,,,,,,,,,,,,,,,,,,,,,,,,,,,,,,,,,,,,,,
_origin_1,manuscript_1,,,"Cambridge, Fitzwilliam Museum, MS 51",manuscript,,MS-FITZWILLIAM-00051,"c. 1460-c. 1480 Flanders, probably Bruges.",,,,,c. 1460-c. 1480 ,,1455,1485,high,Gregorian,"Flanders, probably Bruges.",,,,,,,,,,,,,,,,,,,,,,,,,,,,,,,,,,,,,,,,,,,
_origin_1,manuscript_11852,,,"Cambridge, Fitzwilliam Museum, MS 229",manuscript-composite,,MS-FITZWILLIAM-00229,,,,,,,,,,,,,,,,,,,,,,,,,,,,,,,,,,,,,,,,,,,,,,,,,,,,,,,
_origin_1,manuscript_11852,,,"Cambridge, Fitzwilliam Museum, MS 229",part,,,last quarter of the 14th century or first quarter of the 15th,,,,,,,,,,,,,,,,,,,,,,,,,,,,,,,,,,,,,,,,,,,,,,,,,,,,,,
_origin_2,manuscript_11852,,,"Cambridge, Fitzwilliam Museum, MS 229",part,,,last quarter of the 14th century,,,,,,,,,,,,,,,,,,,,,,,,,,,,,,,,,,,,,,,,,,,,,,,,,,,,,,
_origin_3,manuscript_11852,,,"Cambridge, Fitzwilliam Museum, MS 229",part,,,second quarter of the 14th century,,,,,,,,,,,,,,,,,,,,,,,,,,,,,,,,,,,,,,,,,,,,,,,,,,,,,,
_origin_4,manuscript_11852,,,"Cambridge, Fitzwilliam Museum, MS 229",part,,,last quarter of the 14th century,,,,,,,,,,,,,,,,,,,,,,,,,,,,,,,,,,,,,,,,,,,,,,,,,,,,,,
_origin_1,manuscript_1,,,"Cambridge, Fitzwilliam Museum, MS 261",manuscript,,MS-FITZWILLIAM-00261,Between 1485 and 1509. England.,,,,,Between 1485 and 1509. ,,1485,1509,high,Gregorian,England.,,,,,,,,,,,,,,,,,,,,,,,,,,,,,,,,,,,,,,,,,,,
_origin_1,manuscript_11860,,,"Cambridge, Fitzwilliam Museum, MS 325",manuscript,,MS-FITZWILLIAM-00325,"On the basis of the watermarks, and the style of the script and of the decoration, the manuscript can be dated probably between the end of the 15th c. and the first quarter of the 16th. Since the Greek translation of the Book of Hours was published by Aldus Manutius in 1497, the copy should be dated after this year. The manuscript was possibly produced in France (for this assumption see Wormald-Giles 1982, p. 315, and Easterling 1966, p. 190).",,,,,,,,,,,,,,,,,,,,,,,,,,,,,,,,,,,,,,,,,,,,,,,,,,,Wormald-Giles 1982; Easterling 1966,,,
_origin_1,manuscript_11861,,,"Cambridge, Fitzwilliam Museum, MS 355.I.fol.7",manuscript,,MS-FITZWILLIAM-00355,"On the basis of the characteristics of the script, the manuscript can be dated to between the late 10th and the first half of the 11th century.",,,,,,,,,,,,,,,,,,,,,,,,,,,,,,,,,,,,,,,,,,,,,,,,,,,,,,
_origin_1,manuscript_11859,,,"Cambridge, Fitzwilliam Museum, MS 3-1955",manuscript,,MS-FITZWILLIAM-00003-01955,Dionysios Dionysios 1654,,,,,1654,1654,1654,1654,,gregorian,,,,,,,,,,,,,,,,,,,,,,,,,,,,,,,,,,,,,,,,,,,,
_origin_1,manuscript_1,,,"Cambridge, Fitzwilliam Museum, MS 38-1950",manuscript-composite,,MS-FITZWILLIAM-00038-01950,,,,,,,,,,,,,,,,,,,,,,,,,,,,,,,,,,,,,,,,,,,,,,,,,,,,,,,
_origin_1,manuscript_1,,,"Cambridge, Fitzwilliam Museum, MS 38-1950",part,,,15th century. England.,,,,,15th century. ,,1400,1500,high,Gregorian,England.,,,,,,,,,,,,,,,,,,,,,,,,,,,,,,,,,,,,,,,,,,,
_origin_2,manuscript_1,,,"Cambridge, Fitzwilliam Museum, MS 38-1950",part,,,"c. 1380-c. 1394. London. Pleshey Castle, Essex.",,,,,c. 1380-c. 1394.,,1375,1390,high,Gregorian,"London. ; Pleshey Castle, Essex.",,,,,,,,,,,,,,,,,,,,,,,,,,,,,,,,,,,,,,,,,,,
_origin_3,manuscript_1,,,"Cambridge, Fitzwilliam Museum, MS 38-1950",part,,,Copied in the 15th century. England.,,,,,Copied in the 15th century. ,,1400,1500,high,Gregorian,England.,,,,,,,,,,,,,,,,,,,,,,,,,,,,,,,,,,,,,,,,,,,
_origin_1,manuscript_11854,,,"Cambridge, Fitzwilliam Museum, MS Charles Fairfax Murray 7",manuscript,,MS-FITZWILLIAM-CHARLES-FAIRFAX-MURRAY-00007,mid-15th century,,,,,mid-15th century,,1440,1460,,gregorian,,,,,,,,,,,,,,,,,,,,,,,,,,,,,,,,,,,,,,,,,,,,
_origin_1,manuscript_11853,,,"Cambridge, Fitzwilliam Museum, MS Charles Fairfax Murray 30",manuscript-composite,,MS-FITZWILLIAM-CHARLES-FAIRFAX-MURRAY-00030,late 15th century Italy De natura hominis,,,,,late 15th century,,1492,1499,,gregorian,Italy,,,,,,,,,,,,,,,,,,,,,,,,,,,,,,,,,,,,,,,,,,,
_origin_1,manuscript_11853,,,"Cambridge, Fitzwilliam Museum, MS Charles Fairfax Murray 30",part,,,15th century Italy,,,,,15th century,,1400,1499,,gregorian,Italy,,,,,,,,,,,,,,,,,,,,,,,,,,,,,,,,,,,,,,,,,,,
_origin_2,manuscript_11853,,,"Cambridge, Fitzwilliam Museum, MS Charles Fairfax Murray 30",part,,,late 15th century Italy De natura hominis,,,,,late 15th century,,1492,1499,,gregorian,Italy,,,,,,,,,,,,,,,,,,,,,,,,,,,,,,,,,,,,,,,,,,,
_origin_3,manuscript_11853,,,"Cambridge, Fitzwilliam Museum, MS Charles Fairfax Murray 30",part,,,late 15th century Italy De natura hominis,,,,,late 15th century,,1492,1499,,gregorian,Italy,,,,,,,,,,,,,,,,,,,,,,,,,,,,,,,,,,,,,,,,,,,
_origin_1,manuscript_11855,,,"Cambridge, Fitzwilliam Museum, MS McClean 1",manuscript,,MS-FITZWILLIAM-MCCLEAN-00001,late 10th century,,,,,late 10th century,,980,1000,,gregorian,,,,,,,,,,,,,,,,,,,,,,,,,,,,,,,,,,,,,,,,,,,,
_origin_1,manuscript_11856,,,"Cambridge, Fitzwilliam Museum, MS McClean 2",manuscript-composite,,MS-FITZWILLIAM-MCCLEAN-00002,,,,,,,,,,,,,,,,,,,,,,,,,,,,,,,,,,,,,,,,,,,,,,,,,,,,,,,
_origin_1,manuscript_11856,,,"Cambridge, Fitzwilliam Museum, MS McClean 2",part,,,second half of the 11th century,,,,,"second
                  half of the 11th century",,1050,1099,,gregorian,,,,,,,,,,,,,,,,,,,,,,,,,,,,,,,,,,,,,,,,,,,,
_origin_2,manuscript_11856,,,"Cambridge, Fitzwilliam Museum, MS McClean 2",part,,,second half of the 11th or first half of the 12th century,,,,,"second
                  half of the 11th or first half of the 12th century",,1050,1149,,gregorian,,,,,,,,,,,,,,,,,,,,,,,,,,,,,,,,,,,,,,,,,,,,
_origin_3,manuscript_11856,,,"Cambridge, Fitzwilliam Museum, MS McClean 2",part,,,14th century,,,,,14th century,,1300,1399,,gregorian,,,,,,,,,,,,,,,,,,,,,,,,,,,,,,,,,,,,,,,,,,,,
_origin_1,manuscript_11857,,,"Cambridge, Fitzwilliam Museum, MS McClean 3",manuscript,,MS-FITZWILLIAM-MCCLEAN-00003,11th century ff. 110-111 f. 81r f. 82r-82v 12th century,,ff. 110-111; f. 81r; f. 82r-82v,110r 81r 82r,111v 81r 82v,"11th
                century",,1000,1099,,gregorian,,,,,,,,,,,,,,,,,,,,,,,,,,,,,,,,,,,,,,,,,,,,
_origin_1,manuscript_11858,,,"Cambridge, Fitzwilliam Museum, MS McClean 4",manuscript,,MS-FITZWILLIAM-MCCLEAN-00004,second half of the 12th century,,,,,"second
                half of the 12th century",,1150,1199,,gregorian,,,,,,,,,,,,,,,,,,,,,,,,,,,,,,,,,,,,,,,,,,,,
_origin_1,manuscript_1,,,"Cambridge, Fitzwilliam Museum, MS McClean 89",manuscript,,MS-FITZWILLIAM-MUSEUM-MCCLEAN-00089,"Last quarter of the 15th century, perhaps early 1490s. Probably Flanders. Date and place of production assigned based on palaeographical and artistic features of the manuscript. Nicholas Rogers has suggested a date in the 'early 1490's' for the production of this manuscript, but did not provide further elaboration. N. Rogers, 'Books of Hours Produced in the Low Countries for the English Market in the Fifteenth Century', 2 vols (unpublished M.Litt., University of Cambridge, 1984) II.374",,,,,"Last quarter of the 15th century, perhaps
                                early 1490s. ",,1475,1500,medium,Gregorian,Probably Flanders.,,,,,,,,,,,,,,,,,,,,,,,,,,,,,,,,,,,,,,,,"N. Rogers, 'Books of Hours Produced in the Low Countries for the English Market in the Fifteenth Century', 2 vols (unpublished M.Litt., University of Cambridge, 1984) II.374",,,
_origin_1,manuscript_1,,,"Cambridge, Fitzwilliam Museum, MS McClean 166",manuscript,,MS-FITZWILLIAM-MCCLEAN-00166,"Second half of the 13th century. France, perhaps at Verdun. Date of production assigned based on palaeographical features and cluster of late 13th century dates given in annalistic entries on f. 11v. Place of production assigned to France based on palaeographical features, and to Verdun by M. R. James based on specific feasts in the calendar on ff. 72r-77v M.R. James, A Descriptive Catalogue of the McClean Collection Manuscripts in the Fitzwilliam Museum (Cambridge, 1912). no. 166",,11v; 72r-77v,11v 72r,11v 77v,Second half of the 13th century. ,,1250,1300,medium,Gregorian,"France, perhaps at Verdun.",,,,,,,,,,,,,,,,,,,,,,,,,,,,,,,,,,,,,,,,"M.R. James, A Descriptive Catalogue of the McClean Collection Manuscripts in the Fitzwilliam Museum (Cambridge, 1912). no. 166",,,
_origin_1,manuscript_1,,,"Cambridge, Gonville and Caius College, 803/807, no.
                            57",manuscript,,MS-GONVILLE-AND-CAIUS-00803-00807-00057,Probably made in the late 13th century or the early 14th century. Made in England. M. R. James suggested that the 'reference to the deposition of St Edward may point to Westminster'.,,,,," Probably made in the late 13th century or the
                                early 14th century. ",,1250,1350,medium,Gregorian,Made in England.,,,,,,,,,,,,,,,,,,,,,,,,,,,,,,,,,,,,,,,,,,,M. R. James suggested that the 'reference to the deposition of St Edward may point to Westminster'.
_origin_1,manuscript_11863,,,"Cambridge, Gonville and Caius College, MS 47/24 ",manuscript-composite,,MS-GONVILLE-AND-CAIUS-00047-00024,,,,,,,,,,,,,,,,,,,,,,,,,,,,,,,,,,,,,,,,,,,,,,,,,,,,,,,
_origin_1,manuscript_11863,,,"Cambridge, Gonville and Caius College, MS 47/24 ",part,,,"Part I of the manuscript was copied by Georgios Tzangaropoulos, who was active in Italy in the second half of the 15th c. The watermark is consistent with this date.",,,,,,,,,,,,,,,,,,,,,,,,,,,,,,,,,,,,,,,,,,,,,,,,,,,,,,
_origin_2,manuscript_11863,,,"Cambridge, Gonville and Caius College, MS 47/24 ",part,,,"Part II of the manuscript was probably copied, on the basis of the script, in the second half of the 12th c. (and not later than the first half of the 13th c.) (for the date of the script see Wilson 1987, p. 56).",,,,,,,,,,,,,,,,,,,,,,,,,,,,,,,,,,,,,,,,,,,,,,,,,,,Wilson 1987,,,
_origin_3,manuscript_11863,,,"Cambridge, Gonville and Caius College, MS 47/24 ",part,,,"Part III of the manuscript, as well as the second part of MS Laur. Plut. 74.22, were copied probably, on the basis of the script, (see in the second half of the 12th c. (or slightly later) Wilson 1986, p. 115; Wilson 1987, pp. 55-56).",,,,,,,,,,,,,,,,,,,,,,,,,,,,,,,,,,,,,,,,,,,,,,,,,,,Wilson 1986; Wilson 1987,,,
_origin_4,manuscript_11863,,,"Cambridge, Gonville and Caius College, MS 47/24 ",part,,,"Part IV of the manuscript was written around the middle of the 14th c., as suggested by the script, and in particular by the watermark and the type of paper: this mark was produced in Italy and was used only for ca. a quarter of century (see C.M. Briquet, , p. 621). Les Filigranes, 4, Genève 1907",,,,,,,,,,,,,,,,,,,,,,,,,,,,,,,,,,,,,,,,,,,,,,,,,,,"C.M. Briquet, Les Filigranes, 4, Genève 1907",,,
_origin_1,manuscript_11864,,,"Cambridge, Gonville and Caius College, MS 50/27 ",manuscript,,MS-GONVILLE-AND-CAIUS-00050-00027,"The manuscript was copied in the first half of the 16th century, after 1538; since the texts contain some lessons from the Basel printed edition of Hippocrates by Janus Cornarius of 1538, this date should be taken as terminus post quem for the copy (see Rivier 1962, pp. 136-137; Ecca 2016, p. 63).",,,,,,,,,,,,,,,,,,,,,,,,,,,,,,,,,,,,,,,,,,,,,,,,,,,Rivier 1962; Ecca 2016,,,
_origin_1,manuscript_1,,,"Cambridge, Gonville and Caius College, MS 59/153",manuscript-composite,,MS-GONVILLE-AND-CAIUS-00059-00153,,,,,,,,,,,,,,,,,,,,,,,,,,,,,,,,,,,,,,,,,,,,,,,,,,,,,,,
_origin_1,manuscript_1,,,"Cambridge, Gonville and Caius College, MS 59/153",part,,,Copied in the late 11th or early 12th century. Written in England or perhaps northern France.,,,,,"Copied in the late 11th or early 12th
                                    century. ",,1050,1150,medium,Gregorian,Written in England or perhaps northern France.,,,,,,,,,,,,,,,,,,,,,,,,,,,,,,,,,,,,,,,,,,,
_origin_2,manuscript_1,,,"Cambridge, Gonville and Caius College, MS 59/153",part,,,Copied in the 14th century. Perhaps copied in Italy.,,,,, Copied in the 14th century. ,,1300,1400,medium,Gregorian,Perhaps copied in Italy.,,,,,,,,,,,,,,,,,,,,,,,,,,,,,,,,,,,,,,,,,,,
_origin_3,manuscript_1,,,"Cambridge, Gonville and Caius College, MS 59/153",part,,,Written in the first half of the 14th century. Written in England.,,,,," Written in the first half of the 14th
                                    century. ",,1350,1400,medium,Gregorian,Written in England.,,,,,,,,,,,,,,,,,,,,,,,,,,,,,,,,,,,,,,,,,,,
_origin_1,manuscript_11865,,,"Cambridge, Gonville and Caius College, MS 76/43",manuscript-composite,,MS-GONVILLE-AND-CAIUS-00076-00043,,,,,,,,,,,,,,,,,,,,,,,,,,,,,,,,,,,,,,,,,,,,,,,,,,,,,,,
_origin_1,manuscript_11865,,,"Cambridge, Gonville and Caius College, MS 76/43",part,,,third quarter of the 15th century,,,,,,,,,,,,,,,,,,,,,,,,,,,,,,,,,,,,,,,,,,,,,,,,,,,,,,
_origin_2,manuscript_11865,,,"Cambridge, Gonville and Caius College, MS 76/43",part,,,late 15th century,,,,,,,,,,,,,,,,,,,,,,,,,,,,,,,,,,,,,,,,,,,,,,,,,,,,,,
_origin_3,manuscript_11865,,,"Cambridge, Gonville and Caius College, MS 76/43",part,,,last quarter of the 15th century Venice Padua,,,,,,,,,,,,,,,,,,,,,,,,,,,,,,,,,,,,,,,,,,,,,,,,,,,,,,
_origin_4,manuscript_11865,,,"Cambridge, Gonville and Caius College, MS 76/43",part,,,second quarter of the 16th century,,,,,,,,,,,,,,,,,,,,,,,,,,,,,,,,,,,,,,,,,,,,,,,,,,,,,,
_origin_5,manuscript_11865,,,"Cambridge, Gonville and Caius College, MS 76/43",part,,,first third of the 16th century,,,,,,,,,,,,,,,,,,,,,,,,,,,,,,,,,,,,,,,,,,,,,,,,,,,,,,
_origin_6,manuscript_11865,,,"Cambridge, Gonville and Caius College, MS 76/43",part,,,first three quarters of the 16th century,,,,,,,,,,,,,,,,,,,,,,,,,,,,,,,,,,,,,,,,,,,,,,,,,,,,,,
_origin_7,manuscript_11865,,,"Cambridge, Gonville and Caius College, MS 76/43",part,,,second quarter of the 16th century,,,,,,,,,,,,,,,,,,,,,,,,,,,,,,,,,,,,,,,,,,,,,,,,,,,,,,
_origin_8,manuscript_11865,,,"Cambridge, Gonville and Caius College, MS 76/43",part,,,late 15th or first half of the 16th century,,,,,,,,,,,,,,,,,,,,,,,,,,,,,,,,,,,,,,,,,,,,,,,,,,,,,,
_origin_9,manuscript_11865,,,"Cambridge, Gonville and Caius College, MS 76/43",part,,,early 16th century,,,,,,,,,,,,,,,,,,,,,,,,,,,,,,,,,,,,,,,,,,,,,,,,,,,,,,
_origin_10,manuscript_11865,,,"Cambridge, Gonville and Caius College, MS 76/43",part,,,first three quarters of the 16th century,,,,,,,,,,,,,,,,,,,,,,,,,,,,,,,,,,,,,,,,,,,,,,,,,,,,,,
_origin_1,manuscript_11866,,,"Cambridge, Gonville and Caius College, MS 77/44",manuscript,,MS-GONVILLE-AND-CAIUS-00077-00044,"Manuel Gregoropoulos Gregoropoulos, Manuel late 15th or early 16th century Candia (Iraklion) Karpathos",,,,,"late 15th or early 16th
                                                century",,1490,1510,,gregorian,Candia (Iraklion); Karpathos,,,,,,,,,,,,,,,,,,,,,,,,,,,,,,,,,,,,,,,,,,,
_origin_1,manuscript_1,,,"Cambridge, Gonville and Caius College, MS 84/166",manuscript-composite,,MS-GONVILLE-AND-CAIUS-00084-00166,,,,,,,,,,,,,,,,,,,,,,,,,,,,,,,,,,,,,,,,,,,,,,,,,,,,,,,
_origin_1,manuscript_1,,,"Cambridge, Gonville and Caius College, MS 84/166",part,,,"The account roll refers to Roger de Newton as the abbot, and his abbacy at Darley Abbey lasted from 1432 until 1435; however, it is possible that the account roll is a later copy. Darley, Derby, Derbyshire.",,,,," The account roll refers to Roger de
                                    Newton as the abbot, and his abbacy at Darley Abbey lasted from 1432 until 1435; however, it is possible that the
                                    account roll is a later copy. ",,1432,1435,medium,Gregorian,"Darley, Derby, Derbyshire.",,,,,,,,,,,,,,,,,,,,,,,,,,,,,,,,,,,,,,,,,,,
_origin_2,manuscript_1,,,"Cambridge, Gonville and Caius College, MS 84/166",part,,,Copied in the 14th century England,,,,, Copied in the 14th century ,,1300,1400,high,Gregorian,England,,,,,,,,,,,,,,,,,,,,,,,,,,,,,,,,,,,,,,,,,,,
_origin_3,manuscript_1,,,"Cambridge, Gonville and Caius College, MS 84/166",part,,,Copied in the 15th century. England.,,,,, Copied in the 15th century. ,,1400,1500,high,Gregorian,England.,,,,,,,,,,,,,,,,,,,,,,,,,,,,,,,,,,,,,,,,,,,
_origin_4,manuscript_1,,,"Cambridge, Gonville and Caius College, MS 84/166",part,,,Copied in the 15th century. England,,,,, Copied in the 15th century. ,,1400,1500,high,Gregorian,England,,,,,,,,,,,,,,,,,,,,,,,,,,,,,,,,,,,,,,,,,,,
_origin_5,manuscript_1,,,"Cambridge, Gonville and Caius College, MS 84/166",part,,,"Copied in the 1st half of the 13th century (Dated to c. 1215-c. 1235 by Green (2000), no. 12). England.",,,,," Copied in the 1st half of the 13th
                                    century (Dated to c. 1215-c. 1235 by Green (2000), no. 12). ",,1200,1250,high,Gregorian,England.,,,,,,,,,,,,,,,,,,,,,,,,,,,,,,,,,,,,,,,,,,,
_origin_6,manuscript_1,,,"Cambridge, Gonville and Caius College, MS 84/166",part,,,Copied in the 15th century. England.,,,,, Copied in the 15th century. ,,1400,1500,high,Gregorian,England.,,,,,,,,,,,,,,,,,,,,,,,,,,,,,,,,,,,,,,,,,,,
_origin_1,manuscript_1,,,"Cambridge, Gonville and Caius College, MS 97/49",manuscript-composite,,MS-GONVILLE-AND-CAIUS-00097-00049,,,,,,,,,,,,,,,,,,,,,,,,,,,,,,,,,,,,,,,,,,,,,,,,,,,,,,,
_origin_1,manuscript_1,,,"Cambridge, Gonville and Caius College, MS 97/49",part,,,14th century Italy (?) or Southern France (?),,,,, 14th century ,,1300,1400,medium,Gregorian,Italy (?) or Southern France (?),,,,,,,,,,,,,,,,,,,,,,,,,,,,,,,,,,,,,,,,,,,
_origin_2,manuscript_1,,,"Cambridge, Gonville and Caius College, MS 97/49",part,,,14th century England,,,,, 14th century,,1300,1400,medium,Gregorian,England,,,,,,,,,,,,,,,,,,,,,,,,,,,,,,,,,,,,,,,,,,,
_origin_1,manuscript_1,,,"Cambridge, Gonville and Caius College, MS 98/50",manuscript-composite,,MS-GONVILLE-AND-CAIUS-00098-00050,,,,,,,,,,,,,,,,,,,,,,,,,,,,,,,,,,,,,,,,,,,,,,,,,,,,,,,
_origin_1,manuscript_1,,,"Cambridge, Gonville and Caius College, MS 98/50",part,,,Copied in the 10th or 11th century Perhaps copied in Southern France.,,,,, Copied in the 10th or 11th century ,,900,1100,high,Gregorian,Perhaps copied in Southern France.,,,,,,,,,,,,,,,,,,,,,,,,,,,,,,,,,,,,,,,,,,,
_origin_2,manuscript_1,,,"Cambridge, Gonville and Caius College, MS 98/50",part,,,Copied in the 15th century. England.,,,,, Copied in the 15th century. ,,1400,1500,high,Gregorian,England.,,,,,,,,,,,,,,,,,,,,,,,,,,,,,,,,,,,,,,,,,,,
_origin_3,manuscript_1,,,"Cambridge, Gonville and Caius College, MS 98/50",part,,,Copied in the second half of the 14th century Italy,,,,,"Copied in the second half of the 14th
                                    century ",,1350,1400,high,Gregorian,Italy,,,,,,,,,,,,,,,,,,,,,,,,,,,,,,,,,,,,,,,,,,,
_origin_4,manuscript_1,,,"Cambridge, Gonville and Caius College, MS 98/50",part,,,Copied in the 14th century England.,,,,,Copied in the 14th century ,,1300,1400,high,Gregorian,England.,,,,,,,,,,,,,,,,,,,,,,,,,,,,,,,,,,,,,,,,,,,
_origin_5,manuscript_1,,,"Cambridge, Gonville and Caius College, MS 98/50",part,,,Copied in the 14th century England.,,,,,Copied in the 14th century ,,1300,1400,high,Gregorian,England.,,,,,,,,,,,,,,,,,,,,,,,,,,,,,,,,,,,,,,,,,,,
_origin_1,manuscript_1,,,"Cambridge, Gonville and Caius College, MS 147/197",manuscript-composite,,MS-GONVILLE-AND-CAIUS-00147-00197,,,,,,,,,,,,,,,,,,,,,,,,,,,,,,,,,,,,,,,,,,,,,,,,,,,,,,,
_origin_1,manuscript_1,,,"Cambridge, Gonville and Caius College, MS 147/197",part,,,Written in the last quarter of the 13th century or first quarter of the 14th century England or France,,,,,"Written in the last quarter of the 13th
                                    century or first quarter of the 14th century ",,1275,1325,medium,Gregorian,England or France,,,,,,,,,,,,,,,,,,,,,,,,,,,,,,,,,,,,,,,,,,,
_origin_2,manuscript_1,,,"Cambridge, Gonville and Caius College, MS 147/197",part,,,Written in the second half of the 13th century. ?France or ?England,,,,,"Written in the second half of the 13th
                                    century. ",,1250,1300,medium,Gregorian,?France or ?England,,,,,,,,,,,,,,,,,,,,,,,,,,,,,,,,,,,,,,,,,,,
_origin_1,manuscript_1,,,"Cambridge, Gonville and Caius College, MS 159/209",manuscript-composite,,MS-GONVILLE-AND-CAIUS-00159-00209,,,,,,,,,,,,,,,,,,,,,,,,,,,,,,,,,,,,,,,,,,,,,,,,,,,,,,,
_origin_1,manuscript_1,,,"Cambridge, Gonville and Caius College, MS 159/209",part,,,Text added to this leaf by Roger Marchall before his death in 1477. Text added in England.,,,,," Text added to this leaf by Roger Marchall
                                    before his death in 1477. ",,1400,1477,high,Gregorian,Text added in England.,,,,,,,,,,,,,,,,,,,,,,,,,,,,,,,,,,,,,,,,,,,
_origin_2,manuscript_1,,,"Cambridge, Gonville and Caius College, MS 159/209",part,,,Written in the 13th century. Probably written in England Date and place of origin suggested based on palaeographical features.,,,,, Written in the 13th century. ,,1200,1300,medium,Gregorian,Probably written in England,,,,,,,,,,,,,,,,,,,,,,,,,,,,,,,,,,,,,,,,,,,
_origin_3,manuscript_1,,,"Cambridge, Gonville and Caius College, MS 159/209",part,,,Probably written in the late-14th century or the first half of the 15th century. Probably written in England Date and place of origin suggested based on palaeographical features.,,,,," Probably written in the late-14th
                                    century or the first half of the 15th century. ",,1375,1450,medium,Gregorian,Probably written in England,,,,,,,,,,,,,,,,,,,,,,,,,,,,,,,,,,,,,,,,,,,
_origin_4,manuscript_1,,,"Cambridge, Gonville and Caius College, MS 159/209",part,,,Pages 52-86 probably written in the 14th century. Pages 52-86 probably written in England Date and place of origin suggested based on palaeographical features. Page 51 in the hand of the 'correcting scribe' and probably written in England in the late-14th century or the first half of the 15th century.,,51,51.0,51.0," Pages 52-86 probably written in the
                                    14th century. ",,1300,1400,medium,Gregorian,Pages 52-86 probably written in England,,,,,,,,,,,,,,,,,,,,,,,,,,,,,,,,,,,,,,,,,,,Date and place of origin suggested based on palaeographical features. ; Page 51 in the hand of the 'correcting scribe' and probably written in England in the late-14th century or the first half of the 15th century.
_origin_5,manuscript_1,,,"Cambridge, Gonville and Caius College, MS 159/209",part,,,Probably written in the late-14th century or the first half of the 15th century. Probably written in England Date and place of origin suggested based on palaeographical features.,,,,," Probably written in the late-14th
                                    century or the first half of the 15th century. ",,1375,1450,medium,Gregorian,Probably written in England,,,,,,,,,,,,,,,,,,,,,,,,,,,,,,,,,,,,,,,,,,,
_origin_6,manuscript_1,,,"Cambridge, Gonville and Caius College, MS 159/209",part,,,"Written in the 14th century, after 1343. Written in England. Date of production assigned based on palaeography and the dating clause of the most 'recent' letter (1343) which provides a terminus post quem for the copying of the letter collection. Place of production assigned based on palaeography and content.",,,,,"Written in the 14th century, after 1343. ",,1343,1400,high,Gregorian,Written in England.,,,,,,,,,,,,,,,,,,,,,,,,,,,,,,,,,,,,,,,,,,,Date of production assigned based on palaeography and the dating clause of the most 'recent' letter (1343) which provides a terminus post quem for the copying of the letter collection. Place of production assigned based on palaeography and content.
_origin_7,manuscript_1,,,"Cambridge, Gonville and Caius College, MS 159/209",part,,,Probably written in the first half of the 14th century. Probably written in England. Date and place of production assigned based on palaeography.,,,,," Probably written in the first half of
                                    the 14th century. ",,1296,1350,medium,Gregorian,Probably written in England.,,,,,,,,,,,,,,,,,,,,,,,,,,,,,,,,,,,,,,,,,,,Date and place of production assigned based on palaeography.
_origin_1,manuscript_1,,,"Cambridge, Gonville and Caius College, MS 176/97",manuscript-composite,,MS-GONVILLE-AND-CAIUS-00176-00097,,,,,,,,,,,,,,,,,,,,,,,,,,,,,,,,,,,,,,,,,,,,,,,,,,,,,,,
_origin_1,manuscript_1,,,"Cambridge, Gonville and Caius College, MS 176/97",part,,,Copied in the 15th century England.,,,,, Copied in the 15th century ,,1400,1500,high,Gregorian,England.,,,,,,,,,,,,,,,,,,,,,,,,,,,,,,,,,,,,,,,,,,,
_origin_2,manuscript_1,,,"Cambridge, Gonville and Caius College, MS 176/97",part,,,Copied in the 15th century. England.,,,,, Copied in the 15th century. ,,1400,1500,high,Gregorian,England.,,,,,,,,,,,,,,,,,,,,,,,,,,,,,,,,,,,,,,,,,,,
_origin_1,manuscript_1,,,"Cambridge, Gonville and Caius College, MS 178/211",manuscript-composite,,MS-GONVILLE-AND-CAIUS-00178-00211,,,,,,,,,,,,,,,,,,,,,,,,,,,,,,,,,,,,,,,,,,,,,,,,,,,,,,,
_origin_1,manuscript_1,,,"Cambridge, Gonville and Caius College, MS 178/211",part,,,Probably copied in the second half of the 13th century. Probably copied in England.,,,,,"Probably copied in the second half of the
                                    13th century. ",,1250,1300,high,Gregorian,Probably copied in England.,,,,,,,,,,,,,,,,,,,,,,,,,,,,,,,,,,,,,,,,,,,
_origin_2,manuscript_1,,,"Cambridge, Gonville and Caius College, MS 178/211",part,,,Copied in the 15th century. England.,,,,,Copied in the 15th century. ,,1400,1500,high,Gregorian,England.,,,,,,,,,,,,,,,,,,,,,,,,,,,,,,,,,,,,,,,,,,,
_origin_3,manuscript_1,,,"Cambridge, Gonville and Caius College, MS 178/211",part,,,Probably copied in the second half of the 14th century. Copied in England.,,,,,"Probably copied in the second half of the
                                    14th century. ",,1350,1400,high,Gregorian,Copied in England.,,,,,,,,,,,,,,,,,,,,,,,,,,,,,,,,,,,,,,,,,,,
_origin_1,manuscript_1,,,"Cambridge, Gonville and Caius College, MS 181/214",manuscript-composite,,MS-GONVILLE-AND-CAIUS-00181-00214,,,,,,,,,,,,,,,,,,,,,,,,,,,,,,,,,,,,,,,,,,,,,,,,,,,,,,,
_origin_1,manuscript_1,,,"Cambridge, Gonville and Caius College, MS 181/214",part,,,Printed between 1490 and 1500. Baptista de Tortis printed this text in two volumes in 1495-1496 and seems to have reissued the second volume again in 1496 to fix typographical and typesetting errors. It is not clear if this volume is from the first or second issue of the text. Printed in Venice. Date and place of origin derived from the ISTC bibliographical details for this item. See ISTC id00313000 https://data.cerl.org/istc/id00313000,,,,,"Printed between 1490 and 1500. Baptista de
                                    Tortis printed this text in two volumes in 1495-1496 and seems to have reissued the second volume again in 1496 to
                                    fix typographical and typesetting errors. It is not clear if this volume is from the first or second issue of the
                                    text. ",,1490,1500,high,Gregorian,Printed in Venice.,,,,,,,,,,,,,,,,,,,,,,,,,,,,,,,,,,,,,,,,See ISTC id00313000 https://data.cerl.org/istc/id00313000,https://data.cerl.org/istc/id00313000,https://data.cerl.org/istc/id00313000,
_origin_2,manuscript_1,,,"Cambridge, Gonville and Caius College, MS 181/214",part,,,"Written in the late 12th, or the first half of the 13th century. Probably written in England or France. Date and place of production assigned based on palaeographical features.",,,,," Written in the late 12th, or the first
                                    half of the 13th century. ",,1175,1250,medium,Gregorian,Probably written in England or France.,,,,,,,,,,,,,,,,,,,,,,,,,,,,,,,,,,,,,,,,,,,
_origin_3,manuscript_1,,,"Cambridge, Gonville and Caius College, MS 181/214",part,,,Written in the ?14th century. Probably copied in England. Date and place of production assigned based on palaeographical features.,,,,,Written in the ?14th century. ,,1300,1400,low,Gregorian,Probably copied in England.,,,,,,,,,,,,,,,,,,,,,,,,,,,,,,,,,,,,,,,,,,,
_origin_4,manuscript_1,,,"Cambridge, Gonville and Caius College, MS 181/214",part,,,Probably written in the 13th century. Probably written in England. Date and location of production assigned based on palaeographical features.,,,,, Probably written in the 13th century. ,,1200,1300,medium,Gregorian,Probably written in England.,,,,,,,,,,,,,,,,,,,,,,,,,,,,,,,,,,,,,,,,,,,
_origin_5,manuscript_1,,,"Cambridge, Gonville and Caius College, MS 181/214",part,,,Written in the second half of the 13th century. Probably written in England. Date and location of production assigned based on palaeographical features.,,,,," Written in the second half of the 13th
                                    century. ",,1250,1300,medium,Gregorian,Probably written in England.,,,,,,,,,,,,,,,,,,,,,,,,,,,,,,,,,,,,,,,,,,,
_origin_6,manuscript_1,,,"Cambridge, Gonville and Caius College, MS 181/214",part,,,Written in the late 14th or early 15th century. Perhaps written in France. Date and location of production assigned based on palaeographical features.,,,,," Written in the late 14th or early 15th
                                    century. ",,1350,1450,low,Gregorian,Perhaps written in France.,,,,,,,,,,,,,,,,,,,,,,,,,,,,,,,,,,,,,,,,,,,
_origin_7,manuscript_1,,,"Cambridge, Gonville and Caius College, MS 181/214",part,,,"Probably written in the 15th century, and certainly written before 1477. Possibly written in England. Date and location of production assigned based on palaeographical features.",,,,,"Probably written in the 15th century, and
                                    certainly written before 1477. ",,1400,1477,low,Gregorian,Possibly written in England.,,,,,,,,,,,,,,,,,,,,,,,,,,,,,,,,,,,,,,,,,,,
_origin_8,manuscript_1,,,"Cambridge, Gonville and Caius College, MS 181/214",part,,,"Written in the 15th century, probably in the first half. Probably written in England. Date and location of production assigned based on palaeographical features.",,,,,"Written in the 15th century, probably in
                                    the first half. ",,1400,1477,medium,Gregorian,Probably written in England.,,,,,,,,,,,,,,,,,,,,,,,,,,,,,,,,,,,,,,,,,,,
_origin_9,manuscript_1,,,"Cambridge, Gonville and Caius College, MS 181/214",part,,,Probably written in the 15th century. Probably written in England.,,,,, Probably written in the 15th century. ,,1400,1500,medium,Gregorian,Probably written in England.,,,,,,,,,,,,,,,,,,,,,,,,,,,,,,,,,,,,,,,,,,,
_origin_10,manuscript_1,,,"Cambridge, Gonville and Caius College, MS 181/214",part,,,"Written in the 15th century, before 1477. Probably written in England. Date and location of production assigned based on palaeographical features.",,,,,"Written in the 15th century, before
                                    1477. ",,1400,1477,medium,Gregorian,Probably written in England.,,,,,,,,,,,,,,,,,,,,,,,,,,,,,,,,,,,,,,,,,,,
_origin_11,manuscript_1,,,"Cambridge, Gonville and Caius College, MS 181/214",part,,,"Probably written in the 15th century, and certainly written before 1477. Possibly written in England. Original date and location of production assigned based on palaeographical features.",,,,,"Probably written in the 15th century, and
                                    certainly written before 1477. ",,1400,1477,low,Gregorian,Possibly written in England.,,,,,,,,,,,,,,,,,,,,,,,,,,,,,,,,,,,,,,,,,,,
_origin_12,manuscript_1,,,"Cambridge, Gonville and Caius College, MS 181/214",part,,,"Probably written in the 15th century, and certainly written before 1477. Possibly written in England. Original date and location of production assigned based on palaeographical features.",,,,,"Probably written in the 15th century, and
                                    certainly written before 1477. ",,1400,1477,low,Gregorian,Possibly written in England.,,,,,,,,,,,,,,,,,,,,,,,,,,,,,,,,,,,,,,,,,,,
_origin_13,manuscript_1,,,"Cambridge, Gonville and Caius College, MS 181/214",part,,,"Written in the 15th century, probably in the first half. Probably written in England. Date and location of production assigned based on palaeographical features.",,,,,"Written in the 15th century, probably in
                                    the first half. ",,1400,1477,medium,Gregorian,Probably written in England.,,,,,,,,,,,,,,,,,,,,,,,,,,,,,,,,,,,,,,,,,,,
_origin_14,manuscript_1,,,"Cambridge, Gonville and Caius College, MS 181/214",part,,,Probably written in the 13th century. Copied in ?England or ?France. Date and location of production assigned based on palaeographical features.,,,,,Probably written in the 13th century. ,,1225,1325,medium,Gregorian,Copied in ?England or ?France.,,,,,,,,,,,,,,,,,,,,,,,,,,,,,,,,,,,,,,,,,,,
_origin_1,manuscript_1,,,"Cambridge, Gonville and Caius College, MS 190/223",manuscript-composite,,MS-GONVILLE-AND-CAIUS-00190-00223,,,,,,,,,,,,,,,,,,,,,,,,,,,,,,,,,,,,,,,,,,,,,,,,,,,,,,,
_origin_1,manuscript_1,,,"Cambridge, Gonville and Caius College, MS 190/223",part,,,Late 12th century England or France,,,,,Late 12th century ,,1175,1200,medium,Gregorian,England or France,,,,,,,,,,,,,,,,,,,,,,,,,,,,,,,,,,,,,,,,,,,
_origin_2,manuscript_1,,,"Cambridge, Gonville and Caius College, MS 190/223",part,,,"1440 England, Lincolnshire. Written in 1440 by Canon John Welles of : '... quod Frater Johannes Well' Canonicus de Hagneby qui Scripsit ista anno domini mHagnaby Abbey Hagnaby Abbeyo cccco xlo quando venit de curia Romana...' (inscription on f. 43v).",,43v,43v,43v,1440,1440,1440,1440,high,Gregorian,"England, Lincolnshire.",,,,,,,,,,,,,,,,,,,,,,,,,,,,,,,,,,,,,,,,,,,
_origin_3,manuscript_1,,,"Cambridge, Gonville and Caius College, MS 190/223",part,,,15th century England,,,,,15th century ,,1400,1500,medium,Gregorian,England,,,,,,,,,,,,,,,,,,,,,,,,,,,,,,,,,,,,,,,,,,,
_origin_1,manuscript_1,,,"Cambridge, Gonville and Caius College, MS 200/106",manuscript-composite,,MS-GONVILLE-AND-CAIUS-200-106,,,,,,,,,,,,,,,,,,,,,,,,,,,,,,,,,,,,,,,,,,,,,,,,,,,,,,,
_origin_1,manuscript_1,,,"Cambridge, Gonville and Caius College, MS 200/106",part,,,Copied in the 2nd half of the 13th century England,,,,," Copied in the 2nd half of the 13th
                                    century ",,1250,1300,high,Gregorian,England,,,,,,,,,,,,,,,,,,,,,,,,,,,,,,,,,,,,,,,,,,,
_origin_2,manuscript_1,,,"Cambridge, Gonville and Caius College, MS 200/106",part,,,Copied in the 14th century England,,,,, Copied in the 14th century ,,1300,1400,high,Gregorian,England,,,,,,,,,,,,,,,,,,,,,,,,,,,,,,,,,,,,,,,,,,,
_origin_3,manuscript_1,,,"Cambridge, Gonville and Caius College, MS 200/106",part,,,Copied in the late 14th or early 15th century. England.,,,,," Copied in the late 14th or early 15th
                                    century. ",,1375,1450,high,Gregorian,England.,,,,,,,,,,,,,,,,,,,,,,,,,,,,,,,,,,,,,,,,,,,
_origin_1,manuscript_1,,,"Cambridge, Gonville and Caius College, MS 204/110",manuscript-composite,,MS-GONVILLE-AND-CAIUS-00204-00110,,,,,,,,,,,,,,,,,,,,,,,,,,,,,,,,,,,,,,,,,,,,,,,,,,,,,,,
_origin_1,manuscript_1,,,"Cambridge, Gonville and Caius College, MS 204/110",part,,,"Probably written in the 14th century. Written in England, probably in Ely",,,,," Probably written in the 14th century.
                                ",,1300,1400,medium,Gregorian,"Written in England, probably in Ely",,,,,,,,,,,,,,,,,,,,,,,,,,,,,,,,,,,,,,,,,,,
_origin_2,manuscript_1,,,"Cambridge, Gonville and Caius College, MS 204/110",part,,,"The oldest texts in this Part were written in the final quarter of the 13th century, and the leaves were added to throughout the 14th and 15th century by multiple scribes. Written in England, probably within the medieval diocese of Ely. Date of production assigned based on palaeographical features and dates within the texts. Place of production assigned based on palaeographical features and names and places mentioned within the texts.",,,,,"The oldest texts in this Part were written in the final quarter of the 13th century, and the leaves
                                    were added to throughout the 14th and 15th century by multiple scribes.
                                ",,1275,1500,medium,Gregorian,"Written in England, probably within the medieval diocese of Ely.",,,,,,,,,,,,,,,,,,,,,,,,,,,,,,,,,,,,,,,,,,,Date of production assigned based on palaeographical features and dates within the texts. Place of production assigned based on palaeographical features and names and places mentioned within the texts.
_origin_3,manuscript_1,,,"Cambridge, Gonville and Caius College, MS 204/110",part,,,"Original calendar entries written in the late 12th century or in the 13th century. Written in England, probably at Barnwell Priory, on the eastern edge of Cambridge. Date of production assigned based on palaeographical features. Place of production assigned based on palaeographical features and commemorative feasts. M. R. James suggested that the calendar could perhaps be localised to Barnwell on the eastern edge of Cambridge as the calendar entry for 28 August (p. 136) is for the commemmoration of 'Augustini patris nostri', (Augustine, our Father) and Barnwell was one of the most prominent Augustinian houses within the Diocese of Ely. M. R. James, A descriptive catalogue of the manuscripts in the library of Gonville and Caius College, 2 vols (Cambridge, 1917), vol I, no. 204N. R. Ker, Medieval Libraries of Great Britain: A List of Surviving Books, Royal Historical Society Guides and Handbooks, 3, 2nd edn (London: Offices of the Royal Historical Society, 1964), see p. 7, 'Barnwell'",,136,136.0,136.0,"Original calendar entries written in the late 12th century or in the 13th century. 
                                ",,1175,1300,high,Gregorian,"Written in England, probably at Barnwell Priory, on the eastern edge of Cambridge.",,,,,,,,,,,,,,,,,,,,,,,,,,,,,,,,,,,,,,,,"M. R. James, A descriptive catalogue of the manuscripts in the library of Gonville and Caius College, 2 vols (Cambridge, 1917), vol I, no. 204; N. R. Ker, Medieval Libraries of Great Britain: A List of Surviving Books, Royal Historical Society Guides and Handbooks, 3, 2nd edn (London: Offices of the Royal Historical Society, 1964), see p. 7, 'Barnwell'",,,"Date of production assigned based on palaeographical features. Place of production assigned based on palaeographical features and commemorative feasts. M. R. James suggested that the calendar could perhaps be localised to Barnwell on the eastern edge of Cambridge as the calendar entry for 28 August (p. 136) is for the commemmoration of 'Augustini patris nostri', (Augustine, our Father) and Barnwell was one of the most prominent Augustinian houses within the Diocese of Ely."
_origin_4,manuscript_1,,,"Cambridge, Gonville and Caius College, MS 204/110",part,,,"The oldest texts in this Part were written in the final quarter of the 13th century, and the leaves were added to throughout the 14th and 15th century by multiple scribes. Written in England, probably within the medieval diocese of Ely. Date of production assigned based on palaeographical features and dates within the texts. Place of production assigned based on palaeographical features and names and places mentioned within the texts.",,,,,"The oldest texts in this Part were written in the final quarter of the 13th century, and the leaves
                                    were added to throughout the 14th and 15th century by multiple scribes.
                                ",,1275,1500,medium,Gregorian,"Written in England, probably within the medieval diocese of Ely.",,,,,,,,,,,,,,,,,,,,,,,,,,,,,,,,,,,,,,,,,,,Date of production assigned based on palaeographical features and dates within the texts. Place of production assigned based on palaeographical features and names and places mentioned within the texts.
_origin_1,manuscript_1,,,"Cambridge, Gonville and Caius College, MS 230/116",manuscript-composite,,MS-GONVILLE-AND-CAIUS-00230-00116,,,,,,,,,,,,,,,,,,,,,,,,,,,,,,,,,,,,,,,,,,,,,,,,,,,,,,,
_origin_1,manuscript_1,,,"Cambridge, Gonville and Caius College, MS 230/116",part,,,Copied in the 14th century England.,,,,, Copied in the 14th century ,,1300,1400,high,Gregorian,England.,,,,,,,,,,,,,,,,,,,,,,,,,,,,,,,,,,,,,,,,,,,
_origin_2,manuscript_1,,,"Cambridge, Gonville and Caius College, MS 230/116",part,,,"c. 1420-c. 1450 Perhaps compiled over a longer period of time. John Whethamstede wrote his Granarium in the 1420s but was still updating the work in 1439. The epitaph of Thomas Godleef refers to the year 1445. St Albans, Herefordshire.",,,,, c. 1420-c. 1450 ,,1420,1450,medium,Gregorian,"St Albans, Herefordshire.",,,,,,,,,,,,,,,,,,,,,,,,,,,,,,,,,,,,,,,,,,,Perhaps compiled over a longer period of time. John Whethamstede wrote his Granarium in the 1420s but was still updating the work in 1439. The epitaph of Thomas Godleef refers to the year 1445.
_origin_1,manuscript_1,,,"Cambridge, Gonville and Caius College, MS 328/715",manuscript-composite,,MS-GONVILLE-AND-CAIUS-00328-00715,,,,,,,,,,,,,,,,,,,,,,,,,,,,,,,,,,,,,,,,,,,,,,,,,,,,,,,
_origin_1,manuscript_1,,,"Cambridge, Gonville and Caius College, MS 328/715",part,,,Copied in the 14th century. M.R. James suggests Italy as a place of origin but the script leaves open the possibility that the leaves were copied in England as well.,,,,, Copied in the 14th century. ,,1300,1400,high,Gregorian,,,,,,,,,,,,,,,,,,,,,,,,,,,,,,,,,,,,,,,,,,,,M.R. James suggests Italy as a place of origin but the script leaves open the possibility that the leaves were copied in England as well.
_origin_2,manuscript_1,,,"Cambridge, Gonville and Caius College, MS 328/715",part,,,Copied in the second half of the 14th century. England.,,,,," Copied in the second half of the 14th
                                    century. ",,1350,1400,,Gregorian,England.,,,,,,,,,,,,,,,,,,,,,,,,,,,,,,,,,,,,,,,,,,,
_origin_1,manuscript_1,,,"Cambridge, Gonville and Caius College, MS 336/725",manuscript-composite,,MS-GONVILLE-AND-CAIUS-00336-00725,,,,,,,,,,,,,,,,,,,,,,,,,,,,,,,,,,,,,,,,,,,,,,,,,,,,,,,
_origin_1,manuscript_1,,,"Cambridge, Gonville and Caius College, MS 336/725",part,,,Copied in the 15th century. England.,,,,, Copied in the 15th century. ,,1400,1500,high,Gregorian,England.,,,,,,,,,,,,,,,,,,,,,,,,,,,,,,,,,,,,,,,,,,,
_origin_2,manuscript_1,,,"Cambridge, Gonville and Caius College, MS 336/725",part,,,Copied in the late 15th century. England.,,,,, Copied in the late 15th century. ,,1475,1500,high,Gregorian,England.,,,,,,,,,,,,,,,,,,,,,,,,,,,,,,,,,,,,,,,,,,,
_origin_1,manuscript_1,,,"Cambridge, Gonville and Caius College, MS 345/620",manuscript-composite,,MS-GONVILLE-AND-CAIUS-00345-00620,,,,,,,,,,,,,,,,,,,,,,,,,,,,,,,,,,,,,,,,,,,,,,,,,,,,,,,
_origin_1,manuscript_1,,,"Cambridge, Gonville and Caius College, MS 345/620",part,,,Probably copied in the 14th century. Perhaps made in France.,,,,, Probably copied in the 14th century. ,,1300,1400,medium,Gregorian,Perhaps made in France.,,,,,,,,,,,,,,,,,,,,,,,,,,,,,,,,,,,,,,,,,,,
_origin_2,manuscript_1,,,"Cambridge, Gonville and Caius College, MS 345/620",part,,,Probably written in the 13th century. Probably written in France.,,,,,Probably written in the 13th century. ,,1200,1300,medium,Gregorian,Probably written in France.,,,,,,,,,,,,,,,,,,,,,,,,,,,,,,,,,,,,,,,,,,,
_origin_3,manuscript_1,,,"Cambridge, Gonville and Caius College, MS 345/620",part,,,Probably written in the 13th century. Written perhaps in ?France.,,,,, Probably written in the 13th century. ,,1200,1300,medium,Gregorian,Written perhaps in ?France.,,,,,,,,,,,,,,,,,,,,,,,,,,,,,,,,,,,,,,,,,,,
_origin_4,manuscript_1,,,"Cambridge, Gonville and Caius College, MS 345/620",part,,,Probably written in the last quarter of the 12th century or the first half of the 13th century. Perhaps written in England. Some Latin plant names have marginal glosses in Middle English. The forms of the plant names show some influence of Old English orthography.,,,,,"Probably written in the last quarter of
                                    the 12th century or the first half of the 13th century. ",,1175,1250,medium,Gregorian,Perhaps written in England.,,,,,,,,,,,,,,,,,,,,,,,,,,,,,,,,,,,,,,,,,,,
_origin_5,manuscript_1,,,"Cambridge, Gonville and Caius College, MS 345/620",part,,,Probably written in the late 15th or early 16th century. Perhaps written in England.,,,,," Probably written in the late 15th or
                                    early 16th century. ",,1450,1550,medium,Gregorian,Perhaps written in England.,,,,,,,,,,,,,,,,,,,,,,,,,,,,,,,,,,,,,,,,,,,
_origin_1,manuscript_11867,,,"Cambridge, Gonville and Caius College, MS 348/541",manuscript,,MS-GONVILLE-AND-CAIUS-00348-00541,Manuel of ConstantinopleManuel of Constantinople second half of the 15th century 1468 England,,,,,second half of the 15th century,,1450,1499,,gregorian,England,,,,,,,,,,,,,,,,,,,,,,,,,,,,,,,,,,,,,,,,,,,
_origin_1,manuscript_11868,,,"Cambridge, Gonville and Caius College, MS 355/582",manuscript-composite,,MS-GONVILLE-AND-CAIUS-00355-00582,,,,,,,,,,,,,,,,,,,,,,,,,,,,,,,,,,,,,,,,,,,,,,,,,,,,,,,
_origin_1,manuscript_11868,,,"Cambridge, Gonville and Caius College, MS 355/582",part,,,"Part I of the manuscript was copied by Iohannes Babamos (possibly Vaban? Vavan?) in Paris; the watermarks suggest a period between the second half of the 15th century and the first half of the 16th. Since the identity of the scribe was specified by John Caius ( Gundert 2009, p. 67) in a note on f. 90v, the copy of the text should probably be dated to the first half of the 16th c. (see also RGK I, 159).",,,,,,,,,,,,,,,,,,,,,,,,,,,,,,,,,,,,,,,,,,,,,,,,,,,Gundert 2009,,,
_origin_2,manuscript_11868,,,"Cambridge, Gonville and Caius College, MS 355/582",part,,,"Part II of the manuscript was copied probably in the first half of the 16th c., as the script and the watermark suggest.",,,,,,,,,,,,,,,,,,,,,,,,,,,,,,,,,,,,,,,,,,,,,,,,,,,,,,
_origin_3,manuscript_11868,,,"Cambridge, Gonville and Caius College, MS 355/582",part,,,"Part III of the manuscript was copied probably in the first half of the 16th c., as the script and the fact that it was owned by John Caius suggest.",,,,,,,,,,,,,,,,,,,,,,,,,,,,,,,,,,,,,,,,,,,,,,,,,,,,,,
_origin_4,manuscript_11868,,,"Cambridge, Gonville and Caius College, MS 355/582",part,,,"Part IV of the manuscript was copied probably in the first half of the 16th c., as the script and the watermark suggest.",,,,,,,,,,,,,,,,,,,,,,,,,,,,,,,,,,,,,,,,,,,,,,,,,,,,,,
_origin_5,manuscript_11868,,,"Cambridge, Gonville and Caius College, MS 355/582",part,,,"Part V of the manuscript was copied probably in the first half of the 16th c., as the script suggests.",,,,,,,,,,,,,,,,,,,,,,,,,,,,,,,,,,,,,,,,,,,,,,,,,,,,,,
_origin_6,manuscript_11868,,,"Cambridge, Gonville and Caius College, MS 355/582",part,,,"Part VI of the manuscript was copied probably in the first half of the 16th c., as the script and the watermark suggest.",,,,,,,,,,,,,,,,,,,,,,,,,,,,,,,,,,,,,,,,,,,,,,,,,,,,,,
_origin_7,manuscript_11868,,,"Cambridge, Gonville and Caius College, MS 355/582",part,,,"Part VII of the manuscript was copied by Ioannes Serbopoulos, a Greek scribe active in England around 1484-1500 (see RGK I, 180), therefore the copying of this text can be placed around this period.",,,,,,,,,,,,,,,,,,,,,,,,,,,,,,,,,,,,,,,,,,,,,,,,,,,,,,
_origin_8,manuscript_11868,,,"Cambridge, Gonville and Caius College, MS 355/582",part,,,"Part VIII of the manuscript was copied by Konstantinos Mesobotes, who was active in the first half of the 16th c.",,,,,,,,,,,,,,,,,,,,,,,,,,,,,,,,,,,,,,,,,,,,,,,,,,,,,,
_origin_9,manuscript_11868,,,"Cambridge, Gonville and Caius College, MS 355/582",part,,,"Part IX of the manuscript was copied by Bernardinos Sandros, a scribe from Cremona who was active in Italy in the first half of the 16th century.",,,,,,,,,,,,,,,,,,,,,,,,,,,,,,,,,,,,,,,,,,,,,,,,,,,,,,
_origin_10,manuscript_11868,,,"Cambridge, Gonville and Caius College, MS 355/582",part,,,"Part X was probably written in the 16th c., certainly before 1573, when John Caius, who owned the manuscript, died.",,,,,,,,,,,,,,,,,,,,,,,,,,,,,,,,,,,,,,,,,,,,,,,,,,,,,,
_origin_1,manuscript_11869,,,"Cambridge, Gonville and Caius College, MS 360/587 ",manuscript-composite,,MS-GONVILLE-AND-CAIUS-00360-00587,,,,,,,,,,,,,,,,,,,,,,,,,,,,,,,,,,,,,,,,,,,,,,,,,,,,,,,
_origin_1,manuscript_11869,,,"Cambridge, Gonville and Caius College, MS 360/587 ",part,,,Part I of the manuscript was copied probably in the first half of the 16th c. as the watermarks and the script suggest.,,,,,,,,,,,,,,,,,,,,,,,,,,,,,,,,,,,,,,,,,,,,,,,,,,,,,,
_origin_2,manuscript_11869,,,"Cambridge, Gonville and Caius College, MS 360/587 ",part,,,"Part II of the manuscript was copied by a single scribe, probably in Italy, as the paper suggests, in the first half of the 16th century.",,,,,,,,,,,,,,,,,,,,,,,,,,,,,,,,,,,,,,,,,,,,,,,,,,,,,,
_origin_1,manuscript_1,,,"Cambridge, Gonville and Caius College, MS 366/588",manuscript-composite,,MS-GONVILLE-AND-CAIUS-00366-00588,,,,,,,,,,,,,,,,,,,,,,,,,,,,,,,,,,,,,,,,,,,,,,,,,,,,,,,
_origin_1,manuscript_1,,,"Cambridge, Gonville and Caius College, MS 366/588",part,,,"Written in the 13th century, perhaps in the first half. Probably written in France. Thomson dates these leaves to 's. xiii in.' and suggests that they are 'probably French' in origin. R. M. Thomson, Catalogue of Medieval Manuscripts of Latin Commentaries on Aristotle in British Libraries - Volume II: Cambridge (Turnhout, Belgium: Brepols, 2013)",,,,,"Written in the 13th century, perhaps in the first half. ",,1200,1300,medium,Gregorian,Probably written in France.,,,,,,,,,,,,,,,,,,,,,,,,,,,,,,,,,,,,,,,,"R. M. Thomson, Catalogue of Medieval Manuscripts of Latin Commentaries on Aristotle in British Libraries - Volume II: Cambridge (Turnhout, Belgium: Brepols, 2013)",,,"Thomson dates these leaves to 's. xiii in.' and suggests that they are 'probably French' in origin. R. M. Thomson, Catalogue of Medieval Manuscripts of Latin Commentaries on Aristotle in British Libraries - Volume II: Cambridge (Turnhout, Belgium: Brepols, 2013)"
_origin_2,manuscript_1,,,"Cambridge, Gonville and Caius College, MS 366/588",part,,,12th century England,,,,,12th century,,1100,1200,high,Gregorian,England,,,,,,,,,,,,,,,,,,,,,,,,,,,,,,,,,,,,,,,,,,,
_origin_1,manuscript_1,,,"Cambridge, Gonville and Caius College, MS 373/593",manuscript,,MS-GONVILLE-AND-CAIUS-00373-00593,"Probably written in the first half of the 14th century. England Date and place of origin supplied based on existing literature and a palaeographical assessment of the volume. M. R. James, A Descriptive Catalogue of the Manuscripts in the Library of Gonville and Caius College, vol. II (1908)",,,,," Probably written in the first half of the
                                14th century. ",,1300,1350,medium,Gregorian,England,,,,,,,,,,,,,,,,,,,,,,,,,,,,,,,,,,,,,,,,"M. R. James, A Descriptive Catalogue of the Manuscripts in the Library of Gonville and Caius College, vol. II (1908)",,,
_origin_1,manuscript_1,,,"Cambridge, Gonville and Caius College, MS 379/599",manuscript-composite,,MS-GONVILLE-AND-CAIUS-00379-00599,,,,,,,,,,,,,,,,,,,,,,,,,,,,,,,,,,,,,,,,,,,,,,,,,,,,,,,
_origin_1,manuscript_1,,,"Cambridge, Gonville and Caius College, MS 379/599",part,,,"15th century, probably after 1439 since the fragment refers to the heirs of Thomas Hussey (herede Thome Hussee nuper Baronis...), probably 5th Baron Galtrim, who died in 1439. England.",,,,," 15th century, probably after 1439 since
                                    the fragment refers to the heirs of Thomas Hussey (herede Thome Hussee nuper Baronis...), probably 5th
                                    Baron Galtrim, who died in 1439. ",,1439,1500,medium,Gregorian,England.,,,,,,,,,,,,,,,,,,,,,,,,,,,,,,,,,,,,,,,,,,,
_origin_2,manuscript_1,,,"Cambridge, Gonville and Caius College, MS 379/599",part,,,13th century. England.,,,,, 13th century. ,,1200,1300,medium,Gregorian,England.,,,,,,,,,,,,,,,,,,,,,,,,,,,,,,,,,,,,,,,,,,,
_origin_3,manuscript_1,,,"Cambridge, Gonville and Caius College, MS 379/599",part,,,"Written in the early 13th century, possibly in or before 1210. Written in England. The regnal list added in the lower margin of f. 56r lists the kings of England and the lengths of their reigns from William I to John; the entry for John's reign is given as 10 years and not the correct 17 years, so it is possible that the regnal list was copied in the 10th year of the reign of King John, i.e., 1209-1210, with the main text copied before that date.",,56r,56r,56r,"Written in the early 13th century,
                                    possibly in or before 1210. ",,1175,1210,medium,Gregorian,Written in England.,,,,,,,,,,,,,,,,,,,,,,,,,,,,,,,,,,,,,,,,,,,
_origin_4,manuscript_1,,,"Cambridge, Gonville and Caius College, MS 379/599",part,,,Late 12th or 13th century. England.,,,,,Late 12th or 13th century. ,,1175,1300,medium,Gregorian,England.,,,,,,,,,,,,,,,,,,,,,,,,,,,,,,,,,,,,,,,,,,,
_origin_5,manuscript_1,,,"Cambridge, Gonville and Caius College, MS 379/599",part,,,Late 13th or early 14th century. England.,,,,, Late 13th or early 14th century. ,,1275,1325,medium,Gregorian,England.,,,,,,,,,,,,,,,,,,,,,,,,,,,,,,,,,,,,,,,,,,,
_origin_1,manuscript_1,,,"Cambridge, Gonville and Caius College, MS 400/729",manuscript-composite,,MS-GONVILLE-AND-CAIUS-00400-00729,,,,,,,,,,,,,,,,,,,,,,,,,,,,,,,,,,,,,,,,,,,,,,,,,,,,,,,
_origin_1,manuscript_1,,,"Cambridge, Gonville and Caius College, MS 400/729",part,,,Late 13th century England,,,,, Late 13th century ,,1275,1300,low,Gregorian,England,,,,,,,,,,,,,,,,,,,,,,,,,,,,,,,,,,,,,,,,,,,
_origin_2,manuscript_1,,,"Cambridge, Gonville and Caius College, MS 400/729",part,,,Second half of the 13th century England,,,,," Second half of the 13th
                                    century",,1250,1300,medium,Gregorian,England,,,,,,,,,,,,,,,,,,,,,,,,,,,,,,,,,,,,,,,,,,,
_origin_3,manuscript_1,,,"Cambridge, Gonville and Caius College, MS 400/729",part,,,Late 12th century to early 13th century England,,,,," Late 12th century to early 13th
                                    century",,1175,1225,low,Gregorian,England,,,,,,,,,,,,,,,,,,,,,,,,,,,,,,,,,,,,,,,,,,,
_origin_1,manuscript_1,,,"Cambridge, Gonville and Caius College, MS 401/623",manuscript-composite,,MS-GONVILLE-AND-CAIUS-00401-00623,,,,,,,,,,,,,,,,,,,,,,,,,,,,,,,,,,,,,,,,,,,,,,,,,,,,,,,
_origin_1,manuscript_1,,,"Cambridge, Gonville and Caius College, MS 401/623",part,,,This Part was copied in the 13th century. This Part was copied in England.,,,,," This Part was copied in the 13th
                                    century.",,1200,1300,medium,Gregorian,This Part was copied in England.,,,,,,,,,,,,,,,,,,,,,,,,,,,,,,,,,,,,,,,,,,,
_origin_2,manuscript_1,,,"Cambridge, Gonville and Caius College, MS 401/623",part,,,This part of the manuscript was copied in the 13th century. England,,,,," This part of the manuscript was copied
                                    in the 13th century. ",,1200,1300,medium,Gregorian,England,,,,,,,,,,,,,,,,,,,,,,,,,,,,,,,,,,,,,,,,,,,
_origin_3,manuscript_1,,,"Cambridge, Gonville and Caius College, MS 401/623",part,,,The text on the recto of this leaf (p. 223) was written in the 12th century. Written in ?England.,,,,,"The text on the recto of this leaf (p.
                                    223) was written in the 12th century. ",,1100,1200,medium,Gregorian,Written in ?England.,,,,,,,,,,,,,,,,,,,,,,,,,,,,,,,,,,,,,,,,,,,
_origin_1,manuscript_11870,,,"Cambridge, Gonville and Caius College, MS 403/412",manuscript,,MS-GONVILLE-AND-CAIUS-00403-00412,"The manuscript was copied in the 13th c., before 1253, when Robert Grosseteste, who was its owner, died. The place of origin of the manuscript is uncertain ( Canart 1981, pp. 50-51), although script and decoration belong to styles typical of manuscripts produced in the areas of Cyprus and Palestine.",,,,,,,,,,,,,,,,,,,,,,,,,,,,,,,,,,,,,,,,,,,,,,,,,,,"Canart 1981, pp. 50-51",,,
_origin_1,manuscript_1,,,"Cambridge, Gonville and Caius College, MS 407/413",manuscript-composite,,MS-GONVILLE-AND-CAIUS-00407-00413,,,,,,,,,,,,,,,,,,,,,,,,,,,,,,,,,,,,,,,,,,,,,,,,,,,,,,,
_origin_1,manuscript_1,,,"Cambridge, Gonville and Caius College, MS 407/413",part,,,"Written in the 13th century, probably early. Probably written in England.",,,,," Written in the 13th century, probably
                                    early. ",,1200,1300,medium,Gregorian,Probably written in England.,,,,,,,,,,,,,,,,,,,,,,,,,,,,,,,,,,,,,,,,,,,
_origin_2,manuscript_1,,,"Cambridge, Gonville and Caius College, MS 407/413",part,,,Probably copied in the 14th century. Perhaps copied in ?southern France or ?Italy,,,,, Probably copied in the 14th century. ,,1300,1400,medium,Gregorian,Perhaps copied in ?southern France or ?Italy,,,,,,,,,,,,,,,,,,,,,,,,,,,,,,,,,,,,,,,,,,,
_origin_3,manuscript_1,,,"Cambridge, Gonville and Caius College, MS 407/413",part,,,Written in the 14th century. England or France,,,,, Written in the 14th century. ,,1300,1400,medium,Gregorian,England or France,,,,,,,,,,,,,,,,,,,,,,,,,,,,,,,,,,,,,,,,,,,
_origin_4,manuscript_1,,,"Cambridge, Gonville and Caius College, MS 407/413",part,,,"13th century, probably second half. ?England",,,,," 13th century, probably second half. ",,1200,1300,medium,Gregorian,?England,,,,,,,,,,,,,,,,,,,,,,,,,,,,,,,,,,,,,,,,,,,
_origin_1,manuscript_1,,,"Cambridge, Gonville and Caius College, MS 451/392",manuscript-composite,,MS-GONVILLE-AND-CAIUS-00451-00392,,,,,,,,,,,,,,,,,,,,,,,,,,,,,,,,,,,,,,,,,,,,,,,,,,,,,,,
_origin_1,manuscript_1,,,"Cambridge, Gonville and Caius College, MS 451/392",part,,,15th century England,,,,, 15th century ,,1400,1500,high,Gregorian,England,,,,,,,,,,,,,,,,,,,,,,,,,,,,,,,,,,,,,,,,,,,
_origin_2,manuscript_1,,,"Cambridge, Gonville and Caius College, MS 451/392",part,,,15th century England,,,,, 15th century ,,1400,1500,high,Gregorian,England,,,,,,,,,,,,,,,,,,,,,,,,,,,,,,,,,,,,,,,,,,,
_origin_3,manuscript_1,,,"Cambridge, Gonville and Caius College, MS 451/392",part,,,15th century England,,,,, 15th century ,,1400,1500,high,Gregorian,England,,,,,,,,,,,,,,,,,,,,,,,,,,,,,,,,,,,,,,,,,,,
_origin_4,manuscript_1,,,"Cambridge, Gonville and Caius College, MS 451/392",part,,,15th century England,,,,,15th century ,,1400,1500,high,Gregorian,England,,,,,,,,,,,,,,,,,,,,,,,,,,,,,,,,,,,,,,,,,,,
_origin_5,manuscript_1,,,"Cambridge, Gonville and Caius College, MS 451/392",part,,,Copied in the 15th century England,,,,, Copied in the 15th century ,,1400,1500,high,Gregorian,England,,,,,,,,,,,,,,,,,,,,,,,,,,,,,,,,,,,,,,,,,,,
_origin_1,manusript_1,,,"Cambridge, Gonville and Caius College, MS 451a/750",manuscript,,MS-GONVILLE-AND-CAIUS-00451-A-00750,Second half of the 14th century or first half of the 15th century England,,,,," Second half of the 14th century or first
                                half of the 15th century ",,1350,1450,medium,Gregorian,England,,,,,,,,,,,,,,,,,,,,,,,,,,,,,,,,,,,,,,,,,,,
_origin_1,manuscript_11871,,,"Cambridge, Gonville and Caius College, MS 495/264",manuscript-composite,,MS-GONVILLE-AND-CAIUS-00495-00264,,,,,,,,,,,,,,,,,,,,,,,,,,,,,,,,,,,,,,,,,,,,,,,,,,,,,,,
_origin_1,manuscript_11871,,,"Cambridge, Gonville and Caius College, MS 495/264",part,,,"Part I of the manuscript was copied by Zacharias Kallierges and a close collaborator in the first two decades of the 16th c., as the watermarks suggest; Chatzopoulou places the copy in particular around the middle of the first decade of the century (see Chatzopoulou (2012), p. 24).",,,,,,,,,,,,,,,,,,,,,,,,,,,,,,,,,,,,,,,,,,,,,,,,,,,Chatzopoulou (2012),,,
_origin_2,manuscript_11871,,,"Cambridge, Gonville and Caius College, MS 495/264",part,,,"Part II of the manuscript was copied by Zacharias Kallierges in Italy, probably around the same period he copied part II, as the leaves show the same watermark.",,,,,,,,,,,,,,,,,,,,,,,,,,,,,,,,,,,,,,,,,,,,,,,,,,,,,,
_origin_1,manuscript_11872,,,"Cambridge, Gonville and Caius College, MS 500/382",manuscript,,MS-GONVILLE-AND-CAIUS-00500-00382,late 15th or early 16th century Padua,,,,,"late 15th or early 16th
                                                century",,1480,1510,,gregorian,Padua,,,,,,,,,,,,,,,,,,,,,,,,,,,,,,,,,,,,,,,,,,,
_origin_1,manuscript_11873,,,"Cambridge, Gonville and Caius College, MS 596/455",manuscript,,MS-GONVILLE-AND-CAIUS-00596-00455,"The manuscript was copied by two contemporary hands probably in the second half of the 15th century, as indicated by the watermarks and the scripts.",,,,,,,,,,,,,,,,,,,,,,,,,,,,,,,,,,,,,,,,,,,,,,,,,,,,,,
_origin_1,manuscript_77765,,,"Cambridge, Gonville and Caius College, MS 623/389",manuscript,,MS-GONVILLE-AND-CAIUS-00623-00389,"William Peirs (1661-c. 1760) Peirs, William, b. 1661-c. 1760 1748 f. 2v",,f. 2v,[2]v,[2]v,1748,1748,1748,1748,,gregorian,,,,,,,,,,,,,,,,,,,,,,,,,,,,,,,,,,,,,,,,,,,,
_origin_1,manuscript_11875,,,"Cambridge, Gonville and Caius College, MS 716/63",manuscript-composite,,MS-GONVILLE-AND-CAIUS-00716-00063,,,,,,,,,,,,,,,,,,,,,,,,,,,,,,,,,,,,,,,,,,,,,,,,,,,,,,,
_origin_1,manuscript_11875,,,"Cambridge, Gonville and Caius College, MS 716/63",part,,,early 12th century,,,,,early 12th century,,1100,1120,,gregorian,,,,,,,,,,,,,,,,,,,,,,,,,,,,,,,,,,,,,,,,,,,,
_origin_2,manuscript_11875,,,"Cambridge, Gonville and Caius College, MS 716/63",part,,,14th century,,,,,14th century,,1300,1399,,gregorian,,,,,,,,,,,,,,,,,,,,,,,,,,,,,,,,,,,,,,,,,,,,
_origin_1,manuscript_11879,,,"Cambridge, Gonville and Caius College, MS 781/819",manuscript-composite,,MS-GONVILLE-AND-CAIUS-00781-00819,,,,,,,,,,,,,,,,,,,,,,,,,,,,,,,,,,,,,,,,,,,,,,,,,,,,,,,
_origin_1,manuscript_11879,,,"Cambridge, Gonville and Caius College, MS 781/819",part,,,second half of the 12th century,,,,,"second half of
                                                  the 12th century",,1150,1199,,gregorian,,,,,,,,,,,,,,,,,,,,,,,,,,,,,,,,,,,,,,,,,,,,
_origin_2,manuscript_11879,,,"Cambridge, Gonville and Caius College, MS 781/819",part,,,14th century,,,,,,,,,,,,,,,,,,,,,,,,,,,,,,,,,,,,,,,,,,,,,,,,,,,,,,
_origin_1,manuscript_11880,,,"Cambridge, Gonville and Caius College, MS 788/791 ",manuscript,,MS-GONVILLE-AND-CAIUS-00788-00791,"The manuscript was copied by three contemporary hands between the second half of the 16th c. and the beginning of the 17th : the manuscript was copied from MS Cambridge, Trinity College, B.3.18, copied around the middle of the 16th c., and was used for a Latin translation contained in two manuscripts of the 17th c., before 1663 ( Hansen 2002, p. xxvi).",,,,,,,,,,,,,,,,,,,,,,,,,,,,,,,,,,,,,,,,,,,,,,,,,,,Hansen 2002,,,
_origin_1,manuscript_11881,,,"Cambridge, Gonville and Caius College, MS 790/812",manuscript,,MS-GONVILLE-AND-CAIUS-00790-00812,"The manuscript was copied by a single scribe probably in the 17th century, as the script indicates.",,,,,,,,,,,,,,,,,,,,,,,,,,,,,,,,,,,,,,,,,,,,,,,,,,,,,,
_origin_1,manuscript_1,,,"Cambridge, Jesus College, MS Q.B.10",manuscript,,MS-JESUS-Q-B-00010,"Written in the 12th century. Probably written in England, or perhaps France. Date and location of production assigned based on palaeographical features.",,,,, Written in the 12th century. ,,1100,1200,medium,Gregorian,"Probably written in England, or perhaps France.",,,,,,,,,,,,,,,,,,,,,,,,,,,,,,,,,,,,,,,,,,,Date and location of production assigned based on palaeographical features.
_origin_1,manuscript_1,,,"Cambridge, Jesus College, MS Q.D.1",manuscript-composite,,MS-JESUS-Q-D-00001,,,,,,,,,,,,,,,,,,,,,,,,,,,,,,,,,,,,,,,,,,,,,,,,,,,,,,,
_origin_1,manuscript_1,,,"Cambridge, Jesus College, MS Q.D.1",part,,,Copied in the late 13th or early 14th century. England.,,,,," Copied in the late 13th or early 14th
                                    century. ",,1275,1325,high,Gregorian,England.,,,,,,,,,,,,,,,,,,,,,,,,,,,,,,,,,,,,,,,,,,,
_origin_2,manuscript_1,,,"Cambridge, Jesus College, MS Q.D.1",part,,,Copied in the 15th century. England.,,,,, Copied in the 15th century. ,,1400,1500,high,Gregorian,England.,,,,,,,,,,,,,,,,,,,,,,,,,,,,,,,,,,,,,,,,,,,
_origin_3,manuscript_1,,,"Cambridge, Jesus College, MS Q.D.1",part,,,Copied in the 15th century. England.,,,,, Copied in the 15th century. ,,1400,1500,high,Gregorian,England.,,,,,,,,,,,,,,,,,,,,,,,,,,,,,,,,,,,,,,,,,,,
_origin_4,manuscript_1,,,"Cambridge, Jesus College, MS Q.D.1",part,,,Copied in the 15th century. England.,,,,, Copied in the 15th century. ,,1400,1500,high,Gregorian,England.,,,,,,,,,,,,,,,,,,,,,,,,,,,,,,,,,,,,,,,,,,,
_origin_1,manuscript_1,,,"Cambridge, Jesus College, MS Q.D.2",manuscript-composite,,MS-JESUS-Q-D-00002,,,,,,,,,,,,,,,,,,,,,,,,,,,,,,,,,,,,,,,,,,,,,,,,,,,,,,,
_origin_1,manuscript_1,,,"Cambridge, Jesus College, MS Q.D.2",part,,,"Written in the 13th century, probably in the first half. Probably written in England, or perhaps France. Date and location of production assigned based on palaeographical features.",,,,," Written in the 13th century, probably
                                    in the first half. ",,1200,1300,medium,Gregorian,"Probably written in England, or perhaps France.",,,,,,,,,,,,,,,,,,,,,,,,,,,,,,,,,,,,,,,,,,,Date and location of production assigned based on palaeographical features.
_origin_2,manuscript_1,,,"Cambridge, Jesus College, MS Q.D.2",part,,,"Written in the 12th century, probably before 1163. Probably written in England, or perhaps France.",,,,," Written in the 12th century, probably
                                    before 1163. ",,1100,1163,medium,Gregorian,"Probably written in England, or perhaps France.",,,,,,,,,,,,,,,,,,,,,,,,,,,,,,,,,,,,,,,,,,,
_origin_3,manuscript_1,,,"Cambridge, Jesus College, MS Q.D.2",part,,,"Written in the 12th century, probably before 1163. Probably written in England, or perhaps France. Date and location of production assigned based on palaeographical and decorative features.",,,,," Written in the 12th century, probably
                                    before 1163. ",,1100,1200,medium,Gregorian,"Probably written in England, or perhaps France.",,,,,,,,,,,,,,,,,,,,,,,,,,,,,,,,,,,,,,,,,,,Date and location of production assigned based on palaeographical and decorative features.
_origin_4,manuscript_1,,,"Cambridge, Jesus College, MS Q.D.2",part,,,"Written in the 12th century, probably before 1163. Probably written in England, or perhaps France. Date and location of production assigned based on palaeographical features.",,,,," Written in the 12th century, probably
                                    before 1163. ",,1100,1200,high,Gregorian,"Probably written in England, or perhaps France.",,,,,,,,,,,,,,,,,,,,,,,,,,,,,,,,,,,,,,,,,,,Date and location of production assigned based on palaeographical features.
_origin_1,manuscript_1,,,"Cambridge, Jesus College, MS Q.D.4",manuscript-composite,,MS-JESUS-Q-D-00004,,,,,,,,,,,,,,,,,,,,,,,,,,,,,,,,,,,,,,,,,,,,,,,,,,,,,,,
_origin_1,manuscript_1,,,"Cambridge, Jesus College, MS Q.D.4",part,,,Written in the 15th century. Written in England.,,,,, Written in the 15th century. ,,1400,1500,high,Gregorian,Written in England.,,,,,,,,,,,,,,,,,,,,,,,,,,,,,,,,,,,,,,,,,,,
_origin_2,manuscript_1,,,"Cambridge, Jesus College, MS Q.D.4",part,,,"Probably written in the second half of the 14th century, or the first half of the 15th century. Written in England. Date and place of production assigned based on palaeographic and lingustic grounds.",,,,," Probably written in the second half of
                                    the 14th century, or the first half of the 15th century. ",,1350,1450,medium,Gregorian,Written in England.,,,,,,,,,,,,,,,,,,,,,,,,,,,,,,,,,,,,,,,,,,,Date and place of production assigned based on palaeographic and lingustic grounds.
_origin_3,manuscript_1,,,"Cambridge, Jesus College, MS Q.D.4",part,,,"Probably written in the last quarter of the 12th century or the first quarter of the 13th century. Probably written in England, or perhaps France. Date and place of production assigned based on palaeographical features.",,,,," Probably written in the last quarter of
                                    the 12th century or the first quarter of the 13th century. ",,1175,1225,medium,Gregorian,"Probably written in England, or perhaps France.",,,,,,,,,,,,,,,,,,,,,,,,,,,,,,,,,,,,,,,,,,,Date and place of production assigned based on palaeographical features.
_origin_4,manuscript_1,,,"Cambridge, Jesus College, MS Q.D.4",part,,,Probably written in the 15th century. Written in England Place and date of production assigned based on textual and palaeographical features.,,,,, Probably written in the 15th century. ,,1400,1500,medium,Gregorian,Written in England,,,,,,,,,,,,,,,,,,,,,,,,,,,,,,,,,,,,,,,,,,,Place and date of production assigned based on textual and palaeographical features.
_origin_1,manuscript_1,,,"Cambridge, Jesus College, MS Q.G.12",manuscript,,MS-Q-G-00012,"Copied in the second quarter of the 15th century Jones (2011), p. 287 England.",,,,," Copied in the second quarter of the 15th
                                century ",,1425,1450,high,Gregorian,England.,,,,,,,,,,,,,,,,,,,,,,,,,,,,,,,,,,,,,,,,"Jones (2011), p. 287",,,
_origin_1,manuscript_1,,,"Cambridge, Jesus College, MS Q.G.25",manuscript,,MS-JESUS-Q-G-00025,Copied in the 15th century (in or after 1421). Yorkshire.,,,,," Copied in the 15th century (in or after
                                1421).",,1420,1500,high,Gregorian,Yorkshire.,,,,,,,,,,,,,,,,,,,,,,,,,,,,,,,,,,,,,,,,,,,
_origin_1,manuscript_1,,,"Cambridge, Jesus College, Q.G.23",manuscript,,MS-JESUS-Q-B-00023,Copied in the first half of the 15th century. England.,,,,, Copied in the first half of the 15th century. ,,1400,1450,high,Gregorian,England.,,,,,,,,,,,,,,,,,,,,,,,,,,,,,,,,,,,,,,,,,,,
_origin_1,manuscript_11882,,,"Cambridge, King's College, MS 10",manuscript-composite,,MS-KINGS-00010,,,,,,,,,,,,,,,,,,,,,,,,,,,,,,,,,,,,,,,,,,,,,,,,,,,,,,,
_origin_1,manuscript_11882,,,"Cambridge, King's College, MS 10",part,,,in the 15th century,,,,,  in the 15th century,,1400,1499,,gregorian,,,,,,,,,,,,,,,,,,,,,,,,,,,,,,,,,,,,,,,,,,,,
_origin_2,manuscript_11882,,,"Cambridge, King's College, MS 10",part,,,Italy in the second half of the 15th century,,,,, in the second half of the 15th century,,1450,1498,,gregorian,Italy,,,,,,,,,,,,,,,,,,,,,,,,,,,,,,,,,,,,,,,,,,,
_origin_3,manuscript_11882,,,"Cambridge, King's College, MS 10",part,,,in the second half of the 15th c.,,,,, in the second half of the 15th c.,,1450,1499,,gregorian,,,,,,,,,,,,,,,,,,,,,,,,,,,,,,,,,,,,,,,,,,,,
_origin_1,manuscript_1,,,"Cambridge, King's College, MS 16",manuscript-composite,,MS-KINGS-COLLEGE-00016,,,,,,,,,,,,,,,,,,,,,,,,,,,,,,,,,,,,,,,,,,,,,,,,,,,,,,,
_origin_1,manuscript_1,,,"Cambridge, King's College, MS 16",part,,,Copied between the 2nd quarter and 4th quarter of the 15th century. England,,,,,"Copied between the 2nd quarter and 4th
                                    quarter of the 15th century. ",,1425,1500,high,Gregorian,England,,,,,,,,,,,,,,,,,,,,,,,,,,,,,,,,,,,,,,,,,,,
_origin_2,manuscript_1,,,"Cambridge, King's College, MS 16",part,,,Probably copied in the 2nd half of the 16th century. Germany,,,,," Probably copied in the 2nd half of the
                                    16th century.",,1550,1600,medium,Gregorian,Germany,,,,,,,,,,,,,,,,,,,,,,,,,,,,,,,,,,,,,,,,,,,
_origin_3,manuscript_1,,,"Cambridge, King's College, MS 16",part,,,Copied between the 2nd quarter and 4th quarter of the 15th century. England,,,,,"Copied between the 2nd quarter and 4th
                                    quarter of the 15th century.",,1425,1500,high,Gregorian,England,,,,,,,,,,,,,,,,,,,,,,,,,,,,,,,,,,,,,,,,,,,
_origin_1,manuscript_11883,,,"Cambridge, King's College, MS 20",manuscript,,MS-KINGS-00020,between the second quarter and the sixth decade of the 16th century.,,,,,"between the second quarter and the sixth decade of
                the 16th century.",,1525,1560,,gregorian,,,,,,,,,,,,,,,,,,,,,,,,,,,,,,,,,,,,,,,,,,,,
_origin_1,manuscript_11884,,,"Cambridge, King's College, MS 23",manuscript,,MS-KINGS-00023,between the second quarter and the sixth decade of the 16th century.,,,,,"between the
                                second quarter and the sixth decade of the 16th century.",,1525,1560,,gregorian,,,,,,,,,,,,,,,,,,,,,,,,,,,,,,,,,,,,,,,,,,,,
_origin_1,manuscript_11885,,,"Cambridge, King's College, MS 45",manuscript,,MS-KINGS-00045,"12th century The possible dating range has sometimes been extended to include the later 11th century, but the developed form of the abbreviation of καί suggests a later date. Earlier scholarship sometimes dated the manuscript to the 13th century, but this seems inconsistent with other features of the script, such as the continued widespread use of angular breathings and the occasional presence of adscript mute iota.",,,,,"12th
                century",,1100,1199,,gregorian,,,,,,,,,,,,,,,,,,,,,,,,,,,,,,,,,,,,,,,,,,,,"The possible dating range has sometimes been extended to include the later 11th century, but the developed form of the abbreviation of καί suggests a later date. Earlier scholarship sometimes dated the manuscript to the 13th century, but this seems inconsistent with other features of the script, such as the continued widespread use of angular breathings and the occasional presence of adscript mute iota."
_origin_1,manuscript_1,,,"Cambridge, Magdalene College, MS Pepys 911",manuscript-composite,,MS-MAGDALENE-PEPYS-00911,,,,,,,,,,,,,,,,,,,,,,,,,,,,,,,,,,,,,,,,,,,,,,,,,,,,,,,
_origin_1,manuscript_1,,,"Cambridge, Magdalene College, MS Pepys 911",part,,,The main text was probably written in the second half of the 13th century. The main text was probably copied in England.,,,,," The main text was probably written in
                                    the second half of the 13th century. ",,1250,1300,medium,Gregorian,The main text was probably copied in England.,,,,,,,,,,,,,,,,,,,,,,,,,,,,,,,,,,,,,,,,,,,
_origin_2,manuscript_1,,,"Cambridge, Magdalene College, MS Pepys 911",part,,,Written in the second half of the 13th century. Written in England.,,,,," Written in the second half of the 13th
                                    century. ",,1250,1300,medium,Gregorian,Written in England.,Written in England.,place_g7002445,,,,,,,,,,,,,,,,,,,,,,,,,,,,,,,,,,,,,,,,,
_origin_1,manuscript_1,,,"Cambridge, Magdalene College, Pepys MS 878",manuscript,,MS-MAGDALENE-PEPYS-00878,Copied in the first half of the 15th century. England,,,,, Copied in the first half of the 15th century. ,,1400,1450,high,Gregorian,England,,,,,,,,,,,,,,,,,,,,,,,,,,,,,,,,,,,,,,,,,,,
_origin_1,manuscript_1,,,"Cambridge, Magdalene College, Pepys MS 1047",manuscript,,MS-MAGDALENE-PEPYS-01047,"Copied in the late 15th century, certainly in or after 1470/1471 (see medical recipe on 17v-18r). England.",,,,," Copied in the late 15th century, certainly in
                                or after 1470/1471 (see medical recipe on 17v-18r).",,1470,1500,high,Gregorian,England.,,,,,,,,,,,,,,,,,,,,,,,,,,,,,,,,,,,,,,,,,,,
_origin_1,manuscript_1,,,"Cambridge, Magdalene College, Pepys MS 1236",manuscript,,MS-MAGDALENE-PEPYS-01236,"Copied between c. 1460-c. 1475. Probably compiled and copied by and for a priest of the chapel of the almonry of Christ Church Cathedral Priory in Canterbury. The music in this manuscript is attributed to a number of composers who were active in or had connections with Kent during the 1460s and 1470s. These include William Corbrond and John Nesbet who were Masters of the Lady Chapel choir at Canterbury Cathedral Priory (respectively 1470-1474; and 1474-1488). The music includes unusual blessings sung by the Boy Bishop at the feast of St Nicholas. According to Bowers (1982), the prominence of these blessings and the text Stans puer ad mensam point to an intended use at the chapel of the almonry of Christ Church, Canterbury: the almonry buildings housed a boarding school for eight boys who sang in the Lady Chapel choir, and participated in services in the almonry chapel. Here, they celebrated the Boy Bishop ceremonies annually. Bowers (1982) suggests that the manuscript may have been compiled and owned by one of the priests who was responsible for the upbringing of the boys. Charles (1962) Bower (1982)",,,,, Copied between c. 1460-c. 1475. ,,1460,1475,high,Gregorian,Probably compiled and copied by and for a priest of the chapel of the almonry of Christ Church Cathedral Priory in Canterbury.,,,,,,,,,,,,,,,,,,,,,,,,,,,,,,,,,,,,,,,,Charles (1962); Bower (1982),,,
_origin_1,manuscript_1,,,"Cambridge, Magdalene College, Pepys MS 1307",manuscript,,MS-MAGDALENE-PEPYS-01307,"Written in the fifteenth century, probably in the second quarter. Written in England, perhaps in East Anglia. Date and location of production assigned based on palaeographical and orthographical details. See also McKitterick and Beadle (1992). R. McKitterick and R. Beadle, Catalogue of the Pepys Library at Magdalene College, Cambridge: Manuscripts. Part I Medieval, Catalogue of the Pepys Library at Magdalene College, Cambridge, 7 vols (Woodbridge, 1992), vol. 5, pp. 14-15 .",,,,," Written in the fifteenth century, probably
                                in the second quarter. ",,1425,1450,medium,Gregorian,"Written in England, perhaps in East Anglia.",,,,,,,,,,,,,,,,,,,,,,,,,,,,,,,,,,,,,,,,"R. McKitterick and R. Beadle, Catalogue of the Pepys Library at Magdalene College, Cambridge: Manuscripts. Part I Medieval, Catalogue of the Pepys Library at Magdalene College, Cambridge, 7 vols (Woodbridge, 1992), vol. 5, pp. 14-15 .",,,
_origin_1,manuscript_1,,,"Cambridge, Magdalene College, Pepys MS 1661",manuscript-composite,,MS-MAGDALENE-PEPYS-01661,,,,,,,,,,,,,,,,,,,,,,,,,,,,,,,,,,,,,,,,,,,,,,,,,,,,,,,
_origin_1,manuscript_1,,,"Cambridge, Magdalene College, Pepys MS 1661",part,,,Copied in the first half of the 15th century. England.,,,,," Copied in the first half of the 15th
                                    century. ",,1400,1450,high,Gregorian,England.,,,,,,,,,,,,,,,,,,,,,,,,,,,,,,,,,,,,,,,,,,,
_origin_2,manuscript_1,,,"Cambridge, Magdalene College, Pepys MS 1661",part,,,Copied in the 15th century. England.,,,,, Copied in the 15th century. ,,1400,1450,high,Gregorian,England.,,,,,,,,,,,,,,,,,,,,,,,,,,,,,,,,,,,,,,,,,,,
_origin_3,manuscript_1,,,"Cambridge, Magdalene College, Pepys MS 1661",part,,,Copied in the first half of the 15th century England.,,,,," Copied in the first half of the 15th
                                    century ",,1400,1500,high,Gregorian,England.,,,,,,,,,,,,,,,,,,,,,,,,,,,,,,,,,,,,,,,,,,,
_origin_4,manuscript_1,,,"Cambridge, Magdalene College, Pepys MS 1661",part,,,Copied in the first half of the 15th century. England.,,,,," Copied in the first half of the 15th
                                    century. ",,1400,1450,high,Gregorian,England.,,,,,,,,,,,,,,,,,,,,,,,,,,,,,,,,,,,,,,,,,,,
_origin_5,manuscript_1,,,"Cambridge, Magdalene College, Pepys MS 1661",part,,,Copied in the first half of the 15th century. England.,,,,," Copied in the first half of the 15th
                                    century. ",,1400,1450,high,Gregorian,England.,,,,,,,,,,,,,,,,,,,,,,,,,,,,,,,,,,,,,,,,,,,
_origin_1,manuscript_1,,,"Cambridge, Newnham College, MS 4",manuscript,,MS-NEWNHAM-00004,"1400-1450 According to William Walter Skeat, the copy of Piers Plowman in this manuscript was made in the early fifteenth century. Henry Yates Thompson, in a printed description of the manuscript dated June 1909 pasted onto f. [ii] verso, dates it to c. 1420. In more recent scholarship, the copy is dated to the first half of the 15th century [Kane and Donaldson (1988), p. 14]; the middle of the 15th century [Ker (1977), p. 239]; and second quarter of the 15th century [Doyle (1986), p. 39; Hanna (1993), p. 39]. The copies of The Lay Folk's Mass Book and Old English Grace were added by a different hand and probably at a later stage. According to Simmons (1879), following information provided by William Walter Skeat, the latter texts were copied around the year 1450. England Dialectal features suggest that the scribe was educated in London and was copying from an exemplar copied in an Oxfordshire dialect (see further notes under Language(s)).",,,,,1400-1450,,1400,1450,high,Gregorian,England,,,,,,,,,,,,,,,,,,,,,,,,,,,,,,,,,,,,,,,,,,,"According to William Walter Skeat, the copy of Piers Plowman in this manuscript was made in the early fifteenth century. Henry Yates Thompson, in a printed description of the manuscript dated June 1909 pasted onto f. [ii] verso, dates it to c. 1420. In more recent scholarship, the copy is dated to the first half of the 15th century [Kane and Donaldson (1988), p. 14]; the middle of the 15th century [Ker (1977), p. 239]; and second quarter of the 15th century [Doyle (1986), p. 39; Hanna (1993), p. 39]. The copies of The Lay Folk's Mass Book and Old English Grace were added by a different hand and probably at a later stage. According to Simmons (1879), following information provided by William Walter Skeat, the latter texts were copied around the year 1450.; Dialectal features suggest that the scribe was educated in London and was copying from an exemplar copied in an Oxfordshire dialect (see further notes under Language(s))."
_origin_1,manuscript_1,,,"Cambridge, Pembroke College, MS 15",manuscript,,MS-PEMBROKE-00015,"2nd quarter of the 12th century England, Bury St Edmunds The manuscript was made and kept at the .Abbey of Bury St Edmunds Abbey of Bury St. Edmunds CBMLC 4, B13.168",,,,,2nd quarter of the 12th century,,1125,1150,medium,Gregorian,"England, Bury St Edmunds",,,,,,,,,,,,,,,,,,,,,,,,,,,,,,,,,,,,,,,,"CBMLC 4, B13.168",,,
_origin_1,manuscript_1,,,"Cambridge, Pembroke College, MS 16",manuscript,,MS-PEMBROKE-00016,"Mid-12th century England, Bury St Edmunds The manuscript was made and kept at the .Abbey of Bury St Edmunds Abbey of Bury St. Edmunds",,,,,Mid-12th century,,1140,1160,medium,Gregorian,"England, Bury St Edmunds",,,,,,,,,,,,,,,,,,,,,,,,,,,,,,,,,,,,,,,,,,,
_origin_1,manuscript_1,,,"Cambridge, Pembroke College, MS 28",manuscript,,MS-PEMBROKE-00028,Late 12th century Paris,,,,,Late 12th century,,1190,1200,medium,Gregorian,Paris,,,,,,,,,,,,,,,,,,,,,,,,,,,,,,,,,,,,,,,,,,,
_origin_1,manuscript_1,,,"Cambridge, Pembroke College, MS 54",manuscript,,MS-PEMBROKE-00054,"3rd quarter of the 12th century England, Bury St Edmunds The manuscript was made and kept at the .Abbey of Bury St Edmunds Abbey of Bury St. Edmunds",,,,,"3rd quarter of the 12th
                                                century",,1150,1175,medium,Gregorian,"England, Bury St Edmunds",,,,,,,,,,,,,,,,,,,,,,,,,,,,,,,,,,,,,,,,,,,The manuscript was made and kept at the .Abbey of Bury St Edmunds Abbey of Bury St. Edmunds
_origin_1,manuscript_1,,,"Cambridge, Pembroke College, MS 56",manuscript,,MS-PEMBROKE-00056,3rd quarter of the 12th century,,,,,"3rd quarter of the 12th
                                                century",,1150,1175,medium,Gregorian,,,,,,,,,,,,,,,,,,,,,,,,,,,,,,,,,,,,,,,,,,,,
_origin_1,manuscript_1,,,"Cambridge, Pembroke College, MS 67",manuscript-composite,,MS-PEMBROKE-00067,"Mid-12th century England, Bury St Edmunds The manuscript was made and kept at the .Abbey of Bury St Edmunds Abbey of Bury St. Edmunds CBMLC 4, B13.145",,,,,Mid-12th century,,1140,1160,medium,Gregorian,"England, Bury St Edmunds",,,,,,,,,,,,,,,,,,,,,,,,,,,,,,,,,,,,,,,,"CBMLC 4, B13.145",,,
_origin_1,manuscript_1,,,"Cambridge, Pembroke College, MS 67",part,,,"Mid-12th century England, Bury St Edmunds The manuscript was made and kept at the .Abbey of Bury St Edmunds Abbey of Bury St. Edmunds CBMLC 4, B13.145",,,,,Mid-12th century,,1140,1160,medium,Gregorian,"England, Bury St Edmunds",,,,,,,,,,,,,,,,,,,,,,,,,,,,,,,,,,,,,,,,"CBMLC 4, B13.145",,,
_origin_2,manuscript_1,,,"Cambridge, Pembroke College, MS 67",part,,,"Mid-12th century England, Bury St Edmunds The manuscript was made and kept at the .Abbey of Bury St Edmunds Abbey of Bury St. Edmunds CBMLC 4, B13.145",,,,,Mid-12th century,,1140,1160,medium,Gregorian,"England, Bury St Edmunds",,,,,,,,,,,,,,,,,,,,,,,,,,,,,,,,,,,,,,,,"CBMLC 4, B13.145",,,
_origin_1,manuscript_1,,,"Cambridge, Pembroke College, MS 70",manuscript-composite,,MS-PEMBROKE-00070,"Second quarter of the 12th century Northern France, ?Laon The manuscript was made in northern France, perhaps at Laon, and was at the from an early stage. The manuscript comprises two physically separate volumes, which appear always to have been together.Abbey of Bury St Edmunds Abbey of Bury St. Edmunds CBMLC 4, B13.130",,,,,"Second quarter of the 12th
                                                century",,1125,1150,medium,Gregorian,"Northern France, ?Laon",,,,,,,,,,,,,,,,,,,,,,,,,,,,,,,,,,,,,,,,"CBMLC 4, B13.130",,,
_origin_1,manuscript_1,,,"Cambridge, Pembroke College, MS 70",part,,,"Second quarter of the 12th century Northern France, ?Laon The manuscript was made in northern France, perhaps at Laon, and was at the from an early stage. The manuscript comprises two physically separate volumes, which appear always to have been together.Abbey of Bury St Edmunds Abbey of Bury St. Edmunds CBMLC 4, B13.130",,,,,"Second quarter of the 12th
                                                century",,1125,1150,medium,Gregorian,"Northern France, ?Laon",,,,,,,,,,,,,,,,,,,,,,,,,,,,,,,,,,,,,,,,"CBMLC 4, B13.130",,,
_origin_2,manuscript_1,,,"Cambridge, Pembroke College, MS 70",part,,,"Second quarter of the 12th century Northern France, ?Laon The manuscript was made in northern France, perhaps at Laon, and was at the from an early stage. The manuscript comprises two physically separate volumes, which appear always to have been together.Abbey of Bury St Edmunds Abbey of Bury St. Edmunds CBMLC 4, B13.130",,,,,"Second quarter of the 12th
                                                century",,1125,1150,medium,Gregorian,"Northern France, ?Laon",,,,,,,,,,,,,,,,,,,,,,,,,,,,,,,,,,,,,,,,"CBMLC 4, B13.130",,,
_origin_1,manuscript_1,,,"Cambridge, Pembroke College, MS 72",manuscript-composite,,MS-PEMBROKE-00072,,,,,,,,,,,,,,,,,,,,,,,,,,,,,,,,,,,,,,,,,,,,,,,,,,,,,,,
_origin_1,manuscript_1,,,"Cambridge, Pembroke College, MS 72",part,,,"Mid-12th century England, Bury St Edmunds Written at the (perhaps Abbey of Bury St Edmunds Abbey of Bury St. Edmunds CBMLC 4, B13.229).",,,,,Mid-12th century,,1140,1160,medium,Gregorian,"England, Bury St Edmunds",,,,,,,,,,,,,,,,,,,,,,,,,,,,,,,,,,,,,,,,"CBMLC 4, B13.229",,,
_origin_2,manuscript_1,,,"Cambridge, Pembroke College, MS 72",part,,,13th century Italy,,,,,13th century,,1200,1300,medium,Gregorian,Italy,,,,,,,,,,,,,,,,,,,,,,,,,,,,,,,,,,,,,,,,,,,
_origin_2,manuscript_1,,,"Cambridge, Pembroke College, MS 72",part,,,,,,,,,,,,,,,,,,,,,,,,,,,,,,,,,,,,,,,,,,,,,,,,,,,,,,,,,
_origin_3,manuscript_1,,,"Cambridge, Pembroke College, MS 72",part,,,,,,,,,,,,,,,,,,,,,,,,,,,,,,,,,,,,,,,,,,,,,,,,,,,,,,,,,
_origin_4,manuscript_1,,,"Cambridge, Pembroke College, MS 72",part,,,,,,,,,,,,,,,,,,,,,,,,,,,,,,,,,,,,,,,,,,,,,,,,,,,,,,,,,
_origin_5,manuscript_1,,,"Cambridge, Pembroke College, MS 72",part,,,,,,,,,,,,,,,,,,,,,,,,,,,,,,,,,,,,,,,,,,,,,,,,,,,,,,,,,
_origin_1,manuscript_1,,,"Cambridge, Pembroke College, MS 120",manuscript-composite,,MS-PEMBROKE-00120,,,,,,,,,,,,,,,,,,,,,,,,,,,,,,,,,,,,,,,,,,,,,,,,,,,,,,,
_origin_1,manuscript_1,,,"Cambridge, Pembroke College, MS 120",part,,,c. 1125,,,,,c. 1125,,1115,1135,medium,Gregorian,,,,,,,,,,,,,,,,,,,,,,,,,,,,,,,,,,,,,,,,,,,,
_origin_2,manuscript_1,,,"Cambridge, Pembroke College, MS 120",part,,,Mid-12th century,,,,,Mid-12th century,,1140,1160,medium,Gregorian,,,,,,,,,,,,,,,,,,,,,,,,,,,,,,,,,,,,,,,,,,,,
_origin_1,manuscript_1,,,"Cambridge, Pembroke College, MS 237",manuscript,,MS-PEMBROKE-00237,Late 14th century England,,,,, Late 14th century ,,1390,1400,medium,Gregorian,England,,,,,,,,,,,,,,,,,,,,,,,,,,,,,,,,,,,,,,,,,,,
_origin_1,manuscript_1,,,"Cambridge, Pembroke College, MS 243",manuscript,,MS-PEMBROKE-00243,"1459×1471 England According to P.R. Robinson, 'The translation seems to have been completed in the years 1458-59. Its proem, lines 1-88 (ff. 1r-2v), celebrates the triumphant entry of Henry VI into London on 25 March 1458, and in lines 978-1026 (ff. 19r-19v) the poet refers to the political situation after the Yorkist defeat at the battle of Ludiford, in October 1459. However, there is no mention of Henry's defeat and capture in 1460 or the ensuing events that led to Edward IV's accession. In the only other two copies...the proem is omitted...and the name of Edward IV is substituted for that of Henry in lines 121 and 2880 (ff. 3v and 53r). This would suggest that the Pembroke copy was made before March 1461 when Henry was deposed, and certainly before his death in 1471.' Robinson (1988), no. 270",,,,, 1459×1471 ,,1459,1471,high,Gregorian,England,,,,,,,,,,,,,,,,,,,,,,,,,,,,,,,,,,,,,,,,"Robinson (1988), no. 270",,,
_origin_1,manuscript_1,,,"Cambridge, Pembroke College, MS 258",manuscript-composite,,MS-PEMBROKE-COLLEGE-00258,,,,,,,,,,,,,,,,,,,,,,,,,,,,,,,,,,,,,,,,,,,,,,,,,,,,,,,
_origin_1,manuscript_1,,,"Cambridge, Pembroke College, MS 258",part,,,"Mid-14th century. England, ?London.",,,,,Mid-14th century. ,,1360,1330,high,Gregorian,"England, ?London.",,,,,,,,,,,,,,,,,,,,,,,,,,,,,,,,,,,,,,,,,,,
_origin_2,manuscript_1,,,"Cambridge, Pembroke College, MS 258",part,,,13th century. England.,,,,,13th century. ,,1200,1300,medium,Gregorian,England.,,,,,,,,,,,,,,,,,,,,,,,,,,,,,,,,,,,,,,,,,,,
_origin_3,manuscript_1,,,"Cambridge, Pembroke College, MS 258",part,,,13th century. England.,,,,,13th century. ,,1200,1300,medium,Gregorian,England.,,,,,,,,,,,,,,,,,,,,,,,,,,,,,,,,,,,,,,,,,,,
_origin_4,manuscript_1,,,"Cambridge, Pembroke College, MS 258",part,,,Late 13th century. England.,,,,,Late 13th century. ,,1250,1300,medium,Gregorian,England.,,,,,,,,,,,,,,,,,,,,,,,,,,,,,,,,,,,,,,,,,,,
_origin_5,manuscript_1,,,"Cambridge, Pembroke College, MS 258",part,,,"14th century, probably second half. England.",,,,,"14th century, probably second half. ",,1300,1400,medium,Gregorian,England.,,,,,,,,,,,,,,,,,,,,,,,,,,,,,,,,,,,,,,,,,,,
_origin_6,manuscript_1,,,"Cambridge, Pembroke College, MS 258",part,,,"Second half of the 12th century, almost certainly after 1173 England Likely terminus ante quem non provided by the music on f. 122v, a responsory for the commemmoration of Thomas Becket. As the responsory chant is the final item in this section, it could have been added after the other texts, but all texts were probably added within a quarter-century of one another.",,122v,122v,122v,"Second half of the 12th century, almost
                                    certainly after 1173
                                ",,1173,1200,medium,Gregorian,England,,,,,,,,,,,,,,,,,,,,,,,,,,,,,,,,,,,,,,,,,,,
_origin_7,manuscript_1,,,"Cambridge, Pembroke College, MS 258",part,,,14th century. England.,,,,, 14th century. ,,1300,1400,low,Gregorian,England.,,,,,,,,,,,,,,,,,,,,,,,,,,,,,,,,,,,,,,,,,,,
_origin_8,manuscript_1,,,"Cambridge, Pembroke College, MS 258",part,,,"Probably 1461×1483. England, probably London. Date of production based on the presence of several regnal dating clauses in the text that refer to the reign of Edward IV.",,,,,Probably 1461×1483. ,,1461,1483,high,Gregorian,"England, probably London.",,,,,,,,,,,,,,,,,,,,,,,,,,,,,,,,,,,,,,,,,,,
_origin_1,manuscript_11888,,,"Cambridge, Pembroke College, MS 288",manuscript,,MS-PEMBROKE-00288,17th century England,,,,,17th century,,1600,1700,,gregorian,England,,,,,,,,,,,,,,,,,,,,,,,,,,,,,,,,,,,,,,,,,,,
_origin_1,manuscript_11889,,,"Cambridge, Pembroke College, MS 291",manuscript,,MS-PEMBROKE-00291,1628 f. ii recto England,,f. ii recto,ii recto,ii recto,1628,1628,1628,1628,,gregorian,,,,,,,,,,,,,,,,,,,,,,,,,,,,,,,,,,,,,,,,,,,,
_origin_1,manuscript_11890,,,"Cambridge, Pembroke College, MS 292",manuscript-composite,,MS-PEMBROKE-00292,"Thomas Bayly (d. 1657) Bayly, Thomas, ?-1657 1632 MS 295",,,,,1632,1632,1632,1632,,gregorian,,,,,,,,,,,,,,,,,,,,,,,,,,,,,,,,,,,,,,,,,MS 295,,,
_origin_1,manuscript_11890,,,"Cambridge, Pembroke College, MS 292",part,,,"Thomas Bayly (d. 1657) Bayly, Thomas, ?-1657 1632 MS 295",,,,,1632,1632,1632,1632,,gregorian,,,,,,,,,,,,,,,,,,,,,,,,,,,,,,,,,,,,,,,,,MS 295,,,
_origin_2,manuscript_11890,,,"Cambridge, Pembroke College, MS 292",part,,,"Thomas Bayly (d. 1657) Bayly, Thomas, ?-1657 1632 MS 295",,,,,1632,1632,1632,1632,,gregorian,,,,,,,,,,,,,,,,,,,,,,,,,,,,,,,,,,,,,,,,,MS 295,,,
_origin_3,manuscript_11890,,,"Cambridge, Pembroke College, MS 292",part,,,"Thomas Bayly (d. 1657) Bayly, Thomas, ?-1657 1632 MS 295",,,,,1632,1632,1632,1632,,gregorian,,,,,,,,,,,,,,,,,,,,,,,,,,,,,,,,,,,,,,,,,MS 295,,,
_origin_4,manuscript_11890,,,"Cambridge, Pembroke College, MS 292",part,,,"Thomas Bayly (d. 1657) Bayly, Thomas, ?-1657 1632 MS 295",,,,,1632,1632,1632,1632,,gregorian,,,,,,,,,,,,,,,,,,,,,,,,,,,,,,,,,,,,,,,,,MS 295,,,
_origin_5,manuscript_11890,,,"Cambridge, Pembroke College, MS 292",part,,,"Thomas Bayly (d. 1657) Bayly, Thomas, ?-1657 1632 MS 295",,,,,1632,1632,1632,1632,,gregorian,,,,,,,,,,,,,,,,,,,,,,,,,,,,,,,,,,,,,,,,,MS 295,,,
_origin_6,manuscript_11890,,,"Cambridge, Pembroke College, MS 292",part,,,"Thomas Bayly (d. 1657) Bayly, Thomas, ?-1657 1632 MS 295",,,,,1632,1632,1632,1632,,gregorian,,,,,,,,,,,,,,,,,,,,,,,,,,,,,,,,,,,,,,,,,MS 295,,,
_origin_1,manuscript_11891,,,"Cambridge, Pembroke College, MS 293",manuscript-composite,,MS-PEMBROKE-00293,"Thomas Bayly (d. 1657) Bayly, Thomas, ?-1657 1632 MS 295",,,,,1632,1632,1632,1632,,gregorian,,,,,,,,,,,,,,,,,,,,,,,,,,,,,,,,,,,,,,,,,MS 295,,,
_origin_1,manuscript_11891,,,"Cambridge, Pembroke College, MS 293",part,,,"Thomas Bayly (d. 1657) Bayly, Thomas, ?-1657 1632 MS 295",,,,,1632,1632,1632,1632,,gregorian,,,,,,,,,,,,,,,,,,,,,,,,,,,,,,,,,,,,,,,,,MS 295,,,
_origin_2,manuscript_11891,,,"Cambridge, Pembroke College, MS 293",part,,,,,,,,,,,,,,,,,,,,,,,,,,,,,,,,,,,,,,,,,,,,,,,,,,,,,,,,,
_origin_1,manuscript_11892,,,"Cambridge, Pembroke College, MS 294",manuscript,,MS-PEMBROKE-00294,"Thomas Bayly (d. 1657) Bayly, Thomas, ?-1657 1632 MS 295",,,,,1632,1632,1632,1632,,gregorian,,,,,,,,,,,,,,,,,,,,,,,,,,,,,,,,,,,,,,,,,MS 295,,,
_origin_1,manuscript_11893,,,"Cambridge, Pembroke College, MS 295",manuscript-composite,,MS-PEMBROKE-00295,"Thomas Bayly (d. 1657) Bayly, Thomas, ?-1657 1632 f. 136r",,f. 136r,136r,136r,1632,1632,1632,1632,,gregorian,,,,,,,,,,,,,,,,,,,,,,,,,,,,,,,,,,,,,,,,,,,,
_origin_1,manuscript_11893,,,"Cambridge, Pembroke College, MS 295",part,,,"Thomas Bayly (d. 1657) Bayly, Thomas, ?-1657 1632 f. 136r",,f. 136r,136r,136r,1632,1632,1632,1632,,gregorian,,,,,,,,,,,,,,,,,,,,,,,,,,,,,,,,,,,,,,,,,,,,
_origin_2,manuscript_11893,,,"Cambridge, Pembroke College, MS 295",part,,,"Thomas Bayly (d. 1657) Bayly, Thomas, ?-1657 1632 f. 136r",,f. 136r,136r,136r,1632,1632,1632,1632,,gregorian,,,,,,,,,,,,,,,,,,,,,,,,,,,,,,,,,,,,,,,,,,,,
_origin_1,manuscript_1,,,"Cambridge, Pembroke College, MS 301",manuscript,,MS-PEMBROKE-00301,"1st half of the 11th century England, perhaps East Anglia",,,,, 1st half of the 11th century ,,1000,1150,medium,Gregorian,"England, perhaps East Anglia",,,,,,,,,,,,,,,,,,,,,,,,,,,,,,,,,,,,,,,,,,,
_origin_1,manuscript_1,,,"Cambridge, Pembroke College, MS 308",manuscript,,PEMBROKE-MS-00308,"845×882 France, Reims Cathedral One of twenty-two manuscripts made at Reims and given to the Cathedral by Archbishop Hincmar (c. 806-882; reg. 845-882). Robinson (1988), no. 277",,,,,845×882,,845,882,high,Gregorian,"France, Reims Cathedral",,,,,,,,,,,,,,,,,,,,,,,,,,,,,,,,,,,,,,,,"Robinson (1988), no. 277",,,
_origin_1,manuscript_11894,,,"Cambridge, Pembroke College, MS 310",manuscript,,MS-PEMBROKE-00310,"12th century iota Aegean islands Constantinople Florence, Biblioteca Medicea Laurentiana, MS Med. Palat. 244 f. 39v",,f. 39v,39v,39v,"12th
                                century",,1100,1200,,gregorian,,,,,,,,,,,,,,,,,,,,,,,,,,,,,,,,,,,,,,,,,,"Florence, Biblioteca Medicea Laurentiana, MS Med. Palat. 244",http://www.csntm.org/Manuscript/View/GA_Lect_117,
_origin_1,manuscript_77213,,,"Cambridge, Pembroke College, MS LC II.174",manuscript,,MS-PEMBROKE-LC-II-00174,"in the years 1618-1626 Brightman 1903 Burn 1908 f. i verso Amicissimus meus Samuel Wright Lanceloto Wintoniensi Episcopo olim a chartis, nunc autem Matthaeo Eliensi a Registris, pretiosum hoc κειμήλιον sua mano accurate descriptum dono dedit mihi Richardo Drake.",,f. i verso,i verso,i verso," in
                                the years 1618-1626",,1618,1626,,gregorian,,,,,,,,,,,,,,,,,,,,,,,,,,,,,,,,,,,,,,,,,Brightman 1903; Burn 1908,,,
_origin_1,manuscript_77214,,,"Cambridge, Pembroke College, MS LC II.232",manuscript,,MS-PEMBROKE-LC-II-00232,"late 16th or early 17th century Matthew Wren (1585-1667) Wren, Matthew, 1585-1667",,,,,late 16th or early 17th century,,1590,1617,,gregorian,,,,,,,,,,,,,,,,,,,,,,,,,,,,,,,,,,,,,,,,,,,,
_origin_1,manuscript_77214,,,"Cambridge, Pembroke College, MS LC II.233.1",manuscript,,MS-PEMBROKE-LC-II-00233-00001,between about 1630 and 1655,,,,,between about 1630 and 1655,,1630,1655,,gregorian,,,,,,,,,,,,,,,,,,,,,,,,,,,,,,,,,,,,,,,,,,,,
_origin_1,manuscript_77215,,,"Cambridge, Pembroke College, MS LC II.233.2",manuscript,,MS-PEMBROKE-LC-II-00233-00002,last quarter of the 16th century or first quarter of the 17th,,,,,"last quarter of the
                16th century or first quarter of the 17th",,1575,1625,,gregorian,,,,,,,,,,,,,,,,,,,,,,,,,,,,,,,,,,,,,,,,,,,,
_origin_1,manuscript_1,,,"Cambridge, Peterhouse, MS 87",manuscript,,MS-PETERHOUSE-00087,1400. Padua Copied in the year 1400 as indicated by a scribal colophon on f. 184v: Scripte per me Cornelium de Bruxella Brabantinum Padue existentem tunc temporis ordinis scriptorum de abstinencia anno Domini M. CCCC. feria sexta ante festum Trinitatis. His name occurs in another undated colophon on f. 79v.,,184v; 79v,184v 79v,184v 79v,1400. ,,1400,1400,high,Gregorian,Padua,,,,,,,,,,,,,,,,,,,,,,,,,,,,,,,,,,,,,,,,,,,
_origin_1,manuscript_1,,,"Cambridge, Peterhouse, MS 95",manuscript-composite,,MS-PETERHOUSE-00095,,,,,,,,,,,,,,,,,,,,,,,,,,,,,,,,,,,,,,,,,,,,,,,,,,,,,,,
_origin_1,manuscript_1,,,"Cambridge, Peterhouse, MS 95",part,,,Probably copied in the 14th century. Probably made in Italy.,,,,, Probably copied in the 14th century. ,,1300,1400,medium,Gregorian,Probably made in Italy.,,,,,,,,,,,,,,,,,,,,,,,,,,,,,,,,,,,,,,,,,,,
_origin_2,manuscript_1,,,"Cambridge, Peterhouse, MS 95",part,,,Probably copied in the 14th century. Probably made in Italy.,,,,, Probably copied in the 14th century. ,,1300,1400,medium,Gregorian,Probably made in Italy.,,,,,,,,,,,,,,,,,,,,,,,,,,,,,,,,,,,,,,,,,,,
_origin_1,manuscript_1,,,"Cambridge, Peterhouse, MS 106",manuscript,,MS-PETERHOUSE-00106,Copied in the 14th century England,,,,, Copied in the 14th century,,1300,1400,high,Gregorian,England,,,,,,,,,,,,,,,,,,,,,,,,,,,,,,,,,,,,,,,,,,,
_origin_1,manuscript_1,,,"Cambridge, Peterhouse, MS 118",manuscript,,MS-PETERHOUSE-00118,"Late 15th or early 16th century. London Copied in the late 15th or early 16th century by , and presumably in London where Rosse was a prominent surgeon during the reign of Henry VII. Rosse's name also occurs in documents dated between 1517 and 1525 (see Talbot and Hammond, Medical Practitioners (1966), pp. 354-355). His scribal colophons on f. Thomas Rosse (fl. 1485-1525)Rosse, Thomas, fl. 1485-1525iii verso: Explicit etcaetera quod T Roosse; f. iv recto: Explicit librum Quintum quod Thomas Rosse; f. 65r: Quod scripsit T[erased: 'homas Rosse']; and twice on f. 341v: Quod scripsit Thomas [erased: 'Rosse']; his name also written twice in the upper margin of f. 330v: 'Thomas Roosse', and once or twice on the upper margin of f. 331: 'Thomas Rosse'.",,iii verso; iv recto; 65r; 341v; 330v; 331,iii verso iv recto 65r 341v 330v 331r,iii verso iv recto 65r 341v 330v 331r,Late 15th or early 16th century. ,,1483,1525,high,Gregorian,London,,,,,,,,,,,,,,,,,,,,,,,,,,,,,,,,,,,,,,,,,,,
_origin_1,manuscript_1,,,"Cambridge, Peterhouse, MS 139",manuscript-composite,,MS-PETERHOUSE-00139,,,,,,,,,,,,,,,,,,,,,,,,,,,,,,,,,,,,,,,,,,,,,,,,,,,,,,,
_origin_1,manuscript_1,,,"Cambridge, Peterhouse, MS 139",part,,,Copied in the 14th century. Southern France or Northern Italy.,,,,, Copied in the 14th century. ,,1300,1400,high,Gregorian,Southern France or Northern Italy.,,,,,,,,,,,,,,,,,,,,,,,,,,,,,,,,,,,,,,,,,,,
_origin_2,manuscript_1,,,"Cambridge, Peterhouse, MS 139",part,,,Copied in the 14th century. Southern France or Northern Italy.,,,,, Copied in the 14th century. ,,1300,1400,1400,Gregorian,Southern France or Northern Italy.,,,,,,,,,,,,,,,,,,,,,,,,,,,,,,,,,,,,,,,,,,,
_origin_1,manuscript_1,,,"Cambridge, Peterhouse, MS 168",manuscript,,MS-PETERHOUSE-00168,Copied in the late 15th century. England.,,,,, Copied in the late 15th century. ,,1475,1500,high,Gregorian,England.,,,,,,,,,,,,,,,,,,,,,,,,,,,,,,,,,,,,,,,,,,,
_origin_1,manuscript_1,,,"Cambridge, Peterhouse, MS 178",manuscript,,MS-PETERHOUSE-00178,"Written in the 14th century, or perhaps late 13th century. Written in the Low Countries, or perhaps England. Date and location of production assigned based on palaeographical, decorative, and biographical details. M. R. James, A Descriptive Catalogue of the Manuscripts in the Library of Peterhouse (Cambridge: Cambridge University Press, 1899) R. M. Thomson, A Descriptive Catalogue of the Medieval Manuscripts in the Library of Peterhouse, Cambridge (Cambridge: D.S. Brewer, 2016)",,,,," Written in the 14th century, or perhaps
                                late 13th century. ",,1275,1400,medium,Gregorian,"Written in the Low Countries, or perhaps England.",,,,,,,,,,,,,,,,,,,,,,,,,,,,,,,,,,,,,,,,"M. R. James, A Descriptive Catalogue of the Manuscripts in the Library of Peterhouse (Cambridge: Cambridge University Press, 1899) ; R. M. Thomson, A Descriptive Catalogue of the Medieval Manuscripts in the Library of Peterhouse, Cambridge (Cambridge: D.S. Brewer, 2016)",,,
_origin_1,manuscript_1,,,"Cambridge, Peterhouse, MS 182",manuscript,,MS-PETERHOUSE-00182,Copied in the late 14th-century Italy,,,,, Copied in the late 14th-century,,1375,1400,high,Gregorian,Italy,,,,,,,,,,,,,,,,,,,,,,,,,,,,,,,,,,,,,,,,,,,
_origin_1,manuscript_1,,,"Cambridge, Peterhouse, MS 222",manuscript-composite,,PETERHOUSE-MS-00222,,,,,,,,,,,,,,,,,,,,,,,,,,,,,,,,,,,,,,,,,,,,,,,,,,,,,,,
_origin_1,manuscript_1,,,"Cambridge, Peterhouse, MS 222",part,,,"Copied in the 14th century, after 1321. On f. 6r in the rubric de secundis nuptiis there is a reference to a papal decision of 1321, so the main text must have been copied after that date: 'et sciendum est quia ista questio discussa erat determinata in sacro palacio domini pape. Anno domini M.C.C.C.XXI'. Probably copied in England. The liturgical form of the marriage ceremony presented in this volume includes the vows in Middle English in the same hand as the Latin text, so this part of the volume was almost certainly copied in England.",,6r,6r,6r," Copied in the 14th century, after 1321.
                                    On f. 6r in the rubric de secundis nuptiis there is a
                                    reference to a papal decision of 1321, so the main text must have been copied after that date: 'et sciendum est
                                    quia ista questio discussa erat determinata in sacro palacio domini pape. Anno domini M.C.C.C.XXI'. ",,1321,1400,high,Gregorian,"Probably copied in England. The liturgical form of the marriage ceremony presented in this volume includes the vows in Middle English in the same hand as the Latin text, so this part of the volume was almost certainly copied in England.",,,,,,,,,,,,,,,,,,,,,,,,,,,,,,,,,,,,,,,,,,,
_origin_2,manuscript_1,,,"Cambridge, Peterhouse, MS 222",part,,,Copied in the 14th century. England,,,,, Copied in the 14th century. ,,1300,1400,medium,Gregorian,England,,,,,,,,,,,,,,,,,,,,,,,,,,,,,,,,,,,,,,,,,,,
_origin_3,manuscript_1,,,"Cambridge, Peterhouse, MS 222",part,,,Late-13th or early-14th century. England.,,,,, Late-13th or early-14th century. ,,1250,1350,medium,Gregorian,England.,,,,,,,,,,,,,,,,,,,,,,,,,,,,,,,,,,,,,,,,,,,
_origin_4,manuscript_1,,,"Cambridge, Peterhouse, MS 222",part,,,Written in the 15th century. England,,,,, Written in the 15th century. ,,1400,1500,medium,Gregorian,England,,,,,,,,,,,,,,,,,,,,,,,,,,,,,,,,,,,,,,,,,,,
_origin_5,manuscript_1,,,"Cambridge, Peterhouse, MS 222",part,,,"Written in the 13th Century, probably in the first half. England",,,,," Written in the 13th Century, probably
                                    in the first half. ",,1200,1250,medium,Gregorian,England,,,,,,,,,,,,,,,,,,,,,,,,,,,,,,,,,,,,,,,,,,,
_origin_6,manuscript_1,,,"Cambridge, Peterhouse, MS 222",part,,,"Written in the 13th Century, probably in the first half. England",,,,," Written in the 13th Century, probably
                                    in the first half. ",,1200,1250,medium,Gregorian,England,,,,,,,,,,,,,,,,,,,,,,,,,,,,,,,,,,,,,,,,,,,
_origin_7,manuscript_1,,,"Cambridge, Peterhouse, MS 222",part,,,"Written in the 13th Century, probably in the first half, with later additions. England, or perhaps Flanders The larger texts in this part are written in styles of informal textualis libraria that are of English aspect, but the medical recipes in Flemish mean that an origin in Flanders cannot be entirely discounted.",,,,," Written in the 13th Century, probably
                                    in the first half, with later additions. ",,1200,1250,medium,Gregorian,"England, or perhaps Flanders",,,,,,,,,,,,,,,,,,,,,,,,,,,,,,,,,,,,,,,,,,,"The larger texts in this part are written in styles of informal textualis libraria that are of English aspect, but the medical recipes in Flemish mean that an origin in Flanders cannot be entirely discounted."
_origin_8,manuscript_1,,,"Cambridge, Peterhouse, MS 222",part,,,Written in the 13th century. England.,,,,, Written in the 13th century. ,,1200,1300,medium,Gregorian,England.,,,,,,,,,,,,,,,,,,,,,,,,,,,,,,,,,,,,,,,,,,,
_origin_9,manuscript_1,,,"Cambridge, Peterhouse, MS 222",part,,,Copied in the 14th century. ?France,,,,, Copied in the 14th century. ,,1300,1400,medium,Gregorian,?France,,,,,,,,,,,,,,,,,,,,,,,,,,,,,,,,,,,,,,,,,,,
_origin_1,manuscript_1,,,"Cambridge, Peterhouse, MS 247",manuscript-composite,,MS-PETERHOUSE-00247,,,,,,,,,,,,,,,,,,,,,,,,,,,,,,,,,,,,,,,,,,,,,,,,,,,,,,,
_origin_1,manuscript_1,,,"Cambridge, Peterhouse, MS 247",part,,,14th century. England.,,,,,14th century. ,,1300,1400,medium,Gregorian,England.,,,,,,,,,,,,,,,,,,,,,,,,,,,,,,,,,,,,,,,,,,,
_origin_2,manuscript_1,,,"Cambridge, Peterhouse, MS 247",part,,,"Probably 13th century. Probably copied in France, perhaps in Paris. Date of production suggested based on palaeographical features. Pam Robinson draws attention to a note on f. 34v which refers to pecia production: 'xma pecia debet incipi hac in linea’, and points out that the pecia system appears not to have been adopted in England.",,34v,34v,34v,Probably 13th century. ,,1200,1300,medium,Gregorian,"Probably copied in France, perhaps in Paris.",,,,,,,,,,,,,,,,,,,,,,,,,,,,,,,,,,,,,,,,,,,
_origin_3,manuscript_1,,,"Cambridge, Peterhouse, MS 247",part,,,Probably last quarter of the 13th century or the first quarter of the 14th century. England.,,,,,"Probably last quarter of the 13th
                                    century or the first quarter of the 14th century. ",,1275,1325,medium,Gregorian,England.,,,,,,,,,,,,,,,,,,,,,,,,,,,,,,,,,,,,,,,,,,,
_origin_4,manuscript_1,,,"Cambridge, Peterhouse, MS 247",part,,,"13th century, probably first quarter. Written in England, perhaps in Lanercost Priory in Cumbria. Date and place of production based on palaeographical features. A Lanercost origin for this Part is plausible based onreferences to the community of Lanercost within the volume, although as the Lanercost references in this Part are later than the main copying stints, the Lanercost references may have been added at Lanercost later after Part 4 was copied elsewhere.",,,,,"13th century, probably first quarter. ",,1200,1250,medium,Gregorian,"Written in England, perhaps in Lanercost Priory in Cumbria.",,,,,,,,,,,,,,,,,,,,,,,,,,,,,,,,,,,,,,,,,,,
_origin_5,manuscript_1,,,"Cambridge, Peterhouse, MS 247",part,,,13th century. England.,,,,,13th century. ,,1200,1300,medium,Gregorian,England.,,,,,,,,,,,,,,,,,,,,,,,,,,,,,,,,,,,,,,,,,,,
_origin_6,manuscript_1,,,"Cambridge, Peterhouse, MS 247",part,,,"Late 12th century or first half of the 13th century. England, perhaps at Lanercost Priory in Cumbria.",,,,,"Late 12th century or first half of the
                                    13th century. ",,1175,1250,medium,Gregorian,"England, perhaps at Lanercost Priory in Cumbria.",,,,,,,,,,,,,,,,,,,,,,,,,,,,,,,,,,,,,,,,,,,
_origin_7,manuscript_1,,,"Cambridge, Peterhouse, MS 247",part,,,Second half of the 13th century or the first half of the 14th century. England.,,,,,"Second half of the 13th century or the
                                    first half of the 14th century. ",,1250,1350,low,Gregorian,England.,,,,,,,,,,,,,,,,,,,,,,,,,,,,,,,,,,,,,,,,,,,
_origin_8,manuscript_1,,,"Cambridge, Peterhouse, MS 247",part,,,Last quarter of the 12th century or the first quarter of the 13th century. England.,,,,,"Last quarter of the 12th century or the
                                    first quarter of the 13th century. ",,1175,1225,medium,Gregorian,England.,,,,,,,,,,,,,,,,,,,,,,,,,,,,,,,,,,,,,,,,,,,
_origin_9,manuscript_1,,,"Cambridge, Peterhouse, MS 247",part,,,"Probably 14th century. England, perhaps Lanercost Priory. Date of production assigned based on identification of persons named on the leaf. Place of possible production (and certain later ownership) based on identification of persons named on the leaf.",,,,,Probably 14th century. ,,1300,1400,medium,Gregorian,"England, perhaps Lanercost Priory.",,,,,,,,,,,,,,,,,,,,,,,,,,,,,,,,,,,,,,,,,,,
_origin_1,manuscript_1,,,"Cambridge, Peterhouse, MS 251",manuscript-composite,,MS-PETERHOUSE-00251,,,,,,,,,,,,,,,,,,,,,,,,,,,,,,,,,,,,,,,,,,,,,,,,,,,,,,,
_origin_1,manuscript_1,,,"Cambridge, Peterhouse, MS 251",part,,,The oldest annotations on these leaves probably date from the 13th century or perhaps the late 12th. The Caucio inscription on f. i verso is dated '1330' and so ff. [ia]- i were almost certainly with some of the remainder of the volume as endleaves by that date. Probably written in England. There is a Caucio inscription on f. i verso which refers to a loan chest located in Cambridge.,,i verso; [ia]- i; i verso,i verso [ia] recto i verso,i verso i verso i verso," The oldest annotations on these leaves
                                    probably date from the 13th century or perhaps the late 12th. The Caucio inscription on f.
                                        i verso is dated '1330' and so ff. [ia]- i were almost certainly with some of the remainder of the volume as endleaves by
                                    that date. ",,1150,1330,high,Gregorian,Probably written in England. There is a Caucio inscription on f. i verso which refers to a loan chest located in Cambridge.,,,,,,,,,,,,,,,,,,,,,,,,,,,,,,,,,,,,,,,,,,,
_origin_2,manuscript_1,,,"Cambridge, Peterhouse, MS 251",part,,,"Written in the second half of the 12th century, or perhaps early 13th century. Date of origin suggested based on palaeographical features. Probably written in Italy. Place of origin suggested based on palaeographical features.",,,,," Written in the second half of the 12th
                                    century, or perhaps early 13th century. Date of origin suggested based on palaeographical features. ",,1150,1225,medium,Gregorian,Probably written in Italy. Place of origin suggested based on palaeographical features.,,,,,,,,,,,,,,,,,,,,,,,,,,,,,,,,,,,,,,,,,,,
_origin_3,manuscript_1,,,"Cambridge, Peterhouse, MS 251",part,,,Probably written in the 13th century. Date of origin suggested based on palaeographical features. Probably written in Italy. Place of origin suggested based on palaeographical features.,,,,,"Probably written in the 13th century.
                                    Date of origin suggested based on palaeographical features. ",,1200,1300,medium,Gregorian,Probably written in Italy. Place of origin suggested based on palaeographical features.,,,,,,,,,,,,,,,,,,,,,,,,,,,,,,,,,,,,,,,,,,,
_origin_4,manuscript_1,,,"Cambridge, Peterhouse, MS 251",part,,,Probably written in the second half of the 13th century. Date of origin suggested based on palaeographical features. Probably written in Italy. Place of origin suggested based on palaeographical features.,,,,," Probably written in the second half of
                                    the 13th century. Date of origin suggested based on palaeographical features. ",,1250,1300,medium,Gregorian,Probably written in Italy. Place of origin suggested based on palaeographical features.,,,,,,,,,,,,,,,,,,,,,,,,,,,,,,,,,,,,,,,,,,,
_origin_5,manuscript_1,,,"Cambridge, Peterhouse, MS 251",part,,,Probably written in the first half of the 13th century. Date of origin suggested based on palaeographical features. Probably written in Italy. Place of origin suggested based on palaeographical features.,,,,,"Probably written in the first half of
                                    the 13th century. Date of origin suggested based on palaeographical features. ",,1200,1250,medium,Gregorian,Probably written in Italy. Place of origin suggested based on palaeographical features.,,,,,,,,,,,,,,,,,,,,,,,,,,,,,,,,,,,,,,,,,,,
_origin_6,manuscript_1,,,"Cambridge, Peterhouse, MS 251",part,,,Probably written in the late 12th century. Date of origin suggested based on palaeographical features. Possibly written in ?Southern ?Italy. Place of origin suggested based on palaeographical features.,,,,,"Probably written in the late 12th
                                    century. Date of origin suggested based on palaeographical features. ",,1150,1200,medium,Gregorian,Possibly written in ?Southern ?Italy. Place of origin suggested based on palaeographical features.,,,,,,,,,,,,,,,,,,,,,,,,,,,,,,,,,,,,,,,,,,,
_origin_7,manuscript_1,,,"Cambridge, Peterhouse, MS 251",part,,,Probably written in the 13th century. Date of origin suggested based on palaeographical features. Probably written in Italy. Date of origin suggested based on palaeographical features.,,,,,"Probably written in the 13th century.
                                    Date of origin suggested based on palaeographical features. ",,1200,1300,medium,Gregorian,Probably written in Italy. Date of origin suggested based on palaeographical features.,,,,,,,,,,,,,,,,,,,,,,,,,,,,,,,,,,,,,,,,,,,
_origin_8,manuscript_1,,,"Cambridge, Peterhouse, MS 251",part,,,"Probably written in the second half of the 11th century, or first quarter of the 12th century. Date of origin for ff. 106r-191v assigned to 'xi/xii' by Gameson in The Manuscripts of Early Norman England (c.1066-1130) The Manuscripts of Early Norman England (c.1066-1130). Date of origin for ff. 106r-191v assigned to 'xi ex. or xi/xii' by Gneuss and Lapidge in Anglo-Saxon Manuscripts: A Bibliographical Handlist of Manuscripts and Manuscript Fragments Written or Owned in England up to 1100. Probably written at St Augustine's Abbey, Canterbury, England. Place of origin for ff. 106r-191v attributed to St Augustine's, Canterbury in Gameson, The Manuscripts of Early Norman England (c.1066-1130) (no. 117), and Gneuss and Lapidge, Anglo-Saxon Manuscripts: A Bibliographical Handlist of Manuscripts and Manuscript Fragments Written or Owned in England up to 1100 (no. 145). R. Gameson, The Manuscripts of Early Norman England (c.1066-1130) (Oxford: Published for the British Academy by Oxford University Press, 1999), Peterhouse MS 251 ff. 106-191 = no. 117H. Gneuss, and M. Lapidge, Anglo-Saxon Manuscripts: A Bibliographical Handlist of Manuscripts and Manuscript Fragments Written or Owned in England up to 1100, Toronto Anglo-Saxon Series, 15 (Toronto: University of Toronto Press, 2014), Peterhouse MS 251 ff. 106-191 = no. 145",,106r-191v; 106r-191v; 106r-191v,106r 106r 106r,191v 191v 191v," Probably written in the second half of
                                    the 11th century, or first quarter of the 12th century. Date of origin for ff. 106r-191v assigned to 'xi/xii' by Gameson in The Manuscripts of Early Norman
                                        England (c.1066-1130)
                                    The Manuscripts of Early Norman England (c.1066-1130). Date of origin for ff. 106r-191v assigned to 'xi ex. or xi/xii' by Gneuss and Lapidge in Anglo-Saxon Manuscripts: A Bibliographical Handlist of Manuscripts and Manuscript Fragments
                                        Written or Owned in England up to 1100. ",,1050,1125,high,Gregorian,"Probably written at St Augustine's Abbey, Canterbury, England. Place of origin for ff. 106r-191v attributed to St Augustine's, Canterbury in Gameson, The Manuscripts of Early Norman England (c.1066-1130) (no. 117), and Gneuss and Lapidge, Anglo-Saxon Manuscripts: A Bibliographical Handlist of Manuscripts and Manuscript Fragments Written or Owned in England up to 1100 (no. 145).",,,,,,,,,,,,,,,,,,,,,,,,,,,,,,,,,,,,,,,,"R. Gameson, The Manuscripts of Early Norman England (c.1066-1130) (Oxford: Published for the British Academy by Oxford University Press, 1999), Peterhouse MS 251 ff. 106-191 = no. 117; H. Gneuss, and M. Lapidge, Anglo-Saxon Manuscripts: A Bibliographical Handlist of Manuscripts and Manuscript Fragments Written or Owned in England up to 1100, Toronto Anglo-Saxon Series, 15 (Toronto: University of Toronto Press, 2014), Peterhouse MS 251 ff. 106-191 = no. 145",,,
_origin_9,manuscript_1,,,"Cambridge, Peterhouse, MS 251",part,,,Written in the 15th century. Folio 192r contains a copy of a letter dated to 1400 and annotations on folios 192v-[193] recto contain 15th century dates. Written in England. Several English names appear on the leaves.,,192r; 192v-[193] recto,192r 192v,192r [193] recto,Written in the 15th century. Folio 192r contains a copy of a letter dated to 1400 and annotations on folios 192v-[193] recto contain 15th century dates. ,,1400,1500,high,Gregorian,Written in England. Several English names appear on the leaves.,,,,,,,,,,,,,,,,,,,,,,,,,,,,,,,,,,,,,,,,,,,
_origin_1,,,,"Cambridge, Queens' College, MS 14",manuscript,,MS-QUEENS-00014,First half of 12th century England,,,,, First half of 12th century,,1100,1140,medium,Gregorian,England,,,,,,,,,,,,,,,,,,,,,,,,,,,,,,,,,,,,,,,,,,,
_origin_1,,,,"Cambridge, Queens'
                                          College, MS 15",manuscript,,MS-QUEENS-00015,12th century England,,,,,12th century,,1100,1200,medium,Gregorian,England,,,,,,,,,,,,,,,,,,,,,,,,,,,,,,,,,,,,,,,,,,,
_origin_1,,,,"Cambridge, Queens' College, MS 16",manuscript,,MS-QUEENS-00016,12th century England,,,,,12th century,,1100,1200,medium,Gregorian,England,,,,,,,,,,,,,,,,,,,,,,,,,,,,,,,,,,,,,,,,,,,
_origin_1,,,,"Cambridge, Queens' College, MS
                            18",manuscript,,MS-QUEENS-00018,"Second quarter of the 12th century England, possibly Lincoln",,,,, Second quarter of the 12th century ,,1130,1145,medium,Gregorian,"England, possibly Lincoln",,,,,,,,,,,,,,,,,,,,,,,,,,,,,,,,,,,,,,,,,,,
_origin_1,,,,"Cambridge, Queens' College, MS
                            18*",manuscript,,MS-QUEENS-00018*,"Second quarter of the 12th century England, possibly Lincoln",,,,, Second quarter of the 12th century ,,1130,1145,medium,Gregorian,"England, possibly Lincoln",,,,,,,,,,,,,,,,,,,,,,,,,,,,,,,,,,,,,,,,,,,
_origin_1,,,,"Cambridge, Queens' College, MS 19",manuscript,,MS-QUEENS-00019,Late 12th century England,,,,, Late 12th century ,,1170,1200,medium,Gregorian,England,,,,,,,,,,,,,,,,,,,,,,,,,,,,,,,,,,,,,,,,,,,
_origin_1,,,,"Cambridge, Queens' College, MS
                            20",manuscript-composite,,MS-QUEENS-00020,,,,,,,,,,,,,,,,,,,,,,,,,,,,,,,,,,,,,,,,,,,,,,,,,,,,,,,
_origin_1,,,,"Cambridge, Queens' College, MS
                            20",part,,,Late 12th century England,,,,, Late 12th century ,,1160,1200,medium,Gregorian,England,,,,,,,,,,,,,,,,,,,,,,,,,,,,,,,,,,,,,,,,,,,
_origin_2,,,,"Cambridge, Queens' College, MS
                            20",part,,,Late 12th century England,,,,,Late 12th century ,,1100,1199,medium,Gregorian,England,,,,,,,,,,,,,,,,,,,,,,,,,,,,,,,,,,,,,,,,,,,
_origin_1,,,,"Cambridge, Queens' College, MS
                            21",manuscript,,MS-QUEENS-00021,Second half of the 12th century England,,,,, Second half of the 12th century,,1150,1200,medium,Gregorian,England,,,,,,,,,,,,,,,,,,,,,,,,,,,,,,,,,,,,,,,,,,,
_origin_1,,,,"Cambridge, Queens' College, MS
                            22",manuscript,,MS-QUEENS-00022,"Mid-14th century (not before 1354, probably 1360s) England",,,,," Mid-14th century (not before 1354, probably
                                1360s)",,1354,1369,medium,Gregorian,England,,,,,,,,,,,,,,,,,,,,,,,,,,,,,,,,,,,,,,,,,,,
_origin_1,,,,"Cambridge, Queens' College, MS 23",manuscript,,MS-QUEENS-00023,13/14th century England,,,,, 13/14th century,,1200,1400,medium,Gregorian,England,,,,,,,,,,,,,,,,,,,,,,,,,,,,,,,,,,,,,,,,,,,
_origin_1,,,,"Cambridge, Queens' College, MS
                            24",manuscript,,MS-QUEENS-00024,First half of 15th-century (c.1420-1440) England,,,,,First half of 15th-century (c.1420-1440),,1420,1440,medium,Gregorian,England,,,,,,,,,,,,,,,,,,,,,,,,,,,,,,,,,,,,,,,,,,,
_origin_1,manuscript_1,,,"Cambridge, Queens' College, MS 25",manuscript,,,Early 15th century England,,,,,"Early
                                                15th century",,1400,1430,,Gregorian,England,,,,,,,,,,,,,,,,,,,,,,,,,,,,,,,,,,,,,,,,,,,
_origin_1,,,,"Cambridge, Queens' College, MS 26",manuscript,,MS-QUEENS-00026,First half of the 13th century England,,,,, First half of the 13th century,,1200,1250,medium,Gregorian,England,,,,,,,,,,,,,,,,,,,,,,,,,,,,,,,,,,,,,,,,,,,
_origin_1,,,,"Cambridge, Queens' College, MS
                            27",manuscript,,MS-QUEENS-00027,"Mid-15th century, c.1420-1440 England",,,,," Mid-15th century, c.1420-1440",,1420,1440,medium,Gregorian,England,,,,,,,,,,,,,,,,,,,,,,,,,,,,,,,,,,,,,,,,,,,
_origin_1,manuscript_1,,,"Cambridge, Queens' College, MS 28",manuscript,,,15th century (1450?) England,,,,,"15th
                                                century (1450?)",,1400,1500,,Gregorian,England,,,,,,,,,,,,,,,,,,,,,,,,,,,,,,,,,,,,,,,,,,,
_origin_1,,,,"Cambridge, Queens' College, MS
                            29",manuscript,,MS-QUEENS-00029,"13th century England, Worcester",,,,, 13th century ,,1200,1300,medium,Gregorian,"England, Worcester",,,,,,,,,,,,,,,,,,,,,,,,,,,,,,,,,,,,,,,,,,,
_origin_1,,,,"Cambridge, Queens' College, MS 30",manuscript,,MS-QUEENS-00030,"1472, with later additions England, Cambridge",,,,," 1472, with later additions ",,1472,1472,medium,Gregorian,"England, Cambridge",,,,,,,,,,,,,,,,,,,,,,,,,,,,,,,,,,,,,,,,,,,
_origin_1,,,,"Cambridge, Queens' College, MS 31",manuscript,,MS-QUEENS-00031,15th century England,,,,,15th century,,1400,1500,medium,Gregorian,England,,,,,,,,,,,,,,,,,,,,,,,,,,,,,,,,,,,,,,,,,,,
_origin_1,manuscript_11895,,,"Cambridge, Queens' College, MS 32",manuscript-composite,,MS-QUEENS-00032,first half of the 16th century,,,,,first half of the 16th century,,1500,1550,,gregorian,,,,,,,,,,,,,,,,,,,,,,,,,,,,,,,,,,,,,,,,,,,,
_origin_1,manuscript_11895,,,"Cambridge, Queens' College, MS 32",part,,,first half of the 16th century,,,,,"first half
                                    of the 16th century",,1500,1549,,,,,,,,,,,,,,,,,,,,,,,,,,,,,,,,,,,,,,,,,,,,,,
_origin_2,manuscript_11895,,,"Cambridge, Queens' College, MS 32",part,,,early 16th century,,,,,"early 16th
                                    century",,1490,1520,,gregorian,,,,,,,,,,,,,,,,,,,,,,,,,,,,,,,,,,,,,,,,,,,,
_origin_3,manuscript_11895,,,"Cambridge, Queens' College, MS 32",part,,,first half of the 16th century,,,,,"first half
                                    of the 16th century",,1500,1549,,gregorian,,,,,,,,,,,,,,,,,,,,,,,,,,,,,,,,,,,,,,,,,,,,
_origin_1,manuscript_11896,,,"Cambridge, Queens' College, MS 33",manuscript,,MS-QUEENS-00033,Venice Padua end of the 15th century and the beginning of the 16th,,,,," end of
                the 15th century and the beginning of the 16th",,1475,1515,,gregorian,,,,,,,,,,,,,,,,,,,,,,,,,,,,,,,,,,,,,,,,,,,,
_origin_1,,,,"Cambridge, Queens' College, MS
                            35",manuscript,,MS-QUEENS-00035,"Late 15th century, c.1471-1472 England",,,,," Late 15th century, c.1471-1472",,1471,1472,medium,Gregorian,England,,,,,,,,,,,,,,,,,,,,,,,,,,,,,,,,,,,,,,,,,,,
_origin_1,manuscript_1,,,"Cambridge, Queens' College, MS 50",manuscript,,,"1453, provided by colophon: Dit boec is ghesceven int iaer ons heren. M cccc ende liij Gheeijnt op sinte augustijns avent. Bidt voer die scriven een enghelsche gruet om maria wille (207v). Amsterdam",,207v,207v,207v,"1453, provided by
                                colophon: Dit boec is ghesceven int iaer ons
                                    heren. M cccc ende liij Gheeijnt op sinte augustijns avent. Bidt
                                    voer die scriven een enghelsche gruet om maria wille
                                    (207v).",,1453,1453,,Gregorian,Amsterdam,,,,,,,,,,,,,,,,,,,,,,,,,,,,,,,,,,,,,,,,,,,
_origin_1,manuscript_1,,,"Cambridge, Sidney Sussex College, MS 51",manuscript-composite,,MS-SIDNEYSUSSEX-00051,,,,,,,,,,,,,,,,,,,,,,,,,,,,,,,,,,,,,,,,,,,,,,,,,,,,,,,
_origin_1,manuscript_1,,,"Cambridge, Sidney Sussex College, MS 51",part,,,"Written in the 12th century, probably in the middle or second half of that century. Probably written in England.",,,,," Written in the 12th century, probably in
                                    the middle or second half of that century. ",,1100,1200,high,Gregorian,Probably written in England.,,,,,,,,,,,,,,,,,,,,,,,,,,,,,,,,,,,,,,,,,,,
_origin_2,manuscript_1,,,"Cambridge, Sidney Sussex College, MS 51",part,,,"Written in the 12th century, probably in the middle or second half of that century. Probably written in England",,,,," Written in the 12th century, probably in
                                    the middle or second half of that century. ",,1100,1200,high,Gregorian,Probably written in England,,,,,,,,,,,,,,,,,,,,,,,,,,,,,,,,,,,,,,,,,,,
_origin_3,manuscript_1,,,"Cambridge, Sidney Sussex College, MS 51",part,,,Written in the 12th century. Written in England. Place and date of production assigned based on palaeographical details.,,,,, Written in the 12th century. ,,1100,1200,medium,Gregorian,Written in England.,,,,,,,,,,,,,,,,,,,,,,,,,,,,,,,,,,,,,,,,,,,Place and date of production assigned based on palaeographical details.
_origin_4,manuscript_1,,,"Cambridge, Sidney Sussex College, MS 51",part,,,"Written in the 12th century. Written in England, perhaps at the Cathedral Priory in Durham Date and location of production assigned based on palaeographical assessment.",,,,, Written in the 12th century. ,,1100,1200,medium,Gregorian,"Written in England, perhaps at the Cathedral Priory in Durham",,,,,,,,,,,,,,,,,,,,,,,,,,,,,,,,,,,,,,,,,,,Date and location of production assigned based on palaeographical assessment.
_origin_1,manuscript_1,,,"Cambridge, Sidney Sussex College, MS 58",manuscript,,MS-SIDNEYSUSSEX-00058,15th century. England.,,,,,15th century. ,,1400,1500,high,Gregorian,England.,,,,,,,,,,,,,,,,,,,,,,,,,,,,,,,,,,,,,,,,,,,
_origin_1,manuscript_11897,,,"Cambridge, Sidney Sussex College, MS 61",manuscript,,MS-SIDNEY-00061,"Theonas Theonas, hieromonachos December 1561 2r 3r 3v Serres f. 1r-1v",,2r; 3r; 3v; f. 1r-1v,2r 3r 3v 1r,2r 3r 3v 1v,December 1561,1561-12,1561-12,1561-12,,gregorian,,,,,,,,,,,,,,,,,,,,,,,,,,,,,,,,,,,,,,,,,,,,
_origin_1,manuscript_77290,,,"Cambridge, Sidney Sussex College, MS 65",manuscript-composite,,MS-SIDNEY-00065,,,,,,,,,,,,,,,,,,,,,,,,,,,,,,,,,,,,,,,,,,,,,,,,,,,,,,,
_origin_1,manuscript_77290,,,"Cambridge, Sidney Sussex College, MS 65",part,,,"16th century western Europe Emmanuel Barnes (1561-1614) Barnes, Emanuel 1561-1614",,,,,,,,,,,western Europe,,,,,,,,,,,,,,,,,,,,,,,,,,,,,,,,,,,,,,,,,,,
_origin_2,manuscript_77290,,,"Cambridge, Sidney Sussex College, MS 65",part,,,,,,,,,,,,,,,,,,,,,,,,,,,,,,,,,,,,,,,,,,,,,,,,,,,,,,,,,
_origin_1,manuscript_1,,,"Cambridge, Sidney Sussex College, MS 85",manuscript,,MS-SIDNEYSUSSEX-00085,First half of the 14th century (probably in the early 14th century). England.,,,,,"First half of the 14th century (probably in
                                the early 14th century). ",,1300,1350,high,Gregorian,England.,,,,,,,,,,,,,,,,,,,,,,,,,,,,,,,,,,,,,,,,,,,
_origin_1,manuscript_77339,,,"Cambridge, Sidney Sussex College, MS 105",manuscript,,MS-SIDNEY-00105,"The manuscript was copied by an English scholar in the late 17th century (after 1688) (see Summary), in England. This dating is supported also by the watermark of the paper.",,,,,,,,,,,,,,,,,,,,,,,,,,,,,,,,,,,,,,,,,,,,,,,,,,,,,,
_origin_1,manuscript_11901,,,"Cambridge, St John's College, MS A.6",manuscript,,MS-SJC-A-00006,in the second half of the 16th century,,,,, in the second half of the 16th century,,1551,1599,,gregorian,,,,,,,,,,,,,,,,,,,,,,,,,,,,,,,,,,,,,,,,,,,,
_origin_1,manuscript_1,,,"Cambridge, St John's College, MS B.15",manuscript-composite,,MS-SJC-B-00015,,,,,,,,,,,,,,,,,,,,,,,,,,,,,,,,,,,,,,,,,,,,,,,,,,,,,,,
_origin_1,manuscript_1,,,"Cambridge, St John's College, MS B.15",part,,,Copied in the 15th century. England.,,,,, Copied in the 15th century.,,1400,1500,high,Gregorian,England.,,,,,,,,,,,,,,,,,,,,,,,,,,,,,,,,,,,,,,,,,,,
_origin_2,manuscript_1,,,"Cambridge, St John's College, MS B.15",part,,,Copied in the second half of the 15th century. England.,,,,," Copied in the second half of the 15th
                                    century. ",,1450,1500,high,Gregorian,England.,,,,,,,,,,,,,,,,,,,,,,,,,,,,,,,,,,,,,,,,,,,
_origin_3,manuscript_1,,,"Cambridge, St John's College, MS B.15",part,,,Copied in the second half of the 14th century. England.,,,,," Copied in the second half of the 14th
                                    century. ",,1350,1400,high,Gregorian,England.,,,,,,,,,,,,,,,,,,,,,,,,,,,,,,,,,,,,,,,,,,,
_origin_1,manuscript_1,,,"Cambridge, St John's College, MS D.3",manuscript-composite,,MS-SJC-D-00003,,,,,,,,,,,,,,,,,,,,,,,,,,,,,,,,,,,,,,,,,,,,,,,,,,,,,,,
_origin_1,manuscript_1,,,"Cambridge, St John's College, MS D.3",part,,,Written in the 13th century. England. Date and place of production assigned based on palaeographical features.,,,,, Written in the 13th century. ,,1200,1275,medium,Gregorian,England.,,,,,,,,,,,,,,,,,,,,,,,,,,,,,,,,,,,,,,,,,,,Date and place of production assigned based on palaeographical features.
_origin_2,manuscript_1,,,"Cambridge, St John's College, MS D.3",part,,,"Written in the 13th century. St Augustine's Abbey, Canterbury, England Date and place of production assigned based on palaeographical features.",,,,, Written in the 13th century. ,,1200,1275,low,Gregorian,"St Augustine's Abbey, Canterbury, England",,,,,,,,,,,,,,,,,,,,,,,,,,,,,,,,,,,,,,,,,,,Date and place of production assigned based on palaeographical features.
_origin_1,manuscript_1,,,"Cambridge, St John's College, MS D.4",manuscript-composite,,MS-SJC-D-00004,,,,,,,,,,,,,,,,,,,,,,,,,,,,,,,,,,,,,,,,,,,,,,,,,,,,,,,
_origin_1,manuscript_1,,,"Cambridge, St John's College, MS D.4",part,,,"Written in the thirteenth or fourteenth century, probably close to c. 1300. Probably France.",,,,," Written in the thirteenth or fourteenth
                                    century, probably close to c. 1300. ",,1200,1400,medium,Gregorian,Probably France.,,,,,,,,,,,,,,,,,,,,,,,,,,,,,,,,,,,,,,,,,,,
_origin_2,manuscript_1,,,"Cambridge, St John's College, MS D.4",part,,,Probably written in the 12th century. Probably Italy.,,,,, Probably written in the 12th century. ,,1100,1200,medium,Gregorian,Probably Italy.,,,,,,,,,,,,,,,,,,,,,,,,,,,,,,,,,,,,,,,,,,,
_origin_3,manuscript_1,,,"Cambridge, St John's College, MS D.4",part,,,"Probably written in the 14th century. Probably England. Monica Green discusses the origin of Cambridge, St John's College, MS D.4 in several works, but in particular see M. H. Green, 'The De Genecia Attributed to Constantine the African', in M. H. Green (ed.), , where she quotes Consuelo Dutschke's assessment that this list of the contents of ff. 153-181 was added to the volume in England in the 14th century.Women's Healthcare in the Medieval West Texts and Contexts (Aldershot, 2000), p. III:302, esp. n. 11",,,,, Probably written in the 14th century. ,,1300,1400,medium,Gregorian,Probably England.,,,,,,,,,,,,,,,,,,,,,,,,,,,,,,,,,,,,,,,,"M. H. Green, 'The De Genecia Attributed to Constantine the African', in M. H. Green (ed.), Women's Healthcare in the Medieval West Texts and Contexts (Aldershot, 2000), p. III:302, esp. n. 11",,,
_origin_4,manuscript_1,,,"Cambridge, St John's College, MS D.4",part,,,"Probably written in the first half of the 12th century. Probably Italy. Monica Green discusses the origin of Cambridge, St John's College, MS D.4 in several works, but in particular see M. H. Green, ‘The De Genecia Attributed to Constantine the African’, in M. H. Green (ed.), , where she shares Consuelo Dutschke's assessment of the manuscript as follows: ' ... copied in Italy during the first half of the twelfth century...'.Women’s Healthcare in the Medieval West Texts and Contexts (Aldershot, 2000), p. III:302, esp. n. 11",,,,," Probably written in the first half of
                                    the 12th century. ",,1100,1150,medium,Gregorian,Probably Italy.,,,,,,,,,,,,,,,,,,,,,,,,,,,,,,,,,,,,,,,,"M. H. Green, ‘The De Genecia Attributed to Constantine the African’, in M. H. Green (ed.), Women’s Healthcare in the Medieval West Texts and Contexts (Aldershot, 2000), p. III:302, esp. n. 11",,,"Monica Green discusses the origin of Cambridge, St John's College, MS D.4 in several works, but in particular see M. H. Green, ‘The De Genecia Attributed to Constantine the African’, in M. H. Green (ed.), , where she shares Consuelo Dutschke's assessment of the manuscript as follows: ' ... copied in Italy during the first half of the twelfth century...'.Women’s Healthcare in the Medieval West Texts and Contexts (Aldershot, 2000), p. III:302, esp. n. 11"
_origin_1,manuscript_1,,,"Cambridge, St John's College, MS E.6",manuscript-composite,,MS-SJC-E-00006,,,,,,,,,,,,,,,,,,,,,,,,,,,,,,,,,,,,,,,,,,,,,,,,,,,,,,,
_origin_1,manuscript_1,,,"Cambridge, St John's College, MS E.6",part,,,Copied in the 14th century. England.,,,,, Copied in the 14th century. ,,1300,1400,high,Gregorian,England.,,,,,,,,,,,,,,,,,,,,,,,,,,,,,,,,,,,,,,,,,,,
_origin_2,manuscript_1,,,"Cambridge, St John's College, MS E.6",part,,,"Copied by Thomas Betson during his time at Syon Abbey between 1481 and 1516. The Monastery of St Saviour and St Bridget of Syon, also known as Syon Abbey, in Twickenham, London.",,,,," Copied by Thomas Betson during his time
                                    at Syon Abbey between 1481 and 1516. ",,1481,1516,high,Gregorian,"The Monastery of St Saviour and St Bridget of Syon, also known as Syon Abbey, in Twickenham, London.",,,,,,,,,,,,,,,,,,,,,,,,,,,,,,,,,,,,,,,,,,,
_origin_1,manuscript_11898,,,"Cambridge, St John's College, MS F.15",manuscript,,MS-SJC-F-00015,in the early 16th century,,,,,,,,,,,,,,,,,,,,,,,,,,,,,,,,,,,,,,,,,,,,,,,,,,,,,,
_origin_1,manuscript_1,,,"Cambridge, St John's College, MS G.4",manuscript,,MS-SJC-G-00004,"Written in the 12th century Written in England, perhaps at Durham Cathedral Priory Date and location of production assigned based on palaeographical features.",,,,, Written in the 12th century ,,1100,1200,medium,Gregorian,"Written in England, perhaps at Durham Cathedral Priory",,,,,,,,,,,,,,,,,,,,,,,,,,,,,,,,,,,,,,,,,,,Date and location of production assigned based on palaeographical features.
_origin_1,manuscript_77291,,,"Cambridge, St John's College, MS H.19",manuscript,,MS-SJC-H-00019,"The manuscript was copied by a scribe of western European origin probably around the middle of the 16th century, in England.",,,,,,,,,,,,,,,,,,,,,,,,,,,,,,,,,,,,,,,,,,,,,,,,,,,,,,
_origin_1,manuscript_1,,,"Cambridge, St John's College, MS K.49",manuscript,,MS-SJC-K-00049,Copied in the 15th century England,,,,,Copied in the 15th century ,,1400,1500,high,Gregorian,England,,,,,,,,,,,,,,,,,,,,,,,,,,,,,,,,,,,,,,,,,,,
_origin_1,manuscript_77292,,,"Cambridge, St John's College, MS M.8",manuscript,,MS-ST-JOHNS-M-00008,the last quarter of the 16th century or the early years of the 17th 1575,,,,,"the last quarter of the 16th
                                century or the early years of the 17th",,1575,1615,,gregorian,,,,,,,,,,,,,,,,,,,,,,,,,,,,,,,,,,,,,,,,,,,,
_origin_1,manuscript_11899,,,"Cambridge, St John's College, MS O.79",manuscript-composite,,MS-ST-JOHNS-O-00079,,,,,,,,,,,,,,,,,,,,,,,,,,,,,,,,,,,,,,,,,,,,,,,,,,,,,,,
_origin_1,manuscript_11899,,,"Cambridge, St John's College, MS O.79",part,,,"mid-14th century John V Palaiologos (1332-1391, r. 1341-1391) John V Palaeologus, Emperor of the East, -1391 John VI Kantakouzenos (c. 1292-1383, r. 1347-1354) John VI Cantacuzenus, Emperor of the East, 1292-1383 Manuel Sergopoulos Sergopoulos Manuel",,,,,,,,,,,,,,,,,,,,,,,,,,,,,,,,,,,,,,,,,,,,,,,,,,,,,,
_origin_2,manuscript_11899,,,"Cambridge, St John's College, MS O.79",part,,,late 14th century 1462,,,,,"late 14th
                                    century",,1370,1399,,gregorian,,,,,,,,,,,,,,,,,,,,,,,,,,,,,,,,,,,,,,,,,,,,
_origin_1,manuscript_11907,,,"Cambridge, Trinity College, MS B.3.18",manuscript-composite,,MS-TRINITY-B-00003-00018,,,,,,,,,,,,,,,,,,,,,,,,,,,,,,,,,,,,,,,,,,,,,,,,,,,,,,,
_origin_1,manuscript_11907,,,"Cambridge, Trinity College, MS B.3.18",part,,,"Italy middle of the 16th century P. Canart, 'Les manuscrits copiés par Emmanuel Provataris (1546-1570 environ): Essai d'étude codicologique', in Mélanges Eugène Tisserant, VI (Città del Vaticano, 1964), pp. 173-287 Città del Vaticano, Biblioteca Apostolica Vaticana, gr. 1184 Canart (1964) Città del Vaticano, Biblioteca Apostolica Vaticana, gr. 625 Canart (1964) Canart (1964)",,,,,"
                                    middle of the 16th century",,1546,1554,,gregorian,Italy,,,,,,,,,,,,,,,,,,,,,,,,,,,,,,,,,,,,,,,,"P. Canart, 'Les manuscrits copiés par Emmanuel Provataris (1546-1570 environ): Essai d'étude codicologique', in Mélanges Eugène Tisserant, VI (Città del Vaticano, 1964), pp. 173-287; Città del Vaticano, Biblioteca Apostolica Vaticana, gr. 1184; Canart (1964); Città del Vaticano, Biblioteca Apostolica Vaticana, gr. 625; Canart (1964); Canart (1964)",,,
_origin_2,manuscript_11907,,,"Cambridge, Trinity College, MS B.3.18",part,,,"Main 5 Mon. 27 Mondrain (1992) V. Tiftixoglu, Katalog der griechischen Handschriften der Bayerischen Staatsbibliothek München, 1: Codices graeci Monacenses 1 - 55 (Munich, 2004)",,,,,,,,,,,,,,,,,,,,,,,,,,,,,,,,,,,,,,,,,,,,,,,,,,,"Mondrain (1992); V. Tiftixoglu, Katalog der griechischen Handschriften der Bayerischen Staatsbibliothek München, 1: Codices graeci Monacenses 1 - 55 (Munich, 2004)",,,
_origin_1,manuscript_11908,,,"Cambridge, Trinity College, MS B.4.10",manuscript,,MS-TRINITY-B-00004-00010,"The manuscript was copied in the first half of the 16th century by the scribe and printer Bartolomeo Zanetti, in Italy.",,,,,,,,,,,,,,,,,,,,,,,,,,,,,,,,,,,,,,,,,,,,,,,,,,,,,,
_origin_1,manuscript_11910,,,"Cambridge, Trinity College, MS B.7.1",manuscript,,MS-TRINITY-B-00007-00001,"The characteristics of the script suggest that the manuscript was copied in the 10th century, probably in the second half.",,,,,,,,,,,,,,,,,,,,,,,,,,,,,,,,,,,,,,,,,,,,,,,,,,,,,,
_origin_1,manuscript_11911,,,"Cambridge, Trinity College, MS B.7.2",manuscript,,MS-TRINITY-B-00007-00002,"Theophilos of Iberon (1460/70-1548)Theophilos of Iberon (1460/70-1548) Monastery of the Pantokrator Monē Pantokratoros (Athos, Greece) Mount Athos June 1535 f. 474r",,f. 474r,474r,474r,June 1535,1535-06,1535-06,1535-06,,gregorian,Mount Athos,,,,,,,,,,,,,,,,,,,,,,,,,,,,,,,,,,,,,,,,,,,
_origin_1,manuscript_11912,,,"Cambridge, Trinity College, MS B.7.3",manuscript-composite,,MS-TRINITY-B-00007-00003,,,,,,,,,,,,,,,,,,,,,,,,,,,,,,,,,,,,,,,,,,,,,,,,,,,,,,,
_origin_1,manuscript_11912,,,"Cambridge, Trinity College, MS B.7.3",part,,,the 13th century,,,,,,,,,,,,,,,,,,,,,,,,,,,,,,,,,,,,,,,,,,,,,,,,,,,,,,
_origin_2,manuscript_11912,,,"Cambridge, Trinity College, MS B.7.3",part,,,late 13th century,,,,,,,,,,,,,,,,,,,,,,,,,,,,,,,,,,,,,,,,,,,,,,,,,,,,,,
_origin_1,manuscript_11913,,,"Cambridge, Trinity College, MS B.7.4",manuscript,,MS-TRINITY-B-00007-00004,The manuscript was copied in the 17th century.,,,,,,,,,,,,,,,,,,,,,,,,,,,,,,,,,,,,,,,,,,,,,,,,,,,,,,
_origin_1,manuscript_11914,,,"Cambridge, Trinity College, MS B.7.7",manuscript,,MS-TRINITY-B-00007-00007,the late 13th or early 14th century,,,,,,,,,,,,,,,,,,,,,,,,,,,,,,,,,,,,,,,,,,,,,,,,,,,,,,
_origin_1,manuscript_11915,,,"Cambridge, Trinity College, MS B.8.1",manuscript-composite,,MS-TRINITY-B-00008-00001,,,,,,,,,,,,,,,,,,,,,,,,,,,,,,,,,,,,,,,,,,,,,,,,,,,,,,,
_origin_1,manuscript_11915,,,"Cambridge, Trinity College, MS B.8.1",part,,,the first half of the 12th century,,,,,"the first half of the 12th
                                    century",,1100,1150,,gregorian,,,,,,,,,,,,,,,,,,,,,,,,,,,,,,,,,,,,,,,,,,,,
_origin_2,manuscript_11915,,,"Cambridge, Trinity College, MS B.8.1",part,,,13th century,,,,,,,,,,,,,,,,,,,,,,,,,,,,,,,,,,,,,,,,,,,,,,,,,,,,,,
_origin_1,manuscript_11916,,,"Cambridge, Trinity College, MS B.8.2",manuscript,,MS-TRINITY-B-00008-00002,11th century,,,,,,,,,,,,,,,,,,,,,,,,,,,,,,,,,,,,,,,,,,,,,,,,,,,,,,
_origin_1,manuscript_11917,,,"Cambridge, Trinity College, MS B.8.3",manuscript-composite,,MS-TRINITY-B-00008-00003,,,,,,,,,,,,,,,,,,,,,,,,,,,,,,,,,,,,,,,,,,,,,,,,,,,,,,,
_origin_1,manuscript_11917,,,"Cambridge, Trinity College, MS B.8.3",part,,,12th century,,,,,"12th
                                century",,1100,1199,,gregorian,,,,,,,,,,,,,,,,,,,,,,,,,,,,,,,,,,,,,,,,,,,,
_origin_2,manuscript_11917,,,"Cambridge, Trinity College, MS B.8.3",part,,,second half of the 12th or 13th century,,,,,,,,,,,,,,,,,,,,,,,,,,,,,,,,,,,,,,,,,,,,,,,,,,,,,,
_origin_1,manuscript_11918,,,"Cambridge, Trinity College, MS B.8.4",manuscript,,MS-TRINITY-B-00008-00004,late 13th or early 14th century,,,,,,,,,,,,,,,,,,,,,,,,,,,,,,,,,,,,,,,,,,,,,,,,,,,,,,
_origin_1,manuscript_11919,,,"Cambridge, Trinity College, MS B.8.5",manuscript-composite,,MS-TRINITY-B-00008-00005,,,,,,,,,,,,,,,,,,,,,,,,,,,,,,,,,,,,,,,,,,,,,,,,,,,,,,,
_origin_1,manuscript_11919,,,"Cambridge, Trinity College, MS B.8.5",part,,,late 15th century late 15th or 16th century,,,,,,,,,,,,,,,,,,,,,,,,,,,,,,,,,,,,,,,,,,,,,,,,,,,,,,
_origin_2,manuscript_11919,,,"Cambridge, Trinity College, MS B.8.5",part,,,13th century iota iota,,,,,"13th
                  century",,1200,1299,low,gregorian,,,,,,,,,,,,,,,,,,,,,,,,,,,,,,,,,,,,,,,,,,,,
_origin_1,manuscript_11927,,,"Cambridge, Trinity College, MS B.8.5A",manuscript,,MS-TRINITY-B-00008-00005-A,9th century,,,,,"9th
                                century",,800,899,,gregorian,,,,,,,,,,,,,,,,,,,,,,,,,,,,,,,,,,,,,,,,,,,,
_origin_1,manuscript_11920,,,"Cambridge, Trinity College, MS B.8.6",manuscript-composite,,MS-TRINITY-B-00008-00006,,,,,,,,,,,,,,,,,,,,,,,,,,,,,,,,,,,,,,,,,,,,,,,,,,,,,,,
_origin_1,manuscript_11920,,,"Cambridge, Trinity College, MS B.8.6",part,,,second half of the 11th or first half of the 12th century,,,,,,,,,,,,,,,,,,,,,,,,,,,,,,,,,,,,,,,,,,,,,,,,,,,,,,
_origin_2,manuscript_11920,,,"Cambridge, Trinity College, MS B.8.6",part,,,late 12th or 13th century,,,,,"late 12th
                                    or 13th century",,1150,1299,,gregorian,,,,,,,,,,,,,,,,,,,,,,,,,,,,,,,,,,,,,,,,,,,,
_origin_1,manuscript_11921,,,"Cambridge, Trinity College, MS B.8.7",manuscript-composite,,MS-TRINITY-B-00008-00007,,,,,,,,,,,,,,,,,,,,,,,,,,,,,,,,,,,,,,,,,,,,,,,,,,,,,,,
_origin_1,manuscript_11921,,,"Cambridge, Trinity College, MS B.8.7",part,,,second half of the 11th century southern Italy,,,,,second half of the 11th century,,1050,1099,,gregorian,southern Italy,,,,,,,,,,,,,,,,,,,,,,,,,,,,,,,,,,,,,,,,,,,
_origin_2,manuscript_11921,,,"Cambridge, Trinity College, MS B.8.7",part,,,15th century,,,,,,,,,,,,,,,,,,,,,,,,,,,,,,,,,,,,,,,,,,,,,,,,,,,,,,
_origin_1,manuscript_11922,,,"Cambridge, Trinity College, MS B.8.8",manuscript,,MS-TRINITY-B-00008-00008,10th century,,,,,,,,,,,,,,,,,,,,,,,,,,,,,,,,,,,,,,,,,,,,,,,,,,,,,,
_origin_1,manuscript_11923,,,"Cambridge, Trinity College, MS B.8.9",manuscript,,MS-TRINITY-B-00008-00009,second half of the 14th century,,,,,"second half of
                                the 14th century",,1350,1399,,gregorian,,,,,,,,,,,,,,,,,,,,,,,,,,,,,,,,,,,,,,,,,,,,
_origin_1,manuscript_11924,,,"Cambridge, Trinity College, MS B.8.10",manuscript-composite,,MS-TRINITY-B-00008-00010,,,,,,,,,,,,,,,,,,,,,,,,,,,,,,,,,,,,,,,,,,,,,,,,,,,,,,,
_origin_1,manuscript_11924,,,"Cambridge, Trinity College, MS B.8.10",part,,,14th century,,,,,,,,,,,,,,,,,,,,,,,,,,,,,,,,,,,,,,,,,,,,,,,,,,,,,,
_origin_2,manuscript_11924,,,"Cambridge, Trinity College, MS B.8.10",part,,,14th century,,,,,,,,,,,,,,,,,,,,,,,,,,,,,,,,,,,,,,,,,,,,,,,,,,,,,,
_origin_1,manuscript_11925,,,"Cambridge, Trinity College, MS B.8.11",manuscript,,MS-TRINITY-B-00008-00011,in the 11th century,,,,,in the 11th century,,1000,1099,,gregorian,,,,,,,,,,,,,,,,,,,,,,,,,,,,,,,,,,,,,,,,,,,,
_origin_1,manuscript_11926,,,"Cambridge, Trinity College, MS B.8.12",manuscript,,MS-TRINITY-B-00008-00012,12th or 13th century first half of 16th century,,,,,,,,,,,,,,,,,,,,,,,,,,,,,,,,,,,,,,,,,,,,,,,,,,,,,,
_origin_1,manuscript_11928,,,"Cambridge, Trinity College, MS B.9.1",manuscript-composite,,MS-TRINITY-B-00009-00001,,,,,,,,,,,,,,,,,,,,,,,,,,,,,,,,,,,,,,,,,,,,,,,,,,,,,,,
_origin_1,manuscript_11928,,,"Cambridge, Trinity College, MS B.9.1",part,,,between the mid-11th and mid-12th century,,,,,,,,,,,,,,,,,,,,,,,,,,,,,,,,,,,,,,,,,,,,,,,,,,,,,,
_origin_2,manuscript_11928,,,"Cambridge, Trinity College, MS B.9.1",part,,,between the mid-11th and mid-12th century,,,,,between the mid-11th and mid-12th century,,1030,1150,,gregorian,,,,,,,,,,,,,,,,,,,,,,,,,,,,,,,,,,,,,,,,,,,,
_origin_1,manuscript_11929,,,"Cambridge, Trinity College, MS B.9.2",manuscript,,MS-TRINITY-B-00009-00002,12th century,,,,,12th century,,1100,1199,,gregorian,,,,,,,,,,,,,,,,,,,,,,,,,,,,,,,,,,,,,,,,,,,,
_origin_1,manuscript_11930,,,"Cambridge, Trinity College, MS B.9.3",manuscript-composite,,MS-TRINITY-B-00009-00003,,,,,,,,,,,,,,,,,,,,,,,,,,,,,,,,,,,,,,,,,,,,,,,,,,,,,,,
_origin_1,manuscript_11930,,,"Cambridge, Trinity College, MS B.9.3",part,,,11th century,,,,,"11th
                                century",,1000,1099,,gregorian,,,,,,,,,,,,,,,,,,,,,,,,,,,,,,,,,,,,,,,,,,,,
_origin_2,manuscript_11930,,,"Cambridge, Trinity College, MS B.9.3",part,,,second half of the 12th century,,,,,,,,,,,,,,,,,,,,,,,,,,,,,,,,,,,,,,,,,,,,,,,,,,,,,,
_origin_3,manuscript_11930,,,"Cambridge, Trinity College, MS B.9.3",part,,,southern Italy 11th century 13th century,,,,,,,,,,,,,,,,,,,,,,,,,,,,,,,,,,,,,,,,,,,,,,,,,,,,,,
_origin_1,manuscript_11931,,,"Cambridge, Trinity College, MS B.9.4",manuscript-composite,,MS-TRINITY-B-00009-00004,,,,,,,,,,,,,,,,,,,,,,,,,,,,,,,,,,,,,,,,,,,,,,,,,,,,,,,
_origin_1,manuscript_11931,,,"Cambridge, Trinity College, MS B.9.4",part,,,first half of the 15th century,,,,,,,,,,,,,,,,,,,,,,,,,,,,,,,,,,,,,,,,,,,,,,,,,,,,,,
_origin_2,manuscript_11931,,,"Cambridge, Trinity College, MS B.9.4",part,,,first half of the 12th century,,,,,"first half of the
                  12th century",,1100,1150,low,gregorian,,,,,,,,,,,,,,,,,,,,,,,,,,,,,,,,,,,,,,,,,,,,
_origin_1,manuscript_11932,,,"Cambridge, Trinity College, MS B.9.5",manuscript,,MS-TRINITY-B-00009-00005,"The manuscript was copied by the scribe Michael, who was active in Italy around the middle of the 16th century ( Kresten (1976), pp. 57-58 suggests a date in the years 1546-1556)",,,,,,,,,,,,,,,,,,,,,,,,,,,,,,,,,,,,,,,,,,,,,,,,,,,Kresten (1976),,,
_origin_1,manuscript_11933,,,"Cambridge, Trinity College, MS B.9.6",manuscript,,MS-TRINITY-B-00009-00006,first two-thirds of the 16th century,,,,,"first
                        two-thirds of the 16th century",,1500,1560,,gregorian,,,,,,,,,,,,,,,,,,,,,,,,,,,,,,,,,,,,,,,,,,,,
_origin_1,manuscript_11934,,,"Cambridge, Trinity College, MS B.9.7",manuscript-composite,,MS-TRINITY-B-00009-00007,,,,,,,,,,,,,,,,,,,,,,,,,,,,,,,,,,,,,,,,,,,,,,,,,,,,,,,
_origin_1,manuscript_11934,,,"Cambridge, Trinity College, MS B.9.7",part,,,mid-16th century Venice Savvidis (2010) Opitz (1935),,,,,"
                                    mid-16th century",,1540,1560,,gregorian,Venice,,,,,,,,,,,,,,,,,,,,,,,,,,,,,,,,,,,,,,,,Savvidis (2010); Opitz (1935),,,
_origin_2,manuscript_11934,,,"Cambridge, Trinity College, MS B.9.7",part,,,"second half of the 16th century Basel, Universitätsbibliothek, MS A.III.4 Opitz 1935 Anglicanus",,,,,"second
                                    half of the 16th century",,1550,1599,,gregorian,,,,,,,,,,,,,,,,,,,,,,,,,,,,,,,,,,,,,,,,,"Basel, Universitätsbibliothek, MS A.III.4; Opitz 1935",,,
_origin_1,manuscript_11935,,,"Cambridge, Trinity College, MS B.9.8",manuscript,,MS-TRINITY-B-00009-00008,"The manuscript was copied by the scribe Michael, who was active in Italy, and another contemporary hand, around the middle of the 16th century.",,,,,,,,,,,,,,,,,,,,,,,,,,,,,,,,,,,,,,,,,,,,,,,,,,,,,,
_origin_1,manuscript_11936,,,"Cambridge, Trinity College, MS B.9.9",manuscript,,MS-TRINITY-B-00009-00009,"As the watermarks and the scripts indicate, the manuscript was copied around the 1550s-1560s by the scribe Camillo Zanetti, his father Bartolomeo, and another contemporary scribe, in Italy.",,,,,,,,,,,,,,,,,,,,,,,,,,,,,,,,,,,,,,,,,,,,,,,,,,,,,,
_origin_1,manuscript_11937,,,"Cambridge, Trinity College, MS B.9.10",manuscript,,MS-TRINITY-B-00009-00010,"The manuscript was copied in the 17th century, before 1647 by an anonymous scribe and Claude Sarrau, who concluded his work in Paris in 1647, as stated in the colophon on f. 58r.",,f. 58r,58r,58r,,,,,,,,,,,,,,,,,,,,,,,,,,,,,,,,,,,,,,,,,,,,,,,,,,
_origin_1,manuscript_11938,,,"Cambridge, Trinity College, MS B.9.11",manuscript,,MS-TRINITY-B-00009-00011,"The manuscript was copied in the 17th century, before 1672, when it was donated to the Library, from MS Oxon. Bodl. Auct. E.4.13-15. The transcription was allegedly made by Herbert Thorndike ( Brooke (1896), p. xii).",,,,,,,,,,,,,,,,,,,,,,,,,,,,,,,,,,,,,,,,,,,,,,,,,,,Brooke (1896),,,
_origin_1,manuscript_11939,,,"Cambridge, Trinity College, MS B.9.12",manuscript,,MS-TRINITY-B-00009-00012,12th century,,,,,,,,,,,,,,,,,,,,,,,,,,,,,,,,,,,,,,,,,,,,,,,,,,,,,,
_origin_1,manuscript_11940,,,"Cambridge, Trinity College, MS B.9.13",manuscript,,MS-TRINITY-B-00009-00013,10th or 11th century,,,,,,,,,,,,,,,,,,,,,,,,,,,,,,,,,,,,,,,,,,,,,,,,,,,,,,
_origin_1,manuscript_11941,,,"Cambridge, Trinity College, MS B.9.14",manuscript-composite,,MS-TRINITY-B-00009-00014,,,,,,,,,,,,,,,,,,,,,,,,,,,,,,,,,,,,,,,,,,,,,,,,,,,,,,,
_origin_1,manuscript_11941,,,"Cambridge, Trinity College, MS B.9.14",part,,,14th century,,,,,14th century,,1300,1399,,gregorian,,,,,,,,,,,,,,,,,,,,,,,,,,,,,,,,,,,,,,,,,,,,
_origin_2,manuscript_11941,,,"Cambridge, Trinity College, MS B.9.14",part,,,11th century,,,,,11th century,,1000,1099,,gregorian,,,,,,,,,,,,,,,,,,,,,,,,,,,,,,,,,,,,,,,,,,,,
_origin_1,manuscript_11942,,,"Cambridge, Trinity College, MS B.9.15",manuscript-composite,,MS-TRINITY-B-00009-00015,,,,,,,,,,,,,,,,,,,,,,,,,,,,,,,,,,,,,,,,,,,,,,,,,,,,,,,
_origin_1,manuscript_11942,,,"Cambridge, Trinity College, MS B.9.15",part,,,third quarter of the 10th century iota nomina sacra,,,,,"third quarter of the 10th
                  century",,950,975,,gregorian,,,,,,,,,,,,,,,,,,,,,,,,,,,,,,,,,,,,,,,,,,,,
_origin_2,manuscript_11942,,,"Cambridge, Trinity College, MS B.9.15",part,,,first half of the 15th century,,,,,,,,,,,,,,,,,,,,,,,,,,,,,,,,,,,,,,,,,,,,,,,,,,,,,,
_origin_1,manuscript_11943,,,"Cambridge, Trinity College, MS B.10.3",manuscript,,MS-TRINITY-B-00010-00003,"John Whitgift (c. 1530-1604) Whitgift, John, 1530?-1604 March 1583",,,,,March 1583,1583-03,1583-03,1583-03,,gregorian,,,,,,,,,,,,,,,,,,,,,,,,,,,,,,,,,,,,,,,,,,,,
_origin_1,manuscript_11944,,,"Cambridge, Trinity College, MS B.10.11",manuscript,,MS-TRINITY-B-00010-00011,second half of the 14th century,,,,,"second half of
                                the 14th century",,1350,1399,,gregorian,,,,,,,,,,,,,,,,,,,,,,,,,,,,,,,,,,,,,,,,,,,,
_origin_1,manuscript_11945,,,"Cambridge, Trinity College, MS B.10.16",manuscript,,MS-TRINITY-B-00010-00016,"hieromonachos Iakovos Iakovos, hieromonachos Sinai 1315/16",,,,,1315/16,,1315-09-01,1316-08-31,,gregorian,,,,,,,,,,,,,,,,,,,,,,,,,,,,,,,,,,,,,,,,,,,,
_origin_1,manuscript_11946,,,"Cambridge, Trinity College, MS B.10.17",manuscript-composite,,MS-TRINITY-B-00010-00017,,,,,,,,,,,,,,,,,,,,,,,,,,,,,,,,,,,,,,,,,,,,,,,,,,,,,,,
_origin_1,manuscript_11946,,,"Cambridge, Trinity College, MS B.10.17",part,,,,,,,,,,,,,,,,,,,,,,,,,,,,,,,,,,,,,,,,,,,,,,,,,,,,,,,,,
_origin_2,manuscript_11946,,,"Cambridge, Trinity College, MS B.10.17",part,,,first half of the 15th century,,,,,,,,,,,,,,,,,,,,,,,,,,,,,,,,,,,,,,,,,,,,,,,,,,,,,,
_origin_3,manuscript_11946,,,"Cambridge, Trinity College, MS B.10.17",part,,,13th century,,,,,13th century,,1200,1300,,gregorian,,,,,,,,,,,,,,,,,,,,,,,,,,,,,,,,,,,,,,,,,,,,
_origin_1,manuscript_11947,,,"Cambridge, Trinity College, MS B.11.17",manuscript-composite,,MS-TRINITY-B-00011-00017,,,,,,,,,,,,,,,,,,,,,,,,,,,,,,,,,,,,,,,,,,,,,,,,,,,,,,,
_origin_1,manuscript_11947,,,"Cambridge, Trinity College, MS B.11.17",part,,,14th century,,,,,"14th
                                    century",,1300,1399,,gregorian,,,,,,,,,,,,,,,,,,,,,,,,,,,,,,,,,,,,,,,,,,,,
_origin_2,manuscript_11947,,,"Cambridge, Trinity College, MS B.11.17",part,,,later 14th century,,,,,"later 14th
                                    century",,1350,1399,,gregorian,,,,,,,,,,,,,,,,,,,,,,,,,,,,,,,,,,,,,,,,,,,,
_origin_3,manuscript_11947,,,"Cambridge, Trinity College, MS B.11.17",part,,,later 14th century,,,,,"later 14th
                                    century",,1350,1399,,gregorian,,,,,,,,,,,,,,,,,,,,,,,,,,,,,,,,,,,,,,,,,,,,
_origin_1,manuscript_1,,,"Cambridge, Trinity College, MS B.14.19",manuscript-composite,,MS-TRINITY-COLLEGE-B-00014-00019,,,,,,,,,,,,,,,,,,,,,,,,,,,,,,,,,,,,,,,,,,,,,,,,,,,,,,,
_origin_1,manuscript_1,,,"Cambridge, Trinity College, MS B.14.19",part,,,Second half of the 13th century. ?England.,,,,,Second half of the 13th century. ,,1250,1300,high,Gregorian,?England.,,,,,,,,,,,,,,,,,,,,,,,,,,,,,,,,,,,,,,,,,,,
_origin_2,manuscript_1,,,"Cambridge, Trinity College, MS B.14.19",part,,,First quarter of the 15th century. England.,,,,,First quarter of the 15th century. ,,1400,1425,high,Gregorian,England.,,,,,,,,,,,,,,,,,,,,,,,,,,,,,,,,,,,,,,,,,,,
_origin_3,manuscript_1,,,"Cambridge, Trinity College, MS B.14.19",part,,,Second half of the 13th century. ?England.,,,,,Second half of the 13th century. ,,1250,1300,high,Gregorian,?England.,,,,,,,,,,,,,,,,,,,,,,,,,,,,,,,,,,,,,,,,,,,
_origin_4,manuscript_1,,,"Cambridge, Trinity College, MS B.14.19",part,,,15th century. England.,,,,,15th century. ,,1400,1500,high,Gregorian,England.,,,,,,,,,,,,,,,,,,,,,,,,,,,,,,,,,,,,,,,,,,,
_origin_5,manuscript_1,,,"Cambridge, Trinity College, MS B.14.19",part,,,15th century. England.,,,,,15th century. ,,1400,1500,high,Gregorian,England.,,,,,,,,,,,,,,,,,,,,,,,,,,,,,,,,,,,,,,,,,,,
_origin_6,manuscript_1,,,"Cambridge, Trinity College, MS B.14.19",part,,,First half of the 14th century. England.,,,,,First half of the 14th century. ,,1350,1350,high,Gregorian,England.,,,,,,,,,,,,,,,,,,,,,,,,,,,,,,,,,,,,,,,,,,,
_origin_7,manuscript_1,,,"Cambridge, Trinity College, MS B.14.19",part,,,15th century. England.,,,,,15th century. ,,1400,1500,high,Gregorian,England.,,,,,,,,,,,,,,,,,,,,,,,,,,,,,,,,,,,,,,,,,,,
_origin_1,manuscript_11948,,,"Cambridge, Trinity College, MS B.17.1",manuscript,,MS-TRINITY-B-00017-00001,Carolingian Empire 9th century,,,,,9th century,,800,899,,gregorian,Carolingian Empire,,,,,,,,,,,,,,,,,,,,,,,,,,,,,,,,,,,,,,,,,,,
_origin_1,manuscript_11949,,,"Cambridge, Trinity College, MS B.17.2",manuscript,,MS-TRINITY-B-00017-00002,"Richard Bentley (1662-1742) Bentley, Richard, 1662-1742 1719",,,,,1719,1719,1719,1719,,gregorian,,,,,,,,,,,,,,,,,,,,,,,,,,,,,,,,,,,,,,,,,,,,
_origin_1,manuscript_11950,,,"Cambridge, Trinity College, MS B.17.20",manuscript-composite,,MS-TRINITY-B-00017-00020,,,,,,,,,,,,,,,,,,,,,,,,,,,,,,,,,,,,,,,,,,,,,,,,,,,,,,,
_origin_1,manuscript_11950,,,"Cambridge, Trinity College, MS B.17.20",part,,,"London, British Library, Harley MS 5684 9th or 10th century",,,,,9th or 10th century,,800,999,,gregorian,,,,,,,,,,,,,,,,,,,,,,,,,,,,,,,,,,,,,,,,,,"London, British Library, Harley MS 5684",https://www.bl.uk/manuscripts/FullDisplay.aspx?ref=Harley_MS_5684,
_origin_2,manuscript_11950,,,"Cambridge, Trinity College, MS B.17.20",part,,,"Hamburg, Staats- und Universitätsbibliothek, MS In Scrin. 91 10th century",,,,,10th century,,900,999,,gregorian,,,,,,,,,,,,,,,,,,,,,,,,,,,,,,,,,,,,,,,,,"Hamburg, Staats- und Universitätsbibliothek, MS In Scrin. 91",,,
_origin_3,manuscript_11950,,,"Cambridge, Trinity College, MS B.17.20",part,,,11th century,,,,,11th century,,1000,1099,,gregorian,,,,,,,,,,,,,,,,,,,,,,,,,,,,,,,,,,,,,,,,,,,,
_origin_1,manuscript_11951,,,"Cambridge, Trinity College, MS O.1.2",manuscript,,MS-TRINITY-O-00001-00002,"in the second quarter of the 14th century MS O.1.5 Thessalonike Isepy, 'Towards a new text of Helladius', p. 207 n. 91 MS O.1.5",,,,,"in the second quarter of the 14th
                                century",,1325,1345,,gregorian,,,,,,,,,,,,,,,,,,,,,,,,,,,,,,,,,,,,,,,,,"MS O.1.5; Isepy, 'Towards a new text of Helladius', p. 207 n. 91; MS O.1.5",,,
_origin_1,manuscript_11952,,,"Cambridge, Trinity College, MS O.1.4",manuscript,,MS-TRINITY-O-00001-00004,first quarter of the 16th century f. 50v,,f. 50v,50v,50v,first quarter of the 16th century,,1500,1525,,gregorian,,,,,,,,,,,,,,,,,,,,,,,,,,,,,,,,,,,,,,,,,,,,
_origin_1,manuscript_11953,,,"Cambridge, Trinity College, MS O.1.5",manuscript,,MS-TRINITY-O-00001-00005,"second quarter of the 14th century Thessalonike Isepy, 'Towards a new text of Helladius', p. 207 n. 91 MS O.1.2",,,,,"second quarter
                                of the 14th century",,1325,1345,,gregorian,,,,,,,,,,,,,,,,,,,,,,,,,,,,,,,,,,,,,,,,,"Isepy, 'Towards a new text of Helladius', p. 207 n. 91; MS O.1.2",,,
_origin_1,manuscript_11954,,,"Cambridge, Trinity College, MS O.1.8",manuscript,,MS-TRINITY-O-00001-00008,first quarter of the 16th century,,,,,"first quarter
                                of the 16th century",,1500,1525,,gregorian,,,,,,,,,,,,,,,,,,,,,,,,,,,,,,,,,,,,,,,,,,,,
_origin_1,manuscript_11955,,,"Cambridge, Trinity College, MS O.1.10",manuscript,,MS-TRINITY-O-00001-00010,"The copying of the Greek text was completed on 4th September 1606, whereas the transcription of the Latin translation was finished earlier, on 5th September 1604, as recorded by the two colophons written by the scribe on ff. 2:293v and 2:294r respectively. The text of the Philocalia was copied from a Cypriot manuscript, according to a note written on f. iii recto: Ex codice Cyprio descripta manu Graecae linguae studiosi, posita e regione Gilberti Genebrardi Interpretatione.",,2:293v; 2:294r; f. iii recto,2:293v 2:294r iii recto,2:293v 2:294r iii recto,,,,,,,,,,,,,,,,,,,,,,,,,,,,,,,,,,,,,,,,,,,,,,,,,,
_origin_1,manuscript_1,,,"Cambridge, Trinity College, MS O.1.13",manuscript-composite,,MS-TRINITY-COLLEGE-O-00001-00013,,,,,,,,,,,,,,,,,,,,,,,,,,,,,,,,,,,,,,,,,,,,,,,,,,,,,,,
_origin_1,manuscript_1,,,"Cambridge, Trinity College, MS O.1.13",part,,,15th century. England.,,,,,15th century. ,,1400,1500,high,Gregorian,England.,,,,,,,,,,,,,,,,,,,,,,,,,,,,,,,,,,,,,,,,,,,
_origin_2,manuscript_1,,,"Cambridge, Trinity College, MS O.1.13",part,,,Second half of the 16th and/or first half of the 17th century ?Italy. ?France.,,,,,"Second half of the 16th and/or first half
                                    of the 17th century",,1550,1650,high,Gregorian,?Italy. ; ?France.,,,,,,,,,,,,,,,,,,,,,,,,,,,,,,,,,,,,,,,,,,,
_origin_3,manuscript_1,,,"Cambridge, Trinity College, MS O.1.13",part,,,15th century (probably second half). England.,,,,,"15th century (probably second
                                    half).",,1400,1500,high,Gregorian,England.,,,,,,,,,,,,,,,,,,,,,,,,,,,,,,,,,,,,,,,,,,,
_origin_4,manuscript_1,,,"Cambridge, Trinity College, MS O.1.13",part,,,15th century. England.,,,,,15th century. ,,1400,1500,high,Gregorian,England.,,,,,,,,,,,,,,,,,,,,,,,,,,,,,,,,,,,,,,,,,,,
_origin_5,manuscript_1,,,"Cambridge, Trinity College, MS O.1.13",part,,,15th century. England.,,,,,15th century. ,,1400,1500,high,Gregorian,England.,,,,,,,,,,,,,,,,,,,,,,,,,,,,,,,,,,,,,,,,,,,
_origin_6,manuscript_1,,,"Cambridge, Trinity College, MS O.1.13",part,,,First half of the 16th century. England.,,,,,First half of the 16th century. ,,1500,1550,medium,Gregorian,England.,,,,,,,,,,,,,,,,,,,,,,,,,,,,,,,,,,,,,,,,,,,
_origin_7,manuscript_1,,,"Cambridge, Trinity College, MS O.1.13",part,,,Late 16th century England.,,,,,Late 16th century,,1575,1600,medium,Gregorian,England.,,,,,,,,,,,,,,,,,,,,,,,,,,,,,,,,,,,,,,,,,,,
_origin_8,manuscript_1,,,"Cambridge, Trinity College, MS O.1.13",part,,,Late 16th- and/or early 17th century. England.,,,,,"Late 16th- and/or early 17th
                                    century.",,1575,1625,high,Gregorian,England.,,,,,,,,,,,,,,,,,,,,,,,,,,,,,,,,,,,,,,,,,,,
_origin_9,manuscript_1,,,"Cambridge, Trinity College, MS O.1.13",part,,,In or after 1586. England. Terminus ante quem non based on date of Oration on ff. 287r-288v.,,287r-288v,287r,288v,In or after 1586. ,,1586,1600,high,Gregorian,England.,,,,,,,,,,,,,,,,,,,,,,,,,,,,,,,,,,,,,,,,,,,
_origin_10,manuscript_1,,,"Cambridge, Trinity College, MS O.1.13",part,,,Late 16th or early 17th century. England.,,,,,"Late 16th or early 17th
                                    century.",,1575,1625,high,Gregorian,England.,,,,,,,,,,,,,,,,,,,,,,,,,,,,,,,,,,,,,,,,,,,
_origin_1,manuscript_11956,,,"Cambridge, Trinity College, MS O.1.14",manuscript,,MS-TRINITY-O-00001-00014,The manuscript was copied and signed by the Greek scribe Andreas Darmarios on 1st January 1573 in Venice.,,,,,,,,,,,,,,,,,,,,,,,,,,,,,,,,,,,,,,,,,,,,,,,,,,,,,,
_origin_1,manuscript_11957,,,"Cambridge, Trinity College, MS O.1.15",manuscript,,MS-TRINITY-O-00001-00015,The manuscript was copied probably in the 15th century.,,,,,,,,,,,,,,,,,,,,,,,,,,,,,,,,,,,,,,,,,,,,,,,,,,,,,,
_origin_1,manuscript_11958,,,"Cambridge, Trinity College, MS O.1.19",manuscript,,MS-TRINITY-O-00001-00019,"The manuscript was copied in the 17th century, probably in the latter part, in England: the text was copied from two manuscripts - Oxford, Bodleian Library, MS Cromwell 12 and MS Savile 51 - which at the time were already in Oxford (see Lempire (2016), p. 48).",,,,,,,,,,,,,,,,,,,,,,,,,,,,,,,,,,,,,,,,,,,,,,,,,,,Lempire (2016),,,
_origin_1,manuscript_11959,,,"Cambridge, Trinity College, MS O.1.23",manuscript,,MS-TRINITY-O-00001-00023,Crete between 1459 and 1462,,,,, between 1459 and 1462,,1459,1462-05-19,,gregorian,,,,,,,,,,,,,,,,,,,,,,,,,,,,,,,,,,,,,,,,,,,,
_origin_1,manuscript_11960,,,"Cambridge, Trinity College, MS O.1.32",manuscript,,MS-TRINITY-O-00001-00032,The manuscript was copied by Iakobos Diassorinos between the third and seventh decade of the 16th century..,,,,,,,,,,,,,,,,,,,,,,,,,,,,,,,,,,,,,,,,,,,,,,,,,,,,,,
_origin_1,manuscript_11961,,,"Cambridge, Trinity College, MS O.1.36",manuscript,,MS-TRINITY-O-00001-00036,"The manuscript was copied by Patrick Young (1584-1652), in England, in the first half of the 17th century, probably around 1622, as this date appears on a colophon written by Young on f. 82v, after the text De Christianorum recta et vera fide by Patriarch Gennadius II, and the codex is made all of the same type of paper.",,f. 82v,82v,82v,,,,,,,,,,,,,,,,,,,,,,,,,,,,,,,,,,,,,,,,,,,,,,,,,,
_origin_1,manuscript_11962,,,"Cambridge, Trinity College, MS O.1.37",manuscript,,MS-TRINITY-O-00001-00037,"The manuscript was copied by a scribe of western European origin, probably in the second half of the 16th century, after 1543, in England, as the watermarks indicate and the script confirms.",,,,,,,,,,,,,,,,,,,,,,,,,,,,,,,,,,,,,,,,,,,,,,,,,,,,,,
_origin_1,manuscript_11963,,,"Cambridge, Trinity College, MS O.1.53",manuscript,,MS-TRINITY-O-00001-00053,later 12th or 13th century,,,,,"later 12th or 13th
                century",,1150,1300,,gregorian,,,,,,,,,,,,,,,,,,,,,,,,,,,,,,,,,,,,,,,,,,,,
_origin_1,manuscript_11964,,,"Cambridge, Trinity College, MS O.1.54",manuscript,,MS-TRINITY-O-00001-00054,"The manuscript was copied in the 11th century, probably in the fiirst half. It formed originally a single volume with Cambridge, Trinity College, MS O.1.55.",,,,,,,,,,,,,,,,,,,,,,,,,,,,,,,,,,,,,,,,,,,,,,,,,,,,,,
_origin_1,manuscript_11965,,,"Cambridge, Trinity College, MS O.1.55",manuscript-composite,,MS-TRINITY-O-00001-00055,,,,,,,,,,,,,,,,,,,,,,,,,,,,,,,,,,,,,,,,,,,,,,,,,,,,,,,
_origin_1,manuscript_11965,,,"Cambridge, Trinity College, MS O.1.55",part,,,in the 9th c.,,,,," in the
                                    9th c.",,800,899,,gregorian,,,,,,,,,,,,,,,,,,,,,,,,,,,,,,,,,,,,,,,,,,,,
_origin_2,manuscript_11965,,,"Cambridge, Trinity College, MS O.1.55",part,,,in the 14th c.,,,,, in the 14th c.,,1300,1399,,gregorian,,,,,,,,,,,,,,,,,,,,,,,,,,,,,,,,,,,,,,,,,,,,
_origin_3,manuscript_11965,,,"Cambridge, Trinity College, MS O.1.55",part,,,in the 11th c.,,,,, in the 11th c.,,1000,1099,,gregorian,,,,,,,,,,,,,,,,,,,,,,,,,,,,,,,,,,,,,,,,,,,,
_origin_1,manuscript_1,,,"Cambridge, Trinity College, MS O.1.57",manuscript-composite,,MS-TRINITY-COLLEGE-O-00001-00057,,,,,,,,,,,,,,,,,,,,,,,,,,,,,,,,,,,,,,,,,,,,,,,,,,,,,,,
_origin_1,manuscript_1,,,"Cambridge, Trinity College, MS O.1.57",part,,,"First half of the 15th century, before 1454. England.",,,,,"First half of the 15th century, before
                                    1454. ",,1400,1454,high,Gregorian,England.,,,,,,,,,,,,,,,,,,,,,,,,,,,,,,,,,,,,,,,,,,,
_origin_2,manuscript_1,,,"Cambridge, Trinity College, MS O.1.57",part,,,"First half of the 15th century, before 1454. England.",,,,,"First half of the 15th century, before
                                    1454. ",,1400,1454,high,Gregorian,England.,,,,,,,,,,,,,,,,,,,,,,,,,,,,,,,,,,,,,,,,,,,
_origin_1,manuscript_11966,,,"Cambridge, Trinity College, MS O.1.61",manuscript,,MS-TRINITY-O-00001-00061,14th century,,,,,"14th
                                century",,1300,1399,,gregorian,,,,,,,,,,,,,,,,,,,,,,,,,,,,,,,,,,,,,,,,,,,,
_origin_1,manuscript_1,,,"Cambridge, Trinity College, MS O.1.65",manuscript-composite,,MS-TRINITY-COLLEGE-O-00001-00065,,,,,,,,,,,,,,,,,,,,,,,,,,,,,,,,,,,,,,,,,,,,,,,,,,,,,,,
_origin_1,manuscript_1,,,"Cambridge, Trinity College, MS O.1.65",part,,,Late 16th or early 17th century. ?France.,,,,,Late 16th or early 17th century. ,,1575,1625,high,Gregorian,?France.,,,,,,,,,,,,,,,,,,,,,,,,,,,,,,,,,,,,,,,,,,,
_origin_2,manuscript_1,,,"Cambridge, Trinity College, MS O.1.65",part,,,Late 16th or early 17th century. ? France.,,,,,Late 16th or early 17th century. ,,1575,1625,high,Gregorian,? France.,,,,,,,,,,,,,,,,,,,,,,,,,,,,,,,,,,,,,,,,,,,
_origin_3,manuscript_1,,,"Cambridge, Trinity College, MS O.1.65",part,,,Late 15th century. England.,,,,,Late 15th century. ,,1475,1500,high,Gregorian,England.,,,,,,,,,,,,,,,,,,,,,,,,,,,,,,,,,,,,,,,,,,,
_origin_4,manuscript_1,,,"Cambridge, Trinity College, MS O.1.65",part,,,Late 15th century. England.,,,,,Late 15th century. ,,1450,1500,high,Gregorian,England.,,,,,,,,,,,,,,,,,,,,,,,,,,,,,,,,,,,,,,,,,,,
_origin_1,manuscript_11967,,,"Cambridge, Trinity College, MS O.1.66",manuscript,,MS-TRINITY-O-00001-00066,"16th of March, 1460 Koroneia f. 196v",,f. 196v,196v,196v,,,,,,,Koroneia,,,,,,,,,,,,,,,,,,,,,,,,,,,,,,,,,,,,,,,,,,,
_origin_1,manuscript_11968,,,"Cambridge, Trinity College, MS O.1.68",manuscript,,MS-TRINITY-O-00001-00068,17th or early 18th century,,,,,"17th or early 18th
                                                century",,1600,1720,,gregorian,,,,,,,,,,,,,,,,,,,,,,,,,,,,,,,,,,,,,,,,,,,,
_origin_1,manuscript_1,,,"Cambridge, Trinity College, MS O.1.71",manuscript,,MS-TRINITY-COLLEGE-O-00001-00071,First half of the 14th century. England.,,,,,First half of the 14th century. ,,1300,1350,high,Gregorian,England.,,,,,,,,,,,,,,,,,,,,,,,,,,,,,,,,,,,,,,,,,,,
_origin_1,manuscript_11969,,,"Cambridge, Trinity College, MS O.1.73",manuscript,,MS-TRINITY-O-00001-00073,mid-16th century,,,,,"mid-16th
                                century",,1535,1565,,gregorian,,,,,,,,,,,,,,,,,,,,,,,,,,,,,,,,,,,,,,,,,,,,
_origin_1,manuscript_1,,,"Cambridge, Trinity College, MS O.1.77",manuscript,,MS-TRINITY-COLLEGE-O-00001-00077,"c. 1450-1465. England, probably London. Date of production assigned based on palaeographical features. The volume almost certainly existed in or before 1459/1460 as 'Scribe B' added an astrological calculation for the year 1459 to the margin of f. 127v and another calculation for 1460 to f. 200r. Place of production assigned based on palaeographical features and relation of the volume to others in the so-called Voigts-Sloane Group. See A. Honkapohja, esp. pp. 43-46 for further information. A. Honkapohja, Alchemy, Medicine, and Commercial Book Production: A Codicological and Linguistic Study of the Voigts-Sloane Manuscript Group, Texts and Transitions (Turnhout: Brepols, 2017), IX",,127v; 200r,127v 200r,127v 200r,c. 1450-1465. ,,1450,1460,high,Gregorian,"England, probably London.",,,,,,,,,,,,,,,,,,,,,,,,,,,,,,,,,,,,,,,,"A. Honkapohja, Alchemy, Medicine, and Commercial Book Production: A Codicological and Linguistic Study of the Voigts-Sloane Manuscript Group, Texts and Transitions (Turnhout: Brepols, 2017), IX",,,
_origin_1,manuscript_11970,,,"Cambridge, Trinity College, MS O.2.3",manuscript,,MS-TRINITY-O-00002-00003,"The manuscript was copied by at least six scribes of western European origin, probably between the end of the 17th century (after 1697) and the beginning of the 18th century (before 1738) in England.",,,,,,,,,,,,,,,,,,,,,,,,,,,,,,,,,,,,,,,,,,,,,,,,,,,,,,
_origin_1,manuscript_11971,,,"Cambridge, Trinity College, MS O.2.12",manuscript-composite,,MS-TRINITY-O-00002-00012,,,,,,,,,,,,,,,,,,,,,,,,,,,,,,,,,,,,,,,,,,,,,,,,,,,,,,,
_origin_1,manuscript_11971,,,"Cambridge, Trinity College, MS O.2.12",part,,,This document was probably written in the 16th century in France.,,,,,"This document was probably written in the 16th
                                    century in ",,1500,1600,medium,Gregorian,France.,,,,,,,,,,,,,,,,,,,,,,,,,,,,,,,,,,,,,,,,,,,
_origin_2,manuscript_11971,,,"Cambridge, Trinity College, MS O.2.12",part,,,second half of the 13th or 14th century,,,,,"second
                                    half of the 13th or 14th century",,1250,1399,,gregorian,,,,,,,,,,,,,,,,,,,,,,,,,,,,,,,,,,,,,,,,,,,,
_origin_3,manuscript_11971,,,"Cambridge, Trinity College, MS O.2.12",part,,,second quarter of the 15th century,,,,,,,,,,,,,,,,,,,,,,,,,,,,,,,,,,,,,,,,,,,,,,,,,,,,,,
_origin_4,manuscript_11971,,,"Cambridge, Trinity College, MS O.2.12",part,,,"Italy Bartolomeo Zanetti (1486/7-c. 1547) Zanetti, Bartholomeo, 1486 or 1487- first half of the 16th century",,,,,,,,,,,,,,,,,,,,,,,,,,,,,,,,,,,,,,,,,,,,,,,,,,,,,,
_origin_5,manuscript_11971,,,"Cambridge, Trinity College, MS O.2.12",part,,,first half of the 14th century,,,,,,,,,,,,,,,,,,,,,,,,,,,,,,,,,,,,,,,,,,,,,,,,,,,,,,
_origin_1,manuscript_1,,,"Cambridge, Trinity College, MS O.2.13",manuscript-composite,,MS-TRINITY-COLLEGE-00002-00013,,,,,,,,,,,,,,,,,,,,,,,,,,,,,,,,,,,,,,,,,,,,,,,,,,,,,,,
_origin_1,manuscript_1,,,"Cambridge, Trinity College, MS O.2.13",part,,,"After 1542 and before c. 1625. England. Pages 1-70 and folios 68r-77v may have been copied separately, as is suggested by the two different paperstocks and the re-start of the letter sequence of the leaf signatures at f. 68r, but they were pobably produced by the same scribe and joined or kept together from an early stage onwards.",,,,,After 1542 and before c. 1625. ,,1542,1625,high,Gregorian,England.,,,,,,,,,,,,,,,,,,,,,,,,,,,,,,,,,,,,,,,,,,,
_origin_2,manuscript_1,,,"Cambridge, Trinity College, MS O.2.13",part,,,"Second half of the 15th century (probably after 1485). England. For a likely terminus ante quem non, see the list of monarchs on f. 90r. Added to by various hands in the 15th century and/or in the first half of the 16th century.",,90r,90r,90r,"Second half of the 15th century (probably
                                    after 1485). ",,1450,1550,high,Gregorian,England.,,,,,,,,,,,,,,,,,,,,,,,,,,,,,,,,,,,,,,,,,,,
_origin_3,manuscript_1,,,"Cambridge, Trinity College, MS O.2.13",part,,,Late 15th century or early 16th century. England.,,,,,Late 15th century or early 16th century. ,,1480,1525,high,Gregorian,England.,,,,,,,,,,,,,,,,,,,,,,,,,,,,,,,,,,,,,,,,,,,
_origin_4,manuscript_1,,,"Cambridge, Trinity College, MS O.2.13",part,,,15th century (probably first half of the century). England.,,,,,"15th century (probably first half of the
                                    century).",,1400,1500,high,Gregorian,England.,,,,,,,,,,,,,,,,,,,,,,,,,,,,,,,,,,,,,,,,,,,
_origin_5,manuscript_1,,,"Cambridge, Trinity College, MS O.2.13",part,,,"15th century. England. Date of production indicated by the different paperstocks used for the two quires that make up this part of the manuscript. Given that the two main hands are responsible for exactly one quire each, the two quires were probably produced separately from one another. However, they were joined together shortly after their original production, as is suggested by the 15th- or early 16th-century foliation sequence that has been added to the centres of the upper margins of the rectos of ff. 119-148: [i]-xxxj.",,119-148,119r,148v,15th century. ,,1400,1500,high,Gregorian,England.,,,,,,,,,,,,,,,,,,,,,,,,,,,,,,,,,,,,,,,,,,,
_origin_6,manuscript_1,,,"Cambridge, Trinity College, MS O.2.13",part,,,Mid- to late 15th century. England.,,,,,Mid- to late 15th century. ,,1450,1500,high,Gregorian,England.,,,,,,,,,,,,,,,,,,,,,,,,,,,,,,,,,,,,,,,,,,,
_origin_7,manuscript_1,,,"Cambridge, Trinity College, MS O.2.13",part,,,15th century. England.,,,,,15th century.,,1400,1500,high,Gregorian,England.,,,,,,,,,,,,,,,,,,,,,,,,,,,,,,,,,,,,,,,,,,,
_origin_8,manuscript_1,,,"Cambridge, Trinity College, MS O.2.13",part,,,15th century. England.,,,,,15th century. ,,1400,1500,high,Gregorian,England.,,,,,,,,,,,,,,,,,,,,,,,,,,,,,,,,,,,,,,,,,,,
_origin_9,manuscript_1,,,"Cambridge, Trinity College, MS O.2.13",part,,,Second half of the 16th century or the 17th century. England,,,,,"Second half of the 16th century or the
                                    17th century. ",,1550,1700,medium,Gregorian,England,,,,,,,,,,,,,,,,,,,,,,,,,,,,,,,,,,,,,,,,,,,
_origin_10,manuscript_1,,,"Cambridge, Trinity College, MS O.2.13",part,,,16th or 17th century. England.,,,,,16th or 17th century. ,,1500,1700,high,Gregorian,England.,,,,,,,,,,,,,,,,,,,,,,,,,,,,,,,,,,,,,,,,,,,
_origin_1,manuscript_1,,,"Cambridge, Trinity College, MS O.2.21",manuscript-composite,,MS-TRINITY-COLLEGE-O-00002-00021,,,,,,,,,,,,,,,,,,,,,,,,,,,,,,,,,,,,,,,,,,,,,,,,,,,,,,,
_origin_1,manuscript_1,,,"Cambridge, Trinity College, MS O.2.21",part,,,Probably written in the 13th century. Probably written in England. Date and place of production assigned based on palaeographical features.,,,,,Probably written in the 13th century. ,,1200,1300,medium,Gregorian,Probably written in England.,,,,,,,,,,,,,,,,,,,,,,,,,,,,,,,,,,,,,,,,,,,Date and place of production assigned based on palaeographical features.
_origin_2,manuscript_1,,,"Cambridge, Trinity College, MS O.2.21",part,,,14th century. Probably England. Date and place of production assigned based on palaeographical and decorative features.,,,,,14th century. ,,1300,1400,medium,Gregorian,Probably England.,,,,,,,,,,,,,,,,,,,,,,,,,,,,,,,,,,,,,,,,,,,
_origin_3,manuscript_1,,,"Cambridge, Trinity College, MS O.2.21",part,,,14th century. Probably England. Date and place of production assigned based on palaeographical features.,,,,,14th century. ,,1300,1400,medium,Gregorian,Probably England.,,,,,,,,,,,,,,,,,,,,,,,,,,,,,,,,,,,,,,,,,,,
_origin_1,manuscript_11972,,,"Cambridge, Trinity College, MS O.2.34",manuscript-composite,,MS-TRINITY-O-00002-00034,,,,,,,,,,,,,,,,,,,,,,,,,,,,,,,,,,,,,,,,,,,,,,,,,,,,,,,
_origin_1,manuscript_11972,,,"Cambridge, Trinity College, MS O.2.34",part,,,in the last quarter of the 16th century,,,,,"
                                    in the last quarter of the 16th century",,1574,1599,,gregorian,,,,,,,,,,,,,,,,,,,,,,,,,,,,,,,,,,,,,,,,,,,,
_origin_2,manuscript_11972,,,"Cambridge, Trinity College, MS O.2.34",part,,,,,,,,,,,,,,,,,,,,,,,,,,,,,,,,,,,,,,,,,,,,,,,,,,,,,,,,,
_origin_3,manuscript_11972,,,"Cambridge, Trinity College, MS O.2.34",part,,,14th century,,,,, 14th century,,1300,1399,,gregorian,,,,,,,,,,,,,,,,,,,,,,,,,,,,,,,,,,,,,,,,,,,,
_origin_1,manuscript_11973,,,"Cambridge, Trinity College, MS O.2.36",manuscript-composite,,MS-TRINITY-O-00002-00036,,,,,,,,,,,,,,,,,,,,,,,,,,,,,,,,,,,,,,,,,,,,,,,,,,,,,,,
_origin_1,manuscript_11973,,,"Cambridge, Trinity College, MS O.2.36",part,,,ff. i recto-iv recto 1690 f. iv recto ff. v recto-vi verso,,ff. i recto-iv recto; f. iv recto; ff. v recto-vi verso,i recto iv recto v recto,iv recto iv recto vi verso,,,,,,,,,,,,,,,,,,,,,,,,,,,,,,,,,,,,,,,,,,,,,,,,,,
_origin_2,manuscript_11973,,,"Cambridge, Trinity College, MS O.2.36",part,,,"mid-17th century, before 1652",,,,,,,,,,,,,,,,,,,,,,,,,,,,,,,,,,,,,,,,,,,,,,,,,,,,,,
_origin_3,manuscript_11973,,,"Cambridge, Trinity College, MS O.2.36",part,,,"mid-17th century, before 1652",,,,,,,,,,,,,,,,,,,,,,,,,,,,,,,,,,,,,,,,,,,,,,,,,,,,,,
_origin_4,manuscript_11973,,,"Cambridge, Trinity College, MS O.2.36",part,,,"mid-17th century, before 1652",,,,,,,,,,,,,,,,,,,,,,,,,,,,,,,,,,,,,,,,,,,,,,,,,,,,,,
_origin_5,manuscript_11973,,,"Cambridge, Trinity College, MS O.2.36",part,,,"mid-17th century, before 1652",,,,,,,,,,,,,,,,,,,,,,,,,,,,,,,,,,,,,,,,,,,,,,,,,,,,,,
_origin_6,manuscript_11973,,,"Cambridge, Trinity College, MS O.2.36",part,,,"mid-17th century, before 1652",,,,,,,,,,,,,,,,,,,,,,,,,,,,,,,,,,,,,,,,,,,,,,,,,,,,,,
_origin_7,manuscript_11973,,,"Cambridge, Trinity College, MS O.2.36",part,,,"mid-17th century, before 1652",,,,,,,,,,,,,,,,,,,,,,,,,,,,,,,,,,,,,,,,,,,,,,,,,,,,,,
_origin_8,manuscript_11973,,,"Cambridge, Trinity College, MS O.2.36",part,,,,,,,,,,,,,,,,,,,,,,,,,,,,,,,,,,,,,,,,,,,,,,,,,,,,,,,,,
_origin_9,manuscript_11973,,,"Cambridge, Trinity College, MS O.2.36",part,,,"mid-17th century, before 1652",,,,,,,,,,,,,,,,,,,,,,,,,,,,,,,,,,,,,,,,,,,,,,,,,,,,,,
_origin_10,manuscript_11973,,,"Cambridge, Trinity College, MS O.2.36",part,,,"mid-17th century, before 1652",,,,,,,,,,,,,,,,,,,,,,,,,,,,,,,,,,,,,,,,,,,,,,,,,,,,,,
_origin_11,manuscript_11973,,,"Cambridge, Trinity College, MS O.2.36",part,,,"mid-17th century, before 1652",,,,,,,,,,,,,,,,,,,,,,,,,,,,,,,,,,,,,,,,,,,,,,,,,,,,,,
_origin_12,manuscript_11973,,,"Cambridge, Trinity College, MS O.2.36",part,,,ff. 122r-143v between 1566 and about 1580 f. 143r,,ff. 122r-143v; f. 143r,122r 143r,143v 143r,"between 1566 and about
                                    1580",,1566,1580,,gregorian,,,,,,,,,,,,,,,,,,,,,,,,,,,,,,,,,,,,,,,,,,,,
_origin_13,manuscript_11973,,,"Cambridge, Trinity College, MS O.2.36",part,,,ff. 144r-190v between 1572 and 1587,,ff. 144r-190v,144r,190v,"between 1572 and
                                    1587",,1572,1587,,gregorian,,,,,,,,,,,,,,,,,,,,,,,,,,,,,,,,,,,,,,,,,,,,
_origin_14,manuscript_11973,,,"Cambridge, Trinity College, MS O.2.36",part,,,"f. 191r-191v mid-17th century, before 1652",,f. 191r-191v,191r,191v,,,,,,,,,,,,,,,,,,,,,,,,,,,,,,,,,,,,,,,,,,,,,,,,,,
_origin_15,manuscript_11973,,,"Cambridge, Trinity College, MS O.2.36",part,,,"mid-17th century, before 1652",,,,,,,,,,,,,,,,,,,,,,,,,,,,,,,,,,,,,,,,,,,,,,,,,,,,,,
_origin_16,manuscript_11973,,,"Cambridge, Trinity College, MS O.2.36",part,,,,,,,,,,,,,,,,,,,,,,,,,,,,,,,,,,,,,,,,,,,,,,,,,,,,,,,,,
_origin_17,manuscript_11973,,,"Cambridge, Trinity College, MS O.2.36",part,,,first half of the 16th century,,,,,,,,,,,,,,,,,,,,,,,,,,,,,,,,,,,,,,,,,,,,,,,,,,,,,,
_origin_1,manuscript_11974,,,"Cambridge, Trinity College, MS O.2.38",manuscript,,MS-TRINITY-O-00002-00038,12th century,,,,,"12th
                                century",,1100,1199,,gregorian,,,,,,,,,,,,,,,,,,,,,,,,,,,,,,,,,,,,,,,,,,,,
_origin_1,manuscript_11975,,,"Cambridge, Trinity College, MS O.2.39",manuscript-composite,,MS-TRINITY-O-00002-00039,,,,,,,,,,,,,,,,,,,,,,,,,,,,,,,,,,,,,,,,,,,,,,,,,,,,,,,
_origin_1,manuscript_11975,,,"Cambridge, Trinity College, MS O.2.39",part,,,Panegyric in Honour of the Empress Eusebia p. 51,,p. 51,51.0,51.0,,,,,,,,,,,,,,,,,,,,,,,,,,,,,,,,,,,,,,,,,,,,,,,,,,
_origin_2,manuscript_11975,,,"Cambridge, Trinity College, MS O.2.39",part,,,,,,,,,,,,,,,,,,,,,,,,,,,,,,,,,,,,,,,,,,,,,,,,,,,,,,,,,
_origin_1,manuscript_1,,,"Cambridge, Trinity College, MS O.2.47",manuscript,,MS-TRINITY-COLLEGE-O-00002-00047,"c. 1436. Probably England. Date of production based on scribal colophon on f. 45r, 'Completum et scriptum anno 1436 11 die aprilis alide ter etcetera' (but see Summary and Robinson (1988) for further discussion). Place of production assigned based on palaeographical features.",,45r,45r,45r,c. 1436. ,1436,1436,1436,medium,Gregorian,Probably England.,,,,,,,,,,,,,,,,,,,,,,,,,,,,,,,,,,,,,,,,,,,
_origin_1,manuscript_1,,,"Cambridge, Trinity College, MS O.2.49",manuscript,,MS-TRINITY-COLLEGE-O-00002-00049,"In or around 1451. England. For date of production, see Robinson, Catalogue of dated and datable manuscripts in Cambridge libraries (1988), no. 370.",,,,,In or around 1451. ,,1445,1455,high,Gregorian,England.,,,,,,,,,,,,,,,,,,,,,,,,,,,,,,,,,,,,,,,,,,,
_origin_1,manuscript_1,,,"Cambridge, Trinity College, MS O.2.53",manuscript,,MS-TRINITY-COLLEGE-O-00002-00053,"Second half of the 15th century (with additions in the early 16th century). England. Copied by various hands in the second half of the 15th century, with numerous early 16th-century additions by its first-known owner, Rowland Rampston [Ramston], and others.",,,,,"Second half of the 15th century (with
                                additions in the early 16th century). ",,1450,1550,high,Gregorian,England.,,,,,,,,,,,,,,,,,,,,,,,,,,,,,,,,,,,,,,,,,,,
_origin_1,manuscript_11976,,,"Cambridge, Trinity College, MS O.2.54",manuscript-composite,,MS-TRINITY-O-00002-00054,,,,,,,,,,,,,,,,,,,,,,,,,,,,,,,,,,,,,,,,,,,,,,,,,,,,,,,
_origin_1,manuscript_11976,,,"Cambridge, Trinity College, MS O.2.54",part,,,This Part was produced in 1629 (cf. final rubric on f. 11v).,,f. 11v,11v,11v,,,,,,,,,,,,,,,,,,,,,,,,,,,,,,,,,,,,,,,,,,,,,,,,,,
_origin_2,manuscript_11976,,,"Cambridge, Trinity College, MS O.2.54",part,,,This Part was produced in 1623.,,,,,,,,,,,,,,,,,,,,,,,,,,,,,,,,,,,,,,,,,,,,,,,,,,,,,,
_origin_3,manuscript_11976,,,"Cambridge, Trinity College, MS O.2.54",part,,,This Part was produced in 1626 (cf. note on f. 146r).,,f. 146r,146r,146r,,,,,,,,,,,,,,,,,,,,,,,,,,,,,,,,,,,,,,,,,,,,,,,,,,
_origin_4,manuscript_11976,,,"Cambridge, Trinity College, MS O.2.54",part,,,This Part was produced between 1620 and 1640.,,,,,,,,,,,,,,,,,,,,,,,,,,,,,,,,,,,,,,,,,,,,,,,,,,,,,,
_origin_5,manuscript_11976,,,"Cambridge, Trinity College, MS O.2.54",part,,,This Part was produced between 1620 and 1640.,,,,,,,,,,,,,,,,,,,,,,,,,,,,,,,,,,,,,,,,,,,,,,,,,,,,,,
_origin_1,manuscript_11977,,,"Cambridge, Trinity College, MS O.2.61",manuscript-composite,,MS-TRINITY-O-00002-00061,,,,,,,,,,,,,,,,,,,,,,,,,,,,,,,,,,,,,,,,,,,,,,,,,,,,,,,
_origin_1,manuscript_11977,,,"Cambridge, Trinity College, MS O.2.61",part,,,between 1638 and 1643,,,,,,,,,,,,,,,,,,,,,,,,,,,,,,,,,,,,,,,,,,,,,,,,,,,,,,
_origin_2,manuscript_11977,,,"Cambridge, Trinity College, MS O.2.61",part,,,early 15th century Cheirographa byzantines mousikes,,,,,"early 15th
                                    century",,1400,1410,,gregorian,,,,,,,,,,,,,,,,,,,,,,,,,,,,,,,,,,,,,,,,,,,,
_origin_1,manuscript_11978,,,"Cambridge, Trinity College, MS O.3.1",manuscript-composite,,MS-TRINITY-O-00003-00001,,,,,,,,,,,,,,,,,,,,,,,,,,,,,,,,,,,,,,,,,,,,,,,,,,,,,,,
_origin_1,manuscript_11978,,,"Cambridge, Trinity College, MS O.3.1",part,,,Venice to the 1560s,,,,," to the
                                1560s",,1550,1570,,gregorian,Venice,,,,,,,,,,,,,,,,,,,,,,,,,,,,,,,,,,,,,,,,,,,
_origin_2,manuscript_11978,,,"Cambridge, Trinity College, MS O.3.1",part,,,Venice to the 1560s,,,,," to the
                                1560s",,1550,1570,,gregorian,Venice,,,,,,,,,,,,,,,,,,,,,,,,,,,,,,,,,,,,,,,,,,,
_origin_1,manuscript_11979,,,"Cambridge, Trinity College, MS O.3.8",manuscript,,MS-TRINITY-O-00003-00008,"The manuscript was copied by Manuel Glynzounios in the second half of the 16th century, before 1596, when the scribe died. The text was copied from MS Vat. gr. 1219 (see Sajdak (1914), pp. 105-106), a codex which was owned by a prominent member of the pontifical Curia, Cardinal Antonio Carafa, who had bought it in 1576 from the collection of Annibal Caro, secretary to the Farnese family in Rome (see G. Cardinali, 'Un acquisto ""poco giuditioso"" del cardinale Antonio Carafa: il Gregorio Nazianzeno commentato da Elia di Creta Vat. gr. 1219', ). So, Trinity O.3.8 was probably copied in Νέα Ῥώμη 10 (2013), pp. 303-318 Rome. Moreover, since the majority of manuscripts copied by Glynzounios are datable around the 1580s (see Sicherl (1956), p. 53), and the scribe was in Rome immediately before his travels to Spain in 1582 (see Sicherl (1956), p. 38), the copy of the manuscript could be more precisely dated around this period. The possible origin of the manuscript in the 1580s is also suggested by the anvil watermark of the paper.",,,,,,,,,,,,,,,,,,,,,,,,,,,,,,,,,,,,,,,,,,,,,,,,,,,"Sajdak (1914), pp. 105-106; G. Cardinali, 'Un acquisto ""poco giuditioso"" del cardinale Antonio Carafa: il Gregorio Nazianzeno commentato da Elia di Creta Vat. gr. 1219', Νέα Ῥώμη 10 (2013), pp. 303-318; Sicherl (1956), p. 53; Sicherl (1956), p. 38",,,
_origin_1,manuscript_11980,,,"Cambridge, Trinity College, MS O.3.9",manuscript,,MS-TRINITY-O-00003-00009,11th century,,,,,11th century,,1000,1099,,gregorian,,,,,,,,,,,,,,,,,,,,,,,,,,,,,,,,,,,,,,,,,,,,
_origin_1,manuscript_1,,,"Cambridge, Trinity College, MS O.3.11",manuscript,,MS-TRINITY-COLLEGE-O-00003-00011,Copied c. 1450-1483 by the so-called Hammond Scribe. England (?London).,,,,," Copied c. 1450-1483 by the so-called Hammond
                                Scribe. ",,1450,1483,high,Gregorian,England (?London).,,,,,,,,,,,,,,,,,,,,,,,,,,,,,,,,,,,,,,,,,,,
_origin_1,manuscript_11981,,,"Cambridge, Trinity College, MS O.3.14",manuscript,,MS-TRINITY-O-00003-00014,Manuel of Constantinople Manuel of Constantinople 1468 London around 1470 third quarter of the 15th century England,,,,,"third quarter of the 15th
                century",,1450,1475,,gregorian,England,,,,,,,,,,,,,,,,,,,,,,,,,,,,,,,,,,,,,,,,,,,
_origin_1,manuscript_11982,,,"Cambridge, Trinity College, MS O.3.15",manuscript-composite,,MS-TRINITY-O-00003-00015,,,,,,,,,,,,,,,,,,,,,,,,,,,,,,,,,,,,,,,,,,,,,,,,,,,,,,,
_origin_1,manuscript_11982,,,"Cambridge, Trinity College, MS O.3.15",part,,,"Patrick Young (1584-1652) Young, Patrick, 1584-1652 London 4 June 1628 f. 8v",,f. 8v,8v,8v,,,,,,,,,,,,,,,,,,,,,,,,,,,,,,,,,,,,,,,,,,,,,,,,,,
_origin_2,manuscript_11982,,,"Cambridge, Trinity College, MS O.3.15",part,,,middle or later 16th century ff. 410-633 ff. 9-409,,ff. 410-633; ff. 9-409,410r 9r,633v 409v,middle or later 16th century,,1545,1570,,gregorian,,,,,,,,,,,,,,,,,,,,,,,,,,,,,,,,,,,,,,,,,,,,
_origin_1,manuscript_11984,,,"Cambridge, Trinity College, MS O.3.18",manuscript,,MS-TRINITY-O-00003-00018,1670s or 1680s,,,,,,,,,,,,,,,,,,,,,,,,,,,,,,,,,,,,,,,,,,,,,,,,,,,,,,
_origin_1,manuscript_11985,,,"Cambridge, Trinity College, MS O.3.23",manuscript,,MS-TRINITY-O-00003-00023,"Andreas Darmarios Darmarios, Andreas, active 1550-1580 1575 The identification of the hand by Carolla cites the unpublished observations of Mark Sosower (Carolla, Non deteriores, p. 157 n. 128). In addition to the manuscripts cited in the RGK, the hand of Melissneos is also found in El-Escorial, Real Biblioteca, MS Υ-II-13, Vatican City, Biblioteca Apostolica Vaticana, MS Barb. gr. 68, as well as in a number of other manuscripts containing one or both parts of the Excerpta de legationibus: Brussels, Bibliothèque Royale Albert Ier, MS 11301-16, Vatican City, Biblioteca Apostolica Vaticana, MS Pal. gr. 411 and Vatican City, Biblioteca Apostolica Vaticana, MS Vat. gr. 1418. The manuscript is erroneously attributed by Vogel and Gardthausen to the Theodosios the Little mentioned in the note on f. 1r.",,f. 1r,1r,1r,1575,1575,1575,1575,,gregorian,,,,,,,,,,,,,,,,,,,,,,,,,,,,,,,,,,,,,,,,,"El-Escorial, Real Biblioteca, MS Υ-II-13; Brussels, Bibliothèque Royale Albert Ier, MS 11301-16","Vatican City, Biblioteca Apostolica Vaticana, MS Barb. gr. 68; Vatican City, Biblioteca Apostolica Vaticana, MS Pal. gr. 411; Vatican City, Biblioteca Apostolica Vaticana, MS Vat. gr. 1418",https://digi.vatlib.it/view/MSS_Barb.gr.68 https://digi.ub.uni-heidelberg.de/diglit/bav_pal_gr_411/0001/thumbs https://digi.vatlib.it/view/MSS_Vat.gr.1418,"The identification of the hand by Carolla cites the unpublished observations of Mark Sosower (Carolla, Non deteriores, p. 157 n. 128). In addition to the manuscripts cited in the RGK, the hand of Melissneos is also found in El-Escorial, Real Biblioteca, MS Υ-II-13, Vatican City, Biblioteca Apostolica Vaticana, MS Barb. gr. 68, as well as in a number of other manuscripts containing one or both parts of the Excerpta de legationibus: Brussels, Bibliothèque Royale Albert Ier, MS 11301-16, Vatican City, Biblioteca Apostolica Vaticana, MS Pal. gr. 411 and Vatican City, Biblioteca Apostolica Vaticana, MS Vat. gr. 1418. ; The manuscript is erroneously attributed by Vogel and Gardthausen to the Theodosios the Little mentioned in the note on f. 1r."
_origin_1,manuscript_11986,,,"Cambridge, Trinity College, MS O.3.48",manuscript-composite,,MS-TRINITY-O-00003-00048,,,,,,,,,,,,,,,,,,,,,,,,,,,,,,,,,,,,,,,,,,,,,,,,,,,,,,,
_origin_1,manuscript_11986,,,"Cambridge, Trinity College, MS O.3.48",part,,,first half of the 17th century,,,,,,,,,,,,,,,,,,,,,,,,,,,,,,,,,,,,,,,,,,,,,,,,,,,,,,
_origin_2,manuscript_11986,,,"Cambridge, Trinity College, MS O.3.48",part,,,"first half of the 13th century iota iota f. 19r, lines 8, 10 f. 25v, line 3",,"f. 19r, lines 8, 10; f. 25v, line 3",18v-19r 25v-26r,18v-19r 25v-26r,first half of the 13th century,,1200,1249,,gregorian,,,,,,,,,,,,,,,,,,,,,,,,,,,,,,,,,,,,,,,,,,,,
_origin_1,manuscript_11987,,,"Cambridge, Trinity College, MS O.3.51",manuscript-composite,,MS-TRINITY-O-00003-00051,,,,,,,,,,,,,,,,,,,,,,,,,,,,,,,,,,,,,,,,,,,,,,,,,,,,,,,
_origin_1,manuscript_11987,,,"Cambridge, Trinity College, MS O.3.51",part,,,"Manuel Malaxos Malaxos, Manouēl -1581",,,,,,,,,,,,,,,,,,,,,,,,,,,,,,,,,,,,,,,,,,,,,,,,,,,,,,
_origin_2,manuscript_11987,,,"Cambridge, Trinity College, MS O.3.51",part,,,25 April 1543 f. 265v,,f. 265v,2:265v,2:265v,"25 April
                           1543",1543-04-25,1543-04-25,1543-04-25,,gregorian,,,,,,,,,,,,,,,,,,,,,,,,,,,,,,,,,,,,,,,,,,,,
_origin_3,manuscript_11987,,,"Cambridge, Trinity College, MS O.3.51",part,,,ff. 61v-62v,,ff. 61v-62v,2:61v,2:62v,,,,,,,,,,,,,,,,,,,,,,,,,,,,,,,,,,,,,,,,,,,,,,,,,,
_origin_4,manuscript_11987,,,"Cambridge, Trinity College, MS O.3.51",part,,,mid-17th to mid-18th century,,,,,mid-17th to mid-18th century,,1637,1738,,gregorian,,,,,,,,,,,,,,,,,,,,,,,,,,,,,,,,,,,,,,,,,,,,
_origin_1,manuscript_11989,,,"Cambridge, Trinity College, MS O.4.3",manuscript,,MS-TRINITY-O-00004-00003,between the end of 15th century and the beginning of 16th century,,,,,"between the end of 15th century and the beginning of 16th
                                century",,1490,1515,,gregorian,,,,,,,,,,,,,,,,,,,,,,,,,,,,,,,,,,,,,,,,,,,,
_origin_1,manuscript_11991,,,"Cambridge, Trinity College,  MS O.4.9",manuscript,,MS-TRINITY-O-00004-00009,"The manuscript was copied by Ioannes Mauromates between the middle and the 3rd quarter of the 16th century. The watermarks, present also in other manuscripts copied by Mauromates, the codicological features, and some characteristics of the script enable the dating of this manuscript to a particular stage of the scribe's life: he probably copied the manuscript in Rome between December 1555 and 1573 (for this dating and the characteristics of Mauromates' production, see Cataldi Palau (2000), pp. 377-379).",,,,,,,,,,,,,,,,,,,,,,,,,,,,,,,,,,,,,,,,,,,,,,,,,,,Cataldi Palau (2000),,,
_origin_1,manuscript_11992,,,"Cambridge, Trinity College, MS O.4.17",manuscript-composite,,MS-TRINITY-O-00004-00017,,,,,,,,,,,,,,,,,,,,,,,,,,,,,,,,,,,,,,,,,,,,,,,,,,,,,,,
_origin_1,manuscript_11992,,,"Cambridge, Trinity College, MS O.4.17",part,,,Bruno Bruno 19 August 1660 f. 12r,,f. 12r,12r,12r,,,,,,,,,,,,,,,,,,,,,,,,,,,,,,,,,,,,,,,,,,,,,,,,,,
_origin_2,manuscript_11992,,,"Cambridge, Trinity College, MS O.4.17",part,,,second half of the 17th century,,,,,,,,,,,,,,,,,,,,,,,,,,,,,,,,,,,,,,,,,,,,,,,,,,,,,,
_origin_3,manuscript_11992,,,"Cambridge, Trinity College, MS O.4.17",part,,,1687 Mencken Mencken f. 29r,,f. 29r,29r,29r,,,,,,,,,,,,,,,,,,,,,,,,,,,,,,,,,,,,,,,,,,,,,,,,,,
_origin_4,manuscript_11992,,,"Cambridge, Trinity College, MS O.4.17",part,,,between about 1675 and 1690,,,,,,,,,,,,,,,,,,,,,,,,,,,,,,,,,,,,,,,,,,,,,,,,,,,,,,
_origin_5,manuscript_11992,,,"Cambridge, Trinity College, MS O.4.17",part,,,between about 1675 and 1705,,,,,,,,,,,,,,,,,,,,,,,,,,,,,,,,,,,,,,,,,,,,,,,,,,,,,,
_origin_6,manuscript_11992,,,"Cambridge, Trinity College, MS O.4.17",part,,,second half of the 17th century,,,,,,,,,,,,,,,,,,,,,,,,,,,,,,,,,,,,,,,,,,,,,,,,,,,,,,
_origin_7,manuscript_11992,,,"Cambridge, Trinity College, MS O.4.17",part,,,between about 1660 and 1690,,,,,,,,,,,,,,,,,,,,,,,,,,,,,,,,,,,,,,,,,,,,,,,,,,,,,,
_origin_8,manuscript_11992,,,"Cambridge, Trinity College, MS O.4.17",part,,,between about 1665 and 1690,,,,,,,,,,,,,,,,,,,,,,,,,,,,,,,,,,,,,,,,,,,,,,,,,,,,,,
_origin_1,manuscript_11993,,,"Cambridge, Trinity College, MS O.4.21",manuscript,,MS-TRINITY-O-00004-00021,"The main content of the manuscript was copied in Alexandria and completed in 3 June 1604, as indicated by the colophon on f. 452v. The texts on ff. 453r-454v were added later, probably in England, as indicated by the style of script, and in the period 1621-1652, between the arrival of its owner Metrophanes Kritopoulos in England and the death of Patrick Young, whose hand appears here.",,f. 452v; ff. 453r-454v,452v 453r,452v 454v,,,,,,,,,,,,,,,,,,,,,,,,,,,,,,,,,,,,,,,,,,,,,,,,,,
_origin_1,manuscript_11994,,,"Cambridge, Trinity College, MS O.4.22",manuscript,,MS-TRINITY-O-00004-00022,"11th century It has been dated in the past to the 12th century, but the combination of features such as the ornamentation of flourished tails in the lower margin, the omission of accents from shorter nomina sacra, the use of abbreviations and superscriptions only at the end of lines and the frequent use of a horizontal stroke for nu suggest an earlier date.",,,,,11th century,,1000,1099,,gregorian,,,,,,,,,,,,,,,,,,,,,,,,,,,,,,,,,,,,,,,,,,,,"It has been dated in the past to the 12th century, but the combination of features such as the ornamentation of flourished tails in the lower margin, the omission of accents from shorter nomina sacra, the use of abbreviations and superscriptions only at the end of lines and the frequent use of a horizontal stroke for nu suggest an earlier date."
_origin_1,manuscript_11996,,,"Cambridge, Trinity College, MS O.4.24",manuscript-composite,,MS-TRINITY-O-00004-00024,,,,,,,,,,,,,,,,,,,,,,,,,,,,,,,,,,,,,,,,,,,,,,,,,,,,,,,
_origin_1,manuscript_11996,,,"Cambridge, Trinity College, MS O.4.24",part,,,,,,,,,,,,,,,,,,,,,,,,,,,,,,,,,,,,,,,,,,,,,,,,,,,,,,,,,
_origin_2,manuscript_11996,,,"Cambridge, Trinity College, MS O.4.24",part,,,Crozier,,,,,,,,,,,,,,,,,,,,,,,,,,,,,,,,,,,,,,,,,,,,,,,,,,,,,,
_origin_3,manuscript_11996,,,"Cambridge, Trinity College, MS O.4.24",part,,,,,,,,,,,,,,,,,,,,,,,,,,,,,,,,,,,,,,,,,,,,,,,,,,,,,,,,,
_origin_4,manuscript_11996,,,"Cambridge, Trinity College, MS O.4.24",part,,,,,,,,,,,,,,,,,,,,,,,,,,,,,,,,,,,,,,,,,,,,,,,,,,,,,,,,,
_origin_5,manuscript_11996,,,"Cambridge, Trinity College, MS O.4.24",part,,,,,,,,,,,,,,,,,,,,,,,,,,,,,,,,,,,,,,,,,,,,,,,,,,,,,,,,,
_origin_6,manuscript_11996,,,"Cambridge, Trinity College, MS O.4.24",part,,,1636 Sherborne,,,,,1636,1636,1636,1636,,gregorian,Sherborne,,,,,,,,,,,,,,,,,,,,,,,,,,,,,,,,,,,,,,,,,,,
_origin_7,manuscript_11996,,,"Cambridge, Trinity College, MS O.4.24",part,,,Onomasticon 1647 Lexicon of The Scriptures Broomfield,,,,,1647,1647,1647,1647,,gregorian,Broomfield,,,,,,,,,,,,,,,,,,,,,,,,,,,,,,,,,,,,,,,,,,,
_origin_8,manuscript_11996,,,"Cambridge, Trinity College, MS O.4.24",part,,,Two columns,,,,,,,,,,,,,,,,,,,,,,,,,,,,,,,,,,,,,,,,,,,,,,,,,,,,,,
_origin_1,manuscript_11997,,,"Cambridge, Trinity College, MS O.4.41",manuscript-composite,,MS-TRINITY-O-00004-00041,,,,,,,,,,,,,,,,,,,,,,,,,,,,,,,,,,,,,,,,,,,,,,,,,,,,,,,
_origin_1,manuscript_11997,,,"Cambridge, Trinity College, MS O.4.41",part,,,"in 1613-1615 ff. 1v-77v, line 20 ff. 109r-115v, line 19 ff. 2r-66r Oxford 1613 f. 66r f. 77v, line 20-f. 108v f. 115v, line 19-f. 137r 6 March 1615 f. 137r",,"ff. 1v-77v, line 20; ff. 109r-115v, line 19; ff. 2r-66r; f. 66r; f. 77v, line 20-f. 108v; f. 115v, line 19-f. 137r; f. 137r",1v 109r 2r 6r 77v 115v 137r,77r 115v 66r 66r 108v 137r 137r,"in
                                    1613-1615",,1613,1615,,gregorian,,,,,,,,,,,,,,,,,,,,,,,,,,,,,,,,,,,,,,,,,,,,
_origin_2,manuscript_11997,,,"Cambridge, Trinity College, MS O.4.41",part,,,17th-19th centuries,,,,,,,,,,,,,,,,,,,,,,,,,,,,,,,,,,,,,,,,,,,,,,,,,,,,,,
_origin_3,manuscript_11997,,,"Cambridge, Trinity College, MS O.4.41",part,,,early 17th century,,,,,,,,,,,,,,,,,,,,,,,,,,,,,,,,,,,,,,,,,,,,,,,,,,,,,,
_origin_1,manuscript_11998,,,"Cambridge, Trinity College, MS O.5.10",manuscript,,MS-TRINITY-O-00005-00010,"The manuscript was copied by Humfrey Wanley in 1695, in Oxford, as stated in the colophon on p. 1, and also in a letter bound in the manuscript ( f. [iv]) written by him to Thomas Gale on 7th November 1695 from St. Edmund Hall (Oxford). The copy was commissioned by , Regius professor of Greek at the University of Cambridge, High Master of St Paul's School and Dean of York. Thomas Gale (ca. 1635-1702) Gale, Thomas, 1635?-1702",,p. 1; f. [iv],1 [iv] recto,1 [iv] verso,,,,,,,,,,,,,,,,,,,,,,,,,,,,,,,,,,,,,,,,,,,,,,,,,,
_origin_1,manuscript_11999,,,"Cambridge, Trinity College, MS O.5.11",manuscript,,MS-TRINITY-O-00005-00011,"The manuscript was copied in 1697, from a manuscript in the library of the king of France, which had been completed by the scribe Angelos Bergikios on 11th September 1536 in Venice, as it is also stated in two annotations written in the upper margin of f. 1r: The codex is indicated as Exemplar, anno 1697, ex cod. R. Galliarum M.S. Regis Galliarum no. 2099 a pagina folio 131 ad fol. 251, Ἑνετίησι παρ' Ἀγγέλῳ Βεργικίῳ τῷ Κρητὶ ͵αφλϛ΄ σεπτεμβρίου ια΄ no. 2099, with its ancient shelfmark; it is today Paris, Bibliothèque Nationale de France, gr. 1836.",,f. 1r,1r,1r,,,,,,,,,,,,,,,,,,,,,,,,,,,,,,,,,,,,,,,,,,,,,,,"Paris, Bibliothèque Nationale de France, gr. 1836.","Paris, Bibliothèque Nationale de France, gr. 1836",https://gallica.bnf.fr/ark:/12148/btv1b10723198x,
_origin_1,manuscript_12000,,,"Cambridge, Trinity College, MS O.5.15",manuscript-composite,,MS-TRINITY-O-00005-00015,,,,,,,,,,,,,,,,,,,,,,,,,,,,,,,,,,,,,,,,,,,,,,,,,,,,,,,
_origin_1,manuscript_12000,,,"Cambridge, Trinity College, MS O.5.15",part,,,second half of the 17th century,,,,,,,,,,,,,,,,,,,,,,,,,,,,,,,,,,,,,,,,,,,,,,,,,,,,,,
_origin_2,manuscript_12000,,,"Cambridge, Trinity College, MS O.5.15",part,,,second half of the 17th century,,,,,,,,,,,,,,,,,,,,,,,,,,,,,,,,,,,,,,,,,,,,,,,,,,,,,,
_origin_3,manuscript_12000,,,"Cambridge, Trinity College, MS O.5.15",part,,,last third of the 17th century,,,,,,,,,,,,,,,,,,,,,,,,,,,,,,,,,,,,,,,,,,,,,,,,,,,,,,
_origin_4,manuscript_12000,,,"Cambridge, Trinity College, MS O.5.15",part,,,last third of the 17th century,,,,,,,,,,,,,,,,,,,,,,,,,,,,,,,,,,,,,,,,,,,,,,,,,,,,,,
_origin_5,manuscript_12000,,,"Cambridge, Trinity College, MS O.5.15",part,,,last quarter of the 17th century,,,,,,,,,,,,,,,,,,,,,,,,,,,,,,,,,,,,,,,,,,,,,,,,,,,,,,
_origin_6,manuscript_12000,,,"Cambridge, Trinity College, MS O.5.15",part,,,second half of the 17th century,,,,,,,,,,,,,,,,,,,,,,,,,,,,,,,,,,,,,,,,,,,,,,,,,,,,,,
_origin_1,manuscript_12001,,,"Cambridge, Trinity College, MS O.5.16",manuscript,,MS-TRINITY-O-00005-00016,"The manuscript was owned by the English classical scholar and antiquarian and was copied Thomas Gale (ca. 1635-1702) Gale, Thomas, 1635?-1702 around the middle of the 17th century in England, from Oxford, St. John's College, MS 30. The manuscript was copied before 1682: it was lent from Gale to John Wallis, who published the first printed edition of the text in that year, and, in the introduction of the volume, wrote that the manuscript (G in his edition) had been copied from Oxford, St. John's College, MS 30 (I in his edition) a few years earlier ( qui fuerat, uti intellego, ex I (codice Johannensi) ante non multos annos descriptus). The date is confirmed by the watermarks.",,,,,,,,,,,,,,,,,,,,,,,,,,,,,,,,,,,,,,,,,,,,,,,,,,,,,,
_origin_1,manuscript_12002,,,"Cambridge, Trinity College, MS O.5.18",manuscript-composite,,MS-TRINITY-O-00005-00018,,,,,,,,,,,,,,,,,,,,,,,,,,,,,,,,,,,,,,,,,,,,,,,,,,,,,,,
_origin_1,manuscript_12002,,,"Cambridge, Trinity College, MS O.5.18",part,,,"The main body of the manuscript was copied in London by the Macedonian deacon and completed on Leontios Vyssios Vyssios, Leontios 28 May 1634, as indicated by his colophon on f. 104v (p. 136). The texts on ff. i recto and 105r-106v were added by Patrick Young between 1634 and 1652, the year of his death. His early ownership of the manuscript and engagement with its content suggests that he may have been the patron of its production.",,f. 104v (p. 136); i recto; 105r-106v,104v-105r [a]verso-irecto 104v-105r,104v-105r [a]verso-irecto 106v-107r,,,,,,,,,,,,,,,,,,,,,,,,,,,,,,,,,,,,,,,,,,,,,,,,,,
_origin_2,manuscript_12002,,,"Cambridge, Trinity College, MS O.5.18",part,,,"Patrick Young (1584-1652) Young, Patrick, 1584-1652 between 1634 and 1652 ff. 105v-106r (pp. 138-139)",,ff. 105v-106r (pp. 138-139),105v-106r,105v-106r,,,,,,,,,,,,,,,,,,,,,,,,,,,,,,,,,,,,,,,,,,,,,,,,,,
_origin_1,manuscript_12003,,,"Cambridge, Trinity College, MS O.5.19",manuscript-composite,,MS-TRINITY-O-00005-00019,,,,,,,,,,,,,,,,,,,,,,,,,,,,,,,,,,,,,,,,,,,,,,,,,,,,,,,
_origin_1,manuscript_12003,,,"Cambridge, Trinity College, MS O.5.19",part,,,1616 or shortly before f. 257r,,f. 257r,257r,257r,,,,,,,,,,,,,,,,,,,,,,,,,,,,,,,,,,,,,,,,,,,,,,,,,,
_origin_2,manuscript_12003,,,"Cambridge, Trinity College, MS O.5.19",part,,,8 June 1616 f. 257r,,f. 257r,257r,257r,"8 June
                                                  1616",1616-06-08,1616-06-08,1616-06-08,,gregorian,,,,,,,,,,,,,,,,,,,,,,,,,,,,,,,,,,,,,,,,,,,,
_origin_1,manuscript_12004,,,"Cambridge, Trinity College, MS O.5.23",manuscript,,MS-TRINITY-O-00005-00023,"The manuscript is probably a composite, formed by various parts, which were originally independent, and were copied at different times. The leaves containing texts copied by Henry II Estienne (1531-1598) and Henry Scrimegeour (1505?-1572) were copied in the 16th century; since some of the texts written by Estienne were copied from a manuscript of the convent of S Marco in Florence, and since the French scholar travelled to Italy (and was in Florence) in the years 1552-1555, the his portion of the manuscript could be dated around this time. The leaves transcribed by Patrick Young (1584-1652) were copied later, probably in the first half of the 17th century.",,,,,,,,,,,,,,,,,,,,,,,,,,,,,,,,,,,,,,,,,,,,,,,,,,,,,,
_origin_1,manuscript_12005,,,"Cambridge, Trinity College, MS O.5.27",manuscript,,MS-TRINITY-O-00005-00027,17th century,,,,,17th century,,1600,1700,,gregorian,,,,,,,,,,,,,,,,,,,,,,,,,,,,,,,,,,,,,,,,,,,,
_origin_1,manuscript_12008,,,"Cambridge, Trinity College, MS O.7.4",manuscript-composite,,MS-TRINITY-O-00007-00004,,,,,,,,,,,,,,,,,,,,,,,,,,,,,,,,,,,,,,,,,,,,,,,,,,,,,,,
_origin_1,manuscript_12008,,,"Cambridge, Trinity College, MS O.7.4",part,,,1404,,,,,1404,1404,1404,1404,,gregorian,,,,,,,,,,,,,,,,,,,,,,,,,,,,,,,,,,,,,,,,,,,,
_origin_2,manuscript_12008,,,"Cambridge, Trinity College, MS O.7.4",part,,,16th or 17th century f. 1r f. ix verso,,f. 1r; f. ix verso,1r ix verso,1r ix verso,,,,,,,,,,,,,,,,,,,,,,,,,,,,,,,,,,,,,,,,,,,,,,,,,,
_origin_3,manuscript_12008,,,"Cambridge, Trinity College, MS O.7.4",part,,,14th century,,,,,"14th
                                    century",,1300,1399,,gregorian,,,,,,,,,,,,,,,,,,,,,,,,,,,,,,,,,,,,,,,,,,,,
_origin_4,manuscript_12008,,,"Cambridge, Trinity College, MS O.7.4",part,,,14th century,,,,,"14th
                                    century",,1300,1399,,gregorian,,,,,,,,,,,,,,,,,,,,,,,,,,,,,,,,,,,,,,,,,,,,
_origin_5,manuscript_12008,,,"Cambridge, Trinity College, MS O.7.4",part,,,14th century,,,,,"14th
                                    century",,1300,1399,,gregorian,,,,,,,,,,,,,,,,,,,,,,,,,,,,,,,,,,,,,,,,,,,,
_origin_6,manuscript_12008,,,"Cambridge, Trinity College, MS O.7.4",part,,,14th century,,,,,"14th
                                    century",,1300,1399,,gregorian,,,,,,,,,,,,,,,,,,,,,,,,,,,,,,,,,,,,,,,,,,,,
_origin_7,manuscript_12008,,,"Cambridge, Trinity College, MS O.7.4",part,,,12th century,,,,,"12th
                                    century",,1100,1199,,gregorian,,,,,,,,,,,,,,,,,,,,,,,,,,,,,,,,,,,,,,,,,,,,
_origin_1,manuscript_1,,,"Cambridge, Trinity College, MS O.7.20",manuscript-composite,,MS-TRINITY-COLLEGE-O-00007-00020,,,,,,,,,,,,,,,,,,,,,,,,,,,,,,,,,,,,,,,,,,,,,,,,,,,,,,,
_origin_1,manuscript_1,,,"Cambridge, Trinity College, MS O.7.20",part,,,"Late 14th or 15th century. England. Possibly with additions made during the 15th century (ff. 2:2r-2:6v, 2:9v-2:12v) [see Collation for further discussion].",,,,,Late 14th or 15th century. ,,1390,1500,high,Gregorian,England.,,,,,,,,,,,,,,,,,,,,,,,,,,,,,,,,,,,,,,,,,,,
_origin_2,manuscript_1,,,"Cambridge, Trinity College, MS O.7.20",part,,,Second half of the 15th century or first quarter of the 16th century. England.,,,,,"Second half of the 15th century or first
                                    quarter of the 16th century. ",,1450,1525,high,Gregorian,England.,,,,,,,,,,,,,,,,,,,,,,,,,,,,,,,,,,,,,,,,,,,
_origin_3,manuscript_1,,,"Cambridge, Trinity College, MS O.7.20",part,,,Last quarter of the 16th century and/or first quarter of the 17th century. England.,,,,,"Last quarter of the 16th century and/or
                                    first quarter of the 17th century. ",,1575,1625,high,Gregorian,England.,,,,,,,,,,,,,,,,,,,,,,,,,,,,,,,,,,,,,,,,,,,
_origin_4,manuscript_1,,,"Cambridge, Trinity College, MS O.7.20",part,,,16th century. England.,,,,,16th century. ,,1500,1600,high,Gregorian,England.,,,,,,,,,,,,,,,,,,,,,,,,,,,,,,,,,,,,,,,,,,,
_origin_5,manuscript_1,,,"Cambridge, Trinity College, MS O.7.20",part,,,16th century. England.,,,,,16th century.,,1500,1600,high,Gregorian,England.,,,,,,,,,,,,,,,,,,,,,,,,,,,,,,,,,,,,,,,,,,,
_origin_6,manuscript_1,,,"Cambridge, Trinity College, MS O.7.20",part,,,16th century. England.,,,,,16th century. ,,1500,1600,high,Gregorian,England.,,,,,,,,,,,,,,,,,,,,,,,,,,,,,,,,,,,,,,,,,,,
_origin_1,manuscript_1,,,"Cambridge, Trinity College, MS O.7.23",manuscript,,MS-TRINITY-COLLEGE-O-00007-00023,Second half of the 15th century. England.,,,,,Second half of the 15th century. ,,1450,1500,high,Gregorian,England.,,,,,,,,,,,,,,,,,,,,,,,,,,,,,,,,,,,,,,,,,,,
_origin_1,manuscript_12010,,,"Cambridge, Trinity College, MS O.7.29",manuscript,,MS-TRINITY-O-00007-00029,"late 16th or early 17th century, before 1641 f. ii verso",,f. ii verso,ii verso,ii verso,"late 16th or early 17th century,
                                before 1641",,1590,1641,,gregorian,,,,,,,,,,,,,,,,,,,,,,,,,,,,,,,,,,,,,,,,,,,,
_origin_1,manuscript_1,,,"Cambridge, Trinity College, MS O.7.31",manuscript,,MS-TRINITY-COLLEGE-O-00007-00031,15th century or first quarter of the 16th century. England.,,,,,"15th century or first quarter of the 16th
                                century. ",,1400,1529,high,Gregorian,England.,,,,,,,,,,,,,,,,,,,,,,,,,,,,,,,,,,,,,,,,,,,
_origin_1,manuscript_12011,,,"Cambridge, Trinity College, MS O.7.32",manuscript,,MS-TRINITY-O-00007-00032,"Most of this manuscript (ff. 1r-150) was copied by the hieromonachos (priest and monk) Neophytos. As recorded by his colophon on f. 100v, the text up to that point was completed on 17 November 1643, at St George's church or monastery in Neochori. The remainder of the manuscript was copied by a second hand, whose colophon on ff. 174v-175r records that the work up to this point was completed in 1642 on board a ship from a place called St Cyril's, having been commissioned by an aristocrat (archon) named Armagos.",,ff. 1r-150; f. 100v; ff. 174v-175r,1r 100v 174v,150r 100v 175r,,,,,,,,,,,,,,,,,,,,,,,,,,,,,,,,,,,,,,,,,,,,,,,,,,
_origin_1,manuscript_12014,,,"Cambridge, Trinity College, MS O.7.45",manuscript,,MS-TRINITY-O-00007-00045,f. 1r,,f. 1r,1r,1r,,,,,,,,,,,,,,,,,,,,,,,,,,,,,,,,,,,,,,,,,,,,,,,,,,
_origin_1,manuscript_1,,,"Cambridge, Trinity College, MS O.8.2",manuscript-composite,,MS-TRINITY-COLLEGE-O-00008-00002,,,,,,,,,,,,,,,,,,,,,,,,,,,,,,,,,,,,,,,,,,,,,,,,,,,,,,,
_origin_1,manuscript_1,,,"Cambridge, Trinity College, MS O.8.2",part,,,Second half of the 14th century. England.,,,,,Second half of the 14th century. ,,1350,1400,high,Gregorian,England.,,,,,,,,,,,,,,,,,,,,,,,,,,,,,,,,,,,,,,,,,,,
_origin_2,manuscript_1,,,"Cambridge, Trinity College, MS O.8.2",part,,,Second half of the 13th century or first half of the 14th century. England.,,,,,"Second half of the 13th century or first
                                    half of the 14th century. ",,1250,1350,high,Gregorian,England.,,,,,,,,,,,,,,,,,,,,,,,,,,,,,,,,,,,,,,,,,,,
_origin_3,manuscript_1,,,"Cambridge, Trinity College, MS O.8.2",part,,,First half of the 15th century. England.,,,,,First half of the 15th century. ,,1400,1450,high,Gregorian,England.,,,,,,,,,,,,,,,,,,,,,,,,,,,,,,,,,,,,,,,,,,,
_origin_1,manuscript_12015,,,"Cambridge, Trinity College, MS O.8.3",manuscript,,MS-TRINITY-O-00008-00003,middle of the first half of the 15th century,,,,," middle of the first half of the
                                                15th century",,1410,1440,,gregorian,,,,,,,,,,,,,,,,,,,,,,,,,,,,,,,,,,,,,,,,,,,,
_origin_1,manuscript_12016,,,"Cambridge, Trinity College, MS O.8.7",manuscript,,MS-TRINITY-O-00008-00007,"The manuscript was copied and signed by the Greek scribe Andreas Darmarios on 20th November 1576 in Spain. In the colophon of the manuscript Darmarios did not mention the place; three days before, however, he had signed in Toledo MS El Escorial, Real Biblioteca, y.III.12, which he had copied from an exemplar of the library of the Cardinal of Burgos, Francisco Mendoza, as he wrote on its colophon (see M.L. Sosower, 'Some Manuscripts in the Biblioteca Nacional correctly and incorrectly attributed to Camillus Venetus', in , p. 223). The legacy of Bernard de Montfaucon: three hundred years of studies on Greek handwriting, ed. by A. Bravo García, I. Pérez Martín, J.S. Codoñer (Turnhout, 2010), pp. 217-232, 791-797",,,,,,,,,,,,,,,,,,,,,,,,,,,,,,,,,,,,,,,,,,,,,,,,,,,"El Escorial, Real Biblioteca, y.III.12; M.L. Sosower, 'Some Manuscripts in the Biblioteca Nacional correctly and incorrectly attributed to Camillus Venetus', in The legacy of Bernard de Montfaucon: three hundred years of studies on Greek handwriting, ed. by A. Bravo García, I. Pérez Martín, J.S. Codoñer (Turnhout, 2010), pp. 217-232, 791-797",,,
_origin_1,manuscript_12017,,,"Cambridge, Trinity College, MS O.8.8",manuscript,,MS-TRINITY-O-00008-00008,around 1550,,,,,around 1550,,1540,1560,,gregorian,,,,,,,,,,,,,,,,,,,,,,,,,,,,,,,,,,,,,,,,,,,,
_origin_1,manuscript_12018,,,"Cambridge, Trinity College, MS O.8.10",manuscript-composite,,MS-TRINITY-O-00008-00010,,,,,,,,,,,,,,,,,,,,,,,,,,,,,,,,,,,,,,,,,,,,,,,,,,,,,,,
_origin_1,manuscript_12018,,,"Cambridge, Trinity College, MS O.8.10",part,,,23 August 1638 f. 132r Oxford) 16 April 1641 f. 133v London,,f. 132r; f. 133v,132r 133v,132r 133v,,,,,,,,,,,,,,,,,,,,,,,,,,,,,,,,,,,,,,,,,,,,,,,,,,
_origin_2,manuscript_12018,,,"Cambridge, Trinity College, MS O.8.10",part,,,31 July 1634 f. 169r Sherborne 10 December 1632 f. 172r,,f. 169r; f. 172r,169r 172r,169r 172r,,,,,,,,,,,,,,,,,,,,,,,,,,,,,,,,,,,,,,,,,,,,,,,,,,
_origin_3,manuscript_12018,,,"Cambridge, Trinity College, MS O.8.10",part,,,17 January 1639 f. 177v 19 August 1650 f. 203r,,f. 177v; f. 203r,177v 203r,177v 203r,,,,,,,,,,,,,,,,,,,,,,,,,,,,,,,,,,,,,,,,,,,,,,,,,,
_origin_1,manuscript_12019,,,"Cambridge, Trinity College, MS O.8.11",manuscript,,MS-TRINITY-O-00008-00011,"As the watermarks of the paper suggest, the manuscript was copied in the 15th century, probably in the first half. Since the first, defective, text was copied by Isidore of Kyïv (ca. 1385-1463), and since also the second text was written by hand B on the same kind of paper, the date of origin of the manuscript can be placed before the cardinal's death, in 1463.",,,,,,,,,,,,,,,,,,,,,,,,,,,,,,,,,,,,,,,,,,,,,,,,,,,,,,
_origin_1,manuscript_12020,,,"Cambridge, Trinity College, MS O.8.12",manuscript-composite,,MS-TRINITY-O-00008-00012,,,,,,,,,,,,,,,,,,,,,,,,,,,,,,,,,,,,,,,,,,,,,,,,,,,,,,,
_origin_1,manuscript_12020,,,"Cambridge, Trinity College, MS O.8.12",part,,,"Patrick Young (1584-1652) Young, Patrick, 1584-1652 early to mid-17th century",,,,,"early to
                                    mid-17th century",,1610,1652,,gregorian,,,,,,,,,,,,,,,,,,,,,,,,,,,,,,,,,,,,,,,,,,,,
_origin_2,manuscript_12020,,,"Cambridge, Trinity College, MS O.8.12",part,,,f. 214r ff. 209r-214r 4 May 1641 London f. 229v 16 June 1650 Exton f. 237r ff. 230r-237r 8 March 1647 Oxford,,f. 214r; ff. 209r-214r; f. 229v; f. 237r; ff. 230r-237r,214r 209r 229v 237r 230r,214r 214r 229v 237r 237r,"16
                                    June 1650",1650-06-16,1650-06-16,1650-06-16,,gregorian,,,,,,,,,,,,,,,,,,,,,,,,,,,,,,,,,,,,,,,,,,,,
_origin_3,manuscript_12020,,,"Cambridge, Trinity College, MS O.8.12",part,,,,,,,,,,,,,,,,,,,,,,,,,,,,,,,,,,,,,,,,,,,,,,,,,,,,,,,,,
_origin_1,manuscript_1,,,"Cambridge, Trinity College, MS O.8.31",manuscript-composite,,MS-TRINITY-COLLEGE-O-00008-00031,,,,,,,,,,,,,,,,,,,,,,,,,,,,,,,,,,,,,,,,,,,,,,,,,,,,,,,
_origin_1,manuscript_1,,,"Cambridge, Trinity College, MS O.8.31",part,,,15th century (before 1477). England. Date and place of production assigned based on palaeographical features and former ownership and use by Roger Marchall (d. 1477).,,,,,15th century (before 1477). ,,1400,1477,high,Gregorian,England.,,,,,,,,,,,,,,,,,,,,,,,,,,,,,,,,,,,,,,,,,,,
_origin_2,manuscript_1,,,"Cambridge, Trinity College, MS O.8.31",part,,,15th century (before 1477). Probably England. Date and place of production assigned based on palaeographical features and former ownership and use by Roger Marchall (d. 1477).,,,,,15th century (before 1477). ,,1400,1477,high,Gregorian,Probably England.,,,,,,,,,,,,,,,,,,,,,,,,,,,,,,,,,,,,,,,,,,,
_origin_3,manuscript_1,,,"Cambridge, Trinity College, MS O.8.31",part,,,15th century (before 1477). Probably England. Date and place of production assigned based on palaeographical features and former ownership and use by Roger Marchall (d. 1477).,,,,,15th century (before 1477). ,,1400,1477,high,Gregorian,Probably England.,,,,,,,,,,,,,,,,,,,,,,,,,,,,,,,,,,,,,,,,,,,
_origin_4,manuscript_1,,,"Cambridge, Trinity College, MS O.8.31",part,,,15th century (before 1477). England. Date and place of production assigned based on palaeographical features and former ownership and use by Roger Marchall (d. 1477).,,,,,15th century (before 1477). ,,1400,1477,high,Gregorian,England.,,,,,,,,,,,,,,,,,,,,,,,,,,,,,,,,,,,,,,,,,,,
_origin_5,manuscript_1,,,"Cambridge, Trinity College, MS O.8.31",part,,,15th century (before 1477). England. Date and place of production assigned based on palaeographical features and former ownership and use by Roger Marchall (d. 1477).,,,,,15th century (before 1477). ,,1400,1477,high,Gregorian,England.,,,,,,,,,,,,,,,,,,,,,,,,,,,,,,,,,,,,,,,,,,,
_origin_6,manuscript_1,,,"Cambridge, Trinity College, MS O.8.31",part,,,15th century (before 1477). England. Date and place of production assigned based on palaeographical features and former ownership and use by Roger Marchall (d. 1477).,,,,,15th century (before 1477). ,,1400,1477,high,Gregorian,England.,,,,,,,,,,,,,,,,,,,,,,,,,,,,,,,,,,,,,,,,,,,
_origin_7,manuscript_1,,,"Cambridge, Trinity College, MS O.8.31",part,,,15th century (before 1477). England. Date and place of production assigned based on palaeographical features and former ownership and use by Roger Marchall (d. 1477).,,,,,15th century (before 1477). ,,1400,1477,high,Gregorian,England.,,,,,,,,,,,,,,,,,,,,,,,,,,,,,,,,,,,,,,,,,,,
_origin_1,manuscript_1,,,"Cambridge, Trinity College, MS O.8.35",manuscript,,MS-TRINITY-COLLEGE-O-00008-00035,Copied in the 15th century. England.,,,,, Copied in the 15th century. ,,1400,1500,high,Gregorian,England.,,,,,,,,,,,,,,,,,,,,,,,,,,,,,,,,,,,,,,,,,,,
_origin_1,manuscript_1,,,"Cambridge, Trinity College, MS O.8.36",manuscript,,MS-TRINITY-COLLEGE-00008-00036,Around 1510-1515. England.,,,,,Around 1510-1515. ,,1512,1514,high,Gregorian,England.,,,,,,,,,,,,,,,,,,,,,,,,,,,,,,,,,,,,,,,,,,,
_origin_1,manuscript_12023,,,"Cambridge, Trinity College, MS O.9.4",manuscript,,MS-TRINITY-O-00009-00004,"between about 1670 and 1700, as suggested by the watermark. This is consistent with the style of script.",,,,,"between about 1670 and 1700, as
                                suggested by the watermark. This is consistent with the style of
                                script.",,1670,1700,,gregorian,,,,,,,,,,,,,,,,,,,,,,,,,,,,,,,,,,,,,,,,,,,,
_origin_1,manuscript_1,,,"Cambridge, Trinity College, MS O.9.10",manuscript,,MS-TRINITY-COLLEGE-O-00009-00010,"15th century. ?Cambridge. The manuscript was copied by the Franciscan friar , who was active as a scribe at Cambridge and ordained to hear confessions in the diocese of Ely in 1411 (Holbeach seems to have copied the entire manuscript but for another theory see Winston Black's introduction for this catalogue record and the Script section). Holbeach signs his name on f. John Holbeach [Holbeche] (fl. 1411)John Holbeach [Holbeche], fl. 141166v: scribe Johannes Holbeche [...] ordinis minorum. Holbeach also asked for prayers for his soul in colophons he added while copying Nicholas of Lyra's Postilla litteralis in uetus testamentum, now Cambridge, Peterhouse, MS 85 (e.g. see ff. 101v and 235v) [see Robson (2018), p. 43; Jones (2022), p. 220].",,66v,66v,66v,15th century. ,,1400,1500,high,Gregorian,?Cambridge.,,,,,,,,,,,,,,,,,,,,,,,,,,,,,,,,,,,,,,,,"Cambridge, Peterhouse, MS 85",,,
_origin_1,manuscript_12025,,,"Cambridge, Trinity College, MS O.9.17",manuscript-composite,,MS-TRINITY-O-00009-00017,,,,,,,,,,,,,,,,,,,,,,,,,,,,,,,,,,,,,,,,,,,,,,,,,,,,,,,
_origin_1,manuscript_12025,,,"Cambridge, Trinity College, MS O.9.17",part,,,12th century,,,,,,,,,,,,,,,,,,,,,,,,,,,,,,,,,,,,,,,,,,,,,,,,,,,,,,
_origin_2,manuscript_12025,,,"Cambridge, Trinity College, MS O.9.17",part,,,11th century,,,,,11th century,,1000,1099,,gregorian,,,,,,,,,,,,,,,,,,,,,,,,,,,,,,,,,,,,,,,,,,,,
_origin_1,manuscript_12026,,,"Cambridge, Trinity College, MS O.9.27",manuscript-composite,,MS-TRINITY-O-00009-00027,,,,,,,,,,,,,,,,,,,,,,,,,,,,,,,,,,,,,,,,,,,,,,,,,,,,,,,
_origin_1,manuscript_12026,,,"Cambridge, Trinity College, MS O.9.27",part,,,15th or 16th century,,,,,,,,,,,,,,,,,,,,,,,,,,,,,,,,,,,,,,,,,,,,,,,,,,,,,,
_origin_2,manuscript_12026,,,"Cambridge, Trinity College, MS O.9.27",part,,,,,,,,,,,,,,,,,,,,,,,,,,,,,,,,,,,,,,,,,,,,,,,,,,,,,,,,,
_origin_3,manuscript_12026,,,"Cambridge, Trinity College, MS O.9.27",part,,,second half of the 13th century,,,,,"second half of the 13th
                  century",,1250,1299,,gregorian,,,,,,,,,,,,,,,,,,,,,,,,,,,,,,,,,,,,,,,,,,,,
_origin_4,manuscript_12026,,,"Cambridge, Trinity College, MS O.9.27",part,,,14th century,,,,,"14th
                  century",,1300,1399,,gregorian,,,,,,,,,,,,,,,,,,,,,,,,,,,,,,,,,,,,,,,,,,,,
_origin_5,manuscript_12026,,,"Cambridge, Trinity College, MS O.9.27",part,,,,,,,,,,,,,,,,,,,,,,,,,,,,,,,,,,,,,,,,,,,,,,,,,,,,,,,,,
_origin_1,manuscript_1,,,"Cambridge, Trinity College, MS O.9.32",manuscript,,MS-TRINITY-COLLEGE-O-00009-00032,Copied in the late 15th or early 16th century The manuscript features additions from the first half of the 16th century). England.,,,,,"
                                Copied in the late 15th or early 16th century
                                ",,1475,1550,high,Gregorian,England.,,,,,,,,,,,,,,,,,,,,,,,,,,,,,,,,,,,,,,,,,,,
_origin_1,manuscript_1,,,"Cambridge, Trinity College, MS O.9.37",manuscript,,MS-TRINITY-COLLEGE-O-00009-00037,Mid-15th century. England.,,,,,Mid-15th century. ,,1440,1460,high,Gregorian,England.,,,,,,,,,,,,,,,,,,,,,,,,,,,,,,,,,,,,,,,,,,,
_origin_1,manuscript_1,,,"Cambridge, Trinity College, MS O.9.39",manuscript-composite,,MS-TRINITY-COLLEGE-O-00009-00039,,,,,,,,,,,,,,,,,,,,,,,,,,,,,,,,,,,,,,,,,,,,,,,,,,,,,,,
_origin_1,manuscript_1,,,"Cambridge, Trinity College, MS O.9.39",part,,,15th century. England.,,,,,15th century. ,,1400,1500,high,Gregorian,England.,,,,,,,,,,,,,,,,,,,,,,,,,,,,,,,,,,,,,,,,,,,
_origin_2,manuscript_1,,,"Cambridge, Trinity College, MS O.9.39",part,,,15th century. England.,,,,,15th century. ,,1400,1500,high,Gregorian,England.,,,,,,,,,,,,,,,,,,,,,,,,,,,,,,,,,,,,,,,,,,,
_origin_3,manuscript_1,,,"Cambridge, Trinity College, MS O.9.39",part,,,Late 16th or early 17th century. England.,,,,,Late 16th or early 17th century. ,,1573,1650,high,Gregorian,England.,,,,,,,,,,,,,,,,,,,,,,,,,,,,,,,,,,,,,,,,,,,
_origin_4,manuscript_1,,,"Cambridge, Trinity College, MS O.9.39",part,,,16th or early 17th century. England.,,,,,16th or early 17th century. ,,1527,1609,high,Gregorian,England.,,,,,,,,,,,,,,,,,,,,,,,,,,,,,,,,,,,,,,,,,,,
_origin_5,manuscript_1,,,"Cambridge, Trinity College, MS O.9.39",part,,,16th or early 17th century. ? Italy or an Italian scribe in England.,,,,,16th or early 17th century. ,,1500,1700,high,Gregorian,? Italy or an Italian scribe in England.,,,,,,,,,,,,,,,,,,,,,,,,,,,,,,,,,,,,,,,,,,,
_origin_1,manuscript_12027,,,"Cambridge, Trinity College, MS O.10.10",manuscript,,MS-TRINITY-O-00010-00010,"The manuscript was copied in the 17th century in England, from a manuscript owned by (see note on Isaac Vossius (1618-1689) Vossius, Isaac, 1618-1689 f. [ii] recto).",,f. [ii] recto,[ii] recto,[ii] recto,,,,,,,,,,,,,,,,,,,,,,,,,,,,,,,,,,,,,,,,,,,,,,,,,,
_origin_1,manuscript_12028,,,"Cambridge, Trinity College, MS O.10.12",manuscript-composite,,MS-TRINITY-O-00010-00012,,,,,,,,,,,,,,,,,,,,,,,,,,,,,,,,,,,,,,,,,,,,,,,,,,,,,,,
_origin_1,manuscript_12028,,,"Cambridge, Trinity College, MS O.10.12",part,,,"The manuscript was copied by nine scribes of western European origin in England, from Oxford, Bodleian Library, MS Savile 7 ( Decorps-Foulquier (2001), p. 113). Since this mansucript was copied in the first quarter of the 17th century ( Decorps-Foulquier (2001), p. 113 with cited bibliography), the copy of the first part of MS O.10.12 can be dated to the 17th century (after c. 1625).",,,,,,,,,,,,,,,,,,,,,,,,,,,,,,,,,,,,,,,,,,,,,,,,,,,Decorps-Foulquier (2001); Decorps-Foulquier (2001),,,
_origin_2,manuscript_12028,,,"Cambridge, Trinity College, MS O.10.12",part,,,"The manuscript was copied by a single scribe of western European origin in the 17th century in England, from Oxford, Bodleian Library, MS Barocci 169 ( Decorps-Foulquier and Federspie (2014), p. lxxxiii). The watermark suggests that the copy could be dated perhaps more precisely around the years 1655-1675.",,,,,,,,,,,,,,,,,,,,,,,,,,,,,,,,,,,,,,,,,,,,,,,,,,,Decorps-Foulquier and Federspie (2014),,,
_origin_1,manuscript_12031,,,"Cambridge, Trinity College, MS O.10.32",manuscript,,MS-TRINITY-O-00010-00032,in the late 1630s or early 1640s,,,,,in the late 1630s or early 1640s,,1635,1645,,gregorian,,,,,,,,,,,,,,,,,,,,,,,,,,,,,,,,,,,,,,,,,,,,
_origin_1,manuscript_12032,,,"Cambridge, Trinity College, MS O.10.33",manuscript-composite,,MS-TRINITY-O-00010-00033,,,,,,,,,,,,,,,,,,,,,,,,,,,,,,,,,,,,,,,,,,,,,,,,,,,,,,,
_origin_1,manuscript_12032,,,"Cambridge, Trinity College, MS O.10.33",part,,,ff. 15r-27r 1651 Bromfieldia Broomfield f. 27r,,ff. 15r-27r; f. 27r,15r 27r,27r 27r,,,,,,,,,,,,,,,,,,,,,,,,,,,,,,,,,,,,,,,,,,,,,,,,,,
_origin_2,manuscript_12032,,,"Cambridge, Trinity College, MS O.10.33",part,,,second quarter of the 17th century,,,,,,,,,,,,,,,,,,,,,,,,,,,,,,,,,,,,,,,,,,,,,,,,,,,,,,
_origin_3,manuscript_12032,,,"Cambridge, Trinity College, MS O.10.33",part,,,"17th century, no later than 1652",,,,,"17th century, no later than 1652",,1600,1652,,gregorian,,,,,,,,,,,,,,,,,,,,,,,,,,,,,,,,,,,,,,,,,,,,
_origin_4,manuscript_12032,,,"Cambridge, Trinity College, MS O.10.33",part,,,17th century,,,,,,,,,,,,,,,,,,,,,,,,,,,,,,,,,,,,,,,,,,,,,,,,,,,,,,
_origin_5,manuscript_12032,,,"Cambridge, Trinity College, MS O.10.33",part,,,ff. 47r-49v ff. 50r-83r ff. 47r-72r 1 December 1625 Winchester f. 72r ff. 81r-83r 31 October 1622 f. 83r,,ff. 47r-49v; ff. 50r-83r; ff. 47r-72r; f. 72r; ff. 81r-83r; f. 83r,47r 50r 47r 72r 81r 83r,49v 83r 72r 72r 83r 83r,,,,,,,,,,,,,,,,,,,,,,,,,,,,,,,,,,,,,,,,,,,,,,,,,,
_origin_6,manuscript_12032,,,"Cambridge, Trinity College, MS O.10.33",part,,,ff. 84r-116r 20 September 1640 Sherborne f. 116r,,ff. 84r-116r; f. 116r,84r 116r,116r 116r,,,,,,,,,,,,,,,,,,,,,,,,,,,,,,,,,,,,,,,,,,,,,,,,,,
_origin_7,manuscript_12032,,,"Cambridge, Trinity College, MS O.10.33",part,,,"17th century, no later than 1652",,,,,,,,,,,,,,,,,,,,,,,,,,,,,,,,,,,,,,,,,,,,,,,,,,,,,,
_origin_8,manuscript_12032,,,"Cambridge, Trinity College, MS O.10.33",part,,,"mid-17th century, no later than 1652",,,,,,,,,,,,,,,,,,,,,,,,,,,,,,,,,,,,,,,,,,,,,,,,,,,,,,
_origin_9,manuscript_12032,,,"Cambridge, Trinity College, MS O.10.33",part,,,between about 1620 and 1650,,,,,,,,,,,,,,,,,,,,,,,,,,,,,,,,,,,,,,,,,,,,,,,,,,,,,,
_origin_10,manuscript_12032,,,"Cambridge, Trinity College, MS O.10.33",part,,,"late 16th or 17th century, no later than 1652",,,,,,,,,,,,,,,,,,,,,,,,,,,,,,,,,,,,,,,,,,,,,,,,,,,,,,
_origin_11,manuscript_12032,,,"Cambridge, Trinity College, MS O.10.33",part,,,between about 1610 and 1640,,,,,,,,,,,,,,,,,,,,,,,,,,,,,,,,,,,,,,,,,,,,,,,,,,,,,,
_origin_12,manuscript_12032,,,"Cambridge, Trinity College, MS O.10.33",part,,,"mid-17th century, no later than 1652",,,,,,,,,,,,,,,,,,,,,,,,,,,,,,,,,,,,,,,,,,,,,,,,,,,,,,
_origin_1,manuscript_12033,,,"Cambridge, Trinity College, MS R.1.42",manuscript,,MS-TRINITY-R-00001-00042,"Rethymnon Michael Lygizos Lygizos, Michael f. 192v second half of the 15th century 1464-1475",,f. 192v,192v-193r,192v-193r,"second
                                half of the 15th century",,1450,1499,,gregorian,,,,,,,,,,,,,,,,,,,,,,,,,,,,,,,,,,,,,,,,,,,,
_origin_1,manuscript_1,,,"Cambridge, Trinity College, MS R.3.20",manuscript,,MS-TRINITY-COLLEGE-R-00003-00020,"Copied between 1430 and 1432 by , author, translator and scribe. John Shirley (?1366-1456)Shirley, John, 1366?-1456 London. Connolly (1998), pp. 77-80. Cambridge, Trinity College, MS R.3.20 was originally joined with , ff. 1-93, containing a copy of the Middle English London, Sion College Library, MS Arc.L.40.2/E.44The Pilgrimage of the Lyfe of the Manhode and , ff. 80r-83v, containing Geoffrey Chaucer's 'Complaint unto Pity' and 'Complaint to His Lady'. These parts were also copied by John Shirley. For a reconstruction of the three manuscripts, see Connolly (1998), Table 2.London, British Library, Harley MS 78",,,,,"Copied between 1430 and 1432 by , author, translator and scribe. John Shirley (?1366-1456)Shirley, John, 1366?-1456",,1430,1432,high,Gregorian,London.,,,,,,,,,,,,,,,,,,,,,,,,,,,,,,,,,,,,,,,,"Connolly (1998), pp. 77-80.; London, Sion College Library, MS Arc.L.40.2/E.44; London, British Library, Harley MS 78","London, Sion College Library, MS Arc.L.40.2/E.44; London, British Library, Harley MS 78", ,
_origin_1,manuscript_12034,,,"Cambridge, Trinity College, MS R.3.31",manuscript-composite,,MS-TRINITY-R-00003-00031,,,,,,,,,,,,,,,,,,,,,,,,,,,,,,,,,,,,,,,,,,,,,,,,,,,,,,,
_origin_1,manuscript_12034,,,"Cambridge, Trinity College, MS R.3.31",part,,,16th century,,,,,16th century,,1500,1599,,gregorian,,,,,,,,,,,,,,,,,,,,,,,,,,,,,,,,,,,,,,,,,,,,
_origin_2,manuscript_12034,,,"Cambridge, Trinity College, MS R.3.31",part,,,14th century,,,,,"14th
                                century",,1300,1399,,gregorian,,,,,,,,,,,,,,,,,,,,,,,,,,,,,,,,,,,,,,,,,,,,
_origin_3,manuscript_12034,,,"Cambridge, Trinity College, MS R.3.31",part,,,,,,,,,,,,,,,,,,,,,,,,,,,,,,,,,,,,,,,,,,,,,,,,,,,,,,,,,
_origin_4,manuscript_12034,,,"Cambridge, Trinity College, MS R.3.31",part,,,late 14th and the early 15th century,,,,,"late 14th and the early
                                    15th century",,1375,1425,,gregorian,,,,,,,,,,,,,,,,,,,,,,,,,,,,,,,,,,,,,,,,,,,,
_origin_1,manuscript_12037,,,"Cambridge, Trinity College, MS R.9.9",manuscript,,MS-TRINITY-R-00009-00009,"Georgios Moschos Moschos, Georgios late 15th or early 16th century",,,,,,,,,,,,,,,,,,,,,,,,,,,,,,,,,,,,,,,,,,,,,,,,,,,,,,
_origin_1,manuscript_12038,,,"Cambridge, Trinity College, MS R.9.12",manuscript,,MS-TRINITY-R-00009-00012,"The manuscript was copied probably in the 15th century, as the script and the watermark of the leaves of paper suggest.",,,,,,,,,,,,,,,,,,,,,,,,,,,,,,,,,,,,,,,,,,,,,,,,,,,,,,
_origin_1,manuscript_12039,,,"Cambridge, Trinity College, MS R.9.15",manuscript,,MS-TRINITY-R-00009-00015,second half of the 14th century,,,,,second half of the 14th century,,1350,1399,,gregorian,,,,,,,,,,,,,,,,,,,,,,,,,,,,,,,,,,,,,,,,,,,,
_origin_1,manuscript_12040,,,"Cambridge, Trinity College, MS R.9.18",manuscript,,MS-TRINITY-R-00009-00018,late 15th or early 16th century,,,,,"late 15th or early 16th
                                century",,1480,1510,,gregorian,,,,,,,,,,,,,,,,,,,,,,,,,,,,,,,,,,,,,,,,,,,,
_origin_1,manuscript_12042,,,"Cambridge, Trinity College, MS R.9.22",manuscript,,MS-TRINITY-R-00009-00022,"Ioannes Serbopoulos Serbopoulos, Ioannes Reading 9 October 1489 f. 161v",,f. 161v,161v,161v,9 October 1489,1489-10-09,1489-10-09,1489-10-09,,gregorian,,,,,,,,,,,,,,,,,,,,,,,,,,,,,,,,,,,,,,,,,,,,
_origin_1,manuscript_12043,,,"Cambridge, Trinity College, MS R.9.26",manuscript,,MS-TRINITY-R-00009-00026,"The manuscript was copied by Desiderius Erasmus in Louvain in 1503: this date occurs at the end of the presentation letter (17 November 1503, see f. 11r), and in the final rubric of the first text (November 1503, see f. 26v). Since also the following texts were written by the same hand on the same paper, it can be assumed that they were copied in the same period.",,f. 11r; f. 26v,10v-11r 26v-27r,10v-11r 26v-27r,,,,,,,,,,,,,,,,,,,,,,,,,,,,,,,,,,,,,,,,,,,,,,,,,,
_origin_1,manuscript_12044,,,"Cambridge, Trinity College, MS R.9.29",manuscript,,MS-TRINITY-R-00009-00029,between about 1600 and 1679,,,,,"between about 1600 and
                                1679",,1600,1679,,gregorian,,,,,,,,,,,,,,,,,,,,,,,,,,,,,,,,,,,,,,,,,,,,
_origin_1,manuscript_1,,,"Cambridge, Trinity College, MS R.14.29",manuscript-composite,,MS-TRINITY-COLLEGE-R-00014-00029,,,,,,,,,,,,,,,,,,,,,,,,,,,,,,,,,,,,,,,,,,,,,,,,,,,,,,,
_origin_1,manuscript_1,,,"Cambridge, Trinity College, MS R.14.29",part,,,Early 14th century. England.,,,,,Early 14th century.,,1400,1425,medium,Gregorian,England.,,,,,,,,,,,,,,,,,,,,,,,,,,,,,,,,,,,,,,,,,,,
_origin_2,manuscript_1,,,"Cambridge, Trinity College, MS R.14.29",part,,,13th century ?France.,,,,,13th century,,1200,1300,medium,Gregorian,?France.,,,,,,,,,,,,,,,,,,,,,,,,,,,,,,,,,,,,,,,,,,,
_origin_3,manuscript_1,,,"Cambridge, Trinity College, MS R.14.29",part,,,Early 14th century. France.,,,,,Early 14th century. ,,1300,1350,high,Gregorian,France.,,,,,,,,,,,,,,,,,,,,,,,,,,,,,,,,,,,,,,,,,,,
_origin_4,manuscript_1,,,"Cambridge, Trinity College, MS R.14.29",part,,,Late 13th century or first half of the 14th century. England.,,,,,"Late 13th century or first half of the
                                    14th century.",,1275,1350,high,Gregorian,England.,,,,,,,,,,,,,,,,,,,,,,,,,,,,,,,,,,,,,,,,,,,
_origin_5,manuscript_1,,,"Cambridge, Trinity College, MS R.14.29",part,,,Second half of the 13th century or first half of the 14th century. England.,,,,," Second half of the 13th century or first
                                    half of the 14th century.",,1250,1350,high,Gregorian,England.,,,,,,,,,,,,,,,,,,,,,,,,,,,,,,,,,,,,,,,,,,,
_origin_1,manuscript_1,,,"Cambridge, Trinity College, MS R.14.31",manuscript-composite,,MS-TRINITY-COLLEGE-R-00014-00031,,,,,,,,,,,,,,,,,,,,,,,,,,,,,,,,,,,,,,,,,,,,,,,,,,,,,,,
_origin_1,manuscript_1,,,"Cambridge, Trinity College, MS R.14.31",part,,,Probably 15th century. Probably England. Date and place of production assigned based on palaeographical features and the forms of the names on this fragment.,,,,,Probably 15th century. ,,1400,1500,medium,Gregorian,Probably England.,,,,,,,,,,,,,,,,,,,,,,,,,,,,,,,,,,,,,,,,,,,Date and place of production assigned based on palaeographical features and the forms of the names on this fragment.
_origin_2,manuscript_1,,,"Cambridge, Trinity College, MS R.14.31",part,,,12th century. Either St Augustine's Abbey or Christ Church Cathedral Priory in Canterbury. Date and place of production assigned based on palaeographical and decorative features.,,,,,12th century. ,,1100,1200,high,Gregorian,Either St Augustine's Abbey or Christ Church Cathedral Priory in Canterbury.,,,,,,,,,,,,,,,,,,,,,,,,,,,,,,,,,,,,,,,,,,,Date and place of production assigned based on palaeographical and decorative features.
_origin_3,manuscript_1,,,"Cambridge, Trinity College, MS R.14.31",part,,,"late 12th/13th century, with additions from early 14th to 16th centuries. St Augustine's Abbey, Canterbury It is not clear when these leaves (ff. 245-248) were added to the volume, but they bear marks of use from the early 14th century through to the 16th century, indicating that they were almost certainly written on while the volume was owned by St Augustine's Abbey in Canterbury, England. The patch repair to f. 248 has text in what appears to be in a late 12th or early 13th century hand, and so the repair must (obviously) post-date the creation of that textleaf. Place and date of production assigned based on palaeographic features, and supporting evidence derived from knowledge of the provenance of the rest of the volume.",,248,248r,248v,"late 12th/13th century, with additions
                                    from early 14th to 16th centuries. ",,1100,1500,high,Gregorian,"St Augustine's Abbey, Canterbury",,,,,,,,,,,,,,,,,,,,,,,,,,,,,,,,,,,,,,,,,,,"Place and date of production assigned based on palaeographic features, and supporting evidence derived from knowledge of the provenance of the rest of the volume."
_origin_4,manuscript_1,,,"Cambridge, Trinity College, MS R.14.31",part,,,Probably 14th century. Probably England. Date and place of production assigned based on palaeographical features and the forms of the names on this fragment.,,,,,Probably 14th century. ,,1300,1400,medium,Gregorian,Probably England.,,,,,,,,,,,,,,,,,,,,,,,,,,,,,,,,,,,,,,,,,,,Date and place of production assigned based on palaeographical features and the forms of the names on this fragment.
_origin_1,manuscript_1,,,"Cambridge, Trinity College, MS R.14.32",manuscript-composite,,MS-TRINITY-COLLEGE-R-00014-00032,,,,,,,,,,,,,,,,,,,,,,,,,,,,,,,,,,,,,,,,,,,,,,,,,,,,,,,
_origin_1,manuscript_1,,,"Cambridge, Trinity College, MS R.14.32",part,,,15th century. England. With 16th-century additions.,,,,,15th century. ,,1400,1500,high,Gregorian,England.,,,,,,,,,,,,,,,,,,,,,,,,,,,,,,,,,,,,,,,,,,,
_origin_2,manuscript_1,,,"Cambridge, Trinity College, MS R.14.32",part,,,15th century. England.,,,,,15th century.,,1400,1500,high,Gregorian,England.,,,,,,,,,,,,,,,,,,,,,,,,,,,,,,,,,,,,,,,,,,,
_origin_1,manuscript_1,,,"Cambridge, Trinity College, MS R.14.39",manuscript-composite,,MS-TRINITY-COLLEGE-R-00014-00039,,,,,,,,,,,,,,,,,,,,,,,,,,,,,,,,,,,,,,,,,,,,,,,,,,,,,,,
_origin_1,manuscript_1,,,"Cambridge, Trinity College, MS R.14.39",part,,,"16th century. Italy. It is possible that this part comprises further smaller codicological units of separate production, including ff. [1:126a]-[1:126b], which has texts written in French on paper with no watermarks and with the (?)16th-century folio numbers 112 and 113 written on them. However, it appears that these parts were joint together soon after their production.",,[1:126a]-[1:126b],[1:126a] recto,[1:126b] verso,16th century. ,,1500,1600,high,Gregorian,Italy.,,,,,,,,,,,,,,,,,,,,,,,,,,,,,,,,,,,,,,,,,,,
_origin_2,manuscript_1,,,"Cambridge, Trinity College, MS R.14.39",part,,,Second half of the 15th century or first half of the 16th century. England.,,,,,"Second half of the 15th century or first
                                    half of the 16th century.",,1450,1550,high,Gregorian,England.,,,,,,,,,,,,,,,,,,,,,,,,,,,,,,,,,,,,,,,,,,,
_origin_3,manuscript_1,,,"Cambridge, Trinity College, MS R.14.39",part,,,16th century. England.,,,,,16th century.,,1500,1600,high,Gregorian,England.,,,,,,,,,,,,,,,,,,,,,,,,,,,,,,,,,,,,,,,,,,,
_origin_4,manuscript_1,,,"Cambridge, Trinity College, MS R.14.39",part,,,16th century. England.,,,,,16th century.,,1500,1600,high,Gregorian,England.,,,,,,,,,,,,,,,,,,,,,,,,,,,,,,,,,,,,,,,,,,,
_origin_1,manuscript_1,,,"Cambridge, Trinity College, MS R.14.41",manuscript-composite,,MS-TRINITY-COLLEGE-R-00014-00041,,,,,,,,,,,,,,,,,,,,,,,,,,,,,,,,,,,,,,,,,,,,,,,,,,,,,,,
_origin_1,manuscript_1,,,"Cambridge, Trinity College, MS R.14.41",part,,,Second half of the 16th century. England.,,,,,Second half of the 16th century. ,,1550,1600,high,Gregorian,England.,,,,,,,,,,,,,,,,,,,,,,,,,,,,,,,,,,,,,,,,,,,
_origin_2,manuscript_1,,,"Cambridge, Trinity College, MS R.14.41",part,,,14th century. England.,,,,,14th century. ,,1300,1400,high,Gregorian,England.,,,,,,,,,,,,,,,,,,,,,,,,,,,,,,,,,,,,,,,,,,,
_origin_3,manuscript_1,,,"Cambridge, Trinity College, MS R.14.41",part,,,Second half of the 14th century. England.,,,,,Second half of the 14th century. ,,1350,1400,high,Gregorian,England.,,,,,,,,,,,,,,,,,,,,,,,,,,,,,,,,,,,,,,,,,,,
_origin_4,manuscript_1,,,"Cambridge, Trinity College, MS R.14.41",part,,,15th century. England.,,,,,15th century.,,1400,1500,high,Gregorian,England.,,,,,,,,,,,,,,,,,,,,,,,,,,,,,,,,,,,,,,,,,,,
_origin_5,manuscript_1,,,"Cambridge, Trinity College, MS R.14.41",part,,,15th century England.,,,,,15th century,,1400,1500,high,Gregorian,England.,,,,,,,,,,,,,,,,,,,,,,,,,,,,,,,,,,,,,,,,,,,
_origin_6,manuscript_1,,,"Cambridge, Trinity College, MS R.14.41",part,,,15th century. England.,,,,,15th century. ,,1400,1500,high,Gregorian,England.,,,,,,,,,,,,,,,,,,,,,,,,,,,,,,,,,,,,,,,,,,,
_origin_1,manuscript_1,,,"Cambridge, Trinity College, MS R.14.44",manuscript-composite,,MS-TRINITY-COLLEGE-R-00014-00044,,,,,,,,,,,,,,,,,,,,,,,,,,,,,,,,,,,,,,,,,,,,,,,,,,,,,,,
_origin_1,manuscript_1,,,"Cambridge, Trinity College, MS R.14.44",part,,,15th century. England.,,,,,15th century.,,1400,1500,high,Gregorian,England.,,,,,,,,,,,,,,,,,,,,,,,,,,,,,,,,,,,,,,,,,,,
_origin_2,manuscript_1,,,"Cambridge, Trinity College, MS R.14.44",part,,,15th or early 16th century century. England.,,,,,15th or early 16th century century. ,,1400,1550,high,Gregorian,England.,,,,,,,,,,,,,,,,,,,,,,,,,,,,,,,,,,,,,,,,,,,
_origin_3,manuscript_1,,,"Cambridge, Trinity College, MS R.14.44",part,,,1460s. England. The accounts on f. 185-186 contain evidence that they were written around 1463-4 and have been written in the hand that has copied a large portion of this part of the manuscript; see Mooney (1995) for further details on the hands.,,185-186,185.0,186.0,1460s. ,,1460,1470,high,Gregorian,England.,,,,,,,,,,,,,,,,,,,,,,,,,,,,,,,,,,,,,,,,,,,
_origin_4,manuscript_1,,,"Cambridge, Trinity College, MS R.14.44",part,,,15th century (probably the second half of the century). England.,,,,,15th century (probably the second half of the century). ,,1400,1500,high,Gregorian,England.,,,,,,,,,,,,,,,,,,,,,,,,,,,,,,,,,,,,,,,,,,,
_origin_1,manuscript_1,,,"Cambridge, Trinity College, MS R.14.51",manuscript,,MS-TRINITY-COLLEGE-R-00014-00051,Second half of the 15th century. England.,,,,,Second half of the 15th century. ,,1450,1500,high,Gregorian,England.,,,,,,,,,,,,,,,,,,,,,,,,,,,,,,,,,,,,,,,,,,,
_origin_1,manuscript_1,,,"Cambridge, Trinity College, MS R.14.52",manuscript,,MS-TRINITY-COLLEGE-R-00014-00052,"1458×c.1485. ?London. Copied by the so-called 'Hammond Scribe' between 1458 and c. 1485. The anonymous scribe is named after the Chaucer-scholar Eleanor Prescott Hammond (1866–1933) who first identified their hand in five manuscripts (see Hammond (1905) and Hammond (1929)). Subsequently, scholars have identified ten more manuscripts that were copied by the scribe (see Doyle (1959) and Mooney (2006)). Aside from this manuscript, their hand occurs in the following manuscripts: Cambridge, Trinity College, MS R.3.21 Cambridge, Trinity College, MS O.3.11 London, British Library, Add MS 29901 London, British Library, Add MS 34360 London, British Library, Arundel MS 59 London, British Library, Cotton MS Claudius A VIII London, British Library, Harley MS 78 London, British Library, Harley MS 372 London, British Library, Harley MS 2251 London, British Library, Harley MS 4999 London, British Library, Royal MS 17 D XV London, Royal College of Physicians, MS 388 Oxford, Bodleian Library, Rawlinson D.913 Worcester, Cathedral Library, MS F.172 As Mooney (2006) notes, the Hammond Scribe appears to have worked as a clerk in the household of Sir Thomas Cook, member of the Drapers' Company and Mayor of London in 1462-63, possibly under the supervision of his secretary John Vale. The latter's initials occur in a blue and red monograms(QJV for Quod John Vale) at the top of f. 2:1r. As Matheson (2006), I: pp. 65-93, argues, the scribe's spellings suggest that they originated from West Essex although they also used spelling forms occuring in sources from the Central Midlands and London. The dating for the scribe's work is based on two works that they copied into this manuscript: 1. A treatise on making and using scientific instruments that refers to a certain Multon (ff. 2:215r, 2:217r, 2:219r, 2:222r) with the date 1458 (f. 2:215r); 2. A medical recipe that is attributed to the physician Roger Necton who died in 1484. Although scholars have suggested that Multon may refer to the Hammond Scribe's name, it is also possible that he was the author or translator of the treatise (see Mooney (2006), I: pp. 55-63).",,2:1r; 2:215r; 2:217r; 2:219r; 2:222r; 2:215r,2:1r 2:215r 2:217r 2:219r 2:222r 2:215r,2:1r 2:215r 2:217r 2:219r 2:222r 2:215r,1458×c.1485. ,,1458,1490,high,Gregorian,?London.,,,,,,,,,,,,,,,,,,,,,,,,,,,,,,,,,,,,,,,,"Cambridge, Trinity College, MS R.3.21; Cambridge, Trinity College, MS O.3.11; London, British Library, Add MS 29901; London, British Library, Add MS 34360; London, British Library, Arundel MS 59; London, British Library, Cotton MS Claudius A VIII; London, British Library, Harley MS 78; London, British Library, Harley MS 372; London, British Library, Harley MS 2251; London, British Library, Harley MS 4999; London, British Library, Royal MS 17 D XV; London, Royal College of Physicians, MS 388; Oxford, Bodleian Library, Rawlinson D.913; Worcester, Cathedral Library, MS F.172","Cambridge, Trinity College, MS R.3.21; Cambridge, Trinity College, MS O.3.11; London, British Library, Add MS 29901; London, British Library, Add MS 34360; London, British Library, Arundel MS 59; London, British Library, Cotton MS Claudius A VIII; London, British Library, Harley MS 78; London, British Library, Harley MS 372; London, British Library, Harley MS 2251; London, British Library, Harley MS 4999; London, British Library, Royal MS 17 D XV; London, Royal College of Physicians, MS 388; Oxford, Bodleian Library, Rawlinson D.913; Worcester, Cathedral Library, MS F.172",https://mss-cat.trin.cam.ac.uk/Manuscript/R.3.21 https://cudl.lib.cam.ac.uk/view/MS-TRINITY-COLLEGE-O-00003-00011/1          http://rcp.adlibhosting.com/Details/archive/110001564 https://medieval.bodleian.ox.ac.uk/catalog/manuscript_8471 ,
_origin_1,manuscript_12047,,,"Cambridge, Trinity College, MS R.15.36",manuscript,,MS-TRINITY-R-00015-00036,"The manuscript is not dated. On the basis of the script, it can be dated probably to the 14th century, possibly the first half; the use of eastern paper is in line with this date.",,,,,,,,,,,,,,,,,,,,,,,,,,,,,,,,,,,,,,,,,,,,,,,,,,,,,,
_origin_1,manuscript_12048,,,"Cambridge, Trinity College, MS R.16.5",manuscript,,MS-TRINITY-R-00016-00005,The manuscript was copied by the scribe Bartolomeo Zanetti in Italy. The watermarks allow us to date the copy to around the 1550s.,,,,,,,,,,,,,,,,,,,,,,,,,,,,,,,,,,,,,,,,,,,,,,,,,,,,,,
_origin_1,manuscript_12049,,,"Cambridge, Trinity College, MS R.16.33",manuscript,,MS-TRINITY-R-00016-00033,14th century,,,,,,,,,,,,,,,,,,,,,,,,,,,,,,,,,,,,,,,,,,,,,,,,,,,,,,
_origin_1,manuscript_12050,,,"Cambridge, Trinity College, MS R.16.35",manuscript,,MS-TRINITY-R-00016-00035,Andreas Donos Andreas Donos 1530s,,,,,1530s,,1499,1508,,gregorian,,,,,,,,,,,,,,,,,,,,,,,,,,,,,,,,,,,,,,,,,,,,
_origin_1,manuscript_12051,,,"Cambridge, Trinity College, MS R.16.36",manuscript,,MS-TRINITY-R-00016-00036,second half of the 17th century,,,,,"second half of
                                the 17th century",,1650,1699,,gregorian,,,,,,,,,,,,,,,,,,,,,,,,,,,,,,,,,,,,,,,,,,,,
_origin_1,manuscript_12052,,,"Cambridge, Trinity College, MS R.17.11",manuscript-composite,,MS-TRINITY-R-00017-00011,,,,,,,,,,,,,,,,,,,,,,,,,,,,,,,,,,,,,,,,,,,,,,,,,,,,,,,
_origin_1,manuscript_12052,,,"Cambridge, Trinity College, MS R.17.11",part,,,first half of the 12th century,,,,,"first half of the 12th
                  century",,1100,1149,,gregorian,,,,,,,,,,,,,,,,,,,,,,,,,,,,,,,,,,,,,,,,,,,,
_origin_2,manuscript_12052,,,"Cambridge, Trinity College, MS R.17.11",part,,,15th or 16th century,,,,,,,,,,,,,,,,,,,,,,,,,,,,,,,,,,,,,,,,,,,,,,,,,,,,,,
_origin_1,manuscript_1,,,"Cambridge, Trinity College, MS VI.18.2",manuscript,,MS-TRINITY-COLLEGE-VI-00018-00002,"Printed by William Caxton in 1477. Westminster, London.",,,,, Printed by William Caxton in 1477. ,1477,1477,1477,high,Gregorian,"Westminster, London.",,,,,,,,,,,,,,,,,,,,,,,,,,,,,,,,,,,,,,,,,,,
_origin_1,manuscript_12054,,,"Cambridge, University Library, MS Add. 679",manuscript-composite,,MS-ADD-00679-00000,,,,,,,,,,,,,,,,,,,,,,,,,,,,,,,,,,,,,,,,,,,,,,,,,,,,,,,
_origin_1,manuscript_12054,,,"Cambridge, University Library, MS Add. 679",part,,,12th or 13th century,,,,,"12th or 13th
                                century",,1100,1299,,gregorian,,,,,,,,,,,,,,,,,,,,,,,,,,,,,,,,,,,,,,,,,,,,
_origin_2,manuscript_12054,,,"Cambridge, University Library, MS Add. 679",part,,,f. 6r,,f. 6r,2:6r,2:6r,,,,,,,,,,,,,,,,,,,,,,,,,,,,,,,,,,,,,,,,,,,,,,,,,,
_origin_1,manuscript_12055,,,"Cambridge, University Library, MS Add. 720",manuscript-composite,,MS-ADD-00720,,,,,,,,,,,,,,,,,,,,,,,,,,,,,,,,,,,,,,,,,,,,,,,,,,,,,,,
_origin_1,manuscript_12055,,,"Cambridge, University Library, MS Add. 720",part,,,late 10th or first half of the 11th century,,,,,late 10th or first half of the 11th century,,980,1050,,gregorian,,,,,,,,,,,,,,,,,,,,,,,,,,,,,,,,,,,,,,,,,,,,
_origin_2,manuscript_12055,,,"Cambridge, University Library, MS Add. 720",part,,,13th or 14th century,,,,,13th or 14th century,,1200,1399,,gregorian,,,,,,,,,,,,,,,,,,,,,,,,,,,,,,,,,,,,,,,,,,,,
_origin_3,manuscript_12055,,,"Cambridge, University Library, MS Add. 720",part,,,12th century,,,,,,,,,,,,,,,,,,,,,,,,,,,,,,,,,,,,,,,,,,,,,,,,,,,,,,
_origin_1,manuscript_12056,,,"Cambridge, University Library, MS Add. 1024",manuscript,,MS-ADD-01024-00000,"The manuscript was copied by Konstantinos Paleokappas in 1554 for a certain Lancelot, who can be probably identified (see Easterling 1962, p. 315, and Pietrobelli 2015, p. 369 note 23) as , Bishop of Riez, French scholar and diplomat. Lancelot de Carle (1508-1568) Carles, Lancelot de, 1508-1568",,,,,,,,,,,,,,,,,,,,,,,,,,,,,,,,,,,,,,,,,,,,,,,,,,,Easterling 1962; Pietrobelli 2015,,,
_origin_1,manuscript_12057,,,"Cambridge, University Library, MS Add. 1025",manuscript,,MS-ADD-01025-00000,the end of 10th and beginning of 11th century,,,,," the end of 10th and beginning of
                                                11th century",,975,1025,,gregorian,,,,,,,,,,,,,,,,,,,,,,,,,,,,,,,,,,,,,,,,,,,,
_origin_1,manuscript_12058,,,"Cambridge, University Library, MS Add. 1732",manuscript,,MS-ADD-01732,the early 14th century ff. 140r-141r the first half of 15th century,,ff. 140r-141r,140r,141r,"the early 14th century the first half
                                of 15th century",,1300 1400,1325 1450,,gregorian,,,,,,,,,,,,,,,,,,,,,,,,,,,,,,,,,,,,,,,,,,,,
_origin_1,manuscript_12059,,,"Cambridge, University Library, MS Add. 1836",manuscript-composite,,MS-ADD-01836,,,,,,,,,,,,,,,,,,,,,,,,,,,,,,,,,,,,,,,,,,,,,,,,,,,,,,,
_origin_1,manuscript_12059,,,"Cambridge, University Library, MS Add. 1836",part,,,late 12th or 13th century southern Italy eta nu kappa,,,,,late 12th or 13th century,,1180,1299,,gregorian,,,,,,,,,,,,,,,,,,,,,,,,,,,,,,,,,,,,,,,,,,,,
_origin_2,manuscript_12059,,,"Cambridge, University Library, MS Add. 1836",part,,,14th or 15th century,,,,,,,,,,,,,,,,,,,,,,,,,,,,,,,,,,,,,,,,,,,,,,,,,,,,,,
_origin_3,manuscript_12059,,,"Cambridge, University Library, MS Add. 1836",part,,,15th century,,,,,,,,,,,,,,,,,,,,,,,,,,,,,,,,,,,,,,,,,,,,,,,,,,,,,,
_origin_1,manuscript_12060,,,"Cambridge, University Library, MS Add. 1837",manuscript,,MS-ADD-01837,Constantinople 14th century,,,,,14th century,,1300,1399,,gregorian,Constantinople,,,,,,,,,,,,,,,,,,,,,,,,,,,,,,,,,,,,,,,,,,,
_origin_1,manuscript_12061,,,"Cambridge, University Library, MS Add. 1838",manuscript-composite,,MS-ADD-01838,,,,,,,,,,,,,,,,,,,,,,,,,,,,,,,,,,,,,,,,,,,,,,,,,,,,,,,
_origin_1,manuscript_12061,,,"Cambridge, University Library, MS Add. 1838",part,,,last third of the 16th century,,,,,last third of the 16th century,,1565,1585,,gregorian,,,,,,,,,,,,,,,,,,,,,,,,,,,,,,,,,,,,,,,,,,,,
_origin_2,manuscript_12061,,,"Cambridge, University Library, MS Add. 1838",part,,,last third of the 16th century,,,,,last third of the 16th century,,1565,1585,,gregorian,,,,,,,,,,,,,,,,,,,,,,,,,,,,,,,,,,,,,,,,,,,,
_origin_1,manuscript_12062,,,"Cambridge, University Library, MS Add. 1839",manuscript,,MS-ADD-01839-00000,"southern Italy 13th century 12th century f. 85r, col. a, line 4 f. 89r, col. a, line 4 f. 93r, col. b, line 13 13th",,"f. 85r, col. a, line 4; f. 89r, col. a, line 4; f. 93r, col. b, line 13",85r 89r 93r,85r 89r 93r,13th century,,1200,1299,,gregorian,southern Italy,,,,,,,,,,,,,,,,,,,,,,,,,,,,,,,,,,,,,,,,,,,
_origin_1,manuscript_12063,,,"Cambridge, University Library, MS Add. 1840",manuscript,,MS-ADD-01840,second half of the 11th or first half of the 12th century,,,,,"second half of the 11th or first
                                                half of the 12th century",,1050,1149,,gregorian,,,,,,,,,,,,,,,,,,,,,,,,,,,,,,,,,,,,,,,,,,,,
_origin_1,manuscript_12064,,,"Cambridge, University Library, MS Add. 1875",manuscript,,MS-ADD-01875,Syria second half of the 6th century Studies on Greek and Coptic Majuscule Scripts and Books Upper Egypt Upper Egypt 7th or 8th century,,,,,"second half of
                                the 6th century",,550,599,,gregorian,Syria,,,,,,,,,,,,,,,,,,,,,,,,,,,,,,,,,,,,,,,,,,,
_origin_1,manuscript_77951,,,"Cambridge, University Library, MS Add. 1879.1",manuscript,,MS-ADD-01879-00001,11th century,,,,,11th century,,1000,1099,,gregorian,,,,,,,,,,,,,,,,,,,,,,,,,,,,,,,,,,,,,,,,,,,,
_origin_1,manuscript_77952,,,"Cambridge, University Library, MS Add. 1879.2",manuscript,,MS-ADD-01879-00002,10th century,,,,,10th century,,900,999,,gregorian,,,,,,,,,,,,,,,,,,,,,,,,,,,,,,,,,,,,,,,,,,,,
_origin_1,manuscript_77953,,,"Cambridge, University Library, MS Add. 1879.3",manuscript,,MS-ADD-01879-00003,"between 850 and 950 Orientalia Christiana Periodica southern Italy Dieter Harlfinger, 'Beispiele der maiuscola ogivale inclinata vom Sinai aus Damaskus', Ἀληθὴς φιλία: Studi in onore di Giancarlo Prato, ed. Marco D'Agostino and Paola Degni (Spoleto 2010), pp. 461-477 at p. 465",,,,,"between 850
                                and 950",,850,950,,gregorian,southern Italy,,,,,,,,,,,,,,,,,,,,,,,,,,,,,,,,,,,,,,,,"Dieter Harlfinger, 'Beispiele der maiuscola ogivale inclinata vom Sinai aus Damaskus', Ἀληθὴς φιλία: Studi in onore di Giancarlo Prato, ed. Marco D'Agostino and Paola Degni (Spoleto 2010), pp. 461-477 at p. 465",,,
_origin_1,manuscript_77954,,,"Cambridge, University Library, MS Add. 1879.4",manuscript,,MS-ADD-01879-00004,6th century,,,,,"6th
                                century",,500,599,low,gregorian,,,,,,,,,,,,,,,,,,,,,,,,,,,,,,,,,,,,,,,,,,,,
_origin_1,manuscript_77955,,,"Cambridge, University Library, MS Add. 1879.5",manuscript-composite,,MS-ADD-01879-00005,,,,,,,,,,,,,,,,,,,,,,,,,,,,,,,,,,,,,,,,,,,,,,,,,,,,,,,
_origin_1,manuscript_77955,,,"Cambridge, University Library, MS Add. 1879.5",part,,,7th or 8th century Palestine,,,,,7th or 8th century,,600,799,,gregorian,Palestine,,,,,,,,,,,,,,,,,,,,,,,,,,,,,,,,,,,,,,,,,,,
_origin_2,manuscript_77955,,,"Cambridge, University Library, MS Add. 1879.5",part,,,"Yannah of Raqqa Yannah of Raqqa Ḏāwīḏ al-Ḥimṣī (David of Homs) al-Ḥimṣī, Ḏāwīḏ between 903 and 925",,,,,,,,,,,,,,,,,,,,,,,,,,,,,,,,,,,,,,,,,,,,,,,,,,,,,,
_origin_1,manuscript_77956,,,"Cambridge, University Library, MS Add. 1879.6",manuscript,,MS-ADD-01879-00006,7th or 8th century,,,,,"7th or 8th
                                century",,600,799,low,gregorian,,,,,,,,,,,,,,,,,,,,,,,,,,,,,,,,,,,,,,,,,,,,
_origin_1,manuscript_77957,,,"Cambridge, University Library, MS Add. 1879.7",manuscript,,MS-ADD-01879-00007,second half of the 10th century or the beginning of the 11th century southern Italy,,,,,"second half of the 10th century or
                                the beginning of the 11th century",,950,1010,low,gregorian,southern Italy,,,,,,,,,,,,,,,,,,,,,,,,,,,,,,,,,,,,,,,,,,,
_origin_1,manuscript_77958,,,"Cambridge, University Library, MS Add. 1879.8",manuscript,,MS-ADD-01879-00008,mid-19th century,,,,,mid-19th century,,,1868,,gregorian,,,,,,,,,,,,,,,,,,,,,,,,,,,,,,,,,,,,,,,,,,,,
_origin_1,manuscript_77959,,,"Cambridge, University Library, MS Add. 1879.9",manuscript,,MS-ADD-01879-00009,f. 10v 3 January 1040,,f. 10v,10v,10v,"3 January
                            1040",1040-01-03,1040-01-03,1040-01-03,,gregorian,,,,,,,,,,,,,,,,,,,,,,,,,,,,,,,,,,,,,,,,,,,,
_origin_1,manuscript_77960,,,"Cambridge, University Library, MS Add. 1879.10",manuscript,,MS-ADD-01879-00010,11th or first half of the 12th century,,,,,"11th
                                or first half of the 12th century",,1000,1149,,gregorian,,,,,,,,,,,,,,,,,,,,,,,,,,,,,,,,,,,,,,,,,,,,
_origin_1,manuscript_77961,,,"Cambridge, University Library, MS Add. 1879.11",manuscript,,MS-ADD-01879-00011,late 12th or 13th century epsilon Cyprus the Levant,,,,,"late
                                12th or 13th century",,1180,1299,,gregorian,,,,,,,,,,,,,,,,,,,,,,,,,,,,,,,,,,,,,,,,,,,,
_origin_1,manuscript_77962,,,"Cambridge, University Library, MS Add. 1879.12",manuscript,,MS-ADD-01879-00012,11th century,,,,,11th century,,1000,1099,,gregorian,,,,,,,,,,,,,,,,,,,,,,,,,,,,,,,,,,,,,,,,,,,,
_origin_1,manuscript_77963,,,"Cambridge, University Library, MS Add. 1879.13",manuscript,,MS-ADD-01879-00013,11th century eastern Mediterranean,,,,,11th century,,1000,1099,,gregorian,eastern Mediterranean,,,,,,,,,,,,,,,,,,,,,,,,,,,,,,,,,,,,,,,,,,,
_origin_1,manuscript_77965,,,"Cambridge, University Library, MS Add. 1879.14",manuscript-composite,,MS-ADD-01879-00014,,,,,,,,,,,,,,,,,,,,,,,,,,,,,,,,,,,,,,,,,,,,,,,,,,,,,,,
_origin_1,manuscript_77965,,,"Cambridge, University Library, MS Add. 1879.14",part,,,second half of the 10th or the 11th century,,,,,"second half of the
                  10th or the 11th century",,950,1099,,gregorian,,,,,,,,,,,,,,,,,,,,,,,,,,,,,,,,,,,,,,,,,,,,
_origin_2,manuscript_77965,,,"Cambridge, University Library, MS Add. 1879.14",part,,,13th or 14th century,,,,,,,,,,,,,,,,,,,,,,,,,,,,,,,,,,,,,,,,,,,,,,,,,,,,,,
_origin_1,manuscript_77965,,,"Cambridge, University Library, MS Add. 1879.15",manuscript-composite,,MS-ADD-01879-00015,,,,,,,,,,,,,,,,,,,,,,,,,,,,,,,,,,,,,,,,,,,,,,,,,,,,,,,
_origin_1,manuscript_77965,,,"Cambridge, University Library, MS Add. 1879.15",part,,,second half of the 10th or first half of the 11th century,,,,,"second half of the
                  10th or first half of the 11th century",,950,1049,,gregorian,,,,,,,,,,,,,,,,,,,,,,,,,,,,,,,,,,,,,,,,,,,,
_origin_2,manuscript_77965,,,"Cambridge, University Library, MS Add. 1879.15",part,,,13th or 14th century,,,,,,,,,,,,,,,,,,,,,,,,,,,,,,,,,,,,,,,,,,,,,,,,,,,,,,
_origin_1,manuscript_77966,,,"Cambridge, University Library, MS Add. 1879.16",manuscript,,MS-ADD-01879-00016,10th century,,,,,"10th
                                century",,900,999,,gregorian,,,,,,,,,,,,,,,,,,,,,,,,,,,,,,,,,,,,,,,,,,,,
_origin_1,manuscript_77967,,,"Cambridge, University Library, MS Add. 1879.17",manuscript,,MS-ADD-01879-00017,first half of the 12th century,,,,,first half of the 12th century,,1100,1150,,gregorian,,,,,,,,,,,,,,,,,,,,,,,,,,,,,,,,,,,,,,,,,,,,
_origin_1,manuscript_77968,,,"Cambridge, University Library, MS Add. 1879.18",manuscript,,MS-ADD-01879-00018,11th century,,,,,"11th
                                century",,1000,1099,,gregorian,,,,,,,,,,,,,,,,,,,,,,,,,,,,,,,,,,,,,,,,,,,,
_origin_1,manuscript_77969,,,"Cambridge, University Library, MS Add. 1879.19",manuscript,,MS-ADD-01879-00019,second half of the 10th century,,,,,second half of the 10th century,,960,999,,gregorian,,,,,,,,,,,,,,,,,,,,,,,,,,,,,,,,,,,,,,,,,,,,
_origin_1,manuscript_77969,,,"Cambridge, University Library, MS Add. 1879.20",manuscript,,MS-ADD-01879-00020,second half of the 10th century,,,,,second half of the 10th century,,945,999,,gregorian,,,,,,,,,,,,,,,,,,,,,,,,,,,,,,,,,,,,,,,,,,,,
_origin_1,manuscript_77971,,,"Cambridge, University Library, MS Add. 1879.21",manuscript,,MS-ADD-01879-00021,13th century,,,,,13th century,,1200,1299,,gregorian,,,,,,,,,,,,,,,,,,,,,,,,,,,,,,,,,,,,,,,,,,,,
_origin_1,manuscript_77973,,,"Cambridge, University Library, MS Add. 1879.22",manuscript,,MS-ADD-01879-00022,late 10th century,,,,,late 10th century,,970,999,,gregorian,,,,,,,,,,,,,,,,,,,,,,,,,,,,,,,,,,,,,,,,,,,,
_origin_1,manuscript_77974,,,"Cambridge, University Library, MS Add. 1879.23",manuscript-composite,,MS-ADD-01879-00023,,,,,,,,,,,,,,,,,,,,,,,,,,,,,,,,,,,,,,,,,,,,,,,,,,,,,,,
_origin_1,manuscript_77974,,,"Cambridge, University Library, MS Add. 1879.23",part,,,middle or later 10th century,,,,,"middle or later
                  10th century",,945,999,,gregorian,,,,,,,,,,,,,,,,,,,,,,,,,,,,,,,,,,,,,,,,,,,,
_origin_2,manuscript_77974,,,"Cambridge, University Library, MS Add. 1879.23",part,,,"Ioannes Myronas Myronas, Ioannes 14 April 1229 Jerusalem Lucà, 'Dating and provenance'",,,,,,,,,,,,,,,,,,,,,,,,,,,,,,,,,,,,,,,,,,,,,,,,,,,"Lucà, 'Dating and provenance'",,,
_origin_1,manuscript_12065.24,,,"Cambridge, University Library, MS Add. 1879.24",manuscript,,MS-ADD-01879-00024,13th or 14th century,,,,,"13th
                                or 14th century",,1200,1399,,gregorian,,,,,,,,,,,,,,,,,,,,,,,,,,,,,,,,,,,,,,,,,,,,
_origin_1,manuscript_77975,,,"Cambridge, University Library, MS Add. 1880.1",manuscript,,MS-ADD-01880-00001,mid-16th century,,,,,mid-16th century,,1550,1600,,gregorian,,,,,,,,,,,,,,,,,,,,,,,,,,,,,,,,,,,,,,,,,,,,
_origin_1,manuscript_77976,,,"Cambridge, University Library, MS Add. 1880.2",manuscript,,MS-ADD-01880-00002,late 15th and 16th century,,,,,late 15th and 16th century,,1475,1600,,gregorian,,,,,,,,,,,,,,,,,,,,,,,,,,,,,,,,,,,,,,,,,,,,
_origin_1,manuscript_77978,,,"Cambridge, University Library, MS Add. 1880.4",manuscript,,MS-ADD-01880-00004,16th century,,,,,16th century,,1500,1600,,gregorian,,,,,,,,,,,,,,,,,,,,,,,,,,,,,,,,,,,,,,,,,,,,
_origin_1,manuscript_12088,,,"Cambridge, University Library, MS Add. 1880.6",manuscript,,MS-ADD-01880-00006,late 15th or early 16th century,,,,,late 15th or early 16th century,,1495,1525,,gregorian,,,,,,,,,,,,,,,,,,,,,,,,,,,,,,,,,,,,,,,,,,,,
_origin_1,manuscript_77981,,,"Cambridge, University Library, MS Add. 1880.7",manuscript,,MS-ADD-01880-00007,first half of the 14th century,,,,,first half of the 14th century,,1300,1350,,gregorian,,,,,,,,,,,,,,,,,,,,,,,,,,,,,,,,,,,,,,,,,,,,
_origin_1,manuscript_77982,,,"Cambridge, University Library, MS Add. 1880.8",manuscript,,MS-ADD-01880-00008,16th century.,,,,,16th century.,,1500,1599,,gregorian,,,,,,,,,,,,,,,,,,,,,,,,,,,,,,,,,,,,,,,,,,,,
_origin_1,manuscript_77983,,,"Cambridge, University Library, MS Add. 1880.9",manuscript,,MS-ADD-01880-00009,in the 15th or 16th century Monastery of St Catherine on Mount Sinai,,,,, in the 15th or 16th century,,1400,1599,,gregorian,Monastery of St Catherine on Mount Sinai,,,,,,,,,,,,,,,,,,,,,,,,,,,,,,,,,,,,,,,,,,,
_origin_1,manuscript_77984,,,"Cambridge, University Library, MS Add. 1880.10",manuscript,,MS-ADD-01880-00010,14th century,,,,,"14th
                                century",,1300,1399,,gregorian,,,,,,,,,,,,,,,,,,,,,,,,,,,,,,,,,,,,,,,,,,,,
_origin_1,manuscript_77985,,,"Cambridge, University Library, MS Add. 1880.11",manuscript,,MS-ADD-01880-00011,17th century,,,,,"17th
                                century",,1600,1699,,gregorian,,,,,,,,,,,,,,,,,,,,,,,,,,,,,,,,,,,,,,,,,,,,
_origin_1,manuscript_77986,,,"Cambridge, University Library, MS Add. 1880.12",manuscript,,MS-ADD-01880-00012,17th century,,,,,17th century,,1600,1699,,gregorian,,,,,,,,,,,,,,,,,,,,,,,,,,,,,,,,,,,,,,,,,,,,
_origin_1,manuscript_77987,,,"Cambridge, University Library, MS Add. 1880.13",manuscript,,MS-ADD-01880-00013,17th century,,,,,17th century,,1600,1699,,gregorian,,,,,,,,,,,,,,,,,,,,,,,,,,,,,,,,,,,,,,,,,,,,
_origin_1,manuscript_12088,,,"Cambridge, University Library, MS Add. 1880.14",manuscript,,MS-ADD-01880-00014,late 15th century,,,,,late 15th century,,1475,1500,,gregorian,,,,,,,,,,,,,,,,,,,,,,,,,,,,,,,,,,,,,,,,,,,,
_origin_1,manuscript_12088,,,"Cambridge, University Library, MS Add. 1880.15",manuscript,,MS-ADD-01880-00015,17th century,,,,,17th century,,1600,1699,,gregorian,,,,,,,,,,,,,,,,,,,,,,,,,,,,,,,,,,,,,,,,,,,,
_origin_1,manuscript_12088,,,"Cambridge, University Library, MS Add. 1880.16",manuscript,,MS-ADD-01880-00016,17th century,,,,,17th century,,1600,1699,,gregorian,,,,,,,,,,,,,,,,,,,,,,,,,,,,,,,,,,,,,,,,,,,,
_origin_1,manuscript_12088,,,"Cambridge, University Library, MS Add. 1880.17",manuscript,,MS-ADD-01880-00017,17th century,,,,,17th century,,1600,1699,,gregorian,,,,,,,,,,,,,,,,,,,,,,,,,,,,,,,,,,,,,,,,,,,,
_origin_1,manuscript_77991,,,"Cambridge, University Library, MS Add. 1880.18",manuscript,,MS-ADD-01880-00018,second half of 16th century,,,,,second half of 16th century,,1550,1600,,gregorian,,,,,,,,,,,,,,,,,,,,,,,,,,,,,,,,,,,,,,,,,,,,
_origin_1,manuscript_77992,,,"Cambridge, University Library, MS Add. 1880.19",manuscript,,MS-ADD-01880-00019,17th century,,,,,17th century,,1600,1699,,gregorian,,,,,,,,,,,,,,,,,,,,,,,,,,,,,,,,,,,,,,,,,,,,
_origin_1,manuscript_77993,,,"Cambridge, University Library, MS Add. 1880.20",manuscript,,MS-ADD-01880-00020,"1666/1667 Crete f. 9r Köprülü Fazil Ahmed Pasha (1635-1676) Köprülü Fazıl Ahmed Paşa, 1635-1676 C.J.G. Turner, Another anti-Latin work attributed to Gennadius Scholarius, in: Byzantinische Zeitschrift 58 (1965), pp. 338-342 R. C. Anderson, Naval Wars in the Levant, Liverpool 1922",,f. 9r,9r,9r, 1666/1667,,1666,1667,,gregorian,Crete,,,,,,,,,,,,,,,,,,,,,,,,,,,,,,,,,,,,,,,,"C.J.G. Turner, Another anti-Latin work attributed to Gennadius Scholarius, in: Byzantinische Zeitschrift 58 (1965), pp. 338-342; R. C. Anderson, Naval Wars in the Levant, Liverpool 1922",,,
_origin_1,manuscript_77478,,,"Cambridge, University Library, MS Add. 2753.1",manuscript,,MS-ADD-02753-00001,11th century,,,,,11th century,,1000,1100,,gregorian,,,,,,,,,,,,,,,,,,,,,,,,,,,,,,,,,,,,,,,,,,,,
_origin_1,manuscript_77478,,,"Cambridge, University Library, MS Add. 2753.2",manuscript,,MS-ADD-02753-00002,,,,,,,,,,,,,,,,,,,,,,,,,,,,,,,,,,,,,,,,,,,,,,,,,,,,,,,
_origin_1,manuscript_77478,,,"Cambridge, University Library, MS Add. 2753.3",manuscript,,MS-ADD-02753-00003,,,,,,,,,,,,,,,,,,,,,,,,,,,,,,,,,,,,,,,,,,,,,,,,,,,,,,,
_origin_1,manuscript_77478,,,"Cambridge, University Library, MS Add. 2753.4",manuscript,,MS-ADD-02753-00004,late 13th century,,,,,late 13th century,,1250,1300,,gregorian,,,,,,,,,,,,,,,,,,,,,,,,,,,,,,,,,,,,,,,,,,,,
_origin_1,manuscript_77478,,,"Cambridge, University Library, MS Add. 2753.5",manuscript,,MS-ADD-02753-00005,9th or 10th century,,,,,9th or 10th century,,900,1100,,gregorian,,,,,,,,,,,,,,,,,,,,,,,,,,,,,,,,,,,,,,,,,,,,
_origin_1,manuscript_77479.1,,,"Cambridge, University Library, MS Add. 2754.1",manuscript,,MS-ADD-02754-00001,7th century,,,,,"7th
                                century",,600,699,,gregorian,,,,,,,,,,,,,,,,,,,,,,,,,,,,,,,,,,,,,,,,,,,,
_origin_1,manuscript_77479.2,,,"Cambridge, University Library, MS Add. 2754.2",manuscript,,MS-ADD-02754-00002,second half of the 12th or first half of the 13th century,,,,,"second half of
                                the 12th or first half of the 13th century",,1150,1249,,gregorian,,,,,,,,,,,,,,,,,,,,,,,,,,,,,,,,,,,,,,,,,,,,
_origin_1,manuscript_77479.3,,,"Cambridge, University Library, MS Add. 2754.3",manuscript,,MS-ADD-02754-00003,16th century,,,,,16th century,,1500,1599,,gregorian,,,,,,,,,,,,,,,,,,,,,,,,,,,,,,,,,,,,,,,,,,,,
_origin_1,manuscript_1,,,"Cambridge, University Library, MS Add. 2994",manuscript-composite,,MS-ADD-02994,,,,,,,,,,,,,,,,,,,,,,,,,,,,,,,,,,,,,,,,,,,,,,,,,,,,,,,
_origin_1,manuscript_1,,,"Cambridge, University Library, MS Add. 2994",part,,,"Written in the 15th century, probably in the first quarter. Written in England.",,,,,"Written in the 15th century, probably in
                                    the first quarter. ",,1500,1550,high,Gregorian,Written in England.,,,,,,,,,,,,,,,,,,,,,,,,,,,,,,,,,,,,,,,,,,,
_origin_2,manuscript_1,,,"Cambridge, University Library, MS Add. 2994",part,,,Written in the 14th century. Written in ?England,,,,,Written in the 14th century. ,,1300,1400,medium,Gregorian,Written in ?England,,,,,,,,,,,,,,,,,,,,,,,,,,,,,,,,,,,,,,,,,,,
_origin_1,manuscript_12109,,,"Cambridge, University Library, MS Add. 3046",manuscript-composite,,MS-ADD-03046,,,,,,,,,,,,,,,,,,,,,,,,,,,,,,,,,,,,,,,,,,,,,,,,,,,,,,,
_origin_1,manuscript_12109,,,"Cambridge, University Library, MS Add. 3046",part,,,14th century,,,,,,,,,,,,,,,,,,,,,,,,,,,,,,,,,,,,,,,,,,,,,,,,,,,,,,
_origin_2,manuscript_12109,,,"Cambridge, University Library, MS Add. 3046",part,,,11th century,,,,,11th century,,1000,1099,,gregorian,,,,,,,,,,,,,,,,,,,,,,,,,,,,,,,,,,,,,,,,,,,,
_origin_3,manuscript_12109,,,"Cambridge, University Library, MS Add. 3046",part,,,13th century,,,,,,,,,,,,,,,,,,,,,,,,,,,,,,,,,,,,,,,,,,,,,,,,,,,,,,
_origin_1,manuscript_12110,,,"Cambridge, University Library,  MS Add. 3047",manuscript,,MS-ADD-03047,The manuscript was copied by the hieromonk Dionysios in 1550 (see colophon on f. 321r).,,f. 321r,321r,321r,,,,,,,,,,,,,,,,,,,,,,,,,,,,,,,,,,,,,,,,,,,,,,,,,,
_origin_1,manuscript_12111,,,"Cambridge, University Library, MS Add. 3048",manuscript-composite,,MS-ADD-03048,,,,,,,,,,,,,,,,,,,,,,,,,,,,,,,,,,,,,,,,,,,,,,,,,,,,,,,
_origin_1,manuscript_12111,,,"Cambridge, University Library, MS Add. 3048",part,,,"The main body of the manuscript, ff. 5r-320v was copied by , as indicated by his colophon on the monk Gregorios Gregorios, monk f. 320v, probably in the last quarter of the 16th century, as indicated by the combination of watermarks. This would be consistent with the style of script. The manuscript contains four successive sequences of quire signatures, while no items of content run across more than one such sequence and the same type of paper is shared only between the first two. This indicates that these portions were originally produced as separate entities. The last two quires, which lack signatures or the crosses marked at the beginning of most of the other quires, whose content is similarly distinct and which were written in a different ink from the preceding quires, probably constitute another such entity. Two portions also begin with prayers of invocation in the margin, suggesting the beginning of a new piece of work (ff. 117r and 261r). However, the fact that all of the four sections with signatures, and the first quire and part of the second quire at the end of the manuscript, were copied by the same scribe in the same format, and that he wrote a single colophon at the end of the last and briefest of the sections he copied, suggests that they were combined into a single volume at an early date. The presence of the colophon suggests that they were intended for this purpose before they left the scribe's possession. The first quire (ff. 1-4), shorter than the rest, not included in the first quire sequence, partly blank, and copied by different hands in a style suggesting a similar date to the work of Gregorios, was probably originally intended as endleaves. The last three folios of the last quire (ff. 321-323), following the colophon and copied by another hand of similar date, may have been originally left blank and intended for a similar purpose, before having additional content added at some point after the manuscript's completion.",,ff. 5r-320v; f. 320v; 117r; 261r; ff. 1-4; ff. 321-323,5r 320v 117r 261r 1r 321r,320v 320vc 117r 261r 4v 323v,,,,,,,,,,,,,,,,,,,,,,,,,,,,,,,,,,,,,,,,,,,,,,,,,,
_origin_2,manuscript_12111,,,"Cambridge, University Library, MS Add. 3048",part,,,17th or 18th century,,,,,,,,,,,,,,,,,,,,,,,,,,,,,,,,,,,,,,,,,,,,,,,,,,,,,,
_origin_1,manuscript_12112,,,"Cambridge, University Library, MS Add. 3049",manuscript,,MS-ADD-03049,"Nikolaos Nikolaos of Klarentza Klarentza Gregorios Gregorios, priest, father of Nikolaos of Klarentza 26 April 1336",,,,,26 April 1336,1336-04-26,1336-04-26,1336-04-26,,gregorian,,,,,,,,,,,,,,,,,,,,,,,,,,,,,,,,,,,,,,,,,,,,
_origin_1,manuscript_12113,,,"Cambridge, University Library, MS Add. 3050",manuscript,,MS-ADD-03050,"The manuscript was written in 1669, as the colophon on f. 114r states.",,f. 114r,114r,114r,,,,,,,,,,,,,,,,,,,,,,,,,,,,,,,,,,,,,,,,,,,,,,,,,,
_origin_1,manuscript_12117,,,"Cambridge, University Library, MS Add. 3076",manuscript-composite,,MS-ADD-03076,,,,,,,,,,,,,,,,,,,,,,,,,,,,,,,,,,,,,,,,,,,,,,,,,,,,,,,
_origin_1,manuscript_12117,,,"Cambridge, University Library, MS Add. 3076",part,,,first half of the 16th century,,,,,,,,,,,,,,,,,,,,,,,,,,,,,,,,,,,,,,,,,,,,,,,,,,,,,,
_origin_2,manuscript_12117,,,"Cambridge, University Library, MS Add. 3076",part,,,first half of the 16th century,,,,,,,,,,,,,,,,,,,,,,,,,,,,,,,,,,,,,,,,,,,,,,,,,,,,,,
_origin_1,manuscript_1,,,"Cambridge, University Library, MS Add. 3120",manuscript-composite,,MS-ADD-03120,First half of the 14th century France. Suggested by the added verse on f. 169r and spine label.,,169r,169r,169r,First half of the 14th century ,,1300,1350,high,Gregorian,France.,,,,,,,,,,,,,,,,,,,,,,,,,,,,,,,,,,,,,,,,,,,Suggested by the added verse on f. 169r and spine label.
_origin_1,manuscript_1,,,"Cambridge, University Library, MS Add. 3120",part,,,Copied in the 13th century (probably in the second half of the century). England.,,,,,"
                                    Copied in the 13th century (probably in the second half of the century).",,1200,1300,high,Gregorian,England.,,,,,,,,,,,,,,,,,,,,,,,,,,,,,,,,,,,,,,,,,,,
_origin_2,manuscript_1,,,"Cambridge, University Library, MS Add. 3120",part,,,First half of the 14th century France. Suggested by the added verse on f. 169r and spine label.,,169r,169r,169r,First half of the 14th century ,,1300,1350,high,Gregorian,France.,,,,,,,,,,,,,,,,,,,,,,,,,,,,,,,,,,,,,,,,,,,Suggested by the added verse on f. 169r and spine label.
_origin_1,manuscript_12118,,,"Cambridge, University Library, MS Add. 3121",manuscript,,MS-ADD-03121,not before the 16th century,,,,,"not
                                before the 16th century",,1500,1699,,gregorian,,,,,,,,,,,,,,,,,,,,,,,,,,,,,,,,,,,,,,,,,,,,
_origin_1,manuscript_12119,,,"Cambridge, University Library, MS Add. 3122",manuscript-composite,,MS-ADD-03122,,,,,,,,,,,,,,,,,,,,,,,,,,,,,,,,,,,,,,,,,,,,,,,,,,,,,,,
_origin_1,manuscript_12119,,,"Cambridge, University Library, MS Add. 3122",part,,,"The main body of the manuscript was probably copied in 1642, as indicated by the colophon of , who provided major headings and part of the main text, on Kosmas Parasche Parasche, Kosmas f. 33r. However, the watermarks would suggest production in the 16th century, which would not be inconsistent with the style of script, so it is possible that the date is erroneous, and should perhaps properly refer to 1542. The text on f. [33a] verso, the originally blank final folio, was added later, probably in the 17th or 18th century, by the hand who also wrote on ff. 34r-35r, originally right endleaves.",,f. 33r; f. [33a] verso; ff. 34r-35r,33r [33a] verso 34r,33r [33a] verso 35r,,,,,,,,,,,,,,,,,,,,,,,,,,,,,,,,,,,,,,,,,,,,,,,,,,
_origin_2,manuscript_12119,,,"Cambridge, University Library, MS Add. 3122",part,,,ff. 34r-35r ff. 1r-33r ff. 37r-46r f. [33a] verso 17th or 18th century,,ff. 34r-35r; ff. 1r-33r; ff. 37r-46r; f. [33a] verso,34r 1r 37r [33a] verso,35r 33r 46r [33a] verso,,,,,,,,,,,,,,,,,,,,,,,,,,,,,,,,,,,,,,,,,,,,,,,,,,
_origin_3,manuscript_12119,,,"Cambridge, University Library, MS Add. 3122",part,,,"mid-16th century,",,,,,,,,,,,,,,,,,,,,,,,,,,,,,,,,,,,,,,,,,,,,,,,,,,,,,,
_origin_1,manuscript_76360,,,"Cambridge, University Library, MS Add. 3166",manuscript,,MS-ADD-03166,10th or 11th century Germany,,,,,"10th
                                or 11th century",,900,1099,,gregorian,Germany,,,,,,,,,,,,,,,,,,,,,,,,,,,,,,,,,,,,,,,,,,,
_origin_1,manuscript_12120,,,"Cambridge, University Library, MS Add. 3324",manuscript-composite,,MS-ADD-03324,,,,,,,,,,,,,,,,,,,,,,,,,,,,,,,,,,,,,,,,,,,,,,,,,,,,,,,
_origin_1,manuscript_12120,,,"Cambridge, University Library, MS Add. 3324",part,,,"The main part of the manuscript was copied in the 14th century, probably in the first half, as suggested by the watermark of the paper.",,,,,,,,,,,,,,,,,,,,,,,,,,,,,,,,,,,,,,,,,,,,,,,,,,,,,,
_origin_2,manuscript_12120,,,"Cambridge, University Library, MS Add. 3324",part,,,"The original manuscript (part I) probably suffered damage before the end of the 16th century. Between the end of the 16th century and the first decade of the 17th, the scribe Michael Antristos (active 4th quarter of the 16th century to the beginning of the 17th century) completed the end of the text and restored it in some parts where the ink was faded due to water stains.",,,,,,,,,,,,,,,,,,,,,,,,,,,,,,,,,,,,,,,,,,,,,,,,,,,,,,
_origin_1,manuscript_12121,,,"Cambridge, University Library, MS Add. 3326",manuscript,,MS-ADD-03326,12th or first two-thirds of the 13th century f. 116v 1267,,f. 116v,116v,116v,"12th or first two-thirds of the 13th
                century",,1100,1267-02-18,,gregorian,,,,,,,,,,,,,,,,,,,,,,,,,,,,,,,,,,,,,,,,,,,,
_origin_1,manuscript_12122,,,"Cambridge, University Library, MS Add. 3561",manuscript,,MS-ADD-03561,"The manuscript was written in Italy on 6 October 1610 by Pietro Lasena (1590-1636), historian of the Reign of Naples, a pupil of the author of the text, Antonius Arcudius, archpriest of Soleto.",,,,,,,,,,,,,,,,,,,,,,,,,,,,,,,,,,,,,,,,,,,,,,,,,,,,,,
_origin_1,manuscript_12123,,,"Cambridge, University Library, MS Add. 3574",manuscript,,MS-ADD-3574,second half of the 11th or first half of the 12th century 19r-116v 182r-218v 244r-256v ff. [117]r-173v 173-175 ff. 243-244,,19r-116v; 182r-218v; 244r-256v; ff. [117]r-173v; 173-175; ff. 243-244,19r 182r 244r [117]r 173r 243r,116v 218v 256v 173v 175v 244v,"second half of the 11th or first half of the 12th
                century",,1050,1149,,gregorian,,,,,,,,,,,,,,,,,,,,,,,,,,,,,,,,,,,,,,,,,,,,
_origin_1,manuscript_12124,,,"Cambridge, University Library, MS Add. 3849",manuscript-composite,,MS-ADD-03849,,,,,,,,,,,,,,,,,,,,,,,,,,,,,,,,,,,,,,,,,,,,,,,,,,,,,,,
_origin_1,manuscript_12124,,,"Cambridge, University Library, MS Add. 3849",part,,,14th century,,,,,"14th
                                    century",,1300,1399,,gregorian,,,,,,,,,,,,,,,,,,,,,,,,,,,,,,,,,,,,,,,,,,,,
_origin_2,manuscript_12124,,,"Cambridge, University Library, MS Add. 3849",part,,,14th century,,,,,,,,,,,,,,,,,,,,,,,,,,,,,,,,,,,,,,,,,,,,,,,,,,,,,,
_origin_3,manuscript_12124,,,"Cambridge, University Library, MS Add. 3849",part,,,late 15th century,,,,,,,,,,,,,,,,,,,,,,,,,,,,,,,,,,,,,,,,,,,,,,,,,,,,,,
_origin_4,manuscript_12124,,,"Cambridge, University Library, MS Add. 3849",part,,,13th or 14th century,,,,,,,,,,,,,,,,,,,,,,,,,,,,,,,,,,,,,,,,,,,,,,,,,,,,,,
_origin_5,manuscript_12124,,,"Cambridge, University Library, MS Add. 3849",part,,,14th century,,,,,,,,,,,,,,,,,,,,,,,,,,,,,,,,,,,,,,,,,,,,,,,,,,,,,,
_origin_1,manuscript_1,,,"Cambridge, University Library, MS Add. 4085",manuscript,,MS-ADD-04085,Late 13th or early 14th century. Flanders. Binski and Zutshi (2011): 1st quarter of the 14th century. Ringrose (2009): c. 1300. Stones (2013): c. 1290-1297?.,,,,,Late 13th or early 14th century. ,,1280,1320,,Gregorian,Flanders.,,,,,,,,,,,,,,,,,,,,,,,,,,,,,,,,,,,,,,,,,,,
_origin_1,manuscript_1,,,"Cambridge, University Library, MS Add. 4087",manuscript,,MS-ADD-04087,Written c. 1400. England.,,,,,Written c. 1400. ,,1375,1425,high,Gregorian,England.,,,,,,,,,,,,,,,,,,,,,,,,,,,,,,,,,,,,,,,,,,,
_origin_1,manuscript_77234.22,,,"Cambridge, University Library, MS Add. 4166.22",manuscript,,MS-ADD-04166-00022,15th or 16th century,,,,,"15th
                                or 16th century",,1400,1599,,gregorian,,,,,,,,,,,,,,,,,,,,,,,,,,,,,,,,,,,,,,,,,,,,
_origin_1,manuscript_77234,,,"Cambridge, University Library, MS Add. 4166.23",manuscript,,MS-ADD-04166-00023,in the second half of the 14th century.,,,,, in the second half of the 14th century.,,1350,1400,,gregorian,,,,,,,,,,,,,,,,,,,,,,,,,,,,,,,,,,,,,,,,,,,,
_origin_1,manuscript_77234.24,,,"Cambridge, University Library, MS Add. 4166.24",manuscript,,MS-ADD-04166-00024,15th or early 16th century,,,,,15th or early 16th century,,1400,1529,,gregorian,,,,,,,,,,,,,,,,,,,,,,,,,,,,,,,,,,,,,,,,,,,,
_origin_1,manuscript_77234,,,"Cambridge, University Library, MS Add. 4166.25",manuscript,,MS-ADD-04166-00025,second half of the 16th century,,,,,second half of the 16th century,,1550,1600,,gregorian,,,,,,,,,,,,,,,,,,,,,,,,,,,,,,,,,,,,,,,,,,,,
_origin_1,manuscript_12125,,,"Cambridge, University Library, MS Add. 4173",manuscript,,MS-ADD-04173,"The manuscript was copied by a scribe who signed the copy as brother Paschasios (see Colophon on f. 172v) in the first half of the 16th century. The two watermarks of the manuscript for which it was possible to find parallels in the repertoires confirm a date in the first half of the 16th century. The date of 1550 written on the left cover could be an indication for a more precise dating of the production of the manuscript, but the relation with the codex itself is not clear. More useful is the date of 1565, which has been written by the scribe on f. 173v, at the conclusion of a list of Greek script abbreviations: it can be assumed as terminus ante quem for the copy of the manuscript.",,f. 172v; left cover; f. 173v,"172v left cover, outer 173v","172v left cover, outer 173v",,,,,,,,,,,,,,,,,,,,,,,,,,,,,,,,,,,,,,,,,,,,,,,,,,
_origin_1,manuscript_12127,,,"Cambridge, University Library, MS Add. 4489",manuscript-composite,,MS-ADD-04489,,,,,,,,,,,,,,,,,,,,,,,,,,,,,,,,,,,,,,,,,,,,,,,,,,,,,,,
_origin_1,manuscript_12127,,,"Cambridge, University Library, MS Add. 4489",part,,,last quarter of the 8th century Überlieferung und Bestand,,,,,"last
                                    quarter of the 8th century",,775,800,,gregorian,,,,,,,,,,,,,,,,,,,,,,,,,,,,,,,,,,,,,,,,,,,,
_origin_2,manuscript_12127,,,"Cambridge, University Library, MS Add. 4489",part,,,late 13th or early 14th century,,,,,"late 13th or early 14th
                                    century",,1260,1350,,gregorian,,,,,,,,,,,,,,,,,,,,,,,,,,,,,,,,,,,,,,,,,,,,
_origin_3,manuscript_12127,,,"Cambridge, University Library, MS Add. 4489",part,,,first half of the 12th century,,,,,"first half
                                    of the 12th century",,1100,1150,,gregorian,,,,,,,,,,,,,,,,,,,,,,,,,,,,,,,,,,,,,,,,,,,,
_origin_1,manuscript_12128,,,"Cambridge, University Library, MS Add. 4490",manuscript,,MS-ADD-04490,last quarter of the 10th or the 11th century,,,,,"last quarter of the 10th or
                the 11th century",,975,1099,,gregorian,,,,,,,,,,,,,,,,,,,,,,,,,,,,,,,,,,,,,,,,,,,,
_origin_1,manuscript_12129,,,"Cambridge, University Library, MS Add. 4491",manuscript,,MS-ADD-04491,"Ioannina, Zosimaia Bibliotheke, MS 1 Cyprus second half of the 11th or first half of the 12th century",,,,,"second half of the 11th or first half of the 12th
                century",,1050,1149,,gregorian,,,,,,,,,,,,,,,,,,,,,,,,,,,,,,,,,,,,,,,,,"Ioannina, Zosimaia Bibliotheke, MS 1",,,
_origin_1,manuscript_12130,,,"Cambridge, University Library, MS Add. 4541",manuscript,,MS-ADD-04541,first half of the 12th century,,,,,"first half of the 12th
                century",,1100,1149,,gregorian,,,,,,,,,,,,,,,,,,,,,,,,,,,,,,,,,,,,,,,,,,,,
_origin_1,manuscript_1,,,"Cambridge, University Library, MS Add. 5368",manuscript,,MS-ADD-05368,12th century. England.,,,,,12th century.,,1100,1200,medium,Gregorian,England.,,,,,,,,,,,,,,,,,,,,,,,,,,,,,,,,,,,,,,,,,,,
_origin_1,manuscript_12132,,,"Cambridge, University Library, MS Add. 6009",manuscript-composite,,MS-ADD-06009,,,,,,,,,,,,,,,,,,,,,,,,,,,,,,,,,,,,,,,,,,,,,,,,,,,,,,,
_origin_1,manuscript_12132,,,"Cambridge, University Library, MS Add. 6009",part,,,early 17th century,,,,,,,,,,,,,,,,,,,,,,,,,,,,,,,,,,,,,,,,,,,,,,,,,,,,,,
_origin_2,manuscript_12132,,,"Cambridge, University Library, MS Add. 6009",part,,,first half of the 16th century f. 176 f. 180 ff. 180-203,,f. 176; f. 180; ff. 180-203,176r 180r 180r,176v 180v 203v,"first half of the 16th
                                    century",,1500,1550,,gregorian,,,,,,,,,,,,,,,,,,,,,,,,,,,,,,,,,,,,,,,,,,,,
_origin_3,manuscript_12132,,,"Cambridge, University Library, MS Add. 6009",part,,,17th or 18th century,,,,,,,,,,,,,,,,,,,,,,,,,,,,,,,,,,,,,,,,,,,,,,,,,,,,,,
_origin_1,manuscript_77940,,,"Cambridge, University Library, MS Add. 6220.10",manuscript,,MS-ADD-06220-00010,20th of December 1741,,,,,"
                            20th of December 1741",1741-12-20,1741-12-20,1741-12-20,,gregorian,,,,,,,,,,,,,,,,,,,,,,,,,,,,,,,,,,,,,,,,,,,,
_origin_1,manuscript_77940,,,"Cambridge, University Library, MS Add. 6220.11",manuscript,,MS-ADD-06220-00011,the early 17th century,,,,,the early 17th century,,1600,1625,,gregorian,,,,,,,,,,,,,,,,,,,,,,,,,,,,,,,,,,,,,,,,,,,,
_origin_1,manuscript_12137,,,"Cambridge, University Library, MS Add. 6314",manuscript,,MS-ADD-06314,"On the basis of the watermarks, the manuscript can be dated to the second half of the 16th century.",,,,,,,,,,,,,,,,,,,,,,,,,,,,,,,,,,,,,,,,,,,,,,,,,,,,,,
_origin_1,manuscript_12139,,,"Cambridge, University Library, MS Add. 6677",manuscript-composite,,MS-ADD-06677,,,,,,,,,,,,,,,,,,,,,,,,,,,,,,,,,,,,,,,,,,,,,,,,,,,,,,,
_origin_1,manuscript_12139,,,"Cambridge, University Library, MS Add. 6677",part,,,middle of the 16th century,,,,,,,,,,,,,,,,,,,,,,,,,,,,,,,,,,,,,,,,,,,,,,,,,,,,,,
_origin_2,manuscript_12139,,,"Cambridge, University Library, MS Add. 6677",part,,,14th or 15th century 15th century,,,,,15th century,,1400,1499,,gregorian,,,,,,,,,,,,,,,,,,,,,,,,,,,,,,,,,,,,,,,,,,,,
_origin_3,manuscript_12139,,,"Cambridge, University Library, MS Add. 6677",part,,,late 10th or first half of the 11th century 14th or 15th century 15th century,,,,,"late 10th or first half of the
                                    11th century",,980,1049,,gregorian,,,,,,,,,,,,,,,,,,,,,,,,,,,,,,,,,,,,,,,,,,,,
_origin_1,manuscript_12140,,,"Cambridge, University Library, MS Add. 6678",manuscript,,MS-ADD-06678,second half of the 12th or first half of the 13th century the Levant Cyprus,,,,,"second half of the 12th or first
                                half of the 13th century",,1150,1249,,gregorian,,,,,,,,,,,,,,,,,,,,,,,,,,,,,,,,,,,,,,,,,,,,
_origin_1,manuscript_1,,,"Cambridge, University Library, MS Add. 6865",manuscript-composite,,MS-ADD-06865,,,,,,,,,,,,,,,,,,,,,,,,,,,,,,,,,,,,,,,,,,,,,,,,,,,,,,,
_origin_1,manuscript_1,,,"Cambridge, University Library, MS Add. 6865",part,,,"14th century. England, probably the Augustinian Priory in Barnwell, Cambridgeshire.",,,,,14th century. ,,1300,1400,medium,Gregorian,"England, probably the Augustinian Priory in Barnwell, Cambridgeshire.",,,,,,,,,,,,,,,,,,,,,,,,,,,,,,,,,,,,,,,,,,,
_origin_2,manuscript_1,,,"Cambridge, University Library, MS Add. 6865",part,,,"First half of the 13th century. England, probably the Augustinian Priory in Barnwell, Cambridgeshire.",,,,,First half of the 13th century. ,,1200,1250,medium,Gregorian,"England, probably the Augustinian Priory in Barnwell, Cambridgeshire.",,,,,,,,,,,,,,,,,,,,,,,,,,,,,,,,,,,,,,,,,,,
_origin_1,manuscript_12141,,,"Cambridge, University Library, MS Add. 7216",manuscript,,MS-ADD-07216,18th century,,,,,"18th
                                century",,1700,1799,,gregorian,,,,,,,,,,,,,,,,,,,,,,,,,,,,,,,,,,,,,,,,,,,,
_origin_1,manuscript_1,,,"Cambridge, University Library, MS Add. 7307",manuscript,,MS-ADD-07307,"Presumably made in 1457, contemporaneously with the roll it was intended to carry. England.",,,,,"Presumably made in 1457, contemporaneously with the roll it was
                                intended to carry. ",1457,1457,1457,high,Gregorian,England.,,,,,,,,,,,,,,,,,,,,,,,,,,,,,,,,,,,,,,,,,,,
_origin_1,manuscript_12143,,,"Cambridge, University Library, MS Add. 7593",manuscript-composite,,MS-ADD-07593,,,,,,,,,,,,,,,,,,,,,,,,,,,,,,,,,,,,,,,,,,,,,,,,,,,,,,,
_origin_1,manuscript_12143,,,"Cambridge, University Library, MS Add. 7593",part,,,first half of the 14th century,,,,,,,,,,,,,,,,,,,,,,,,,,,,,,,,,,,,,,,,,,,,,,,,,,,,,,
_origin_2,manuscript_12143,,,"Cambridge, University Library, MS Add. 7593",part,,,first half of the 14th century,,,,,,,,,,,,,,,,,,,,,,,,,,,,,,,,,,,,,,,,,,,,,,,,,,,,,,
_origin_3,manuscript_12143,,,"Cambridge, University Library, MS Add. 7593",part,,,13th or early 14th century,,,,,"13th or early 14th
                                                  century",,1200,1325,,gregorian,,,,,,,,,,,,,,,,,,,,,,,,,,,,,,,,,,,,,,,,,,,,
_origin_4,manuscript_12143,,,"Cambridge, University Library, MS Add. 7593",part,,,first half of the 14th century,,,,,,,,,,,,,,,,,,,,,,,,,,,,,,,,,,,,,,,,,,,,,,,,,,,,,,
_origin_1,manuscript_76361,,,"Cambridge, University Library, MS Add. 7872",manuscript-composite,,MS-ADD-07872,,,,,,,,,,,,,,,,,,,,,,,,,,,,,,,,,,,,,,,,,,,,,,,,,,,,,,,
_origin_1,manuscript_76361,,,"Cambridge, University Library, MS Add. 7872",part,,,5th century,,,,,5th century,,400,500,,gregorian,,,,,,,,,,,,,,,,,,,,,,,,,,,,,,,,,,,,,,,,,,,,
_origin_2,manuscript_76361,,,"Cambridge, University Library, MS Add. 7872",part,,,second half of 10th century,,,,,,,,,,,,,,,,,,,,,,,,,,,,,,,,,,,,,,,,,,,,,,,,,,,,,,
_origin_1,manuscript_1,,,"Cambridge, University Library, MS Add. 7912",manuscript,,MS-ADD-07912,Written in the second half of the 15th century. England.,,,,,Written in the second half of the 15th century.,,1450,1500,high,Gregorian,England.,,,,,,,,,,,,,,,,,,,,,,,,,,,,,,,,,,,,,,,,,,,
_origin_1,manuscript_1,,,"Cambridge, University Library, MS Add. 9213",manuscript-composite,,MS-ADD-09213,,,,,,,,,,,,,,,,,,,,,,,,,,,,,,,,,,,,,,,,,,,,,,,,,,,,,,,
_origin_1,manuscript_1,,,"Cambridge, University Library, MS Add. 9213",part,,,"12th, or early 13th century. England or France The date of production for this manuscript has traditionally been placed in the late 12th or early 13th century, due to palaeographical features, and also the initial identification of the Latin translation of the Liber Almansoris by Gerard of Cremona (d. 1177) in this manuscript. Work by Danielle Jacquart has raised doubts about the association of the text of the Liber Almansoris in this manuscript with Gerard of Cremona's oeuvre, and as such an entire reassessment of the date of production is worthy of further investigation. The palaeography of the manuscript is typical of work produced in England and France in the second half of the twelfth century; a date of production in the early 13th century is not impossible on palaeographical grounds, but this manuscript would benefit from detailed palaeographical investigation in order to further discussions about its date and place of production.",,,,,"12th, or early 13th century.",,1180,1250,medium,Gregorian,England or France,,,,,,,,,,,,,,,,,,,,,,,,,,,,,,,,,,,,,,,,,,,"The date of production for this manuscript has traditionally been placed in the late 12th or early 13th century, due to palaeographical features, and also the initial identification of the Latin translation of the Liber Almansoris by Gerard of Cremona (d. 1177) in this manuscript. Work by Danielle Jacquart has raised doubts about the association of the text of the Liber Almansoris in this manuscript with Gerard of Cremona's oeuvre, and as such an entire reassessment of the date of production is worthy of further investigation. The palaeography of the manuscript is typical of work produced in England and France in the second half of the twelfth century; a date of production in the early 13th century is not impossible on palaeographical grounds, but this manuscript would benefit from detailed palaeographical investigation in order to further discussions about its date and place of production."
_origin_2,manuscript_1,,,"Cambridge, University Library, MS Add. 9213",part,,,"Written between November 1590 and November 1592. England, perhaps Yorkshire.",,,,," Written between November 1590 and
                                    November 1592. ",,1590-11,1592-11,high,Gregorian,"England, perhaps Yorkshire.",,,,,,,,,,,,,,,,,,,,,,,,,,,,,,,,,,,,,,,,,,,
_origin_1,manuscript_1,,,"Cambridge, University Library, MS Add. 9308",manuscript-composite,,MS-ADD-09308,,,,,,,,,,,,,,,,,,,,,,,,,,,,,,,,,,,,,,,,,,,,,,,,,,,,,,,
_origin_1,manuscript_1,,,"Cambridge, University Library, MS Add. 9308",part,,,Late 14th/early 15th century England,,,,, Late 14th/early 15th century,,1390,1410,medium,Gregorian,England,,,,,,,,,,,,,,,,,,,,,,,,,,,,,,,,,,,,,,,,,,,
_origin_2,manuscript_1,,,"Cambridge, University Library, MS Add. 9308",part,,,Late 14th/early 15th century England,,,,, Late 14th/early 15th century,,1390,1410,medium,Gregorian,England,,,,,,,,,,,,,,,,,,,,,,,,,,,,,,,,,,,,,,,,,,,
_origin_1,manuscript_1,,,"Cambridge, University Library, MS Add. 9309",manuscript,,MS-ADD-09309,15th century England,,,,,"15th
                                    century
                            ",,1490,1500,high,Gregorian,England,,,,,,,,,,,,,,,,,,,,,,,,,,,,,,,,,,,,,,,,,,,
_origin_1,manuscript_73427.1,,,"Cambridge, University Library, MS Add. 10062",manuscript,,MS-ADD-10062-OVERTEXT,"The production of the original manuscript must be dated after 518, the earliest possible date for the composition of the treatise of Severus against Julian of Halikarnassos, one of the texts featured in the catena. On the basis of the style of script, it has been dated variously from the from the 6th to the 8th centuries, but an 8th-century date is currently considered most likely. Its transformation into the present palimpsest can be dated to the second half of the 12th century, the period of activity of the scribe Neilos, who copied a dated manuscript in 1170 and two more in 1180. Since the latter two manuscripts were produced on Rhodes, it may well be that the upper text of this manuscript was also copied there. The watermark of the paper leaf suggests that these repair elements,whose text is in the same hand, were added and copied during the later 14th century. This is consistent with the style of the script.",,,,,,,,,,,,,,,,,,,,,,,,,,,,,,,,,,,,,,,,,,,,,,,,,,,,,,
_origin_1,manuscript_11797,,,"Cambridge, University Library, MS Add. 10070",manuscript,,MS-ADD-10070,"The characteristics of the scripts suggest that the manuscript was produced during the latter three-quarters of the 11th century. The consistency of layout and style of ornament between the portions copied by the different hands suggests that they worked as part of a single production project, despite the use of a different ruling pattern on each scribe's quires. However, Hand A does appear to have replaced a lost or cancelled folio originally copied by Hand B (f. 1r). The transition from Hand B to Hand C (ff. 56v-57r), occurring in mid-word, might suggest that C worked later than B. However, the fact that each page of the last two folios of Hand B's work (ff. 55r-56v) is ruled and written with an extra line suggests that this scribe may have adjusted to squeeze in the right amount of text before the existing beginning of Hand C's work. Falivene identifies the scripts as belonging to the minuscule bouletée style prevalent during much of the 10th century. However, while features of this style are present on occasion, including pronounced knobs at the end of strokes, short ascenders and vertical ascenders on delta, their presence is far from ubiquitous. Other features including the expansion of circumflexes above breathings and the accentuation of short nomina sacra are indicative of a date no earlier than the mid-11th century.",,f. 1r; ff. 56v-57r; ff. 55r-56v,1r 56v 55r,1r 57r 56v,,,,,,,,,,,,,,,,,,,,,,,,,,,,,,,,,,,,,,,,,,,,,,,,,,"Falivene identifies the scripts as belonging to the minuscule bouletée style prevalent during much of the 10th century. However, while features of this style are present on occasion, including pronounced knobs at the end of strokes, short ascenders and vertical ascenders on delta, their presence is far from ubiquitous. Other features including the expansion of circumflexes above breathings and the accentuation of short nomina sacra are indicative of a date no earlier than the mid-11th century."
_origin_1,manuscript_12147,,,"Cambridge, University Library, MS Dd.2.22",manuscript-composite,,MS-DD-00002-00022,,,,,,,,,,,,,,,,,,,,,,,,,,,,,,,,,,,,,,,,,,,,,,,,,,,,,,,
_origin_1,manuscript_12147,,,"Cambridge, University Library, MS Dd.2.22",part,,,14th century,,,,,"14th
                                century",,1300,1399,,gregorian,,,,,,,,,,,,,,,,,,,,,,,,,,,,,,,,,,,,,,,,,,,,
_origin_2,manuscript_12147,,,"Cambridge, University Library, MS Dd.2.22",part,,,14th or 15th century,,,,,"14th or
                                    15th century",,1300,1499,,gregorian,,,,,,,,,,,,,,,,,,,,,,,,,,,,,,,,,,,,,,,,,,,,
_origin_1,manuscript_12148,,,"Cambridge, University Library, MS Dd.2.51",manuscript-composite,,MS-DD-00002-00051,,,,,,,,,,,,,,,,,,,,,,,,,,,,,,,,,,,,,,,,,,,,,,,,,,,,,,,
_origin_1,manuscript_12148,,,"Cambridge, University Library, MS Dd.2.51",part,,,late 16th-century 1600,,,,,,,,,,,,,,,,,,,,,,,,,,,,,,,,,,,,,,,,,,,,,,,,,,,,,,
_origin_2,manuscript_12148,,,"Cambridge, University Library, MS Dd.2.51",part,,,"Stephanos, Metropolitan of Medeia Stephanos, Metropolitan of Medeia the first half of the 15th century 1411 to 1442",,,,," the first
                                    half of the 15th century",,1400,1449,,gregorian,,,,,,,,,,,,,,,,,,,,,,,,,,,,,,,,,,,,,,,,,,,,
_origin_3,manuscript_12148,,,"Cambridge, University Library, MS Dd.2.51",part,,,,,,,,,,,,,,,,,,,,,,,,,,,,,,,,,,,,,,,,,,,,,,,,,,,,,,,,,
_origin_1,manuscript_12150,,,"Cambridge, University Library, MS Dd.3.50",manuscript-composite,,MS-DD-00003-00050,,,,,,,,,,,,,,,,,,,,,,,,,,,,,,,,,,,,,,,,,,,,,,,,,,,,,,,
_origin_1,manuscript_12150,,,"Cambridge, University Library, MS Dd.3.50",part,,,11th century,,,,,,,,,,,,,,,,,,,,,,,,,,,,,,,,,,,,,,,,,,,,,,,,,,,,,,
_origin_2,manuscript_12150,,,"Cambridge, University Library, MS Dd.3.50",part,,,first half of the 12th century,,,,,"first half of the 12th
                                                  century",,1100,1149,,gregorian,,,,,,,,,,,,,,,,,,,,,,,,,,,,,,,,,,,,,,,,,,,,
_origin_1,manuscript_1,,,"Cambridge, University Library, MS Dd.3.51",manuscript-composite,,MS-DD-00003-00051,,,,,,,,,,,,,,,,,,,,,,,,,,,,,,,,,,,,,,,,,,,,,,,,,,,,,,,
_origin_1,manuscript_1,,,"Cambridge, University Library, MS Dd.3.51",part,,,,,,,,,,,,,,,,,,,,,,,,,,,,,,,,,,,,,,,,,,,,,,,,,,,,,,,,,
_origin_2,manuscript_1,,,"Cambridge, University Library, MS Dd.3.51",part,,,"Written in the second half of the 12th century. Written in England. According to M. Gullick (in a personal communication with CUL), the style of initials suggest an origin in Yorkshire or the Fenlands . Binski & Zutshi (2011) no. 55.",,,,,"Written in the second half of the 12th
                                    century. ",,1150,1200,medium,Gregorian,Written in England.,,,,,,,,,,,,,,,,,,,,,,,,,,,,,,,,,,,,,,,,Binski & Zutshi (2011) no. 55.,,,"According to M. Gullick (in a personal communication with CUL), the style of initials suggest an origin in Yorkshire or the Fenlands ."
_origin_3,manuscript_1,,,"Cambridge, University Library, MS Dd.3.51",part,,,mid-14th century England See Binski & Zutshi (2011) no. 55 for further information.,,,,,mid-14th century,,1330,1360,,Gregorian,England,,,,,,,,,,,,,,,,,,,,,,,,,,,,,,,,,,,,,,,,,,,See Binski & Zutshi (2011) no. 55 for further information.
_origin_1,manuscript_1,,,"Cambridge, University Library, MS Dd.3.52",manuscript,,MS-DD-00003-00052,Second half of the 15th century. England.,,,,,Second half of the 15th century. ,,1450,1450,high,Gregorian,England.,,,,,,,,,,,,,,,,,,,,,,,,,,,,,,,,,,,,,,,,,,,
_origin_1,manuscript_12151,,,"Cambridge, University Library, MS Dd.3.86.9",manuscript,,MS-DD-00003-00086-00009,17th century,,,,,17th century,,1600,1699,,gregorian,,,,,,,,,,,,,,,,,,,,,,,,,,,,,,,,,,,,,,,,,,,,
_origin_1,manuscript_77483,,,"Cambridge, University Library, MS Dd.3.86.10-11",manuscript-composite,,MS-DD-00003-00086-00010-00011,,,,,,,,,,,,,,,,,,,,,,,,,,,,,,,,,,,,,,,,,,,,,,,,,,,,,,,
_origin_1,manuscript_77483,,,"Cambridge, University Library, MS Dd.3.86.10-11",part,,,The script and the watermark suggest that the manuscript was copied in the 15th century.,,,,,,,,,,,,,,,,,,,,,,,,,,,,,,,,,,,,,,,,,,,,,,,,,,,,,,
_origin_2,manuscript_77483,,,"Cambridge, University Library, MS Dd.3.86.10-11",part,,,"On the basis of the script and of the watermark, this part of the manuscript was copied in the 15th century, probably between the 1430s and 1480s.",,,,,,,,,,,,,,,,,,,,,,,,,,,,,,,,,,,,,,,,,,,,,,,,,,,,,,
_origin_1,manuscript_12152,,,"Cambridge, University Library, MS Dd.4.16",manuscript-composite,,MS-DD-00004-00016,,,,,,,,,,,,,,,,,,,,,,,,,,,,,,,,,,,,,,,,,,,,,,,,,,,,,,,
_origin_1,manuscript_12152,,,"Cambridge, University Library, MS Dd.4.16",part,,,the mid 15th century,,,,,"the mid 15th
                                century",,1435,1475,,gregorian,,,,,,,,,,,,,,,,,,,,,,,,,,,,,,,,,,,,,,,,,,,,
_origin_2,manuscript_12152,,,"Cambridge, University Library, MS Dd.4.16",part,,,1456,,,,,1456,,1441,1460,,gregorian,,,,,,,,,,,,,,,,,,,,,,,,,,,,,,,,,,,,,,,,,,,,
_origin_3,manuscript_12152,,,"Cambridge, University Library, MS Dd.4.16",part,,,"The part was copied by Nikolaos Sekoundinos in on Florence 28th June 1441, as stated in the colophon on f. 323v.",,f. 323v,323v,323v,,,,,,,,,,,,,,,,,,,,,,,,,,,,,,,,,,,,,,,,,,,,,,,,,,
_origin_1,manuscript_1,,,"Cambridge, University Library, MS Dd.4.24",manuscript,,MS-DD-00004-00024,"First quarter of the 15th century. England. Various theories have been advanced concerning the date and place of production of the manuscript, with Oxford, London, Westminster or some other as yet unknown location each being proposed. See bibliography below. Manly and Rickert (1940) Seymour (1997) Mosser (2011) Da Rold (2013)",,,,, First quarter of the 15th century. ,,1400,1425,high,Gregorian,England.,,,,,,,,,,,,,,,,,,,,,,,,,,,,,,,,,,,,,,,,Manly and Rickert (1940); Seymour (1997); Mosser (2011); Da Rold (2013),,,
_origin_1,manuscript_12153,,,"Cambridge, University Library, MS Dd.4.39",manuscript-composite,,MS-DD-00004-00039,,,,,,,,,,,,,,,,,,,,,,,,,,,,,,,,,,,,,,,,,,,,,,,,,,,,,,,
_origin_1,manuscript_12153,,,"Cambridge, University Library, MS Dd.4.39",part,,,second half of the 12th century Cyprus the Levant,,,,,"second half of the 12th
                                                  century",,1150,1199,,gregorian,,,,,,,,,,,,,,,,,,,,,,,,,,,,,,,,,,,,,,,,,,,,
_origin_2,manuscript_12153,,,"Cambridge, University Library, MS Dd.4.39",part,,,15th century,,,,,,,,,,,,,,,,,,,,,,,,,,,,,,,,,,,,,,,,,,,,,,,,,,,,,,
_origin_3,manuscript_12153,,,"Cambridge, University Library, MS Dd.4.39",part,,,15th century,,,,,,,,,,,,,,,,,,,,,,,,,,,,,,,,,,,,,,,,,,,,,,,,,,,,,,
_origin_4,manuscript_12153,,,"Cambridge, University Library, MS Dd.4.39",part,,,15th or 16th century,,,,,,,,,,,,,,,,,,,,,,,,,,,,,,,,,,,,,,,,,,,,,,,,,,,,,,
_origin_1,manuscript_12154,,,"Cambridge, University Library, MS Dd.4.40",manuscript,,MS-DD-00004-00040,Rome 1669 f. 1r,,f. 1r,1r,1r,1669,1669,1669,1669,,gregorian,Rome,,,,,,,,,,,,,,,,,,,,,,,,,,,,,,,,,,,,,,,,,,,
_origin_1,manuscript_12155,,,"Cambridge, University Library, MS Dd.4.42",manuscript,,MS-DD-00004-00042,second half of the 13th or 14th century,,,,,"second half of
                                the 13th or 14th century",,1250,1399,,gregorian,,,,,,,,,,,,,,,,,,,,,,,,,,,,,,,,,,,,,,,,,,,,
_origin_1,manuscript_12156,,,"Cambridge, University Library, MS Dd.4.63",manuscript,,MS-DD-00004-00063,late 15th century.,,,,,late 15th century.,,1475,1499,,gregorian,,,,,,,,,,,,,,,,,,,,,,,,,,,,,,,,,,,,,,,,,,,,
_origin_1,manuscript_1,,,"Cambridge, University Library, MS Dd.5.5",manuscript,,MS-DD-00005-00005,"France, Paris. Second quarter of the 14th century (probably c. 1330-1340). The decoration of this manuscript was first ascribed by Sydney Cockerell to the fourth of four artists (working in the atelier of in Paris) who decorated the Hours of Jeanne II, Queen of Navarre (now Jean PucellePucelle, Jean, active 1320Paris, Bibliothèque nationale, nouv. acq. lat. 3145) (see Cockerell, , where the present manuscript is no. 15).A descriptive catalogue of fourteen illuminated manuscripts... (1912), pp. 59-62 The identification of this artist as (a diminutive form of Matthieu) by Kathleen Morand and François Avril (among others) has since been restated by Richard Rouse (see 'Mahiet' Mahiet (French illuminator, 14th century) 'Mahiet, the illuminator of Cambridge University Library, MS Dd.5.5' (2007), p. 173). The earliest datable evidence of Mahiet's activities (and the only context in which he is named) is the Belleville Breviary (Paris, Bibliothèque nationale, MS lat. 10483 and 10484), produced in Paris between 1323 and 1326, which was painted by Jean Pucelle and four assistants, among them Mahiet (see f. 33r of MS lat. 10483 for Mahiet's name). The latest datable example is the Hours of Jeanne II, mentioned above, which was made between 1336 and 1340, 'though', according to Rouse, 'Mahiet probably lived until c. 1350', since he continued to produce work for an important court clientele during the reign of Philip VI of Valois (d. 1350). On this basis, the date of production of MS Dd.5.5 is sometimes tentatively assigned to around 1330 to 1340. The manuscript was originally the second in a two-volume breviary; the other would have contained the winter and spring offices, and is not known to have survived.",,,,,"Second quarter of the 14th century (probably
                                                c. 1330-1340). ",,1325,1350,,Gregorian,"France, Paris.",,,,,,,,,,,,,,,,,,,,,,,,,,,,,,,,,,,,,,,,"Cockerell, A descriptive catalogue of fourteen illuminated manuscripts... (1912), pp. 59-62; 'Mahiet, the illuminator of Cambridge University Library, MS Dd.5.5' (2007), p. 173","Paris, Bibliothèque nationale, nouv. acq. lat. 3145; Paris, Bibliothèque nationale, MS lat. 10483; 10484",https://gallica.bnf.fr/ark:/12148/btv1b10025448r https://gallica.bnf.fr/ark:/12148/btv1b8451634m https://gallica.bnf.fr/ark:/12148/btv1b8447295h,
_origin_1,manuscript_1,,,"Cambridge, University Library, MS Dd.5.21",manuscript,,MS-DD-00005-00021,"Late 16th-/early 17th-century (not after 1621). England, perhaps Oxford. Ian Harwood identified Matthew Holmes (d. 1621) as the copyist of MS Dd.5.21 and eight other music manuscripts at Cambridge University Library. This manuscript - one of four that contains parts for four of the six instruments of the mixed, or English, consort - may have been while Holmes was in Oxford, working as Precentor at Christ Church, post he held until 1597, when he moved to London for a similar position at Westminster Abbey. Harwood (1963) Harwood (1964) Harwood (2005)",,,,, Late 16th-/early 17th-century (not after 1621). ,,,1621,high,Gregorian,"England, perhaps Oxford.",,,,,,,,,,,,,,,,,,,,,,,,,,,,,,,,,,,,,,,,Harwood (1963); Harwood (1964); Harwood (2005),,,
_origin_1,manuscript_12159,,,"Cambridge, University Library, MS Dd.5.29",manuscript,,MS-DD-00005-00029,p. 1 second half of the 17th century,,p. 1,1.0,1.0,"second half of
                                the 17th century",,1650,1705,,gregorian,,,,,,,,,,,,,,,,,,,,,,,,,,,,,,,,,,,,,,,,,,,,
_origin_1,manuscript_1,,,"Cambridge, University Library, MS Dd.5.53",manuscript-composite,,MS-DD-00005-00053,,,,,,,,,,,,,,,,,,,,,,,,,,,,,,,,,,,,,,,,,,,,,,,,,,,,,,,
_origin_1,manuscript_1,,,"Cambridge, University Library, MS Dd.5.53",part,,,15th century. England.,,,,,"
                                    15th century.",,1400,1500,high,Gregorian,England.,,,,,,,,,,,,,,,,,,,,,,,,,,,,,,,,,,,,,,,,,,,
_origin_2,manuscript_1,,,"Cambridge, University Library, MS Dd.5.53",part,,,15th century. England.,,,,,"
                                    15th century.",,1400,1500,high,Gregorian,England.,,,,,,,,,,,,,,,,,,,,,,,,,,,,,,,,,,,,,,,,,,,
_origin_1,manuscript_1,,,"Cambridge, University Library, MS Dd.5.76",manuscript-composite,,MS-DD-00005-00076,,,,,,,,,,,,,,,,,,,,,,,,,,,,,,,,,,,,,,,,,,,,,,,,,,,,,,,
_origin_1,manuscript_1,,,"Cambridge, University Library, MS Dd.5.76",part,,,Copied in the 15th century England,,,,,Copied in the 15th century,,1400,1500,high,Gregorian,England,,,,,,,,,,,,,,,,,,,,,,,,,,,,,,,,,,,,,,,,,,,
_origin_2,manuscript_1,,,"Cambridge, University Library, MS Dd.5.76",part,,,15th century England,,,,, 15th century,,1400,1500,high,Gregorian,England,,,,,,,,,,,,,,,,,,,,,,,,,,,,,,,,,,,,,,,,,,,
_origin_3,manuscript_1,,,"Cambridge, University Library, MS Dd.5.76",part,,,Copied in the 15th century England,,,,,Copied in the 15th century,,1400,1500,high,Gregorian,England,,,,,,,,,,,,,,,,,,,,,,,,,,,,,,,,,,,,,,,,,,,
_origin_4,manuscript_1,,,"Cambridge, University Library, MS Dd.5.76",part,,,Copied in the 15th century England,,,,, Copied in the 15th century,,1400,1500,high,Gregorian,England,,,,,,,,,,,,,,,,,,,,,,,,,,,,,,,,,,,,,,,,,,,
_origin_1,manuscript_1,,,"Cambridge, University Library, MS Dd.6.9",manuscript,,MS-DD-00006-00009,Copied between c. 1590 and c. 1600 England.,,,,,Copied between c. 1590 and c. 1600 ,,1585,1605,high,Gregorian,England.,,,,,,,,,,,,,,,,,,,,,,,,,,,,,,,,,,,,,,,,,,,
_origin_1,manuscript_12161.1,,,"Cambridge, University Library, MS Dd.6.18",manuscript,,MS-DD-00006-00018,"second half of the 17th century, before 1693 f. 1r England",,f. 1r,1r,1r,"second half of the 17th century, before 1693",,1660,1693,,gregorian,England,,,,,,,,,,,,,,,,,,,,,,,,,,,,,,,,,,,,,,,,,,,
_origin_1,manuscript_12161.2,,,"Cambridge, University Library, MS Dd.6.19",manuscript,,MS-DD-00006-00019,"second half of the 17th century, before 1693 f. i recto England",,f. i recto,i recto,i recto,"second half of the 17th century, before 1693",,1660,1693,,gregorian,England,,,,,,,,,,,,,,,,,,,,,,,,,,,,,,,,,,,,,,,,,,,
_origin_1,manuscript_1,,,"Cambridge, University Library, MS Dd.6.29",manuscript,,MS-DD-00006-00029,"Late 14th century and the first half of the 15th century England, East Anglia Calendar principally Sarum with variations pointing to East Anglia: Winwaloe, Withburga (3, 16 March), translation of Edmund, in red (28 April), Radegund (13 Aug.); also Dominic (5 Aug.). (Binski and Zutshi, no. 221).",,,,,"Late 14th century and the first half of the
                                15th century ",,1390,1450,medium,Gregorian,"England, East Anglia",,,,,,,,,,,,,,,,,,,,,,,,,,,,,,,,,,,,,,,,,,,
_origin_1,manuscript_12162,,,"Cambridge, University Library, MS Dd.6.56",manuscript,,MS-DD-00006-00056,,,,,,,,,,,,,,,,,,,,,,,,,,,,,,,,,,,,,,,,,,,,,,,,,,,,,,,
_origin_1,manuscript_12163,,,"Cambridge, University Library, MS Dd.6.84",manuscript,,MS-DD-00006-00084,"The text was copied probably in the first half of the 17th century by a non-Greek person, probably a scholar, from a printed edition of the 16th-17th century.",,,,,,,,,,,,,,,,,,,,,,,,,,,,,,,,,,,,,,,,,,,,,,,,,,,,,,
_origin_1,manuscript_12164,,,"Cambridge, University Library, MS Dd.8.3",manuscript,,MS-DD-00008-00003,the first three quarters of the 15th century the 16th century,,,,,"the first three quarters of the
                                15th century",,1400,1475,,gregorian,,,,,,,,,,,,,,,,,,,,,,,,,,,,,,,,,,,,,,,,,,,,
_origin_1,manuscript_1,,,"Cambridge, University Library, MS Dd.8.12",manuscript-composite,,MS-DD-00008-00012,,,,,,,,,,,,,,,,,,,,,,,,,,,,,,,,,,,,,,,,,,,,,,,,,,,,,,,
_origin_1,manuscript_1,,,"Cambridge, University Library, MS Dd.8.12",part,,,15th century England,,,,,15th century,,1400,1500,medium,Gregorian,England,,,,,,,,,,,,,,,,,,,,,,,,,,,,,,,,,,,,,,,,,,,
_origin_2,manuscript_1,,,"Cambridge, University Library, MS Dd.8.12",part,,,"First half of the 13th-century, probably c. 1200-1230 England, perhaps Lincoln or the midlands",,,,,"First half of the 13th-century, probably
                                    c. 1200-1230 ",,1200,1230,medium,Gregorian,"England, perhaps Lincoln or the midlands",,,,,,,,,,,,,,,,,,,,,,,,,,,,,,,,,,,,,,,,,,,
_origin_3,manuscript_1,,,"Cambridge, University Library, MS Dd.8.12",part,,,15th century (?first half). England.,,,,,15th century (?first half).,,1400,1500,medium,Gregorian,England.,,,,,,,,,,,,,,,,,,,,,,,,,,,,,,,,,,,,,,,,,,,
_origin_4,manuscript_1,,,"Cambridge, University Library, MS Dd.8.12",part,,,15th century England,,,,,15th century,,1400,1500,medium,Gregorian,England,,,,,,,,,,,,,,,,,,,,,,,,,,,,,,,,,,,,,,,,,,,
_origin_1,manuscript_1,,,"Cambridge, University Library, MS Dd.8.19",manuscript-composite,,MS-DD-00008-00019,,,,,,,,,,,,,,,,,,,,,,,,,,,,,,,,,,,,,,,,,,,,,,,,,,,,,,,
_origin_1,manuscript_1,,,"Cambridge, University Library, MS Dd.8.19",part,,,Second half of the 13th century England,,,,,Second half of the 13th century,,1250,1300,high,Gregorian,England,,,,,,,,,,,,,,,,,,,,,,,,,,,,,,,,,,,,,,,,,,,
_origin_2,manuscript_1,,,"Cambridge, University Library, MS Dd.8.19",part,,,First half of the 15th century. London,,,,,First half of the 15th century.,,1400,1450,high,Gregorian,London,,,,,,,,,,,,,,,,,,,,,,,,,,,,,,,,,,,,,,,,,,,
_origin_1,manuscript_12165,,,"Cambridge, University Library, MS Dd.8.23",manuscript,,MS-DD-00008-00023,Constantinople 13th century,,,,,"13th
                                century",,1200,1299,,gregorian,Constantinople,,,,,,,,,,,,,,,,,,,,,,,,,,,,,,,,,,,,,,,,,,,
_origin_1,manuscript_12059,,,"Cambridge, University Library, MS Dd.8.49",manuscript-composite,,MS-DD-00008-00049,,,,,,,,,,,,,,,,,,,,,,,,,,,,,,,,,,,,,,,,,,,,,,,,,,,,,,,
_origin_1,manuscript_12059,,,"Cambridge, University Library, MS Dd.8.49",part,,,southern Italy the Levant,,,,,,,,,,,southern Italy; the Levant,,,,,,,,,,,,,,,,,,,,,,,,,,,,,,,,,,,,,,,,,,,
_origin_2,manuscript_12059,,,"Cambridge, University Library, MS Dd.8.49",part,,,13th century,,,,,,,,,,,,,,,,,,,,,,,,,,,,,,,,,,,,,,,,,,,,,,,,,,,,,,
_origin_3,manuscript_12059,,,"Cambridge, University Library, MS Dd.8.49",part,,,second half of the 11th or first half of the 12th century,,,,,"second half of
                                                  the 11th or first half of the 12th
                                                  century",,1050,1149,,gregorian,,,,,,,,,,,,,,,,,,,,,,,,,,,,,,,,,,,,,,,,,,,,
_origin_1,manuscript_12158,,,"Cambridge, University Library, MS Dd.9.69",manuscript-composite,,MS-DD-00009-00069,,,,,,,,,,,,,,,,,,,,,,,,,,,,,,,,,,,,,,,,,,,,,,,,,,,,,,,
_origin_1,manuscript_12158,,,"Cambridge, University Library, MS Dd.9.69",part,,,late 13th-15th century,,,,,,,,,,,,,,,,,,,,,,,,,,,,,,,,,,,,,,,,,,,,,,,,,,,,,,
_origin_2,manuscript_12158,,,"Cambridge, University Library, MS Dd.9.69",part,,,"f. 293r-293v June 1297 Michael Mantylides Mantylides, Michael Georgios Mougdouphes Mougdouphes, Georgios",,f. 293r-293v,293r,293v,June 1297,1297-06,1297-06,1297-06,,julian,,,,,,,,,,,,,,,,,,,,,,,,,,,,,,,,,,,,,,,,,,,,
_origin_3,manuscript_12158,,,"Cambridge, University Library, MS Dd.9.69",part,,,14th or 15th century,,,,,"14th or
                                    15th century",,1300,1499,,gregorian,,,,,,,,,,,,,,,,,,,,,,,,,,,,,,,,,,,,,,,,,,,,
_origin_4,manuscript_12158,,,"Cambridge, University Library, MS Dd.9.69",part,,,14th or 15th century,,,,,14th or 15th century,,1300,1499,,gregorian,,,,,,,,,,,,,,,,,,,,,,,,,,,,,,,,,,,,,,,,,,,,
_origin_1,manuscript_12167,,,"Cambridge, University Library, MS Dd.10.42",manuscript,,MS-DD-00010-00042,late 15th century,,,,,"
                                late 15th century",,1475,1499,,gregorian,,,,,,,,,,,,,,,,,,,,,,,,,,,,,,,,,,,,,,,,,,,,
_origin_1,manuscript_1,,,"Cambridge, University Library, MS Dd.10.44",manuscript-composite,,MS-DD-00010-00044,,,,,,,,,,,,,,,,,,,,,,,,,,,,,,,,,,,,,,,,,,,,,,,,,,,,,,,
_origin_1,manuscript_1,,,"Cambridge, University Library, MS Dd.10.44",part,,,Copied in the 15th century. England,,,,, Copied in the 15th century. ,,1400,1500,high,Gregorian,England,,,,,,,,,,,,,,,,,,,,,,,,,,,,,,,,,,,,,,,,,,,
_origin_2,manuscript_1,,,"Cambridge, University Library, MS Dd.10.44",part,,,Copied in the 15th century. England.,,,,, Copied in the 15th century. ,,1400,1500,high,Gregorian,England.,,,,,,,,,,,,,,,,,,,,,,,,,,,,,,,,,,,,,,,,,,,
_origin_1,manuscript_12168,,,"Cambridge, University Library, MS Dd.10.54",manuscript-composite,,MS-DD-00010-00054,,,,,,,,,,,,,,,,,,,,,,,,,,,,,,,,,,,,,,,,,,,,,,,,,,,,,,,
_origin_1,manuscript_12168,,,"Cambridge, University Library, MS Dd.10.54",part,,,late 10th or early 11th century later 13th or 14th century,,,,,late 10th or early 11th century,,970,1030,,gregorian,,,,,,,,,,,,,,,,,,,,,,,,,,,,,,,,,,,,,,,,,,,,
_origin_2,manuscript_12168,,,"Cambridge, University Library, MS Dd.10.54",part,,,late 10th or early 11th century,,,,,,,,,,,,,,,,,,,,,,,,,,,,,,,,,,,,,,,,,,,,,,,,,,,,,,
_origin_3,manuscript_12168,,,"Cambridge, University Library, MS Dd.10.54",part,,,11th century,,,,,,,,,,,,,,,,,,,,,,,,,,,,,,,,,,,,,,,,,,,,,,,,,,,,,,
_origin_1,manuscript_12169,,,"Cambridge, University Library, MS Dd.10.55",manuscript,,MS-DD-00010-00055,f. 106v 1425,,f. 106v,106v,106v,1425,1425-07,1425-07,1425-07,,gregorian,,,,,,,,,,,,,,,,,,,,,,,,,,,,,,,,,,,,,,,,,,,,
_origin_1,manuscript_1,,,"Cambridge, University Library, MS Dd.11.45",manuscript-composite,,MS-DD-00011-00045,,,,,,,,,,,,,,,,,,,,,,,,,,,,,,,,,,,,,,,,,,,,,,,,,,,,,,,
_origin_1,manuscript_1,,,"Cambridge, University Library, MS Dd.11.45",part,,,Copied in the second half of the 15th century England.,,,,,"Copied in the second half of the 15th
                                    century",,1450,1500,high,Gregorian,England.,,,,,,,,,,,,,,,,,,,,,,,,,,,,,,,,,,,,,,,,,,,
_origin_2,manuscript_1,,,"Cambridge, University Library, MS Dd.11.45",part,,,Copied in the second quarter or second half of the 15th century England.,,,,,"Copied in the second quarter or second
                                    half of the 15th century",,1425,1500,high,Gregorian,England.,,,,,,,,,,,,,,,,,,,,,,,,,,,,,,,,,,,,,,,,,,,
_origin_3,manuscript_1,,,"Cambridge, University Library, MS Dd.11.45",part,,,Copied in the 15th century. England.,,,,,Copied in the 15th century.,,1400,1500,high,Gregorian,England.,,,,,,,,,,,,,,,,,,,,,,,,,,,,,,,,,,,,,,,,,,,
_origin_1,manuscript_12170,,,"Cambridge, University Library, MS Dd.11.54",manuscript-composite,,MS-DD-00011-00054,,,,,,,,,,,,,,,,,,,,,,,,,,,,,,,,,,,,,,,,,,,,,,,,,,,,,,,
_origin_1,manuscript_12170,,,"Cambridge, University Library, MS Dd.11.54",part,,,,,,,,,,,,,,,,,,,,,,,,,,,,,,,,,,,,,,,,,,,,,,,,,,,,,,,,,
_origin_2,manuscript_12170,,,"Cambridge, University Library, MS Dd.11.54",part,,,between the end 14th and the beginning of 15th century,,,,," between the end 14th and the beginning of 15th
                                    century",,1375,1425,,gregorian,,,,,,,,,,,,,,,,,,,,,,,,,,,,,,,,,,,,,,,,,,,,
_origin_3,manuscript_12170,,,"Cambridge, University Library, MS Dd.11.54",part,,,between the end 13th and the beginning of 14th century,,,,," between the end 13th and the beginning of 14th
                                    century",,1250,1325,,gregorian,,,,,,,,,,,,,,,,,,,,,,,,,,,,,,,,,,,,,,,,,,,,
_origin_1,manuscript_12171,,,"Cambridge, University Library, MS Dd.11.70",manuscript-composite,,MS-DD-00011-00070,,,,,,,,,,,,,,,,,,,,,,,,,,,,,,,,,,,,,,,,,,,,,,,,,,,,,,,
_origin_1,manuscript_12171,,,"Cambridge, University Library, MS Dd.11.70",part,,,mid- or second half of 16th century,,,,,"mid- or second half of 16th
                                    century",,1550,1599,,gregorian,,,,,,,,,,,,,,,,,,,,,,,,,,,,,,,,,,,,,,,,,,,,
_origin_2,manuscript_12171,,,"Cambridge, University Library, MS Dd.11.70",part,,,"Venice Michael Souliardos Souliardos, Michael",,,,,,,,,,,Venice,,,,,,,,,,,,,,,,,,,,,,,,,,,,,,,,,,,,,,,,,,,
_origin_3,manuscript_12171,,,"Cambridge, University Library, MS Dd.11.70",part,,,"Joannes Plousiadenos (ca. 1429-1500) Plousiadenos, Joannes, approximately 1429-1500",,,,,,,,,,,,,,,,,,,,,,,,,,,,,,,,,,,,,,,,,,,,,,,,,,,,,,
_origin_4,manuscript_12171,,,"Cambridge, University Library, MS Dd.11.70",part,,,"Demetrios Moschos(?) Moschus, Demetrius 14..-15..",,,,,,,,,,,,,,,,,,,,,,,,,,,,,,,,,,,,,,,,,,,,,,,,,,,,,,
_origin_5,manuscript_12171,,,"Cambridge, University Library, MS Dd.11.70",part,,,"Demetrios Damilas Damilas, Demetrios, f. 1476-1488",,,,,,,,,,,,,,,,,,,,,,,,,,,,,,,,,,,,,,,,,,,,,,,,,,,,,,
_origin_1,manuscript_12172,,,"Cambridge, University Library, MS Dd.11.90",manuscript,,MS-DD-00011-00090,last quarter of the 12th century or the first half of the 13th Levant Cyprus iota the middle of the 12th century,,,,,"last quarter of the 12th century or the first half
                                of the 13th",,1175,1249,,gregorian,,,,,,,,,,,,,,,,,,,,,,,,,,,,,,,,,,,,,,,,,,,,
_origin_1,manuscript_1,,,"Cambridge, University Library, MS Dd.12.23",manuscript,,MS-DD-00012-00023,"First half of the 15th century. England, perhaps Oxford. 'It is credibly supposed that much of this volume derives from one of the courses on dictamen, conveyancing, court-keeping and French language at Oxford, probably that given by .'William Kingsmill William Kingsmill Legge (1939).",,,,,First half of the 15th century. ,,1400,1450,medium,Gregorian,"England, perhaps Oxford.",,,,,,,,,,,,,,,,,,,,,,,,,,,,,,,,,,,,,,,,Legge (1939).,,,"'It is credibly supposed that much of this volume derives from one of the courses on dictamen, conveyancing, court-keeping and French language at Oxford, probably that given by .'William Kingsmill William Kingsmill"
_origin_1,manuscript_1,,,"Cambridge, University Library, MS Dd.13.3",manuscript,,MS-DD-00013-00003,Second quarter of the 14th century. France.,,,,, Second quarter of the 14th century. ,,1325,1350,high,Gregorian,France.,,,,,,,,,,,,,,,,,,,,,,,,,,,,,,,,,,,,,,,,,,,
_origin_1,manuscript_12173,,,"Cambridge, University Library, MS Dd.14.30.1",manuscript,,MS-DD-00014-00030-00001,"30 May 1652 f. 41v f. 1r Adam Littleton (1627-1694) Littleton, Adam, 1627-1694 f. [iv] verso",,f. 41v; f. 1r; f. [iv] verso,41v 1r [iv] verso,41v 1r [iv] verso,30 May 1652,1652-05-30,1652-05-30,1652-05-30,,gregorian,,,,,,,,,,,,,,,,,,,,,,,,,,,,,,,,,,,,,,,,,,,,
_origin_1,manuscript_1,,,"Cambridge, University Library, MS Dd.15.15",manuscript-composite,,MS-DD-00015-00015,,,,,,,,,,,,,,,,,,,,,,,,,,,,,,,,,,,,,,,,,,,,,,,,,,,,,,,
_origin_1,manuscript_1,,,"Cambridge, University Library, MS Dd.15.15",part,,,15th century England,,,,,15th century,,1500,1600,,gregorian,England,,,,,,,,,,,,,,,,,,,,,,,,,,,,,,,,,,,,,,,,,,,
_origin_2,manuscript_1,,,"Cambridge, University Library, MS Dd.15.15",part,,,Mid-13th century England,,,,,Mid-13th century,,1240,1260,high,Gregorian,England,,,,,,,,,,,,,,,,,,,,,,,,,,,,,,,,,,,,,,,,,,,
_origin_3,manuscript_1,,,"Cambridge, University Library, MS Dd.15.15",part,,,Mid-13th century England,,,,,Mid-13th century,,1240,1260,high,Gregorian,England,,,,,,,,,,,,,,,,,,,,,,,,,,,,,,,,,,,,,,,,,,,
_origin_4,manuscript_1,,,"Cambridge, University Library, MS Dd.15.15",part,,,Mid-13th century England,,,,,Mid-13th century,,1240,1260,high,Gregorian,England,,,,,,,,,,,,,,,,,,,,,,,,,,,,,,,,,,,,,,,,,,,
_origin_5,manuscript_1,,,"Cambridge, University Library, MS Dd.15.15",part,,,15th century England,,,,,15th century,,1500,1600,,gregorian,England,,,,,,,,,,,,,,,,,,,,,,,,,,,,,,,,,,,,,,,,,,,
_origin_1,manuscript_12174,,,"Cambridge, University Library, MS Dd.15.27",manuscript,,MS-DD-00015-00027,"Maximos Margounios (1530/49-1602) Margunios, Maximos ca. 1530/1549-1602 Kythera 1584 f. 6r",,f. 6r,6r,6r,1584,1584,1584,1584,,gregorian,,,,,,,,,,,,,,,,,,,,,,,,,,,,,,,,,,,,,,,,,,,,
_origin_1,manuscript_1,,,"Cambridge, University Library, MS Ee.1.3",manuscript,,MS-EE-00001-00003,Written in the second half of the 15th century. England.,,,,," Written in the second half of the 15th
                                century. ",,1450,1500,high,Gregorian,England.,,,,,,,,,,,,,,,,,,,,,,,,,,,,,,,,,,,,,,,,,,,
_origin_1,manuscript_1,,,"Cambridge, University Library, MS Ee.1.15",manuscript-composite,,MS-EE-00001-00015,,,,,,,,,,,,,,,,,,,,,,,,,,,,,,,,,,,,,,,,,,,,,,,,,,,,,,,
_origin_1,manuscript_1,,,"Cambridge, University Library, MS Ee.1.15",part,,,"Copied in the second half of the 15th century. London (?) The manuscript's collections of recipes contain various references to London, e.g.: f. 21v: 'provyd in london with hye and lowe'.f. 22v: 'by provyd diuerse tymes in london'.f. 152r: 'A medycyn for the swetyng sekenesse that was sett vp apoun pawllesgate' refers to St Paul’s Gate, which situated at the intersection of Paternoster Row and Cheapside Street, giving access to St Paul’s Cathedral’s churchyard.",,21v; 22v; 152r,21v 22v 152r,21v 22v 152r,"
                                Copied in the second half of the 15th century.",,1450,1500,high,Gregorian,London (?),,,,,,,,,,,,,,,,,,,,,,,,,,,,,,,,,,,,,,,,,,,
_origin_2,manuscript_1,,,"Cambridge, University Library, MS Ee.1.15",part,,,"Copied between c. 1520-c. 1540 London The collection contains two dated recipes: one recipe for curing the Sweating Sickness, entitled ffor the new agew called the new acqueynttance A, is dated to 1540/1 (f. o xxxijo Regni Regis H[enrici] octaui111v); another recipe, entitled A souereyn medysyn for to stoppe a laske other of man or Chylde, has the year 1520 written above it (f. 115r). The manuscript's recipes refer to a number of patients and medical practitioners from early 16th-century London: Mastres Roppyssleys medycyn and plaster (f. 103r) may refer to the wife of Thomas Ropysley who is named a citizen and surgeon of London in his will of 1504. But the Mastres Wallwyn the Awdytours wyff who is also associated with the recipe must be must be one of the three wives of William Walwyn of Kensington, auditor for the king and the duchy of Lancaster, who made his will in 1535 ). She could be his first wife Kew, The National Archives, PROB 11/27/88Alice, who had died and was buried in St Bartholomew’s Hospital in West Smithfield when William made his will; his second wife Katherine whose marriage seems to have ended with divorce; or his third wife Sibylla (Sible) who was still alive in 1535. The collection also contains a recipe for curing toothache that is said to have been proved good by Sir John Thurston knyȝt (f. 115v). It probably refers to John Thurston, knight, goldsmith and alderman of the City of London whose will was drawn up in 1520. This identification can be confirmed from a recipe for treating pain in the limbs (f. 156v) that is said to have been proved by three men: two knights named John Thurston and Thomas Exmew, and a priest of a church dedicated to St Peter named John Chaunterell (quod probatum fuit per dominum Johannum Thurston militem et per dominum Exmew Militem et per magistrem johannum chawnterell rectorem ecclesie sancti petri). While the first is the aforementioned John Thurston, the second probably is Thomas Exmewe, another goldsmith and alderman of London (1508–29), who was Sheriff of London in 1508 and Lord Mayor of London in 1517. The priest probably is the John Chaunterell who was rector of the church of St Peter in Westcheap from 1492 until his death in 1509. The manuscript's second part contains two recipes that are attributed to a doctor Bentley: a medycyn tawght by magister doctor Bentley doctor of physyke (f. 124r) and good Medycyn [...] gevyn by Doctor bentley (f. 124r). He probably was Thomas Bentley who became Bachelor of Medicine at the University of Oxford in 1516, and received the degree of Doctor of Medicine in 1518. He was soon chosen as physician to the Duke of Buckingham. In 1521, he was several times consulted by Henry VIII. In 1523, he was appointed Censor of the Royal College of Physicians, and its President four times between 1525 and 1530 (see C.H. Talbot and E.A. Hammond, .The Medical Practitioners in Medieval England: A Biographical Register (London: Wellcome Historical Library, 1965), p. 334 On the basis of the previous identifications, the Master Twysellton who is mentioned in a recipe (ffor the fflyxe a medycyn whiche is callyd M. Twyselltons) on f. 103v may refer to John Twisleton who was a goldsmith and alderman of the City and died in 1525.",,111v; 115r; 103r; 115v; 156v; 124r; 124r; 103v,111v 115r 103r 115v 156v 124r 124r 103v,111v 115r 103r 115v 156v 124r 124r 103v,"
                                Copied between c. 1520-c. 1540",,1520,1550,high,Gregorian,London,,,,,,,,,,,,,,,,,,,,,,,,,,,,,,,,,,,,,,,,"Kew, The National Archives, PROB 11/27/88; C.H. Talbot and E.A. Hammond, The Medical Practitioners in Medieval England: A Biographical Register (London: Wellcome Historical Library, 1965), p. 334","Kew, The National Archives, PROB 11/27/88",https://discovery.nationalarchives.gov.uk/details/r/D977727,
_origin_1,manuscript_1,,,"Cambridge, University Library, MS Ee.2.29",manuscript-composite,,MS-EE-00002-00029,,,,,,,,,,,,,,,,,,,,,,,,,,,,,,,,,,,,,,,,,,,,,,,,,,,,,,,
_origin_1,manuscript_1,,,"Cambridge, University Library, MS Ee.2.29",part,,,Copied in the 15th century (probably second half of the century). England.,,,,,"Copied in the 15th century (probably
                                    second half of the century).",,1450,1500,medium,Gregorian,England.,,,,,,,,,,,,,,,,,,,,,,,,,,,,,,,,,,,,,,,,,,,
_origin_2,manuscript_1,,,"Cambridge, University Library, MS Ee.2.29",part,,,Copied in the 15th century England.,,,,,Copied in the 15th century ,,1400,1500,high,Gregorian,England.,,,,,,,,,,,,,,,,,,,,,,,,,,,,,,,,,,,,,,,,,,,
_origin_3,manuscript_1,,,"Cambridge, University Library, MS Ee.2.29",part,,,Copied in the 15th century. England.,,,,,Copied in the 15th century.,,1400,1500,high,Gregorian,England.,,,,,,,,,,,,,,,,,,,,,,,,,,,,,,,,,,,,,,,,,,,
_origin_1,manuscript_1,,,"Cambridge, University Library, MS Ee.3.59",manuscript,,MS-EE-00003-00059,"Mid-13th century (perhaps c. 1255). England, London/Westminster. Sole extant copy of verse Life of St Edward the Confessor, originally composed probably by Matthew Paris for Queen Eleanor of Provence, using Vita by Aelred of Rievaulx and Matthew's own historical works. Contrary to Pam Robinson, Catalogue of Dated and Datable Manuscripts c. 737-1600 in Cambridge Libraries (1988), no. 24, only the date of composition of the lost original may be ascertained: 1236-72, probably 1236-45, and perhaps 1236-39 (see: Binski, 'Abbot Berkyng's Tapestries', pp. 89–95).",,,,,Mid-13th century (perhaps c. 1255). ,,1245,1265,,Gregorian,"England, London/Westminster.",,,,,,,,,,,,,,,,,,,,,,,,,,,,,,,,,,,,,,,,"Binski, 'Abbot Berkyng's Tapestries'",,,
_origin_1,manuscript_12175,,,"Cambridge, University Library, MS Ee.4.29",manuscript-composite,,MS-EE-00004-00029,,,,,,,,,,,,,,,,,,,,,,,,,,,,,,,,,,,,,,,,,,,,,,,,,,,,,,,
_origin_1,manuscript_12175,,,"Cambridge, University Library, MS Ee.4.29",part,,,first half of the 12th century,,,,,"first half
                                    of the 12th century",,1100,1149,,gregorian,,,,,,,,,,,,,,,,,,,,,,,,,,,,,,,,,,,,,,,,,,,,
_origin_2,manuscript_12175,,,"Cambridge, University Library, MS Ee.4.29",part,,,15th century,,,,,,,,,,,,,,,,,,,,,,,,,,,,,,,,,,,,,,,,,,,,,,,,,,,,,,
_origin_1,manuscript_12175,,,"Cambridge, University Library, MS Ee.4.29*",manuscript,,MS-EE-00004-00029-AST,first half of the 12th century,,,,,first half of the 12th century,,1100,1149,,gregorian,,,,,,,,,,,,,,,,,,,,,,,,,,,,,,,,,,,,,,,,,,,,
_origin_1,manuscript_1,,,"Cambridge, University Library, MS Ee.5.18",manuscript-composite,,MS-EE-00005-00018,,,,,,,,,,,,,,,,,,,,,,,,,,,,,,,,,,,,,,,,,,,,,,,,,,,,,,,
_origin_1,manuscript_1,,,"Cambridge, University Library, MS Ee.5.18",part,,,Copied in the late 15th or early 16th century England,,,,,Copied in the late 15th or early 16th century,,1475,1525,high,Gregorian,England,,,,,,,,,,,,,,,,,,,,,,,,,,,,,,,,,,,,,,,,,,,
_origin_2,manuscript_1,,,"Cambridge, University Library, MS Ee.5.18",part,,,Copied mostly around c. 1515-1517. England.,,,,,Copied mostly around c. 1515-1517. ,,1500,1525,high,Gregorian,England.,,,,,,,,,,,,,,,,,,,,,,,,,,,,,,,,,,,,,,,,,,,
_origin_3,manuscript_1,,,"Cambridge, University Library, MS Ee.5.18",part,,,Copied mostly around c. 1515-1517. England.,,,,,Copied mostly around c. 1515-1517. ,,1500,1525,high,Gregorian,England.,,,,,,,,,,,,,,,,,,,,,,,,,,,,,,,,,,,,,,,,,,,
_origin_4,manuscript_1,,,"Cambridge, University Library, MS Ee.5.18",part,,,Copied mostly around c. 1515-1517. England.,,,,, Copied mostly around c. 1515-1517. ,,1500,1525,high,Gregorian,England.,,,,,,,,,,,,,,,,,,,,,,,,,,,,,,,,,,,,,,,,,,,
_origin_5,manuscript_1,,,"Cambridge, University Library, MS Ee.5.18",part,,,Copied in the last quarter of the 16th century. England,,,,,Copied in the last quarter of the 16th century.,,1573,1600,high,Gregorian,England,,,,,,,,,,,,,,,,,,,,,,,,,,,,,,,,,,,,,,,,,,,
_origin_1,manuscript_1,,,"Cambridge, University Library, MS Ee.5.22",manuscript,,MS-EE-00005-00022,"Written in the second half of the 15th century, probably c. 1485. Date of production assigned on palaeographical grounds. Written in England. Place of production assigned based on the script (Anglicana), the jurisdiction of much of the content of the volume (England), the occasional use of Middle English in the volume, and the presence of several English names in contemporary annotations and additions to the volume.",,,,," Written in the second half of the 15th
                                century, probably c. 1485. Date of production assigned on palaeographical grounds. ",,1450,1500,medium,Gregorian,Written in England.,Written in England.,place_g7002445,,,,,,,,,,,,,,,,,,,,,,,,,,,,,,,,,,,,,,,,,
_origin_1,manuscript_12176,,,"Cambridge, University Library, MS Ee.6.35",manuscript,,MS-EE-00006-00035,late 15th or early 16th century,,,,,"late 15th or early
                16th century",,1475,1525,,gregorian,,,,,,,,,,,,,,,,,,,,,,,,,,,,,,,,,,,,,,,,,,,,
_origin_1,,,,"Cambridge, University Library, MS Ee.6.41",manuscript,,MS-EE-00006-00041,15th century England or France,,,,,15th century,,1400,1500,medium,Gregorian,England or France,,,,,,,,,,,,,,,,,,,,,,,,,,,,,,,,,,,,,,,,,,,
_origin_1,manuscript_12177,,,"Cambridge, University Library, MS Ff.1.7",manuscript,,MS-FF-00001-00007,"The text was copied probably in the 17th century, after 1624, the date of the most recent letter copied in the manuscript.",,,,,,,,,,,,,,,,,,,,,,,,,,,,,,,,,,,,,,,,,,,,,,,,,,,,,,
_origin_1,manuscript_1,,,"Cambridge, University Library, MS Ff.1.23",manuscript,,MS-FF-00001-00023,"First half of the 11th century, perhaps as early as the fourth quarter of the 10th century. England. As with the place of origin (for which, see below), there is no clear agreement about the date of origin of this manuscript. Neil Ker (1957) proposed the mid-11th century, which, in Pam Robinson's analysis, appears to be confirmed by the inclusion among the apostles in the litany of St Martial, bishop of Limoges, whose apostolate was proclaimed by the bishop of Limoges in 1029, placing the copying of the manuscript at some point after that date. However, more recent studies have increasingly pushed the date of origin back: Paul Binski and Patrick Zutshi (2011) to the first half of that century, and David Dumville (1991) to the early 11th century, and Michael Lapidge (1992) still further to not much later than 1000 but potentially as early as the fourth quarter of the 10th century (and more specifically 975-992, a period in which Germanus, formerly abbot of Winchcombe, and monks from that house were resident at Ramsey Abbey). There is no definitive evidence for the place of origin for this manuscript, however various theories have been advanced on the basis of art-historical or text-historical bases. The manuscript has commonly been attributed to in Winchcombe Abbey Winchcombe (Abbey : Gloucestershire, England)Gloucestershire, on the grounds that the name of St Kenelm is picked out in the litany in rubricated rustic capitals (f. 274v): Kenelm was the son of the abbey's founder, Coenwulf of Mercia, and both were buried there. However, Michael Lapidge has pointed out that other liturgical books of this period contain similar emphases in their commemorations but have no evident connection to Winchcombe: for example, Orléans, Bibliothèque municipale, MS 127, whose origin was English but otherwise remains uncertain; and the Metrical Calendar of Ramsey (Oxford, St John's College, MS 17) and the Ramsey Psalter / Oswald Psalter (), both of which are 'indisputably linked' with London, British Library, Harley MS 2904 in Ramsey Abbey Ramsey AbbeyCambridgeshire. Furthermore, the litany in MS Ff.1.23 contains saints that point to an East Anglian origin: Æthelthryth, Seaxburh/Sexburg and Eormenhild, each of whom was connected with Ely, and Tova, who was venerated at Thorney, all of whom are found in demonstrably East Anglian liturgies in other manuscripts (such as , from Crowland Abbey; and Oxford, Bodleian Library, MS Douce 296, from the Abbey of Bury St Edmunds). Wenburg (spelt 'ƿenburga' in this manuscript) is also included in Harley MS 2904. Other links with Ramsey arise from the inclusion of Breton saints Samson, Machu and Budoc - the last of whom occurs only in MS Ff.1.23 and the Metrical Calendar of Ramsey.Vatican, Biblioteca Apostolica, MS Reg. lat. 12 Both Dumville and Lapidge have pointed to the religious career of Germanus (d. c. 1013) - who moved between houses at Fleury, Westbury (Gloucestershire), Ramsey, Winchcombe, back to Fleury, and then as abbot of a new foundation at Cholsey (Oxfordshire) - as possible explanation for the particular combination of saints in the litany in this manuscript. It may be that monks transferred from Ramsey to Winchcombe, and returned to their place of origin in 975, retained some of their west-country liturgical identity while adopting some of that belonging to their place of exile. This may not mean, however, that the manuscript was copied at Ramsey. The exemplar for the Old English text in this manuscript is not identified or has not survived, but its closest relative is that found in the Vespasian Psalter (), which was at Canterbury by the later medieval period and presumably there when additions were made by Eadwig Basan in the early 11th century. Obligations owed by Germanus to Sigeric, archbishop of Canterbury, and his successor Ælfric, may have given rise to 'cultural affiliations' between Cholsey and Canterbury, leading Dumville to conclude that this manuscript (and another, London, British Library, Cotton MS Vespasian A.iCambridge, University Library, MS Kk.5.32) 'may have been written at Canterbury or Cholsey, but...belong palaeographically to the Canterbury orbit, as well as having textual and liturgical links with that city'. Michael Lapidge also considered Canterbury a possibility, specifically St Augustine's abbey, 'however, the evidence of palaeography squares poorly with that of liturgy', since the litany 'in no way reflects the liturgical use of that house, for it omits St Augustine of Canterbury from its list of confessors'. If it were written at St Augustine's, it must have made use without adaptation of an exemplar from elsewhere, but on the balance of evidence it seemed to Lapidge more likely that the manuscript was made during the seventeen-year period in which Germanus and his Winchcombe monks resided at Ramsey.",,274v,274v,274v,"First half of the 11th century, perhaps as early as the fourth quarter
                of the 10th century. ",,975,1050,,Gregorian,England.,,,,,,,,,,,,,,,,,,,,,,,,,,,,,,,,,,,,,,,,"Orléans, Bibliothèque municipale, MS 127; Oxford, St John's College, MS 17; London, British Library, Harley MS 2904; Oxford, Bodleian Library, MS Douce 296; Vatican, Biblioteca Apostolica, MS Reg. lat. 12; London, British Library, Cotton MS Vespasian A.i; Cambridge, University Library, MS Kk.5.32","London, British Library, Harley MS 2904; Oxford, Bodleian Library, MS Douce 296; Vatican, Biblioteca Apostolica, MS Reg. lat. 12; London, British Library, Cotton MS Vespasian A.i",http://searcharchives.bl.uk/IAMS_VU2:LSCOP_BL:IAMS040-002048735 https://medieval.bodleian.ox.ac.uk/catalog/manuscript_4634 https://digi.vatlib.it/mss/detail/Reg.lat.12 http://searcharchives.bl.uk/IAMS_VU2:LSCOP_BL:IAMS040-001103133,
_origin_1,manuscript_12178,,,"Cambridge, University Library, MS Ff.1.24",manuscript-composite,,MS-FF-00001-00024,,,,,,,,,,,,,,,,,,,,,,,,,,,,,,,,,,,,,,,,,,,,,,,,,,,,,,,
_origin_1,manuscript_12178,,,"Cambridge, University Library, MS Ff.1.24",part,,,late 10th to mid-11th century nomina sacra Constantinople,,,,,"late 10th
                                    to mid-11th century",,970,1075,,gregorian,Constantinople,,,,,,,,,,,,,,,,,,,,,,,,,,,,,,,,,,,,,,,,,,,
_origin_2,manuscript_12178,,,"Cambridge, University Library, MS Ff.1.24",part,,,16th century,,,,,,,,,,,,,,,,,,,,,,,,,,,,,,,,,,,,,,,,,,,,,,,,,,,,,,
_origin_1,manuscript_12179,,,"Cambridge, University Library, MS Ff.1.26",manuscript,,MS-FF-00001-00026,"The manuscript was written by the scribe Bernardinos Sandros from Cremona, probably in in the Italy first half of the 16th century.",,,,,,,,,,,,,,,,,,,,,,,,,,,,,,,,,,,,,,,,,,,,,,,,,,,,,,
_origin_1,manuscript_12180,,,"Cambridge, University Library, MS Ff.1.30",manuscript-composite,,MS-FF-00001-00030,,,,,,,,,,,,,,,,,,,,,,,,,,,,,,,,,,,,,,,,,,,,,,,,,,,,,,,
_origin_1,manuscript_12180,,,"Cambridge, University Library, MS Ff.1.30",part,,,13th century,,,,,13th century,,1200,1299,,gregorian,,,,,,,,,,,,,,,,,,,,,,,,,,,,,,,,,,,,,,,,,,,,
_origin_2,manuscript_12180,,,"Cambridge, University Library, MS Ff.1.30",part,,,late 10th or early 11th century third quarter of the 12th century,,,,,late 10th or early 11th century,,990,1010,,gregorian,,,,,,,,,,,,,,,,,,,,,,,,,,,,,,,,,,,,,,,,,,,,
_origin_1,manuscript_12181,,,"Cambridge, University Library, MS Ff.3.2",manuscript,,MS-FF-00003-00002,"between about 1550 and 1580 England Sir Thomas Roe (c. 1581-1644) Roe, Thomas, Sir, 1581?-1644 1628 1628-1634",,,,,1628-1634,,1628,1634,,gregorian,,,,,,,,,,,,,,,,,,,,,,,,,,,,,,,,,,,,,,,,,,,,
_origin_1,manuscript_12182,,,"Cambridge, University Library, MS Ff.3.4",manuscript-composite,,MS-FF-00003-00004,,,,,,,,,,,,,,,,,,,,,,,,,,,,,,,,,,,,,,,,,,,,,,,,,,,,,,,
_origin_1,manuscript_12182,,,"Cambridge, University Library, MS Ff.3.4",part,,,"This part of the manuscript was copied by the scribe Ignatios on 19th June 1574, as stated in the colophon written by him on f. 160v.",,f. 160v,160v,160v,,,,,,,,,,,,,,,,,,,,,,,,,,,,,,,,,,,,,,,,,,,,,,,,,,
_origin_2,manuscript_12182,,,"Cambridge, University Library, MS Ff.3.4",part,,,"This part of the manuscript was copied by an anonymous hand, probably contemporary to Ignatios, who wrote the first part, in the 16th c..",,,,,,,,,,,,,,,,,,,,,,,,,,,,,,,,,,,,,,,,,,,,,,,,,,,,,,
_origin_1,manuscript_12183,,,"Cambridge, University Library, MS Ff.3.6",manuscript-composite,,MS-FF-00003-00006,,,,,,,,,,,,,,,,,,,,,,,,,,,,,,,,,,,,,,,,,,,,,,,,,,,,,,,
_origin_1,manuscript_12183,,,"Cambridge, University Library, MS Ff.3.6",part,,,1628 and 1671,,,,,,,,,,,,,,,,,,,,,,,,,,,,,,,,,,,,,,,,,,,,,,,,,,,,,,
_origin_2,manuscript_12183,,,"Cambridge, University Library, MS Ff.3.6",part,,,1628 and 1671,,,,,,,,,,,,,,,,,,,,,,,,,,,,,,,,,,,,,,,,,,,,,,,,,,,,,,
_origin_3,manuscript_12183,,,"Cambridge, University Library, MS Ff.3.6",part,,,"late 16th or early 17th century England England Sir Thomas Roe Roe, Thomas, Sir, 1581?-1644 1628 1628-1671",,,,,1628-1671,,1628,1671,,gregorian,,,,,,,,,,,,,,,,,,,,,,,,,,,,,,,,,,,,,,,,,,,,
_origin_4,manuscript_12183,,,"Cambridge, University Library, MS Ff.3.6",part,,,1628 and 1671,,,,,,,,,,,,,,,,,,,,,,,,,,,,,,,,,,,,,,,,,,,,,,,,,,,,,,
_origin_1,manuscript_1,,,"Cambridge, University Library, MS Ff.3.9",manuscript,,MS-FF-00003-00009,"Late 11th / 12th century. England, probably Canterbury Christ Church Cathedral Priory, Canterbury Christ Church Priory (Canterbury, England) Rochester Cathedral Priory Rochester Cathedral Priory The manuscript is dated to the late 11th century by Gneuss, Gameson and Dodwell, and to the 12th century by Ker.",,,,,Late 11th / 12th century. ,,1090,1200,medium,Gregorian,"England, probably Canterbury",,,,,,,,,,,,,,,,,,,,,,,,,,,,,,,,,,,,,,,,,,,
_origin_1,manuscript_12184,,,"Cambridge, University Library, MS Ff.3.30",manuscript,,MS-FF-00003-00030,16th July 1550 Messina Canart 2000,,,,," 16th July
                                1550",1550,1550,1550,,gregorian,Messina,,,,,,,,,,,,,,,,,,,,,,,,,,,,,,,,,,,,,,,,Canart 2000,,,
_origin_1,manuscript_12186,,,"Cambridge, University Library, MS Ff.4.2",manuscript-composite,,MS-FF-00004-00002,,,,,,,,,,,,,,,,,,,,,,,,,,,,,,,,,,,,,,,,,,,,,,,,,,,,,,,
_origin_1,manuscript_12186,,,"Cambridge, University Library, MS Ff.4.2",part,,,by 1640,,,,,,,,,,,,,,,,,,,,,,,,,,,,,,,,,,,,,,,,,,,,,,,,,,,,,,
_origin_2,manuscript_12186,,,"Cambridge, University Library, MS Ff.4.2",part,,,between about 1490 and 1563,,,,,,,,,,,,,,,,,,,,,,,,,,,,,,,,,,,,,,,,,,,,,,,,,,,,,,
_origin_3,manuscript_12186,,,"Cambridge, University Library, MS Ff.4.2",part,,,the second half of the 16th century f. [iii] verso by 1640,,f. [iii] verso,[iii] verso,[iii] verso,,,,,,,,,,,,,,,,,,,,,,,,,,,,,,,,,,,,,,,,,,,,,,,,,,
_origin_4,manuscript_12186,,,"Cambridge, University Library, MS Ff.4.2",part,,,"Konstantinos Palaiokappas Palaiokappa, Konstantinos, fl. 1539-1551 between about 1540 and 1565 f. [iii] verso by 1640",,f. [iii] verso,[iii] verso,[iii] verso,,,,,,,,,,,,,,,,,,,,,,,,,,,,,,,,,,,,,,,,,,,,,,,,,,
_origin_1,manuscript_12185,,,"Cambridge, University Library, MS Ff.4.3",manuscript,,MS-FF-00004-00003,"Andreas Darmarios Darmarios, Andreas, active 1550-1580 Nicolas de la Torre (Nikolaos Tourrianos) Torre, Nicolas de la 1563-1564 Venice Nicolás de la Torre",,,,,1563-1564,,1563,1564,,gregorian,,,,,,,,,,,,,,,,,,,,,,,,,,,,,,,,,,,,,,,,,,,,
_origin_1,manuscript_12187,,,"Cambridge, University Library, MS Ff.4.47",manuscript-composite,,MS-FF-00004-00047,Mount Athos f. 23v Nn.3.3 Nn.3.15 in the first half of the 16th c.,,f. 23v,23v,23v, in the first half of the 16th c.,,1501,1550,,gregorian,Mount Athos,,,,,,,,,,,,,,,,,,,,,,,,,,,,,,,,,,,,,,,,Nn.3.3 ; Nn.3.15,Nn.3.3; Nn.3.15,https://cudl.lib.cam.ac.uk/view/MS-NN-00003-00003/1 https://cudl.lib.cam.ac.uk/view/MS-NN-00003-00015/199,
_origin_1,manuscript_12187,,,"Cambridge, University Library, MS Ff.4.47",part,,,"This part of the manuscript was copied by the hieromonk Sabbas on Mount Athos, in the Dionysiou monastery, probably in the first half of the 16th century.",,,,,,,,,,,,,,,,,,,,,,,,,,,,,,,,,,,,,,,,,,,,,,,,,,,,,,
_origin_2,manuscript_12187,,,"Cambridge, University Library, MS Ff.4.47",part,,,"This part of the manuscript was copied by the hieromonk Sabbas, in the first half of the 16th century, as the script and the watermarks indicate.",,,,,,,,,,,,,,,,,,,,,,,,,,,,,,,,,,,,,,,,,,,,,,,,,,,,,,
_origin_1,manuscript_1,,,"Cambridge, University Library, MS Ff.5.5",manuscript,,MS-FF-00005-00005,Copied in the 15th century. England.,,,,, Copied in the 15th century.,,1400,1500,high,Gregorian,England.,,,,,,,,,,,,,,,,,,,,,,,,,,,,,,,,,,,,,,,,,,,
_origin_1,manuscript_12188,,,"Cambridge, University Library, MS Ff.5.8",manuscript,,MS-FF-00005-00008,"between the end of the 12th and the beginning of the 13th century Constantinopole Prato 1991, I manoscritti greci dei secoli XIII e XIV: note paleografiche, p. 136",,,,,"between the end of the 12th and the beginning of the 13th
                                century",,1175,1225,,gregorian,Constantinopole,,,,,,,,,,,,,,,,,,,,,,,,,,,,,,,,,,,,,,,,"Prato 1991, I manoscritti greci dei secoli XIII e XIV: note paleografiche, p. 136",,,
_origin_1,manuscript_12189,,,"Cambridge, University Library, MS Ff.6.32",manuscript,,MS-FF-00006-00032,"The manuscript was written by the Greek scribe Angelos Bergikios (16th c., first quarter-1569). It is not dated. The same type of watermark found in this manuscript recurs also in MS Paris, Bibliothèque Nationale, gr. 1836, which was copied by Bergikios in Venice in 1536 (see the description of the manuscript by J. Groisard (2006-2009), in BnF, Archives et manuscrits). Moreover, Bergikios copied the same text contained in MS Ff.6.32 in the MS Par. Suppl. gr. 186, completed in Rome in 1537. Therefore it is probable that also this manuscript was written around the 1530s.",,,,,,,,,,,,,,,,,,,,,,,,,,,,,,,,,,,,,,,,,,,,,,,,,,,,description of the manuscript by J. Groisard (2006-2009),https://archivesetmanuscrits.bnf.fr/ark:/12148/cc20863p,
_origin_1,manuscript_1,,,"Cambridge, University Library, MS Ff.6.51",manuscript-composite,,MS-FF-00006-00051,,,,,,,,,,,,,,,,,,,,,,,,,,,,,,,,,,,,,,,,,,,,,,,,,,,,,,,
_origin_1,manuscript_1,,,"Cambridge, University Library, MS Ff.6.51",part,,,Copied in the second half of the 14th century. England.,,,,, Copied in the second half of the 14th century.,,1350,1400,,Gregorian,England.,,,,,,,,,,,,,,,,,,,,,,,,,,,,,,,,,,,,,,,,,,,
_origin_2,manuscript_1,,,"Cambridge, University Library, MS Ff.6.51",part,,,Copied in the second half of the 14th century England,,,,,Copied in the second half of the 14th century ,,1350,1400,,Gregorian,England,,,,,,,,,,,,,,,,,,,,,,,,,,,,,,,,,,,,,,,,,,,
_origin_1,manuscript_1,,,"Cambridge, University Library, MS Ff.6.53",manuscript,,MS-FF-00006-00053,2nd half of the 13th century France. England.,,,,,2nd half of the 13th century,,1250,1300,high,Gregorian,France.; England.,,,,,,,,,,,,,,,,,,,,,,,,,,,,,,,,,,,,,,,,,,,
_origin_1,manuscript_77768,,,"Cambridge, University Library, MS Ff.6.56",manuscript,,MS-FF-00006-00056,"Thomas Stanley (1625-1678) Stanley, Thomas, 1625-1678 between 1639 and 1675",,,,,between 1639 and 1675,,1639,1675,,gregorian,,,,,,,,,,,,,,,,,,,,,,,,,,,,,,,,,,,,,,,,,,,,
_origin_1,manuscript_77769,,,"Cambridge, University Library, MS Ff.6.57",manuscript,,MS-FF-00006-00057,"Thomas Stanley (1625-1678) Stanley, Thomas, 1625-1678 between 1639 and 1675",,,,,"between 1639 and
                1675",,1639,1675,,gregorian,,,,,,,,,,,,,,,,,,,,,,,,,,,,,,,,,,,,,,,,,,,,
_origin_1,manuscript_12190,,,"Cambridge, University Library, MS Gg.1.2",manuscript-composite,,MS-GG-00001-00002,,,,,,,,,,,,,,,,,,,,,,,,,,,,,,,,,,,,,,,,,,,,,,,,,,,,,,,
_origin_1,manuscript_12190,,,"Cambridge, University Library, MS Gg.1.2",part,,,in the 15th c.,,,,, in the 15th c.,,1400,1499,,gregorian,,,,,,,,,,,,,,,,,,,,,,,,,,,,,,,,,,,,,,,,,,,,
_origin_2,manuscript_12190,,,"Cambridge, University Library, MS Gg.1.2",part,,,to the 15th century.,,,,, to the 15th century.,,1400,1499,,gregorian,,,,,,,,,,,,,,,,,,,,,,,,,,,,,,,,,,,,,,,,,,,,
_origin_3,manuscript_12190,,,"Cambridge, University Library, MS Gg.1.2",part,,,to the 15th century,,,,, to the 15th century,,1400,1499,,gregorian,,,,,,,,,,,,,,,,,,,,,,,,,,,,,,,,,,,,,,,,,,,,
_origin_1,,,,"Cambridge, University Library, MS Gg.1.8",manuscript-composite,,MS-GG-00001-00008,,,,,,,,,,,,,,,,,,,,,,,,,,,,,,,,,,,,,,,,,,,,,,,,,,,,,,,
_origin_1,,,,"Cambridge, University Library, MS Gg.1.8",part,,,Probably 18th-century. England. Inserted when the manuscript was re-bound.,,,,,Probably 18th-century. ,,1700,1800,medium,Gregorian,England.,,,,,,,,,,,,,,,,,,,,,,,,,,,,,,,,,,,,,,,,,,,
_origin_2,,,,"Cambridge, University Library, MS Gg.1.8",part,,,17th century (in or after 1631). England. Date of production based on terminus ante quem nobn of publication date of the printed text from which the manuscript copy was taken.,,,,,17th century (in or after 1631). ,,1631,1700,high,Gregorian,England.,,,,,,,,,,,,,,,,,,,,,,,,,,,,,,,,,,,,,,,,,,,
_origin_3,,,,"Cambridge, University Library, MS Gg.1.8",part,,,17th century. England.,,,,,17th century. ,,1600,1700,high,Gregorian,England.,,,,,,,,,,,,,,,,,,,,,,,,,,,,,,,,,,,,,,,,,,,
_origin_4,,,,"Cambridge, University Library, MS Gg.1.8",part,,,17th century (in or after 1680). England. Date of production based on terminus ante quem non of publication date of the printed text from which the manuscript copy was taken.,,,,,17th century (in or after 1680). ,,1680,1700,high,Gregorian,England.,,,,,,,,,,,,,,,,,,,,,,,,,,,,,,,,,,,,,,,,,,,
_origin_1,,,,"Cambridge, University Library, MS Gg.1.10",manuscript-composite,,MS-GG-00001-00010,,,,,,,,,,,,,,,,,,,,,,,,,,,,,,,,,,,,,,,,,,,,,,,,,,,,,,,
_origin_1,,,,"Cambridge, University Library, MS Gg.1.10",part,,,"12th century, probably first half. ?France",,,,," 12th century, probably first half. ",,1100,1200,medium,Gregorian,?France,,,,,,,,,,,,,,,,,,,,,,,,,,,,,,,,,,,,,,,,,,,
_origin_2,,,,"Cambridge, University Library, MS Gg.1.10",part,,,(?Second half of the) 12th century. ?France,,,,, (?Second half of the) 12th century. ,,1100,1200,medium,Gregorian,?France,,,,,,,,,,,,,,,,,,,,,,,,,,,,,,,,,,,,,,,,,,,
_origin_3,,,,"Cambridge, University Library, MS Gg.1.10",part,,,(?Second half of the) 12th century. ?France,,,,, (?Second half of the) 12th century. ,,1100,1200,medium,Gregorian,?France,,,,,,,,,,,,,,,,,,,,,,,,,,,,,,,,,,,,,,,,,,,
_origin_1,manuscript_12191,,,"Cambridge, University Library, MS Gg.2.33",manuscript-composite,,MS-GG-00002-00033,,,,,,,,,,,,,,,,,,,,,,,,,,,,,,,,,,,,,,,,,,,,,,,,,,,,,,,
_origin_1,manuscript_12191,,,"Cambridge, University Library, MS Gg.2.33",part,,,in the first half of the 16th c.,,,,," in the first half of the 16th
                                    c.",,1500,1550,,gregorian,,,,,,,,,,,,,,,,,,,,,,,,,,,,,,,,,,,,,,,,,,,,
_origin_2,manuscript_12191,,,"Cambridge, University Library, MS Gg.2.33",part,,,in the first half of the 16th c.,,,,," in the first half of the 16th
                                    c.",,1500,1550,,gregorian,,,,,,,,,,,,,,,,,,,,,,,,,,,,,,,,,,,,,,,,,,,,
_origin_3,manuscript_12191,,,"Cambridge, University Library, MS Gg.2.33",part,,,in the first half of the 16th c.,,,,," in the first half of the 16th
                                    c.",,1500,1550,,gregorian,,,,,,,,,,,,,,,,,,,,,,,,,,,,,,,,,,,,,,,,,,,,
_origin_4,manuscript_12191,,,"Cambridge, University Library, MS Gg.2.33",part,,,in the first half of the 16th c.,,,,," in the first half of the 16th
                                    c.",,1500,1550,,gregorian,,,,,,,,,,,,,,,,,,,,,,,,,,,,,,,,,,,,,,,,,,,,
_origin_5,manuscript_12191,,,"Cambridge, University Library, MS Gg.2.33",part,,,in the first half of the 16th c.,,,,," in the first half of the 16th
                                    c.",,1500,1550,,gregorian,,,,,,,,,,,,,,,,,,,,,,,,,,,,,,,,,,,,,,,,,,,,
_origin_6,manuscript_12191,,,"Cambridge, University Library, MS Gg.2.33",part,,,"Athos, Mone Batopediou, 655 Mount Athos in the first half of the 16th c.",,,,, in the first half of the 16th c.,,1500,1550,,gregorian,Mount Athos,,,,,,,,,,,,,,,,,,,,,,,,,,,,,,,,,,,,,,,,"Athos, Mone Batopediou, 655",,,
_origin_7,manuscript_12191,,,"Cambridge, University Library, MS Gg.2.33",part,,,in the first half of the 16th c.,,,,," in the first half of the 16th
                                    c.",,1500,1550,,gregorian,,,,,,,,,,,,,,,,,,,,,,,,,,,,,,,,,,,,,,,,,,,,
_origin_8,manuscript_12191,,,"Cambridge, University Library, MS Gg.2.33",part,,,Italy the first half of the 16th century,,,,,"
                                    the first half of the 16th century",,1501,1550,,gregorian,Italy,,,,,,,,,,,,,,,,,,,,,,,,,,,,,,,,,,,,,,,,,,,
_origin_9,manuscript_12191,,,"Cambridge, University Library, MS Gg.2.33",part,,,in the first half of the 16th c.,,,,," in the first half of the 16th
                                    c.",,1500,1550,,gregorian,,,,,,,,,,,,,,,,,,,,,,,,,,,,,,,,,,,,,,,,,,,,
_origin_10,manuscript_12191,,,"Cambridge, University Library, MS Gg.2.33",part,,,in the first half of the 16th c.,,,,," in the first half of the 16th
                                    c.",,1500,1550,,gregorian,,,,,,,,,,,,,,,,,,,,,,,,,,,,,,,,,,,,,,,,,,,,
_origin_11,manuscript_12191,,,"Cambridge, University Library, MS Gg.2.33",part,,,in the first half of the 16th c.,,,,," in the first half of the 16th
                                    c.",,1500,1550,,gregorian,,,,,,,,,,,,,,,,,,,,,,,,,,,,,,,,,,,,,,,,,,,,
_origin_12,manuscript_12191,,,"Cambridge, University Library, MS Gg.2.33",part,,,in the first half of the 16th c.,,,,," in the first half of the 16th
                                    c.",,1500,1550,,gregorian,,,,,,,,,,,,,,,,,,,,,,,,,,,,,,,,,,,,,,,,,,,,
_origin_13,manuscript_12191,,,"Cambridge, University Library, MS Gg.2.33",part,,,in the first half of the 16th c.,,,,," in the first half of the 16th
                                    c.",,1500,1550,,gregorian,,,,,,,,,,,,,,,,,,,,,,,,,,,,,,,,,,,,,,,,,,,,
_origin_1,manuscript_12192,,,"Cambridge, University Library, MS Gg.2.34",manuscript,,MS-GG-00002-00034,first half of the sixteenth century,,,,,"first half
                                    of the sixteenth century",,1501,1550,,gregorian,,,,,,,,,,,,,,,,,,,,,,,,,,,,,,,,,,,,,,,,,,,,
_origin_1,manuscript_12193,,,"Cambridge, University Library, MS Gg.3.15",manuscript,,MS-GG-00003-00015,"The manuscript was written by , and according to the note on Thomas Stanley (1625-1678) Stanley, Thomas, 1625-1678 f. 167r (Anno 1653), it was copied the in 1650s.",,f. 167r,167r,167r,,,,,,,,,,,,,,,,,,,,,,,,,,,,,,,,,,,,,,,,,,,,,,,,,,
_origin_1,manuscript_1,,,"Cambridge, University Library, MS Gg.4.6",manuscript,,MS-GG-00004-00006,"Second quarter of the 14th century, probably c. 1330-1340. Paris. Rouse and Rouse (2000), vol. 2, pp. 202-06",,,,,"Second quarter of the 14th century, probably c. 1330-1340. ",,1325,1350,,Gregorian,Paris.,,,,,,,,,,,,,,,,,,,,,,,,,,,,,,,,,,,,,,,,"Rouse and Rouse (2000), vol. 2, pp. 202-06",,,
_origin_1,manuscript_1,,,"Cambridge, University Library, MS Gg.4.27(1)",manuscript-composite,,MS-GG-00004-00027-00001,,,,,,,,,,,,,,,,,,,,,,,,,,,,,,,,,,,,,,,,,,,,,,,,,,,,,,,
_origin_1,manuscript_1,,,"Cambridge, University Library, MS Gg.4.27(1)",part,,,Early 15th century (as dated by Parkes and Beadle (1979-80) and Connolly (2009); Binski and Zutshi (2011) suggest c. 1420-c. 1430). England.,,,,,"Early 15th century (as dated by Parkes
                                    and Beadle (1979-80) and Connolly (2009); Binski and Zutshi (2011) suggest c. 1420-c. 1430). ",,1410,1440,medium,Gregorian,England.,,,,,,,,,,,,,,,,,,,,,,,,,,,,,,,,,,,,,,,,,,,
_origin_2,manuscript_1,,,"Cambridge, University Library, MS Gg.4.27(1)",part,,,1598×1605. England. The leaves comprising Part 2 were commissioned by the antiquary Joseph Holland (d. 1605) and were for the most part copied from Thomas Speght's 1598 edition of Chaucer's works.,,,,,1598×1605. ,,1598,1605,medium,Gregorian,England.,,,,,,,,,,,,,,,,,,,,,,,,,,,,,,,,,,,,,,,,,,,
_origin_1,,,,"Cambridge, University Library, MS Gg.4.27(2)",manuscript,,MS-GG-00004-00027-00002,First quarter of the 14th century England,,,,,First quarter of the 14th century ,,1300,1325,medium,Gregorian,England,,,,,,,,,,,,,,,,,,,,,,,,,,,,,,,,,,,,,,,,,,,
_origin_1,manuscript_1,,,"Cambridge, University Library, MS Gg.6.3",manuscript,,MS-GG-00006-00003,"c. 1310-c. 1350 England, most probably Oxford Possibly written in various stages from the beginning to about the middle of the 14th century, cf. tables from 1310 onwards on ff. 37r-40r and from 1311 onwards on ff. 105r-107r; an almanac for 1324-1343 on ff. 193r-200r; planetary tables for 1348 on ff. 214r-217r; the years 1349, 1352, and 1356 are mentioned on f. 213v; the Equatorium on ff. 217v-220v dates to c. 1350.",,,,,c. 1310-c. 1350 ,,1300,1375,medium,Gregorian,"England, most probably Oxford",,,,,,,,,,,,,,,,,,,,,,,,,,,,,,,,,,,,,,,,,,,
_origin_1,manuscript_12194,,,"Cambridge, University Library, MS Gg.6.10",manuscript,,MS-GG-00006-00010,"The manuscript was copied by between Iakobos Diassorinos (16th c., 2nd quarter-1563) Diassorinus, Jacobus (16th c., 2nd quarter- 1563) the second quarter of the 16th century and 1563.",,,,,,,,,,,,,,,,,,,,,,,,,,,,,,,,,,,,,,,,,,,,,,,,,,,,,,
_origin_1,manuscript_12195,,,"Cambridge, University Library, MS Gg.6.43",manuscript,,MS-GG-00006-00043,first half of 17th century,,,,," first half of
                                17th century",,1600,1650,,gregorian,,,,,,,,,,,,,,,,,,,,,,,,,,,,,,,,,,,,,,,,,,,,
_origin_1,manuscript_1,,,"Cambridge, University Library, MS Hh.6.11",manuscript,,MS-HH-00006-00011,13th century England,,,,,13th century ,,1200,1300,low,Gregorian,England,,,,,,,,,,,,,,,,,,,,,,,,,,,,,,,,,,,,,,,,,,,
_origin_1,manuscript_12196,,,"Cambridge, University Library, MS Hh.6.12",manuscript,,MS-HH-00006-00012,at the very end of the 15th or very beginning of the 16th century,,,,,"at the very end of the 15th or very beginning of the
                                16th century",,1495,1505,,gregorian,,,,,,,,,,,,,,,,,,,,,,,,,,,,,,,,,,,,,,,,,,,,
_origin_1,manuscript_1,,,"Cambridge, University Library, MS Hh.6.13",manuscript-composite,,MS-HH-00006-00013,,,,,,,,,,,,,,,,,,,,,,,,,,,,,,,,,,,,,,,,,,,,,,,,,,,,,,,
_origin_1,manuscript_1,,,"Cambridge, University Library, MS Hh.6.13",part,,,"Second half of the 14th century. England, Yorkshire",,,,, Second half of the 14th century.,,1350,1400,1400,Gregorian,"England, Yorkshire",,,,,,,,,,,,,,,,,,,,,,,,,,,,,,,,,,,,,,,,,,,
_origin_2,manuscript_1,,,"Cambridge, University Library, MS Hh.6.13",part,,,1442. Newark. The first main text (ff. 3r-77r) ends with a scribal colophon that dates the text to 1442: 'Secundum manum Thome Syngulton' scriptoris de newerke. In anno domini millesimo quatrocentesimo quadragesimo secundo [1442]'. To this were added texts (ff. 77v-85v) by a 15th-century hand.,,3r-77r; 77v-85v,3r 77v,77r 85v,1442. ,,1442,1500,high,Gregorian,Newark.,,,,,,,,,,,,,,,,,,,,,,,,,,,,,,,,,,,,,,,,,,,
_origin_1,manuscript_1,,,"Cambridge, University Library, MS Ii.2.12",manuscript,,MS-II-00002-00012,England. First half of the 15th century.,,,,,"First half of the 15th
                                                century. ",,1400,1450,medium,Gregorian,England.,,,,,,,,,,,,,,,,,,,,,,,,,,,,,,,,,,,,,,,,,,,
_origin_1,manuscript_1,,,"Cambridge, University Library, MS Ii.3.17",manuscript-composite,,MS-II-00003-00017,,,,,,,,,,,,,,,,,,,,,,,,,,,,,,,,,,,,,,,,,,,,,,,,,,,,,,,
_origin_1,manuscript_1,,,"Cambridge, University Library, MS Ii.3.17",part,,,Written between the mid-14th and mid-15th centuries. Written in England.,,,,,"Written between the mid-14th and mid-15th
                                    centuries.",,1350,1450,,Gregorian,Written in England.,Written in England.,place_g7002445,,,,,,,,,,,,,,,,,,,,,,,,,,,,,,,,,,,,,,,,,
_origin_2,manuscript_1,,,"Cambridge, University Library, MS Ii.3.17",part,,,First half of the thirteenth century France (Paris?),,,,, First half of the thirteenth century ,,1200,1250,medium,Gregorian,France (Paris?),,,,,,,,,,,,,,,,,,,,,,,,,,,,,,,,,,,,,,,,,,,
_origin_1,manuscript_1,,,"Cambridge, University Library, MS Ii.3.21",manuscript-composite,,MS-II-00003-00021,,,,,,,,,,,,,,,,,,,,,,,,,,,,,,,,,,,,,,,,,,,,,,,,,,,,,,,
_origin_1,manuscript_1,,,"Cambridge, University Library, MS Ii.3.21",part,,,Early 15th century. England.,,,,, Early 15th century. ,,1400,1424,high,Gregorian,England.,,,,,,,,,,,,,,,,,,,,,,,,,,,,,,,,,,,,,,,,,,,
_origin_2,manuscript_1,,,"Cambridge, University Library, MS Ii.3.21",part,,,Early 15th century. England.,,,,, Early 15th century. ,,1400,1424,high,Gregorian,England.,,,,,,,,,,,,,,,,,,,,,,,,,,,,,,,,,,,,,,,,,,,
_origin_3,manuscript_1,,,"Cambridge, University Library, MS Ii.3.21",part,,,"Early 15th century. England. The colophon on f. 3:119v names the scribe as Iohannes Teutonicus and the date at which the copying was completed as the 8th Ides of July (i.e. 8th July) 1303. Either a 'C' was omitted from the date given in Roman numerals, giving 1303 instead of 1403, or the colophon was copied verbatim from the exemplar.",,3:119v,3:119v,3:119v, Early 15th century. ,,1400,1424,high,Gregorian,England.,,,,,,,,,,,,,,,,,,,,,,,,,,,,,,,,,,,,,,,,,,,
_origin_1,manuscript_12197,,,"Cambridge, University Library, MS Ii.3.25",manuscript,,MS-II-00003-00025,in the 14th century,,,,,in the 14th century,,1300,1399,,gregorian,,,,,,,,,,,,,,,,,,,,,,,,,,,,,,,,,,,,,,,,,,,,
_origin_1,manuscript_1,,,"Cambridge, University Library, MS Ii.4.6",manuscript-composite,,MS-II-00004-00006,,,,,,,,,,,,,,,,,,,,,,,,,,,,,,,,,,,,,,,,,,,,,,,,,,,,,,,
_origin_1,manuscript_1,,,"Cambridge, University Library, MS Ii.4.6",part,,,Early 16th century England,,,,, Early 16th century ,,1500,1530,high,Gregorian,England,,,,,,,,,,,,,,,,,,,,,,,,,,,,,,,,,,,,,,,,,,,
_origin_2,manuscript_1,,,"Cambridge, University Library, MS Ii.4.6",part,,,"Mid-11th century Winchester Written at .New Minster, WinchesterNew Minster, Winchester",,,,, Mid-11th century ,,1025,1075,high,Gregorian,Winchester,,,,,,,,,,,,,,,,,,,,,,,,,,,,,,,,,,,,,,,,,,,
_origin_1,manuscript_12198,,,"Cambridge, University Library, MS Ii.4.16",manuscript,,MS-II-00004-00016,"Rome Ioannes Rhosos Rhosos, Ioannes Crete 10 November 1479",,,,,"10
                November 1479",1479-11-10,1479-11-10,1479-11-10,,gregorian,Rome,,,,,,,,,,,,,,,,,,,,,,,,,,,,,,,,,,,,,,,,,,,
_origin_1,manuscript_12062,,,"Cambridge, University Library, MS Ii.4.26",manuscript,,MS-II-00004-00026,"England, perhaps London. Early 13th century.",,,,,Early 13th century. ,,1200,1210,,Gregorian,"England, perhaps London.",,,,,,,,,,,,,,,,,,,,,,,,,,,,,,,,,,,,,,,,,,,
_origin_1,manuscript_1,,,"Cambridge, University Library, MS Ii.5.11",manuscript,,MS-II-00005-00011,"Written in the mid-15th century. France Date of production based on palaeographical and decorative features and comparison with . For discussion of the New York, Morgan Library MS M.165 Rouen origin of the manuscript see in particular Borland (2019), esp., pp. 129-32.",,,,, Written in the mid-15th century. ,,1430,1470,high,Gregorian,France,,,,,,,,,,,,,,,,,,,,,,,,,,,,,,,,,,,,,,,,"New York, Morgan Library MS M.165 ; Borland (2019), esp., pp. 129-32","New York, Morgan Library MS M.165",http://corsair.themorgan.org/vwebv/holdingsInfo?bibId=77081,"Date of production based on palaeographical and decorative features and comparison with . For discussion of the New York, Morgan Library MS M.165 Rouen origin of the manuscript see in particular Borland (2019), esp., pp. 129-32."
_origin_1,manuscript_12199,,,"Cambridge, University Library, MS Ii.5.44",manuscript-composite,,MS-II-00005-00044,,,,,,,,,,,,,,,,,,,,,,,,,,,,,,,,,,,,,,,,,,,,,,,,,,,,,,,
_origin_1,manuscript_12199,,,"Cambridge, University Library, MS Ii.5.44",part,,,Messina AD 1279 skeuophylax in Lingua Phari,,,,,AD 1279,1279,1279,1279,,gregorian,Messina,,,,,,,,,,,,,,,,,,,,,,,,,,,,,,,,,,,,,,,,,,,
_origin_2,manuscript_12199,,,"Cambridge, University Library, MS Ii.5.44",part,,,15th century,,,,,"15th
                                    century",,1400,1499,,gregorian,,,,,,,,,,,,,,,,,,,,,,,,,,,,,,,,,,,,,,,,,,,,
_origin_1,manuscript_1,,,"Cambridge, University Library, MS Ii.6.5",manuscript-composite,,MS-II-00006-00005,,,,,,,,,,,,,,,,,,,,,,,,,,,,,,,,,,,,,,,,,,,,,,,,,,,,,,,
_origin_1,manuscript_1,,,"Cambridge, University Library, MS Ii.6.5",part,,,"12th century, probably copied in the first half. Probably copied in England.",,,,," 12th century, probably copied in the
                                    first half. ",,1100,1200,medium,Gregorian,Probably copied in England.,,,,,,,,,,,,,,,,,,,,,,,,,,,,,,,,,,,,,,,,,,,
_origin_2,manuscript_1,,,"Cambridge, University Library, MS Ii.6.5",part,,,13th century,,,,, 13th century ,,1200,1300,medium,Gregorian,,,,,,,,,,,,,,,,,,,,,,,,,,,,,,,,,,,,,,,,,,,,
_origin_3,manuscript_1,,,"Cambridge, University Library, MS Ii.6.5",part,,,13th century.,,,,, 13th century. ,,1200,1300,medium,Gregorian,,,,,,,,,,,,,,,,,,,,,,,,,,,,,,,,,,,,,,,,,,,,
_origin_4,manuscript_1,,,"Cambridge, University Library, MS Ii.6.5",part,,,"12th century, or perhaps final quarter of the 11th century. Benedictine Abbey in Bury Saint Edmunds According to Charles Burnett (1980), p. 344, the text on ff. 127rv adapts the text on the astrolabe in order to give the calculation of the meridian of Bury Saint Edmunds.",,,,," 12th century, or perhaps final quarter
                                    of the 11th century. ",,1050,1200,medium,Gregorian,Benedictine Abbey in Bury Saint Edmunds,,,,,,,,,,,,,,,,,,,,,,,,,,,,,,,,,,,,,,,,,,,
_origin_1,manuscript_1,,,"Cambridge, University Library, MS Ii.6.17",manuscript,,MS-II-00006-00017,Written in the late 15th century or first half of the 16th century England.,,,,, Written in the late 15th century or first half of the 16th century ,,1475,1550,high,Gregorian,England.,,,,,,,,,,,,,,,,,,,,,,,,,,,,,,,,,,,,,,,,,,,
_origin_1,manuscript_1,,,"Cambridge, University Library, MS Ii.6.39",manuscript-composite,,MS-II-00006-00039,,,,,,,,,,,,,,,,,,,,,,,,,,,,,,,,,,,,,,,,,,,,,,,,,,,,,,,
_origin_1,manuscript_1,,,"Cambridge, University Library, MS Ii.6.39",part,,,Copied in the late 14th century or 15th century. England.,,,,, Copied in the late 14th century or 15th century.,,1375,1500,high,Gregorian,England.,,,,,,,,,,,,,,,,,,,,,,,,,,,,,,,,,,,,,,,,,,,
_origin_2,manuscript_1,,,"Cambridge, University Library, MS Ii.6.39",part,,,Copied in the early 13th century. England.,,,,, Copied in the early 13th century.,,1200,1225,high,Gregorian,England.,,,,,,,,,,,,,,,,,,,,,,,,,,,,,,,,,,,,,,,,,,,
_origin_3,manuscript_1,,,"Cambridge, University Library, MS Ii.6.39",part,,,Copied in the late 14th or early 15th century. England.,,,,, Copied in the late 14th or early 15th century.,,1375,1525,high,Gregorian,England.,,,,,,,,,,,,,,,,,,,,,,,,,,,,,,,,,,,,,,,,,,,
_origin_4,manuscript_1,,,"Cambridge, University Library, MS Ii.6.39",part,,,Copied in the late 14th or early 15th century. England.,,,,," Copied in the late 14th or early 15th
                                    century.",,1375,1425,high,Gregorian,England.,,,,,,,,,,,,,,,,,,,,,,,,,,,,,,,,,,,,,,,,,,,
_origin_5,manuscript_1,,,"Cambridge, University Library, MS Ii.6.39",part,,,Copied in the late 14th or early 15th century. England.,,,,," Copied in the late 14th or early 15th
                                    century.",,1375,1450,high,Gregorian,England.,,,,,,,,,,,,,,,,,,,,,,,,,,,,,,,,,,,,,,,,,,,
_origin_6,manuscript_1,,,"Cambridge, University Library, MS Ii.6.39",part,,,Copied in the second half of the 12th century. England or France.,,,,," Copied in the second half of the 12th
                                    century.",,1150,1200,high,Gregorian,England or France.,,,,,,,,,,,,,,,,,,,,,,,,,,,,,,,,,,,,,,,,,,,
_origin_7,manuscript_1,,,"Cambridge, University Library, MS Ii.6.39",part,,,Copied in the 13th century. England.,,,,, Copied in the 13th century.,,1200,1300,high,Gregorian,England.,,,,,,,,,,,,,,,,,,,,,,,,,,,,,,,,,,,,,,,,,,,
_origin_1,manuscript_12200,,,"Cambridge, University Library, MS Ii.6.41",manuscript,,MS-II-00006-00041,17th century,,,,,17th century,,1600,1697,,gregorian,,,,,,,,,,,,,,,,,,,,,,,,,,,,,,,,,,,,,,,,,,,,
_origin_1,manuscript_1,,,"Cambridge, University Library, MS Ii.6.43",manuscript-composite,,MS-II-00006-00043,,,,,,,,,,,,,,,,,,,,,,,,,,,,,,,,,,,,,,,,,,,,,,,,,,,,,,,
_origin_1,manuscript_1,,,"Cambridge, University Library, MS Ii.6.43",part,,,"Copied in the 15th century (see Connolly (2009)), perhaps c. 1425 (see Nichols (2014)). England.",,,,," Copied in the 15th century (see Connolly
                                    (2009)), perhaps c. 1425 (see Nichols (2014)).",,1403,1500,high,Gregorian,England.,,,,,,,,,,,,,,,,,,,,,,,,,,,,,,,,,,,,,,,,,,,
_origin_2,manuscript_1,,,"Cambridge, University Library, MS Ii.6.43",part,,,Copied in the 4th quarter of the 15th or the 1st half of the 16th century. England.,,,,," Copied in the 4th quarter of the 15th or
                                    the 1st half of the 16th century. ",,1475,1525,high,Gregorian,England.,,,,,,,,,,,,,,,,,,,,,,,,,,,,,,,,,,,,,,,,,,,
_origin_1,manuscript_1,,,"Cambridge, University Library, MS Kk.1.6",manuscript-composite,,MS-KK-00001-00006,,,,,,,,,,,,,,,,,,,,,,,,,,,,,,,,,,,,,,,,,,,,,,,,,,,,,,,
_origin_1,manuscript_1,,,"Cambridge, University Library, MS Kk.1.6",part,,,"Written partly or entirely after c. 1449 as 'An holy meditation to Our Lord Christ Jesus hanging on the cross' refers to John Lydgate (c. 1370-1449/50?) as 'late a monke of the house of Seynt Edmundus of Bery on whose sowle God have mercy' (f. 194r); and before 1454 as Richard Fox refers to the manuscript in his will dated 12 August 1454. England, perhaps partly or entirely written at St Albans, . Benedictine abbey of St Albans St. Albans Abbey Richard Fox, who copied the fragmentary table of contents on f. 1r and the Middle English verse on ff. 194r-214v and rubricated the entire manuscript, was the proctor or steward of St Albans Abbey between c. 1435 and 1454. Robinson (1988), no. 62 Barratt (1995), pp. xix, xxii",,,,,"Written partly or entirely after c. 1449
                                    as 'An holy meditation to Our Lord Christ Jesus hanging on the cross' refers to John Lydgate (c. 1370-1449/50?) as 'late a monke of the house of Seynt Edmundus of Bery on whose
                                    sowle God have mercy' (f. 194r); and before 1454 as Richard Fox refers to the manuscript in his will dated 12
                                    August 1454. ",,1449,1454,high,Gregorian,"England, perhaps partly or entirely written at St Albans, . Benedictine abbey of St Albans St. Albans Abbey",,,,,,,,,,,,,Benedictine abbey of St Albans; St. Albans Abbey,,,,,,,,,,,,,,,,,,,,,,,,,,,"Robinson (1988), no. 62; Barratt (1995), pp. xix, xxii",,,
_origin_2,manuscript_1,,,"Cambridge, University Library, MS Kk.1.6",part,,,Copied in the 15th century England,,,,,Copied in the 15th century,,1400,1500,high,Gregorian,England,,,,,,,,,,,,,,,,,,,,,,,,,,,,,,,,,,,,,,,,,,,
_origin_1,manuscript_12201,,,"Cambridge, University Library, MS Kk.5.6",manuscript-composite,,MS-KK-00005-00006,,,,,,,,,,,,,,,,,,,,,,,,,,,,,,,,,,,,,,,,,,,,,,,,,,,,,,,
_origin_1,manuscript_12201,,,"Cambridge, University Library, MS Kk.5.6",part,,,"The main part of the manuscript, comprising the first text, was written by Camillo Zanetti probably in the second half of the 16th century: the scribe copied the same text by Aristides Quintilianus in MS in Venice in 1562 (see Paris, Bibliothèque Nationale, gr. 2455 Archives et manuscrits, notice by A. Lapasset [2015]). The copy of MS Kk.5.6 could be dated therefore in the second half of the 16th c., probably between around 1562 and 1585 (the latest date of information recorded about the scribe). The diagrams and the marginal notes were added by hand B probably in a second moment, but still in the second half of the 16th century (see Part II), on leaves left blank by Zanetti.",,,,,,,,,,,,,,,,,,,,,,,,,,,,,,,,,,,,,,,,,,,,,,,,,,,"Paris, Bibliothèque Nationale, gr. 2455","Archives et manuscrits, notice by A. Lapasset [2015]; Paris, Bibliothèque Nationale, gr. 2455",https://archivesetmanuscrits.bnf.fr/ark:/12148/cc100002s https://gallica.bnf.fr/ark:/12148/btv1b10721728m,
_origin_2,manuscript_12201,,,"Cambridge, University Library, MS Kk.5.6",part,,,in the second half of the 16th c.,,,,," in the second half of the 16th
                                    c.",,1573,1599,,gregorian,,,,,,,,,,,,,,,,,,,,,,,,,,,,,,,,,,,,,,,,,,,,
_origin_1,manuscript_12202,,,"Cambridge, University Library, MS Kk.5.7",manuscript,,MS-KK-00005-00007,"The text was copied by Manuel Provataris in Italy around the middle of the 16th century, which the watermarks confirm.",,,,,,,,,,,,,,,,,,,,,,,,,,,,,,,,,,,,,,,,,,,,,,,,,,,,,,
_origin_1,manuscript_12203,,,"Cambridge, University Library, MS Kk.5.8",manuscript,,MS-KK-00005-00008,"On f. 30r the scribe wrote a colophon with the date of November 1592, which refers only to the second text of the manuscript; however, since the first text has been written by the same hand on the same kind of paper (see Watermarks), it can be assumed that the whole manuscript originated around 1592. It was probably copied in France, as the watermarks suggest.",,f. 30r,30r,30r,,,,,,,,,,,,,,,,,,,,,,,,,,,,,,,,,,,,,,,,,,,,,,,,,,
_origin_1,manuscript_12204,,,"Cambridge, University Library, MS Kk.5.9",manuscript,,MS-KK-00005-00009,"The manuscript was written by Camillo Zanetti, who was active in the second half of the 16th century. The scribe copied the commentary by Alexander of Aphrodias also in MSS Oxford, Bodleian Library, Auct. T.1.17 (Misc. 195) and Oxford, Merton College, 304 (RGK I, 212). Since MS Kk.5.9 shows a 'similar variety' to the paper of both manuscripts, the crown watermark (see M.L. Sosower, ‘Greek Manuscripts acquired by Henry and Thomas Savile in Padua’, in Bodleian Library Record 19 (2006), pp. 157-184: pp. 159, 164, 167, and fig. 8), and since MS Merton College 304 was copied around 1581 in Padua (see the description by N. Wilson in R.M. Thompson, A Descriptive Catalogue of the Medieval Manuscripts of Merton College, Oxford (2009), p. 268, and Sosower (2006), p. 164), its origin could be possibly dated more precisely around this period.",,,,,,,,,,,,,,,,,,,,,,,,,,,,,,,,,,,,,,,,,,,,,,,,,,,,,,
_origin_1,manuscript_12205,,,"Cambridge, University Library, MS Kk.5.11",manuscript,,MS-KK-00005-00011,"The manuscript was written by the Greek scribe Nikolaos Tourrianos in Salamanca in 1564. It was copied from MS El Escorial, Real Biblioteca, R.II.11 (see Easterling 1961, p. 259; de Andres 1969, p. 26; Burgmann-Fögen-Schminck-Simon 1995, p. 59), owned by , following a request by the Portuguese humanist Diego Hurtado de Mendoza (1503-1575) Hurtado de Mendoza, Diego, 1503-1575 ; this is stated in a marginal note by Nikolaos Tourrianos on Eduardo Caldera (16th-17th c.) Caldeira, Duarte, 16th-17th century f. 246r, where the Synopsis Basilicorum ends: Τὸ ἶσον τῆς ἑξηκονταβίβλου τῆς τοῦ λαμπροτάτου Διέγου Μενδοκίου, τῷ τοῦ Δουάρδου Καλδέρου τοῦ νομικοῦ προστάγματι καταγραφομένης. (A later hand, Hand C, changed καταγραφομένης in μεταγραφομένης). In the middle of the upper margin of f. 2r there is an annotation in Tourrianos' hand, maybe an older shelf-mark (see Easterling 1961, p. 258), n° 5; the number was corrected by another hand, and it is not clear what was written below.",,f. 246r; f. 2r,246r 2r,246r 2r,,,,,,,,,,,,,,,,,,,,,,,,,,,,,,,,,,,,,,,,,,,,,,,"El Escorial, Real Biblioteca, R.II.11; Easterling 1961; de Andres 1969; Burgmann-Fögen-Schminck-Simon 1995; Easterling 1961",,,
_origin_1,manuscript_12206,,,"Cambridge, University Library, MS Kk.5.12",manuscript,,MS-KK-00005-00012,the 16th century,,,,,"the 16th
                                                century",,1500,1599,,gregorian,,,,,,,,,,,,,,,,,,,,,,,,,,,,,,,,,,,,,,,,,,,,
_origin_1,manuscript_1,,,"Cambridge, University Library, MS Kk.5.13",manuscript,,MS-KK-00005-00013,"Second quarter of the 9th century (Rodgers), or 1st or 2nd third of the 9th century (Bischoff). France, probably at the Benedictine monastery of Saint-Denis. 'The presumption that the Moore Palladius was written at St.-Denis is confirmed by the script, which may be placed at an intermediate point in the spectrum extending from the script of certain St.-Denis MSS of the late ninth century to that of MSS written there under Abbot Fardulf (793-806)... One help in dating the MS is its consistent use of the 2-form for abbreviations of -ur. This new form had appeared at Corbie before the end of the eighth century, and it gradually supplanted the archaic ur-symbol, identical with that used elsewhere for -us. So important a centre as St.-Denis is unlikely to have been slow in adopting the new and eventually universal 2-symbol: the use of the archaic ur-symbol for -us (as well as for -ur) was already a feature of the Fardulfus type. According to Lindsay, the old use of the symbol was generally obsolete by 820, and we may with some confidence place the Palladius in the second quarter of the ninth century' (see Rodgers (1971)). Bischoff, by contrast, dates the manuscript to 'IX. Jh., 1./2. Drittel'. In his introduction to Palladius (1975), Rodgers states that the manuscript 'was written at St.-Denis in the first third of the ninth century', but in his description maintains the date of 'probably the second quarter of the 9th century'. Rodgers (1971), pp. 205-06 Rodgers, 'An introduction' (1975), pp. 66, 155 Bischoff (1998), p. 186",,,,,"Second quarter of the 9th century (Rodgers),
                                or 1st or 2nd third of the 9th century (Bischoff). ",,800,860,medium,Gregorian,"France, probably at the Benedictine monastery of Saint-Denis.",,,,,,,,,,,,,,,,,,,,,,,,,,,,,,,,,,,,,,,,"Rodgers (1971), pp. 205-06; Rodgers, 'An introduction' (1975), pp. 66, 155; Bischoff (1998), p. 186",,,
_origin_1,manuscript_12207,,,"Cambridge, University Library, MS Kk.5.19",manuscript,,MS-KK-00005-00019,"Constantinople Demetrios Angelos Angelos, Demetrios second quarter of the 15th century and year 1476 Mondrain 2010, p. 299, 304",,,,,,,,,,,Constantinople,,,,,,,,,,,,,,,,,,,,,,,,,,,,,,,,,,,,,,,,"Mondrain 2010, p. 299, 304",,,
_origin_1,manuscript_12208,,,"Cambridge, University Library, MS Kk.5.25",manuscript-composite,,MS-KK-00005-00025,,,,,,,,,,,,,,,,,,,,,,,,,,,,,,,,,,,,,,,,,,,,,,,,,,,,,,,
_origin_1,manuscript_12208,,,"Cambridge, University Library, MS Kk.5.25",part,,,between about 1465 and 1510 f. 56v Italy,,f. 56v,56v,56v,between about 1465 and 1510,,1465,1510,,gregorian,Italy,,,,,,,,,,,,,,,,,,,,,,,,,,,,,,,,,,,,,,,,,,,
_origin_2,manuscript_12208,,,"Cambridge, University Library, MS Kk.5.25",part,,,between 1470 and 1490,,,,,"between 1470 and
                                    1490",,1470,1490,,gregorian,,,,,,,,,,,,,,,,,,,,,,,,,,,,,,,,,,,,,,,,,,,,
_origin_1,manuscript_12209,,,"Cambridge, University Library, MS Kk.5.26",manuscript-composite,,MS-KK-00005-00026,,,,,,,,,,,,,,,,,,,,,,,,,,,,,,,,,,,,,,,,,,,,,,,,,,,,,,,
_origin_1,manuscript_12209,,,"Cambridge, University Library, MS Kk.5.26",part,,,"This part of the manuscript was copied by Giovanni Onorio in the first half of the 16th century, in the years 1524-1550, probably in Rome. The watermark of this part is identical with one present in Giovanni Onorio's manuscripts in that period.",,,,,,,,,,,,,,,,,,,,,,,,,,,,,,,,,,,,,,,,,,,,,,,,,,,,,,
_origin_2,manuscript_12209,,,"Cambridge, University Library, MS Kk.5.26",part,,,"This part of the manuscript was copied by two contemporary hands, between the third decade and the middle of the 16th century, as indicated by the watermarks.",,,,,,,,,,,,,,,,,,,,,,,,,,,,,,,,,,,,,,,,,,,,,,,,,,,,,,
_origin_3,manuscript_12209,,,"Cambridge, University Library, MS Kk.5.26",part,,,"This part of the manuscript was copied around the middle of the 15th century, as suggested by the watermarks.",,,,,,,,,,,,,,,,,,,,,,,,,,,,,,,,,,,,,,,,,,,,,,,,,,,,,,
_origin_1,manuscript_12210,,,"Cambridge, University Library, MS Kk.5.27",manuscript,,MS-KK-00005-00027,"The text was copied in the 16th century, as script and watermarks indicate, certainly after 1535, when Angelos Bergikios signed the exemplar of the manuscript (Westerink (1956), p. vii), MS Par. gr. 1822.",,,,,,,,,,,,,,,,,,,,,,,,,,,,,,,,,,,,,,,,,,,,,,,,,,,Westerink (1956),,,
_origin_1,manuscript_12211,,,"Cambridge, University Library, MS Kk.5.28",manuscript-composite,,MS-KK-00005-00028,,,,,,,,,,,,,,,,,,,,,,,,,,,,,,,,,,,,,,,,,,,,,,,,,,,,,,,
_origin_1,manuscript_12211,,,"Cambridge, University Library, MS Kk.5.28",part,,,"in the 16th century, between the first quarter and 1569",,,,,"in the 16th century, between the first quarter
                                    and 1569",,1525,1569,,gregorian,,,,,,,,,,,,,,,,,,,,,,,,,,,,,,,,,,,,,,,,,,,,
_origin_2,manuscript_12211,,,"Cambridge, University Library, MS Kk.5.28",part,,,"in the 16th century, between the first quarter and 1569",,,,," in the 16th century, between the first quarter
                                    and 1569",,1525,1569,,gregorian,,,,,,,,,,,,,,,,,,,,,,,,,,,,,,,,,,,,,,,,,,,,
_origin_1,manuscript_12212,,,"Cambridge, University Library, MS Kk.5.31",manuscript-composite,,MS-KK-00005-00031,,,,,,,,,,,,,,,,,,,,,,,,,,,,,,,,,,,,,,,,,,,,,,,,,,,,,,,
_origin_1,manuscript_12212,,,"Cambridge, University Library, MS Kk.5.31",part,,,"This part of the manuscript was written in 1569 by the Greek scribe Angelos Bergikios in Paris, as noted in the colophon.",,,,,,,,,,,,,,,,,,,,,,,,,,,,,,,,,,,,,,,,,,,,,,,,,,,,,,
_origin_2,manuscript_12212,,,"Cambridge, University Library, MS Kk.5.31",part,,,in the 2nd half of the 16th century,,,,,in the 2nd half of the 16th century,,1550,1599,,gregorian,,,,,,,,,,,,,,,,,,,,,,,,,,,,,,,,,,,,,,,,,,,,
_origin_3,manuscript_12212,,,"Cambridge, University Library, MS Kk.5.31",part,,,2nd half of the 16th century,,,,,2nd half of the 16th century,,1550,1599,,gregorian,,,,,,,,,,,,,,,,,,,,,,,,,,,,,,,,,,,,,,,,,,,,
_origin_4,manuscript_12212,,,"Cambridge, University Library, MS Kk.5.31",part,,,"This part of the manuscript, copied by Bergikios on the same kind of paper as part I, was in all probability written around the same year, 1569.",,,,,,,,,,,,,,,,,,,,,,,,,,,,,,,,,,,,,,,,,,,,,,,,,,,,,,
_origin_5,manuscript_12212,,,"Cambridge, University Library, MS Kk.5.31",part,,,"2nd half of the 16th century, after 1569",,,,,"2nd half of the 16th century, after 1569",,1550,1599,,gregorian,,,,,,,,,,,,,,,,,,,,,,,,,,,,,,,,,,,,,,,,,,,,
_origin_1,manuscript_12213,,,"Cambridge, University Library, MS Kk.5.35",manuscript,,MS-KK-00005-00035,The codex was copied by Georgios Hermonymos in all likelihood during his stay in Paris in the late 15th century.,,,,,,,,,,,,,,,,,,,,,,,,,,,,,,,,,,,,,,,,,,,,,,,,,,,,,,
_origin_1,manuscript_12214,,,"Cambridge, University Library, MS Kk.5.37",manuscript-composite,,MS-KK-00005-00037,,,,,,,,,,,,,,,,,,,,,,,,,,,,,,,,,,,,,,,,,,,,,,,,,,,,,,,
_origin_1,manuscript_12214,,,"Cambridge, University Library, MS Kk.5.37",part,,,1560s,,,,,"
                                    1560s",,1560,1569,,gregorian,,,,,,,,,,,,,,,,,,,,,,,,,,,,,,,,,,,,,,,,,,,,
_origin_2,manuscript_12214,,,"Cambridge, University Library, MS Kk.5.37",part,,,17th century,,,,,"17th
                                    century",,1600,1699,,gregorian,,,,,,,,,,,,,,,,,,,,,,,,,,,,,,,,,,,,,,,,,,,,
_origin_1,manuscript_12215,,,"Cambridge, University Library, MS Kk.6.4",manuscript,,MS-KK-00006-00004,between about 960 and 1050,,,,,"between about 960 and
                                1050",,960,1050,,gregorian,,,,,,,,,,,,,,,,,,,,,,,,,,,,,,,,,,,,,,,,,,,,
_origin_1,manuscript_12216,,,"Cambridge, University Library, MS Kk.6.23",manuscript,,MS-KK-00006-00023,"The codex was copied by Georgios Hermonymos during his stay in Paris for (see Kalatzi (2009), p. 77) Guillaume Budé Budé, Guillaume, 1468-1540 between the end of 15th century and the early 16th century.",,,,,,,,,,,,,,,,,,,,,,,,,,,,,,,,,,,,,,,,,,,,,,,,,,,,,,
_origin_1,manuscript_12217,,,"Cambridge, University Library, MS Kk.6.27",manuscript,,MS-KK-00006-00027,second half of the 17th century,,,,," second half of the 17th
                                century",,1650,1699,,gregorian,,,,,,,,,,,,,,,,,,,,,,,,,,,,,,,,,,,,,,,,,,,,
_origin_1,manuscript_12218,,,"Cambridge, University Library, MS Kk.6.29",manuscript,,MS-KK-00006-00029,"Georgios Moschos Moschos, Georgios first decade of the 16th century Corfu Italy",,,,,,,,,,,,,,,,,,,,,,,,,,,,,,,,,,,,,,,,,,,,,,,,,,,,,,
_origin_1,manuscript_1,,,"Cambridge, University Library, MS Kk.6.30",manuscript-composite,,MS-KK-00006-00030,,,,,,,,,,,,,,,,,,,,,,,,,,,,,,,,,,,,,,,,,,,,,,,,,,,,,,,
_origin_1,manuscript_1,,,"Cambridge, University Library, MS Kk.6.30",part,,,Second half of the 15th century or first quarter of the 16th century. England. A clue for the manuscript's origin may be a Maltese cross with at each of its four ends the number '4' or letter 'q' written in brown ink in the upper margin of f. 1r.,,1r,1r,1r,"Second half of the 15th century or first
                                    quarter of the 16th century. ",,1450,1525,high,Gregorian,England.,,,,,,,,,,,,,,,,,,,,,,,,,,,,,,,,,,,,,,,,,,,
_origin_2,manuscript_1,,,"Cambridge, University Library, MS Kk.6.30",part,,,15th century. England.,,,,,15th century. ,,1400,1500,high,Gregorian,England.,,,,,,,,,,,,,,,,,,,,,,,,,,,,,,,,,,,,,,,,,,,
_origin_3,manuscript_1,,,"Cambridge, University Library, MS Kk.6.30",part,,,Copied in the 15th century. England.,,,,,Copied in the 15th century. ,,1400,1500,high,Gregorian,England.,,,,,,,,,,,,,,,,,,,,,,,,,,,,,,,,,,,,,,,,,,,
_origin_4,manuscript_1,,,"Cambridge, University Library, MS Kk.6.30",part,,,Late 15th or early 16th century. England.,,,,,Late 15th or early 16th century. ,,1475,1525,high,Gregorian,England.,,,,,,,,,,,,,,,,,,,,,,,,,,,,,,,,,,,,,,,,,,,
_origin_5,manuscript_1,,,"Cambridge, University Library, MS Kk.6.30",part,,,Second half of the 15th century or first quarter of the 16th century. England.,,,,,"Second half of the 15th century or first
                                    quarter of the 16th century. ",,1450,1525,high,Gregorian,England.,,,,,,,,,,,,,,,,,,,,,,,,,,,,,,,,,,,,,,,,,,,
_origin_6,manuscript_1,,,"Cambridge, University Library, MS Kk.6.30",part,,,Second half of the 15th century or 1st quarter of the 16th century. England.,,,,,"Second half of the 15th century or 1st
                                    quarter of the 16th century. ",,1450,1525,high,Gregorian,England.,,,,,,,,,,,,,,,,,,,,,,,,,,,,,,,,,,,,,,,,,,,
_origin_7,manuscript_1,,,"Cambridge, University Library, MS Kk.6.30",part,,,14th century. England.,,,,,14th century. ,,1300,1400,high,Gregorian,England.,,,,,,,,,,,,,,,,,,,,,,,,,,,,,,,,,,,,,,,,,,,
_origin_8,manuscript_1,,,"Cambridge, University Library, MS Kk.6.30",part,,,15th century. England.,,,,,15th century. ,,1400,1500,high,Gregorian,England.,,,,,,,,,,,,,,,,,,,,,,,,,,,,,,,,,,,,,,,,,,,
_origin_9,manuscript_1,,,"Cambridge, University Library, MS Kk.6.30",part,,,15th century. England.,,,,,15th century. ,,1400,1500,high,Gregorian,England.,,,,,,,,,,,,,,,,,,,,,,,,,,,,,,,,,,,,,,,,,,,
_origin_1,manuscript_1,,,"Cambridge, University Library, MS Kk.6.33",manuscript-composite,,MS-KK-00006-00033,,,,,,,,,,,,,,,,,,,,,,,,,,,,,,,,,,,,,,,,,,,,,,,,,,,,,,,
_origin_1,manuscript_1,,,"Cambridge, University Library, MS Kk.6.33",part,,,Written in the 15th century. England.,,,,, Written in the 15th century.,,1400,1500,high,Gregorian,England.,,,,,,,,,,,,,,,,,,,,,,,,,,,,,,,,,,,,,,,,,,,
_origin_2,manuscript_1,,,"Cambridge, University Library, MS Kk.6.33",part,,,Written in the 2nd half of the 15th century. England,,,,," Written in the 2nd half of the 15th
                                    century. ",,1463,1501,high,Gregorian,England,,,,,,,,,,,,,,,,,,,,,,,,,,,,,,,,,,,,,,,,,,,
_origin_3,manuscript_1,,,"Cambridge, University Library, MS Kk.6.33",part,,,Written in the 15th century. England.,,,,, Written in the 15th century. ,,1400,1500,high,Gregorian,England.,,,,,,,,,,,,,,,,,,,,,,,,,,,,,,,,,,,,,,,,,,,
_origin_1,manuscript_12219,,,"Cambridge, University Library, MS Kk.6.34",manuscript,,MS-KK-00006-00034,"The codex is an autograph of Franciscus Portus (1511-1581), who was active in the middle of the 16th century in . In all likelihood the main text of the manuscript was written between Northern Italy 1530 and 1555, before Portus moved to Geneva.",,,,,,,,,,,,,,,,,,,,,,,,,,,,,,,,,,,,,,,,,,,,,,,,,,,,,,
_origin_1,manuscript_1,,,"Cambridge, University Library, MS Ll.2.2",manuscript,,MS-LL-00002-00002,Late 14th century England,,,,,Late 14th century,,1475,1500,medium,Gregorian,England,,,,,,,,,,,,,,,,,,,,,,,,,,,,,,,,,,,,,,,,,,,
_origin_1,manuscript_12220,,,"Cambridge, University Library, MS Ll.2.13",manuscript,,MS-LL-00002-00013,"The codex was copied by Georgios Hermonymos during his stay in for Paris (see Kalatzi 2009, p. 77) in the Guillaume Budé Budé, Guillaume, 1468-1540 late 15th century.",,,,,,,,,,,,,,,,,,,,,,,,,,,,,,,,,,,,,,,,,,,,,,,,,,,,,,
_origin_1,manuscript_12221,,,"Cambridge, University Library, MS Ll.4.12",manuscript,,MS-LL-00004-00012,late 14th or early 15th century,,,,,late 14th or early 15th century,,1375,1425,,gregorian,,,,,,,,,,,,,,,,,,,,,,,,,,,,,,,,,,,,,,,,,,,,
_origin_1,manuscript_12224,,,"Cambridge, University Library, MS Ll.5.4",manuscript,,MS-LL-00005-00004,"Copied in the second half of the 17th century, after 1662, when Seller matriculated at Lincoln College, Oxford, where one of the source manuscripts for this compilation was held, and before his death in 1705. The text appearing first in the manuscript was copied in 1686, as indicated by a note on p. 1. England, probably in Windsor, Cambridge and Oxford, where the source manuscripts for this compilation were held.",,p. 1,1.0,1.0,"Copied in the second half of the 17th century, after 1662,
                        when Seller matriculated at Lincoln College, Oxford, where one of the source
                        manuscripts for this compilation was held, and before his death in 1705. The
                        text appearing first in the manuscript was copied in 1686, as indicated by a
                        note on p. 1.",,1662,1705,high,Gregorian,"England, probably in Windsor, Cambridge and Oxford, where the source manuscripts for this compilation were held.",,,,,,,,,,,,,,,,,,,,,,,,,,,,,,,,,,,,,,,,,,,
_origin_1,manuscript_12225,,,"Cambridge, University Library, MS Mm.1.11",manuscript,,MS-MM-00001-00011,"The watermarks suggest that the core of the manuscript was produced in Italy in the middle of the 14th century, and that it was restored between the end of the 14th century and the first half of the 15th century. The characteristics of the scripts indicate that it was produced during the later 14th or earlier 15th century. Probably the manuscript was produced in different stages, as a working text, and the constituent parts mixed with replacements (cf. Günther 1995, p. 103).",,,,,,,,,,,,,,,,,,,,,,,,,,,,,,,,,,,,,,,,,,,,,,,,,,,,,,
_origin_1,manuscript_12226,,,"Cambridge, University Library, MS Mm.1.17",manuscript-composite,,MS-MM-00001-00017,,,,,,,,,,,,,,,,,,,,,,,,,,,,,,,,,,,,,,,,,,,,,,,,,,,,,,,
_origin_1,manuscript_12226,,,"Cambridge, University Library, MS Mm.1.17",part,,,"Part I of the manuscript was copied by Michael Souliardos probably around the beginning of the 16th century , as the watermarks suggest.",,,,,,,,,,,,,,,,,,,,,,,,,,,,,,,,,,,,,,,,,,,,,,,,,,,,,,
_origin_2,manuscript_12226,,,"Cambridge, University Library, MS Mm.1.17",part,,,"Part II of the manuscript, as part I, was copied by Michael Souliardos probably around the beginning of the 16th c., as the watermark confirms.",,,,,,,,,,,,,,,,,,,,,,,,,,,,,,,,,,,,,,,,,,,,,,,,,,,,,,
_origin_3,manuscript_12226,,,"Cambridge, University Library, MS Mm.1.17",part,,,"Part III of the manuscript, as part I, was copied by Michael Souliardos probably around the beginning of the 16th century, as the watermarks confirm.",,,,,,,,,,,,,,,,,,,,,,,,,,,,,,,,,,,,,,,,,,,,,,,,,,,,,,
_origin_1,manuscript_12227,,,"Cambridge, University Library, MS Mm.6.9",manuscript,,MS-MM-00006-00009,Cyprus the Levant 13th century,,,,,"13th
                                century",,1200,1299,,gregorian,,,,,,,,,,,,,,,,,,,,,,,,,,,,,,,,,,,,,,,,,,,,
_origin_1,manuscript_1,,,"Cambridge, University Library, MS Mm.6.17",manuscript-composite,,MS-MM-00006-00017,,,,,,,,,,,,,,,,,,,,,,,,,,,,,,,,,,,,,,,,,,,,,,,,,,,,,,,
_origin_1,manuscript_1,,,"Cambridge, University Library, MS Mm.6.17",part,,,Copied in the 15th century. England.,,,,, Copied in the 15th century.,,1400,1500,,Gregorian,England.,,,,,,,,,,,,,,,,,,,,,,,,,,,,,,,,,,,,,,,,,,,
_origin_2,manuscript_1,,,"Cambridge, University Library, MS Mm.6.17",part,,,Copied in the 15th century. England.,,,,, Copied in the 15th century.,,1400,1500,,Gregorian,England.,,,,,,,,,,,,,,,,,,,,,,,,,,,,,,,,,,,,,,,,,,,
_origin_1,manuscript_12230,,,"Cambridge, University Library, MS Nn.1.21",manuscript,,MS-NN-00001-00021,MS Nn.1.22 first half of the 11th century,,,,,"first half of the 11th
                                                century",,1000,1049,,gregorian,,,,,,,,,,,,,,,,,,,,,,,,,,,,,,,,,,,,,,,,,MS Nn.1.22,MS Nn.1.22,https://cudl.lib.cam.ac.uk/view/MS-NN-00001-00022,
_origin_1,manuscript_76566,,,"Cambridge, University Library, MS Nn.1.22",manuscript,,MS-NN-00001-00022,MS Nn.1.21 11th century,,,,,11th century,,1000,1099,,gregorian,,,,,,,,,,,,,,,,,,,,,,,,,,,,,,,,,,,,,,,,,MS Nn.1.21,MS Nn.1.21,https://cudl.lib.cam.ac.uk/view/MS-NN-00001-00021,
_origin_1,manuscript_12231,,,"Cambridge, University Library, MS Nn.1.23",manuscript,,MS-NN-00001-00023,in the 11th or 12th century The characteristics of the script suggest that the insertion of ff. [ii] recto-2*v was produced during the 16th or 17th century.,,,,,in the 11th or 12th century,,1000,1199,,gregorian,,,,,,,,,,,,,,,,,,,,,,,,,,,,,,,,,,,,,,,,,,,,
_origin_1,manuscript_12232,,,"Cambridge, University Library, MS Nn.1.24",manuscript,,MS-NN-00001-00024,"The codex was copied by Nikolaos, collaborator of Zacharia Callierges and scribe active in Venice and Padua between the end of the 15th century and the beginning of the 16th. Between 1499 and 1505 Curthbert Tunstall studied Greek in Padua under (cf. Oates 1986, p. 60 et seq.); it was probably during his stay in Italy that he bought the incunanbula and the manuscript, so this copy was likely made prior to 1505. Nicholas Leonicus Thomaeus Tomeo, Niccolò Leonico, 1456?-1531?",,,,,,,,,,,,,,,,,,,,,,,,,,,,,,,,,,,,,,,,,,,,,,,,,,,,,,
_origin_1,manuscript_12237,,,"Cambridge, University Library, MS Nn.2.34",manuscript,,MS-NN-00002-00034,late 14th century Mystras,,,,,,,,,,,Mystras,,,,,,,,,,,,,,,,,,,,,,,,,,,,,,,,,,,,,,,,,,,
_origin_1,manuscript_12238,,,"Cambridge, University Library, MS Nn.2.36",manuscript,,MS-NN-00002-00036,"Panagiotis N. Simotas, Νικήτα Σεΐδου Σύνοψις τῆς Ἁγίας Γραφῆς (Thessalonike 1984), p. 25 Sinai, Monastery of St Catherine, MS gr. 234 Rossano Lucà, 'Rossano', pp. 97, 111 1120/1 or 1130/1",,,,,1120/1 or 1130/1,,1120,1131,,gregorian,Rossano,,,,,,,,,,,,,,,,,,,,,,,,,,,,,,,,,,,,,,,,"Panagiotis N. Simotas, Νικήτα Σεΐδου Σύνοψις τῆς Ἁγίας Γραφῆς (Thessalonike 1984), p. 25; Lucà, 'Rossano', pp. 97, 111","Sinai, Monastery of St Catherine, MS gr. 234",https://www.loc.gov/item/00271079035-ms,
_origin_1,manuscript_12239,,,"Cambridge, University Library, MS Nn.2.39",manuscript,,MS-NN-00002-00039,The codex was copied by Petros Hypselas in Italy in the late 15th century or early 16th century.,,,,,,,,,,,,,,,,,,,,,,,,,,,,,,,,,,,,,,,,,,,,,,,,,,,,,,
_origin_1,manuscript_12240,,,"Cambridge, University Library, MS Nn.2.41",manuscript,,MS-NN-00002-00041,"Late 4th or early 5th Century Many places have been proposed for the place of origin, including southern France, Egypt, northern Africa, Palestine and Beirut.",,,,,"Late 4th or
                        early 5th Century",,390,410,,Gregorian,"Many places have been proposed for the place of origin, including southern France, Egypt, northern Africa, Palestine and Beirut.",southern France; Egypt; Palestine; Beirut,place_g1000070 place_g7014986 place_g7004540 place_g7002857,,,,,,,,,,,,,,,,,,,,,,,,,,,,,,,,,,,,,,,,,
_origin_1,manuscript_12241,,,"Cambridge, University Library, MS Nn.3.3",manuscript,,MS-NN-00003-00003,late 15th century or early 16th century,,,,," late 15th century or early 16th
                                century",,1495,1525,,gregorian,,,,,,,,,,,,,,,,,,,,,,,,,,,,,,,,,,,,,,,,,,,,
_origin_1,manuscript_12242,,,"Cambridge, University Library, MS Nn.3.8",manuscript,,MS-NN-00003-00008,"The manuscript was written by the Greek scribe Konstantinos Mesobotes, active in Italy in the first half of the 16th century. The texts in the manuscript derive from MS München, Bayerische Staatsbibliothek, Cod. Graec. 361a, which was owned by Cardinal Domenico Grimani (1460-1523) (see A. Diller, H.D. Saffrey, L.G. Westerink, Bibliotheca Graeca Manuscripta Cardinalis Dominici Grimani [1461-1523], Venice 2003, nr. 391 p. 165), whose manuscript collection was brought to S. Antonio di Castello monastery in Venice, after his death (1523), becoming accessible for numerous scribes, who produced copies of them. Therefore, CUL MS Nn.3.8 was probably copied in Venice in the second quarter of the 16th century; Konstantinos Mesobotes was active in Venice around 1533 (see RGK I, 224).",,,,,,,,,,,,,,,,,,,,,,,,,,,,,,,,,,,,,,,,,,,,,,,,,,,,,,
_origin_1,manuscript_12243,,,"Cambridge, University Library, MS Nn.3.13",manuscript,,MS-NN-00003-00013,"The watermarks suggest that the manuscript was produced at the end of the 15th century, likely after 1470. The characteristics of the scripts confirm that it was produced during the later 14th or earlier 15th century. On the textual basis of scholia of dyad-recension, Günther (1995), supposed an origin related to the circle of the Cretan Ioannes (Moschus) of Corone (see RGK I 203 = II 279), scribe of ff. 75r-397r of Par. gr. 2598.",,,,,,,,,,,,,,,,,,,,,,,,,,,,,,,,,,,,,,,,,,,,,,,,,,,Par. gr. 2598,,,
_origin_1,manuscript_12244,,,"Cambridge, University Library, MS Nn.3.14",manuscript-composite,,MS-NN-00003-00014,,,,,,,,,,,,,,,,,,,,,,,,,,,,,,,,,,,,,,,,,,,,,,,,,,,,,,,
_origin_1,manuscript_12244,,,"Cambridge, University Library, MS Nn.3.14",part,,,"The manuscript was located at the Monastery of the Dionysiou of Mount Athos, and thanks to the name of Zeianos and the textual characteristics, it is possible to assume that it arrived there from Thessaloniki, and that it was produced in the scriptorium of , or in a scriptorium connected with him.Demetrius Triclinius Triclinius, Demetrius The characteristics of the script and the watermarks suggest that it was produced during the early 14th century, probably before 1325.",,,,,,,,,,,,,,,,,,,,,,,,,,,,,,,,,,,,,,,,,,,,,,,,,,,,,,
_origin_2,manuscript_12244,,,"Cambridge, University Library, MS Nn.3.14",part,,,no earlier than the 15th century,,,,," no
                                    earlier than the 15th century",,1499,1599,,gregorian,,,,,,,,,,,,,,,,,,,,,,,,,,,,,,,,,,,,,,,,,,,,
_origin_1,manuscript_12245,,,"Cambridge, University Library, MS Nn.3.15",manuscript-composite,,MS-NN-00003-00015,,,,,,,,,,,,,,,,,,,,,,,,,,,,,,,,,,,,,,,,,,,,,,,,,,,,,,,
_origin_1,manuscript_12245,,,"Cambridge, University Library, MS Nn.3.15",part,,,The characteristics of the script and the watermarks suggest that it was produced in the second half of 15th century.,,,,,,,,,,,,,,,,,,,,,,,,,,,,,,,,,,,,,,,,,,,,,,,,,,,,,,
_origin_2,manuscript_12245,,,"Cambridge, University Library, MS Nn.3.15",part,,,"The manuscript was at the Monastery of the Dionysiou on Mount Athos, and thanks to the name of Zeianos and the textual characteristics, it is possible to assume that it arrived there from Thessaloniki, and that it was produced according to the practice of the scriptorium of , or in a scriptorium connected with him.Demetrius Triclinius Triclinius, Demetrius The characteristics of the script and the watermarks suggest that it was produced during the early 14th century, probably before 1325.",,,,,,,,,,,,,,,,,,,,,,,,,,,,,,,,,,,,,,,,,,,,,,,,,,,,,,
_origin_3,manuscript_12245,,,"Cambridge, University Library, MS Nn.3.15",part,,,"The characteristics of the script and the watermarks suggest that it was produced at the end of the 15th century, probably after 1475.",,,,,,,,,,,,,,,,,,,,,,,,,,,,,,,,,,,,,,,,,,,,,,,,,,,,,,
_origin_1,manuscript_12246,,,"Cambridge, University Library, MS Nn.3.16",manuscript-composite,,MS-NN-00003-00016,,,,,,,,,,,,,,,,,,,,,,,,,,,,,,,,,,,,,,,,,,,,,,,,,,,,,,,
_origin_1,manuscript_12246,,,"Cambridge, University Library, MS Nn.3.16",part,,,The characteristics of the script suggest that it was produced in the late 15th or early 16th century.,,,,,,,,,,,,,,,,,,,,,,,,,,,,,,,,,,,,,,,,,,,,,,,,,,,,,,
_origin_2,manuscript_12246,,,"Cambridge, University Library, MS Nn.3.16",part,,,The characteristics of the script and the watermarks suggest that it was produced in the late 15th century.,,,,,,,,,,,,,,,,,,,,,,,,,,,,,,,,,,,,,,,,,,,,,,,,,,,,,,
_origin_1,manuscript_12247,,,"Cambridge, University Library, MS Nn.3.17",manuscript-composite,,MS-NN-00003-00017,,,,,,,,,,,,,,,,,,,,,,,,,,,,,,,,,,,,,,,,,,,,,,,,,,,,,,,
_origin_1,manuscript_12247,,,"Cambridge, University Library, MS Nn.3.17",part,,,"The manuscript can be located at the Monastery of the Dionysiou of Mount Athos, and thanks to the name of Zeianos and the textual characteristics, it is possible to assume that it arrived there from Thessaloniki, and that it was set up in the scriptorium of , or in a scriptorium connected with him.Demetrius Triclinius Triclinius, Demetrius The characteristics of the script and the watermarks suggest that it was produced during the early 14th century, probably before 1325.",,,,,,,,,,,,,,,,,,,,,,,,,,,,,,,,,,,,,,,,,,,,,,,,,,,,,,
_origin_2,manuscript_12247,,,"Cambridge, University Library, MS Nn.3.17",part,,,"The characteristics of the script suggest that it was produced in the second half of 15th century, probably after 1475.",,,,,,,,,,,,,,,,,,,,,,,,,,,,,,,,,,,,,,,,,,,,,,,,,,,,,,
_origin_1,manuscript_12248,,,"Cambridge, University Library, MS Nn.3.18",manuscript,,MS-NN-00003-00018,"Venice, Biblioteca Nazionale Marciana, Marcianus gr. cl. VII, 5 Palla Strozzi (1372-1462) Strozzi, Palla, 1372-1462 Venice, Biblioteca Nazionale Marciana, Marcianus gr. 364 1455-1475",,,,,1455-1475,,1455,1476,,gregorian,,,,,,,,,,,,,,,,,,,,,,,,,,,,,,,,,,,,,,,,,"Venice, Biblioteca Nazionale Marciana, Marcianus gr. cl. VII, 5; Venice, Biblioteca Nazionale Marciana, Marcianus gr. 364",,,
_origin_1,manuscript_12250,,,"Cambridge, University Library, MS Nn.4.2",manuscript,,MS-NN-00004-00002,"The codex was copied by Georgios Hermonymos during his stay in for Paris (see Kalatzi 2009, p. 77) between the Budé, Guillaume, 1468-1540 Guillaume Budé last quarter of 15th century and the early 16th century.",,,,,,,,,,,,,,,,,,,,,,,,,,,,,,,,,,,,,,,,,,,,,,,,,,,,,,
_origin_1,manuscript_12252,,,"Cambridge, University Library, MS Nn.4.8",manuscript-composite,,MS-NN-00004-00008,,,,,,,,,,,,,,,,,,,,,,,,,,,,,,,,,,,,,,,,,,,,,,,,,,,,,,,
_origin_1,manuscript_12252,,,"Cambridge, University Library, MS Nn.4.8",part,,,The characteristics of the script suggest that it was produced between the the 13th and 14th century.,,,,,,,,,,,,,,,,,,,,,,,,,,,,,,,,,,,,,,,,,,,,,,,,,,,,,,
_origin_2,manuscript_12252,,,"Cambridge, University Library, MS Nn.4.8",part,,,The characteristics of the script suggest that it was produced between the the 13th and 14th century.,,,,,,,,,,,,,,,,,,,,,,,,,,,,,,,,,,,,,,,,,,,,,,,,,,,,,,
_origin_3,manuscript_12252,,,"Cambridge, University Library, MS Nn.4.8",part,,,The characteristics of the script suggest that the original manuscript was produced between the 8th and 9th century.,,,,,,,,,,,,,,,,,,,,,,,,,,,,,,,,,,,,,,,,,,,,,,,,,,,,,,
_origin_1,manuscript_12254,,,"Cambridge, University Library, MS Nn.4.42b",manuscript,,MS-NN-00004-00042-B,,,,,,,,,,,,,,,,,,,,,,,,,,,,,,,,,,,,,,,,,,,,,,,,,,,,,,,
_origin_1,manuscript_12274,,,"Cambridge, University Library, MS Or. 929",manuscript,,MS-OR-00929,14th century Egypt,,,,,14th century,,1300,1399,,gregorian,Egypt,,,,,,,,,,,,,,,,,,,,,,,,,,,,,,,,,,,,,,,,,,,
_origin_1,manuscript_12276,,,"Cambridge, University Library, MS Or. 1699.Π.X",manuscript,,MS-OR-01699-Π-X,,,,,,,,,,,,,,,,,,,,,,,,,,,,,,,,,,,,,,,,,,,,,,,,,,,,,,,
_origin_1,manuscript_12273,,,"Cambridge, University Library, MS Or. 1700.2.3.1",manuscript,,MS-OR-01700-BOX-00002-00003-00001,7th century,,,,,"7th
                                century",,600,699,,gregorian,,,,,,,,,,,,,,,,,,,,,,,,,,,,,,,,,,,,,,,,,,,,
_origin_1,manuscript_12283,,,"Cambridge, Westminster College, MS WGL9/6",manuscript,,MS-WESTMINSTER-WGL-00009-00006,6th century,,,,,6th century,,500,599,,gregorian,,,,,,,,,,,,,,,,,,,,,,,,,,,,,,,,,,,,,,,,,,,,
_origin_1,manuscript_1,,,MS 7,manuscript,,,14th century (1350-1375) England,,,,," 14th
                                century (1350-1375) ",,1350,1380,,Gregorian,England,,,,,,,,,,,,,,,,,,,,,,,,,,,,,,,,,,,,,,,,,,,
_origin_1,manuscript_1,,,MS 8,manuscript-composite,,MS-DD-00001-00011,,,,,,,,,,,,,,,,,,,,,,,,,,,,,,,,,,,,,,,,,,,,,,,,,,,,,,,
_origin_1,manuscript_1,,,MS 8,part,,,"14th century, ca. 1325 – 1375 England",,,,," 14th century, ca. 1325 – 1375 ",,1325,1375,,Gregorian,England,,,,,,,,,,,,,,,,,,,,,,,,,,,,,,,,,,,,,,,,,,,
_origin_2,manuscript_1,,,MS 8,part,,,"13th c., ca. 1250 – 1300 England",,,,," 13th c., ca. 1250 – 1300 ",,1250,1300,,Gregorian,England,,,,,,,,,,,,,,,,,,,,,,,,,,,,,,,,,,,,,,,,,,,
_origin_1,manuscript_1,,,MS 9,manuscript,,MS9,"13th century, ca. 1275 – 1300 England",,,,,"
                                13th century, ca. 1275 – 1300
                            ",,1270,1300,,Gregorian,England,,,,,,,,,,,,,,,,,,,,,,,,,,,,,,,,,,,,,,,,,,,
_origin_1,,,,MS 10,manuscript,,,"15th c., ca. 1460 – 1480 Flanders, probably Bruges James suggests main text written in Bruges. Elizabeth New agreed it was Flanders based on the contents and script of fols. a – e, 163)",,,,," 15th
                                c., ca. 1460 – 1480 ",,1450,1490,,Gregorian,"Flanders, probably Bruges",,,,,,,,,,,,,,,,,,,,,,,,,,,,,,,,,,,,,,,,,,,"James suggests main text written in Bruges. Elizabeth New agreed it was Flanders based on the contents and script of fols. a – e, 163)"
_origin_1,manuscript_1,,,MS 13,manuscript,,MS13,"14th c., ca. 1300 – 1325 England",,,,," 14th
                                c., ca. 1300 – 1325 ",,1300,1325,,Gregorian,England,,,,,,,,,,,,,,,,,,,,,,,,,,,,,,,,,,,,,,,,,,,
_origin_1,manuscript_1,,,MS 15,manuscript,,MS15,"14th century, ca. 1325 – 1350 England",,,,," 14th
                                century, ca. 1325 – 1350",,1300,1350,,Gregorian,England,,,,,,,,,,,,,,,,,,,,,,,,,,,,,,,,,,,,,,,,,,,
_origin_1,,,,MS 18,manuscript,,,"First half of the 15th century England, possibly Cambridge",,,,," First
                                half of the 15th century ",,1401,1450,,Gregorian,"England, possibly Cambridge",,,,,,,,,,,,,,,,,,,,,,,,,,,,,,,,,,,,,,,,,,,
_origin_1,manuscript_1,,,MS 19,manuscript,,MS19,Second half of the 15th century England,,,,," Second
                                half of the 15th century ",,1450,1490,,Gregorian,England,,,,,,,,,,,,,,,,,,,,,,,,,,,,,,,,,,,,,,,,,,,
_origin_1,,,,MS 25,manuscript,,,14th century England,,,,," 14th
                                century ",,1300,1399,,Gregorian,England,,,,,,,,,,,,,,,,,,,,,,,,,,,,,,,,,,,,,,,,,,,
_origin_1,,,,MS 26,manuscript,,,11th-12th century (with additions up to the 16th Century) England,,,,,"
                                11th-12th century (with additions up to the 16th Century) ",,1170,1240,,Gregorian,England,,,,,,,,,,,,,,,,,,,,,,,,,,,,,,,,,,,,,,,,,,,
_origin_1,,,,MS 28,manuscript,,,First half of the 14th Century England,,,,," First
                                half of the 14th Century ",,1301,1340,,Gregorian,England,,,,,,,,,,,,,,,,,,,,,,,,,,,,,,,,,,,,,,,,,,,
_origin_1,,,,MS 55,manuscript,,,"Late 13th or early 14th century, ca, 1290 - 1320 England",,,,," Late
								13th or early 14th century, ca, 1290 - 1320 ",,1280,1330,,Gregorian,England,,,,,,,,,,,,,,,,,,,,,,,,,,,,,,,,,,,,,,,,,,,
_origin_1,manuscript_12107,,,MS Add. 2603,manuscript-composite,,MS-ADD-02603,,,,,,,,,,,,,,,,,,,,,,,,,,,,,,,,,,,,,,,,,,,,,,,,,,,,,,,
_origin_1,manuscript_12107,,,MS Add. 2603,part,,,?14th century,,,,,?14th century ,,1300,1400,medium,Gregorian,,,,,,,,,,,,,,,,,,,,,,,,,,,,,,,,,,,,,,,,,,,,
_origin_2,manuscript_12107,,,MS Add. 2603,part,,,"13th century, with a 14th-century supplement",,,,," 13th century, with a 14th-century supplement
                        ",,1200,1400,high,Gregorian,,,,,,,,,,,,,,,,,,,,,,,,,,,,,,,,,,,,,,,,,,,,
_origin_3,manuscript_12107,,,MS Add. 2603,part,,,13th century.,,,,, 13th century. ,,1200,1300,high,Gregorian,,,,,,,,,,,,,,,,,,,,,,,,,,,,,,,,,,,,,,,,,,,,
_origin_1,manuscript_1,,,MS Add. 3303(3),manuscript,,MS-ADD-03303-00003,"Late 14th or early 15th century. England, perhaps London. See the introductory Summary and Decoration for further details. Gumbert (2016) Carey (2003)",,,,, Late 14th or early 15th century.,,1390,1410,medium,Gregorian,"England, perhaps London.",,,,,,,,,,,,,,,,,,,,,,,,,,,,,,,,,,,,,,,,Gumbert (2016); Carey (2003),,,
_origin_1,manuscript_1,,,MS Add. 5948,manuscript,,MS-ADD-05948,"Late 8th century probably England Dated by Bischoff and Brown to 'saec. viii ex.' and described as 'written presumably in France' (Bischoff and Brown (1985), p. 323, no. 1818).",,,,,Late 8th century,,790,800,,Gregorian,probably England,,,,,,,,,,,,,,,,,,,,,,,,,,,,,,,,,,,,,,,,"Bischoff and Brown (1985), p. 323, no. 1818",,,
_origin_1,,,,MS Add. 6447,manuscript-composite,,,"Mid-/third quarter of the 15th century (Binski and Zutshi) or second half of the 15th century (Ringrose). Northern Netherlands Utrecht According to the description of the manuscript in B. Cardon, , 'the models used [for the miniatures] were related to the ones in workshops in Utrecht in the mid-15th century, drawing upon Eyckian sources'.Manuscripts of the Speculum humanae salvacionis in the Southern Netherlands (c. 1410-1470) (Leuven: Peeters, 1996), pp. 382-84",,,,," Mid-/third quarter of the 15th century
                                (Binski and Zutshi) or second half of the 15th century (Ringrose). ",,1440,1500,medium,Gregorian,Northern Netherlands,,,,,,,,,,,,,,,,,,,,,,,,,,,,,,,,,,,,,,,,"B. Cardon, Manuscripts of the Speculum humanae salvacionis in the Southern Netherlands (c. 1410-1470) (Leuven: Peeters, 1996), pp. 382-84",,,
_origin_1,,,,MS Add. 6447,part,,,14th century Italy,,,,, 14th century,,1300,1400,,Gregorian,Italy,,,,,,,,,,,,,,,,,,,,,,,,,,,,,,,,,,,,,,,,,,,
_origin_2,,,,MS Add. 6447,part,,,"Mid-/third quarter of the 15th century (Binski and Zutshi) or second half of the 15th century (Ringrose). Northern Netherlands Utrecht According to the description of the manuscript in B. Cardon, , 'the models used [for the miniatures] were related to the ones in workshops in Utrecht in the mid-15th century, drawing upon Eyckian sources'.Manuscripts of the Speculum humanae salvacionis in the Southern Netherlands (c. 1410-1470) (Leuven: Peeters, 1996), pp. 382-84",,,,," Mid-/third quarter of the 15th century
                                (Binski and Zutshi) or second half of the 15th century (Ringrose). ",,1440,1500,medium,Gregorian,Northern Netherlands,,,,,,,,,,,,,,,,,,,,,,,,,,,,,,,,,,,,,,,,"B. Cardon, Manuscripts of the Speculum humanae salvacionis in the Southern Netherlands (c. 1410-1470) (Leuven: Peeters, 1996), pp. 382-84",,,
_origin_1,manuscript_1,,,MS Dd.1.11,manuscript-composite,,MS-DD-00001-00011,,,,,,,,,,,,,,,,,,,,,,,,,,,,,,,,,,,,,,,,,,,,,,,,,,,,,,,
_origin_1,manuscript_1,,,MS Dd.1.11,part,,,16th century (before 1574).,,,,, 16th century (before 1574). ,,1500,1574,,Gregorian,,,,,,,,,,,,,,,,,,,,,,,,,,,,,,,,,,,,,,,,,,,,
_origin_2,manuscript_1,,,MS Dd.1.11,part,,,"England 15th century, probably later in the century, or possibly early 16th century.",,,,,"15th century, probably later in the century, or possibly early 16th century.",,1450,1520,,Gregorian,England,,,,,,,,,,,,,,,,,,,,,,,,,,,,,,,,,,,,,,,,,,,
_origin_3,manuscript_1,,,MS Dd.1.11,part,,,15th century Italy,,,,,15th century,,1400,1500,medium,Gregorian,Italy,,,,,,,,,,,,,,,,,,,,,,,,,,,,,,,,,,,,,,,,,,,
_origin_1,,,,MS Dd.1.16,manuscript,,MS-DD-00001-00016,Fourth quarter of the 12th century Probably England,,,,,Fourth quarter of the 12th century,,1175,1200,,Gregorian,Probably England,England,place_g7002445,,,,,,,,,,,,,,,,,,,,,,,,,,,,,,,,,,,,,,,,,
_origin_1,manuscript_1,,,MS Gg.5.35,manuscript,,MS-GG-00005-000035,"England, Canterbury () Benedictine abbey of St AugustineSt. Augustine's Abbey (Canterbury, England) Mid-11th century (after 1039) The latest event to which the 'Cambridge Songs' refer in Part IV is the death of the emperor Conrad II (d. 1039). The production of the rest of the manuscript is contemporary. The connection with Robinson (1988), no. 44. is made on the basis of palaeographical evidence: specifically, the use of a punctuation system similar to that found in other of the abbey's books. St Augustine's T.A.M. Bishop, English Caroline Minuscule, Oxford Palaeographical Handbooks (Oxford, 1971), esp. pl. iv(b). Rigg and Wieland (1975), pp. 117-119.",,,,,Mid-11th century (after 1039),,1039,1060,,Gregorian,"England, Canterbury () Benedictine abbey of St AugustineSt. Augustine's Abbey (Canterbury, England)",,,,,,,,,,,,,"Benedictine abbey of St Augustine; St. Augustine's Abbey (Canterbury, England)",,,,,,,,,,,,,,,,,,,,,,,,,,,"Robinson (1988), no. 44. ; T.A.M. Bishop, English Caroline Minuscule, Oxford Palaeographical Handbooks (Oxford, 1971), esp. pl. iv(b). ; Rigg and Wieland (1975), pp. 117-119.",,,"The latest event to which the 'Cambridge Songs' refer in Part IV is the death of the emperor Conrad II (d. 1039). The production of the rest of the manuscript is contemporary. The connection with Robinson (1988), no. 44. is made on the basis of palaeographical evidence: specifically, the use of a punctuation system similar to that found in other of the abbey's books. St Augustine's T.A.M. Bishop, English Caroline Minuscule, Oxford Palaeographical Handbooks (Oxford, 1971), esp. pl. iv(b). Rigg and Wieland (1975), pp. 117-119."
_origin_1,manuscript_1,,,MS Gg.6.42,manuscript-composite,,MS-GG-00006-00042,"The core of the volume, ff. 3–212, was finished at Cirencester Abbey, 1246 × 1260. Oxford, Jesus College, MS. 94, from the abbey, has annotations corresponding to extracts used in Sol meldunensis. The writer names himself Galfridus, who is presumably the nephew of , Alexander Neckam (1157–1217)Neckam, Alexander, 1157–1217. Geoffrey developed Geoffrey BritoBrito, Geoffrey, fl. 1210s–1240sSol meldunensis as it was being copied, with several layers visible. He repeatedly invites the work’s recipient, , to correct his text and collaborate. This is a standard trope of literary patronage and friendship, but the various layers of addition within the volume may reflect this desired exchange between Cirencester and Malmesbury.Geoffrey, abbot of Malmesbury from 1246 until 1260Geoffrey, of Malmesbury, –1260",,3–212,3r,212v,,,,,,,,,,,,,,,,,,,,,,,,,,,,,,,,,,,,,,,,,,,,,,,,"Oxford, Jesus College, MS. 94",https://medieval.bodleian.ox.ac.uk/catalog/manuscript_10618,
_origin_1,manuscript_1,,,MS Gg.6.42,part,,,"Written at Cirencester Abbey, completed 1246 × 1260. The manuscript used Oxford, Jesus College, MS. 94 as one of its sources, which was at Cirencester. Passages to be quoted were marked up in the manuscript and copied directly. For example, a passage from , Alexander NeckamNeckam, Alexander, 1157–1217Tractatus super mulierem fortem on f. 169r can be found in MS. 94, fol. 120v, with both a marginal x and r marked in the margin at the beginning and end of the passage quoted. At f. 173v, the scribe copies more of Alexander’s Tractatus super parabolas than intended from Jesus College MS. 94, f. 57v. The writer of the text names himself Galfridus and describes his offering as claustralis (f. 3r). This writer is presumably (Galfridus Britonus), a canon at Cirencester Abbey in the middle of the thirteenth century who had both the education and motivation to produce Geoffrey BritoBrito, Geoffrey, fl. 1210s–1240sSol meldunensis. Geoffrey was the nephew of Alexander Neckam, and he quotes Alexander’s poem on sending his nephew to school at in his conclusion (f. DunstableDunstable, Augustinian priory of St Peter212v). A document issued between 1215 and 1230 made the vicar of Master Geoffrey BritoBrito, Geoffrey, fl. 1210s–1240s, which he probably did not serve directly (Milborne PortMilborne Port, Church of St John the EvangelistRoss, no. 592). Between 1222 and 1230, Geoffrey was assigned a stall in , in a charter memorializing Alexander Neckam, issued on the anniversary of his death on 31 March 1217 and naming Geoffrey as Alexander’s nephew (Cirencester’s church of St John the BaptistCirencester, Church of St John the BaptistRoss, no. 332). Between 1230 and 1236, he was assigned a messuage near the abbey, in a charter similarly framed (Ross, no. 336). Both were witnessed by (where Alexander was buried), and William de Blois, bishop of Worcester from 1218 to 1236William, de Blois, –1236.John Walsh, abbot of Malmesbury from 1222Walsh, John, –1246? could in theory have intended the book originally for Geoffrey BritoBrito, Geoffrey, fl. 1210s–1240s and begun work on it before 1246. John WalshWalsh, John, –1246? is not named until f. Geoffrey of MalmesburyGeoffrey, of Malmesbury, –126071v (as Gaufridus), and the irregular quire 7 corresponds to the end of Book 1, which unlike Book 2 is not designated as such with a rubric. This suggests that the text was planned initially to end with f. 69v, though the quire also precisely fits the proem to Book 2. The end of Book 2 was not yet fixed when it was copied, as the concluding verse envoi is a contemporary addition (f. 212v).",,169r; 173v; 3r; 212v; 71v; 69v; 212v,169r 173v 3r 212v 71v 69v 212v,169v 173v 3r 212v 71v 69v 212v,,,,,,,,,,,,,,,,,,,,,,,,,,,,,,,,,,,,,,,,,,,,,,,"Ross, no. 592; Ross, no. 332; Ross, no. 336","Oxford, Jesus College, MS. 94",https://medieval.bodleian.ox.ac.uk/catalog/manuscript_10618,
_origin_2,manuscript_1,,,MS Gg.6.42,part,,,1240s × 1250s England,,,,,1240s × 1250s,,1240,1259,medium,Gregorian,England,,,,,,,,,,,,,,,,,,,,,,,,,,,,,,,,,,,,,,,,,,,
_origin_3,manuscript_1,,,MS Gg.6.42,part,,,"Written in England, 1220s × 1240s. The quire may have originated at . Its contents appear to be a humorous response to the preceding material: Malmesbury AbbeyMalmesbury, Benedictine abbey of St Peter and St PaulSol meldunensis is from one Geoffrey to another concerning the works of an Alexander, and Prophetia Merlini opens here with a letter from a Geoffrey to an Alexander (f. 214r). The wide spacing between its lines invites the addition of glosses. Its parchment wrapper would have allowed it to be added loose to the rest of the volume.",,214r,214r,214r,,,,,,,,,,,,,,,,,,,,,,,,,,,,,,,,,,,,,,,,,,,,,,,,,,
_origin_4,manuscript_1,,,MS Gg.6.42,part,,,"Written at Cirencester Abbey, 1246 × 1260. This part of the volume uses the same format as ff. 3–212, but the variation in contents and layout suggest it was produced at a different time. The section is less heavily annotated than other parts of the manuscript, but a hand annotating in plummet can be found across the volume (see Additions).",,3–212,3r,212v,,,,,,,,,,,,,,,,,,,,,,,,,,,,,,,,,,,,,,,,,,,,,,,,,,
_origin_1,manuscript_12062,,,MS Kk.4.25,manuscript,,MS-Kk-00004-00025,"England, ?London c. 1230.",,,,,c. 1230.,,1220,1240,,Gregorian,"England, ?London",England,7002445,,,,,,,,,,,,,,,,,,,,,,,,,,,,,,,,,,,,,,,,,
_origin_1,manuscript_1,,,"Peterborough Cathedral, MS 1",manuscript,,MS-PETERBOROUGH-00001,"Mid-13th century (Ker) / 1250s (King) Written at Peterborough. 'Liber Roberti de Swapham . de prima fundacione Burgensis Ecclesie et de Destructione et Restauracione eiusdem et de Priuilegiis et Cartis et omnibus libertatibus et Immunitatibus Eiusdem Ecclesie': was the compiler of this cartulary, which was presumably written by him or someone working at his direction. Few details of Robert's life survive. He is recorded as the Abbey's pittancer in 1269 and its cellarer at Easter 1271. He is thought to have died shortly thereafter. Robert of Swaffham (fl. c. 1250-1271)Robert, of Swaffham, -1273?",,,,,Mid-13th century (Ker) / 1250s (King) ,,1220,1280,high,Gregorian,Written at Peterborough.,,,,,,,,,,,,,,,,,,,,,,,,,,,,,,,,,,,,,,,,,,,
_origin_1,manuscript_1,,,"St John's College, MS D.24",manuscript,,SJC-MS-D-00004,Probably written in the 13th century. Probably written in France.,,,,,Probably written in the 13th century. ,,1200,1300,medium,Gregorian,Probably written in France.,,,,,,,,,,,,,,,,,,,,,,,,,,,,,,,,,,,,,,,,,,,
_origin_1,manuscript_1,,,St John's College MS E.29,manuscript-composite,,MS-SJC-E-00029,,,,,,,,,,,,,,,,,,,,,,,,,,,,,,,,,,,,,,,,,,,,,,,,,,,,,,,
_origin_1,manuscript_1,,,St John's College MS E.29,part,,,Copied in the 13th century. England or France.,,,,,Copied in the 13th century. ,,1200,1300,high,Gregorian,England or France.,,,,,,,,,,,,,,,,,,,,,,,,,,,,,,,,,,,,,,,,,,,
_origin_2,manuscript_1,,,St John's College MS E.29,part,,,Copied in the first half of the 13th century. England or France.,,,,," Copied in the first half of the 13th
                                    century. ",,1200,1250,high,Gregorian,England or France.,,,,,,,,,,,,,,,,,,,,,,,,,,,,,,,,,,,,,,,,,,,
_origin_1,manuscript_12041,,,Trinity College MS R.9.20,manuscript,,MS-TRINITY-R-00009-00020,around the beginning of the 16th century,,,,,,,,,,,,,,,,,,,,,,,,,,,,,,,,,,,,,,,,,,,,,,,,,,,,,,
